beneficiary_id,full_name,identification_number,telephone,email,date_of_birth,gender,county,sub_county,ward,address,registration_date,status,tech_track,cohort,mentor,project_area,completion_status
TECH-000001,AMOS KIPKEMOI,80722730,+254 776-952-71,NULL,,female,Bomet,Sotik,Kipsonoi,"House 364, Karen Drive, Argwings Kodhek",2025-02-06,I,,Cohort 3,Prof. Catherine Chepkorir,Logistics,Completed
TECH-000002,teresa katue,25049281,+254 719-621-18,teresa.katua@gmail.com,2001-02-17,female,Machakos,NA,Mua,"Plot 392, Lane 14, Ngong",20260127,,Data Science,NA,Dr. Grace Wanjiku,EdTech,Completed
TECH-000003,MUTISYA MLUWA,28908977,+254 765-386-04,mutisya.mulwa@gmail.com,1978-11-16,female,Kilifi,Kilifi North,Mnarani,"House 343, Kasarani Drive, Ruaraka",2026-02-03,I,Software Engineering,Cohort 3,Eng. Elijah Mwania,Fintech,Completed
TECH-000004,erick mgaka,67032586,+254 716-387-92,erick.mogaka@gmail.com,1988-09-02,male,Nairobi,,,"Plot 125, Lane 7, Kangundo",2026-07-15,A,Data Engineering,,Prof. David Kiprotich,Clean Energy,Active
TECH-000005,syombua wabomba,25125619,+254 795-160-56,syombua.wabomba@hotmail.com,1963-07-09,female,Mombasa,Kisauni,Mtopanga,"House 276, Kiambu Road Drive, Tom Mboya",2026-03-12,A,Data Engineering,Cohort 3,Dr. Jonah Kasina,EdTech,On Hold
TECH-000006,jepchumba mwikali,49585077,+254 734-128-65,jepchumba.mwikali@hotmail.com,1995-04-16,male,Nairobi,Dagoretti North,Gatina,"House 23, Ngong Avenue, Ruiru",07-04-2025,A,Cybersecurity,Cohort 3,Prof. Robert Kiema,E-Commerce,On Hold
TECH-000007,KIMEU FLORA ADOYO,56020818,+254 119-113-26,NA,1975-01-10,female,,Seme,Central Seme,"House 182, Argwings Kodhek Avenue, Limuru",2026-11-19,A,DevOps,Cohort 1,Prof. David Kiprotich,E-Commerce,Withdrawn
TECH-000008,GRACE NEKESA,69566993,+254 771-181-05,NA,NA,female,Kilifi,Kilifi South,Chasimba,"House 142, Kilimani Avenue, Parklands",2025-08-17,,Software Engineering,Cohort 1,Prof. Esther Ondieki,Fintech,Completed
TECH-000009,FLORENCE MUTWIRI KIARIE,28327026,+254 779-863-19,florence.kiarie@hotmail.com,2006-09-05,male,Kiambu,Kabete,Muguga,"Plot 86, Lane 8, Kilimani",20240806,A,Cloud Computing,Cohort 1,Prof. David Kiprotich,IoT,On Hold
TECH-000010,MWANIA NDEGWA,61793831,+254 743-158-93,mwania.ndegwa@gmail.com,1962-01-12,male,Mombasa,Jomvu,Miritini,"House 81, Likoni Street, River Road",12/09/2026,I,AI/ML,Cohort 3,Eng. Anthony Wanyonyi,Clean Energy,Withdrawn
TECH-000011,KINYA MUTUA,42292892,+254 799-349-63,kinya.mutua@outlook.com,1962-01-28,male,Nairobi,Dagoretti North,Kileleshwa,"House 4, Langata Drive, Mugumo",28/06/2026,A,Software Engineering,Cohort 1,Prof. David Kiprotich,Logistics,Active
TECH-000012,MOMANYI WACHIRA,NA,+254 714-385-42,wachiramomanyi@gmail.com,02/07/1964,MALE,Meru,North Imenti,Mweronkanga,"House 453, Kilimani Rd, Kenyatta",24-Apr-2024,ACTIVE,Data Science,COHORT-01,Dr. Collins Mwania,AgriTech,On Hold
TECH-000013,kimeu njorge,26195804,+254 778-744-59,kimeu.njoroge@gmail.com,1994-06-11,male,Kilifi,NA,NULL,"House 85, Parklands Drive, Ruiru",13-Jul-2024,A,Data Engineering,NA,Dr. Grace Wanjiku,Fintech,Withdrawn
TECH-000014,OKOTH NYAMBURA WANGARI,40214458,+254 723-959-96,okoth.wangari@gmail.com,1979-03-21,male,Nairobi,Dagoretti South,Uthiru,"Plot 271, Lane 18, Waiyaki",17-Dec-2024,A,Data Science,Cohort 2,Eng. Isaac Mutua,Clean Energy,On Hold
TECH-000015,RUTH ONSONGO,46545801,NA,ruth.onsongo@yahoo.com,1964-01-23,male,Machakos,Matungulu,Matungulu West,"Plot 203, Lane 18, Athi River",30-Apr-24,A,DevOps,Cohort 2,Eng. Peter Ochieng,E-Commerce,Withdrawn
TECH-000016,kamau ombati mitei,69-224-618,+25477408763,kamau.mitei@gmail.com,1992-02-20,male,Bungoma,Kabuchai,West Nalondo,"Plot 67, Lane 10, Argwings Kodhek",12-11-2026,A,Cybersecurity,Cohort 2,Prof. Isaiah Kasina,EdTech,Withdrawn
TECH-000017,kipkorir judy wekesa,60 204 030,+254 755-469-12,kipkorir.wekesa@gmail.com,1995-11-02,female,Nairobi,Lang'ata,Mugumu-ini,"House 79, Langata Street, Lavington",09-Aug-2024,A,AI/ML,Cohort 3,Eng. Anne Momanyi,AgriTech,On Hold
TECH-000018,KARIUKI BAYA,62193650,+254 781-981-57,kariuki29@gmail.com,1973-08-16,Female,Machakos,Matungulu,Matungulu West,"house 318, langata avenue, mugumo",30 Nov 2024,active,Cloud Computing,COHORT 3,Dr. Lucy Otieno,E-Commerce,Active
TECH-000019,bosibori mukhwana,45365918,+254 794-857-49,bosibori.mukhwana@gmail.com,1951-09-16,male,Bungoma,Webuye East,Mihuu,"House 178, Ruaraka Street, Athi River",2025-06-13,A,Data Engineering,Cohort 3,Dr. Jeremiah Kioko,HealthTech,Active
TECH-000020,florence senteu,33094509,+254 761-921-13,florence.senteu@gmail.com,1989-10-09,female,Nairobi,Lang'ata,Mugumu-ini,"Plot 111, Lane 20, Limuru",27/03/2024,I,Cloud Computing,Cohort 2,Dr. Michael Gitonga,EdTech,Withdrawn
TECH-000021,mutua kipkoech,4067-6127,+254 708-723-21,mutua.kipkoech@gmail.com,1968-08-05,female,Nakuru,Kuresoi South,Keringet,"Plot 68, Lane 16, Kitisuru",29-12-2025,A,Data Science,Cohort 3,Dr. Joy Kaloki,EdTech,Withdrawn
TECH-000022,jepchumba muulwa, 48906764,+254 787-310-63,jepchumba.mulwa@hotmail.com,2003-05-18,female,Kiambu,Kabete,Muguga,"House 285, Langata Street, Mugumo",22-03-2026,A,Mobile Development,Cohort 1,Prof. James Mwangi,AgriTech,On Hold
TECH-000023,NASHIPAE CHERONO KENEI,20135658,+254 763-691-55,nashipae.kenei@outlook.com,1999-08-04,male,Uasin Gishu,Moiben,Sergoit,"Plot 65, Lane 5, Likoni",28-Nov-2024,A,Cloud Computing,Cohort 3,Prof. Victor Kioko,Clean Energy,Active
TECH-000024,daniel nyaboke mwania,79891321,+254 765-288-64,daniel.mwania@yahoo.com,2005-11-07,female,Bungoma,Kabuchai,Bwake/Luuya,"House 381, Parklands Drive, Ngong",03/20/2026,I,Software Engineering,Cohort 1,Dr. Grace Wanjiku,E-Commerce,Completed
TECH-000025,christopher adoyo kivuva,58913280,+254 116-475-59,christopher.kivuva@yahoo.com,1966-07-01,female,Bungoma,Kimilili,Maeni,"Plot 60, Lane 8, Jogoo",2024-08-12,A,Software Engineering,Cohort 3,Eng. Faith Nashipae,HealthTech,Withdrawn
TECH-000026,kariuki wamalwa,88674767,NULL,kariuki.wamalwa@gmail.com,1990-05-19,male,Kakamega,Mumias East,East Wanga,"House 401, Outering Avenue, Karen",2026-10-31,A,Cybersecurity,Cohort 1,Dr. Mary Akinyi,Clean Energy,Withdrawn
TECH-000027,OKELLO MAINGI,22330471,+254 746-926-80,okello.maingi@gmail.com,1984-02-18,male,Trans Nzoia,Cherangany,Makutano,"Plot 332, Lane 4, Parklands",18/10/2024,I,AI/ML,Cohort 2,Dr. Daniel Musyoka,IoT,On Hold
TECH-000028,MAINA PATRICK WABOMBA,88335630,+254 722-777-52,maina.wabomba@yahoo.com,2000-12-28,male,NA,Gilgil,Gilgil,"Plot 60, Lane 14, Kiambu",26 Jan 2025,NA,AI/ML,NULL,Prof. Robert Kiema,EdTech,Withdrawn
TECH-000029,CHEPNGENO KIPROP JUMA,54422964,+254 708-548-24,chepngeno15@hotmail.com,13-04-1995,Male,Meru,Igembe North,Antubetwe Kiongo,Plot 395 Lane 5 Athi River,17-Nov-26,ACTIVE,Cloud Computing,C2,Prof. Mercy Nduku,EdTech,Completed
TECH-000030,kioko tsuma,41858513,+254 113-276-80,kioko.tsuma@hotmail.com,1983-01-06,male,TRANS NZOIA,ENDEBESS,MATUMBEI,"Plot 266, Lane 3, Juja",22-Aug-2024,I,AI/ML,Cohort 1,Prof. James Mwangi,EdTech,Withdrawn
TECH-000031,ERICK ELIZABETH ROTICH,60850210,+254 111-464-10,erick@gmail.com,11-May-01,F,Meru,South Imenti,Abogeta West,"House 29, Parklands Ave, Thika",24-09-2026,Pending,Data Science,Cohort-3,Eng. Peter Ochieng,Clean Energy,Withdrawn
TECH-000032,SENTEU GRACE LUBANGA,46160937,011 537 017,senteu.lubanga@yahoo.com,1997-07-24,male,Mombasa,Likoni,Bofu,"Plot 406, Lane 10, Outering",20260530,,DevOps,NA,Eng. Anthony Wanyonyi,E-Commerce,Withdrawn
TECH-000033,adhiambo kevin rono,97702160,+254 761-819-18,adhiambo.rono@yahoo.com,1986-08-02,female,Bomet,Bomet Central,Silibwet Township,"Plot 100, Lane 17, Ngong Road",20/11/2026,I,DevOps,Cohort 1,Prof. Moses Muthoka,Logistics,Withdrawn
TECH-000034,HOPE KIPKORIR MWAMBURI,74312089,+254 109-515-17,hope.mwamburi@gmail.com,1971-12-03,female,Turkana,Turkana West,Letea,"House 459, Ngong Drive, Ruiru",27-11-2025,I,Cybersecurity,Cohort 1,Prof. Esther Ondieki,Logistics,Completed
TECH-000035,MUTHURI OJWANG KATUA,66021490,+254 751-386-83,muthuri.katua@outlook.com,1981-03-14,male,Kiambu,Githunguri,Githiga,"House 373, Likoni Avenue, Mombasa Road",23/03/2024,A,Mobile Development,Cohort 1,Dr. Grace Wanjiku,EdTech,Completed
TECH-000036,wangeci kiprop ndunge,64406548,+254 729-282-26,wangeci.ndunge@hotmail.com,1985-01-28,female,Uasin Gishu,Ainabkoi,Ainabkoi/Olare,"Plot 152, Lane 9, Lavington",2025-05-31,A,Software Engineering,Cohort 2,Dr. Allan Mumo,AgriTech,Active
TECH-000037,JUDITH OESEBE,21 928 391,+254 717-670-83,judith.osebe@yahoo.com,1987-05-24,female,Kiambu,Kabete,Kabete,"House 87, Waiyaki Road, Mugumo",27 Jun 2025,I,Cybersecurity,Cohort 1,Prof. Isaiah Kasina,AgriTech,Active
TECH-000038,judy mumo,61987708,+254 748-117-51,judy.mumo@outlook.com,1954-04-03,male,BOMET,BOMET CENTRAL,NDARAWETTA,"Plot 187, Lane 17, Uhuru",2024-01-01,A,Software Engineering,Cohort 3,Eng. Faith Nashipae,Fintech,On Hold
TECH-000039,kanana muniori,62386745,+254 765-165-95,kananamunyori@gmail.com,01-15-1958,F,Uasin Gishu,Kesses,,"Plot 428, Ln 20, Kasarani",07-Apr-2024,,AI/ML,C-1,Eng. Faith Nashipae,Logistics,On Hold
TECH-000040,PEACE CHEPKIRI,65796147,+254 745-666-57,peace.chepkirui@outlook.com,1952-04-03,male,Trans Nzoia,,Kinyoro,"House 117, Likoni Avenue, Outering",06-05-2025,I,NA,Cohort 1,Prof. Mercy Nduku,HealthTech,Completed
TECH-000041,GATHONI WANJIKU MUTWIRI,97978959,+254 776-497-00,gathoni.mutwiri@gmail.com,1999-04-07,male,Kiambu,Kabete,Kabete,"House 92, Ngong Avenue, Kileleshwa",02/22/2025,I,Software Engineering,Cohort 3,Dr. Joel Muthoka,IoT,Active
TECH-000042,KALOKI KIPCHUMBA NJUGUNA,32653778,+254 713-612-07,kaloki.njuguna@hotmail.com,1951-02-20,male,Bomet,Bomet East,Chemaner,"Plot 473, Lane 19, Likoni",NULL,A,DevOps,NULL,Dr. Lucy Otieno,HealthTech,On Hold
TECH-000043,charity joshua muriuki,76161613,+254 717-752-06,charity.muriuki@outlook.com,1966-09-25,female,Kakamega,Lugari,Manda/Shivanga,"Plot 297, Lane 20, Athi River",09-Jan-2024,I,Software Engineering,Cohort 1,Prof. Moses Muthoka,IoT,Active
TECH-000044,wamalwa gitonga,80019294,+254 763-796-78,wamalwa.gitonga@yahoo.com,1975-07-19,male,Trans Nzoia,Kiminini,Hospital,"House 200, Likoni Drive, Ngong",08-11-2026,I,DevOps,Cohort 2,Prof. Daniel Mutisya,Clean Energy,Active
TECH-000045,chepkirui kagwe, 62346547,+254 703-187-93,chepkirui.kagwe@hotmail.com,2006-08-07,male,NULL,Malindi,Ganda,"House 459, Kasarani Road, Argwings Kodhek",24/11/2026,A,NA,NULL,Eng. Amos Nduku,Clean Energy,Active
TECH-000046,ondieki mwooroa,1288-0851,+254 759-987-92,ondieki.mworoa@gmail.com,1992-07-22,male,Nakuru,Kuresoi South,Tinet,"House 379, Ngong Street, Ngong",21-Jun-25,I,Software Engineering,Cohort 1,Prof. James Mwangi,IoT,On Hold
TECH-000047,AARON LANGAT,40930568,+254 766-248-67,aaron.langat@gmail.com,1995-05-22,female,Nakuru,Kuresoi South,Amalo,"House 477, Kitisuru Street, River Road",07-Nov-2026,I,Cybersecurity,Cohort 3,Eng. Micah Kioko,AgriTech,Active
TECH-000048,DOROTHY OGERO,32417070,+254 719-638-62,dorothy.ogero@gmail.com,1966-09-20,male,KISUMU,SEME,CENTRAL SEME,"House 184, Ngong Road Street, Ruaraka",2025-01-31,A,Software Engineering,Cohort 2,Prof. Kevin Muriuki,Fintech,Active
TECH-000049,SIMON MWAURA,67430990,+254 776-056-42,simon.mwaura@outlook.com,1982-12-03,female,Uasin Gishu,Turbo,Tapsagoi,"Plot 154, Lane 4, Langata",16-Mar-2026,I,Cloud Computing,Cohort 1,Eng. Isaac Mutua,Clean Energy,Withdrawn
TECH-000050,KIPNGETICH WAFULA,38710184,+254 767-132-64,kipngetich.wafula@gmail.com,2004-08-07,female,Mombasa,Changamwe,Miritini,"Plot 322, Lane 14, Mombasa Road",28/02/2025,A,DevOps,Cohort 2,Dr. Harun Mwikali,EdTech,On Hold
TECH-000051,JEBIWOTT NJOOROGE,57535503,+254 721-235-11,jnjoroge@gmail.com,03-07-1985,FEMALE,Machakos,Mavoko,Athi River,"Plot 424, Lane 2, Garden Estate",26-07-2026,inactive,Data Engineering,Cohort  1,Eng. Gilbert Mutisya,Fintech,Completed
TECH-000052,judy mungai,12135165,+254 751-068-67,judy.mungai@hotmail.com,1988-09-23,male,Uasin Gishu,Soy,Segero/Barsombe,"Plot 301, Lane 17, Ngong Road",02-03-2025,A,Cloud Computing,Cohort 3,Dr. Aaron Nduku,EdTech,Completed
TECH-000053,ANYANGO OCHIENG,44612609,+254 785-357-77,anyango.ochieng@hotmail.com,1998-05-20,female,Nakuru,Molo,Turi,"Plot 388, Lane 15, Moi Avenue",11/07/2025,A,Cloud Computing,Cohort 3,Dr. Joy Kaloki,AgriTech,Withdrawn
TECH-000054,ezekiel mogak,24320131,+254 702-735-75,ezekiel.mogaka@hotmail.com,1969-12-05,male,Kakamega,Shinyalu,Isukha Central,"House 315, Ngong Road Road, Uhuru",25/01/2024,A,Data Engineering,Cohort 1,Eng. Ezekiel Mumo,E-Commerce,Active
TECH-000055,OJWANG OTNSONGO,48003458,+254 741-612-95,ojwang.onsongo@gmail.com,1988-02-13,male,Kilifi,Magarini,Magarini,"House 318, Uhuru Drive, Likoni",01/15/2025,I,Mobile Development,Cohort 3,Dr. Lucy Otieno,E-Commerce,Completed
TECH-000056,joshua nicholas ndegwa,97506740,+254 114-474-82,joshua.ndegwa@gmail.com,08 Dec 1952,M,TURKANA,TURKANA CENTRAL,KALOKOL,"Plot 438, Lane 17, Langata",06-Feb-2025,inactive,Mobile Development,cohort 1,Prof. James Mwangi,Fintech,Withdrawn
TECH-000057,beatrice njugunra,13254023,+254 737-622-33,beatrice.njuguna@outlook.com,1985-02-27,female,Bungoma,Webuye West,Matulo,"House 331, Thika Road, Ruaraka",28/04/2024,I,Software Engineering,Cohort 2,Dr. Joy Kaloki,Clean Energy,Completed
TECH-000058,gilbert mutheu mworoa,71596905,+254 712-078-19,gilbert.mworoa@gmail.com,1990-12-18,female,Nakuru,Molo,Marioshoni,"House 432, Westlands Road, Kangundo",05 Apr 2024,I,Data Engineering,Cohort 3,Dr. Joy Kaloki,Fintech,On Hold
TECH-000059,muthaa jebet,60968846,+254 728-567-22,muthaa.jebet@gmail.com,1996-03-09,male,Kilifi,Kilifi South,,"Plot 58, Lane 10, Ruiru",,NULL,DevOps,Cohort 3,Eng. Micah Kioko,AgriTech,Completed
TECH-000060,KILONZO OMONDI,20548786,+254 792-713-19,kilonzo.omondi@gmail.com,1999-04-27,male,Mombasa,Mvita,Tononoka,"Plot 254, Lane 12, Athi River",21-Aug-26,I,Cybersecurity,Cohort 3,Dr. Collins Mwania,Fintech,Completed
TECH-000061,odhiambo korir,99635309,+254 768-874-88,odhiambo.korir@hotmail.com,1986-02-07,female,MACHAKOS,KATHIANI,MITABONI,"House 18, Kiambu Drive, Argwings Kodhek",07/10/2026,A,Mobile Development,Cohort 3,Prof. Victor Kioko,Fintech,Withdrawn
TECH-000062,MWAURA SILAS,99582601,,silas.mwaura@hotmail.com,2002-07-03,female,Nakuru,Kuresoi North,NA,NULL,16/08/2024,A,Software Engineering,Cohort 1,Prof. Moses Muthoka,Clean Energy,Withdrawn
TECH-000063,rweria wekesa mwango,67869281,+254 743-985-93,rweria.mwango@hotmail.com,1984-05-27,female,Nairobi,Lang'ata,Nyayo Highrise,"Plot 464, Lane 16, Kiambu",17/12/2026,A,Mobile Development,Cohort 1,Eng. Amos Nduku,IoT,On Hold
TECH-000064,brenda gilbert gitobu,20999047,+254 771-150-87,brenda.gitobu@hotmail.com,1974-05-11,female,Kilifi,Magarini,Gongoni,"House 255, Karen Street, Uhuru",2025-11-25,A,Mobile Development,Cohort 3,Prof. Esther Ondieki,HealthTech,Completed
TECH-000065,GATHONI BETT,71524281,+254 725-897-39,gathoni.bett@gmail.com,2003-05-21,male,Machakos,Machakos Town,Mutituni,"Plot 406, Lane 20, Parklands",17-01-2024,I,Mobile Development,Cohort 1,Eng. Peter Ochieng,Logistics,Completed
TECH-000066,jebiwott wanjala,78690258,+254 735-643-81,jebiwott.wanjala@outlook.com,1955-08-04,female,Trans Nzoia,Kwanza,Kapomboi,"House 124, Langata Street, Outering",2024-07-07,A,Mobile Development,Cohort 3,Dr. Jonah Kasina,Logistics,On Hold
TECH-000067,owuor george kimutai,45827376,+254 747-774-24,owuor.kimutai@gmail.com,1966-04-04,female,Nairobi,Westlands,Parklands,"Plot 249, Lane 14, Athi River",11-Jan-2025,I,Software Engineering,Cohort 3,Prof. Isaiah Kasina,Fintech,Active
TECH-000068,GAKII KOROSS,38218853,+254 109-759-22,NA,1964-08-22,female,Mombasa,Kisauni,Mtopanga,"House 437, Mombasa Road Avenue, Waiyaki",2026-02-24,A,Data Engineering,Cohort 2,Prof. Esther Ondieki,Fintech,Active
TECH-000069,mutisya mbaka mutua,45160395,+254 106-587-37,mutisya.mutua@yahoo.com,1985-06-18,female,NULL,Saboti,Tuwani,"Plot 103, Lane 5, Ngong Road",25-Nov-24,A,AI/ML,Cohort 3,Dr. Grace Wanjiku,Fintech,Active
TECH-000070,nabwire rimberia,34566728,254 112 923 19,nabwire.rimberia@gmail.com,1969-10-21,female,Nakuru,Nakuru Town West,Rhoda,"Plot 232, Lane 17, Outering",08-01-2026,A,Cloud Computing,Cohort 2,Prof. Robert Kamau,Clean Energy,On Hold
TECH-000071,VERONICA OKOTH MUMO, 73245675,+254 101-357-73,veronica.mumo@hotmail.com,1991-06-03,male,Mombasa,Jomvu,Mikindani,"Plot 304, Lane 9, Kasarani",2024-06-12,A,Data Science,Cohort 3,Eng. John Wekesa,IoT,On Hold
TECH-000072,alexander odhiambo,50 248 639,+254 772-804-63,alexander.odhiambo@yahoo.com,1997-03-21,female,Nairobi,Dagoretti North,Kawangware,"Plot 45, Lane 19, Jogoo",22/09/2024,A,Mobile Development,Cohort 2,Prof. James Mwangi,E-Commerce,Withdrawn
TECH-000073,wachira mwirigi muthoka,67561766,+254 776-890-83,wachira.muthoka@gmail.com,1984-04-18,male,Nairobi,Lang'ata,Nyayo Highrise,"Plot 280, Lane 2, Kenyatta",2025-01-11,A,Software Engineering,Cohort 1,Eng. Martin Kasina,E-Commerce,Completed
TECH-000074,MARTIN ATIEN,78887438,+254 747-061-28,martin.atieno@yahoo.com,1982-06-27,female,Trans Nzoia,Kwanza,Kapomboi,"House 162, Ruaraka Street, Kangundo",2024-10-31,A,DevOps,NA,Eng. Elijah Mwania,Logistics,Active
TECH-000075,NJOROGE EZEKIEL MUTUA,70819026,+254 723-148-40,njoroge.mutua@hotmail.com,1994-02-04,female,Kiambu,Lari,Kamburu,"Plot 303, Lane 18, Juja",03/02/2025,I,Cybersecurity,Cohort 3,Dr. Sarah Mutua,IoT,Withdrawn
TECH-000076,bridget kipkembori,50004437,+254 775-053-80,bridget.kipkemboi@gmail.com,1990-09-06,female,Kiambu,Lari,Kijabe,"Plot 225, Lane 20, Kasarani",16 Aug 2025,I,AI/ML,Cohort 2,Eng. Peter Ochieng,HealthTech,On Hold
TECH-000077,CHEPKOECH KEBASO,58688161,+254 106-587-43,chepkoech.kebaso@gmail.com,1983-03-24,male,Nairobi,Westlands,Kitisuru,"Plot 344, Lane 11, Jogoo",2026-11-13,A,Mobile Development,Cohort 1,Dr. Harun Mwikali,E-Commerce,Completed
TECH-000078,MCHARO GAKUNYI MARGARET,46 793 365,+254 797-989-93,gakunyi.mcharo@yahoo.com,1998-07-09,male,Nairobi,Dagoretti South,Riruta,"House 302, Ruiru Road, Thika Superhighway",17-06-2025,I,Data Science,Cohort 2,Eng. Amos Nduku,EdTech,Withdrawn
TECH-000079,ACHIENG GTIHUA,88960861,+254 702-120-18,agithua@gmail.com,07/18/2003,FEMALE,Nairobi,Dagoretti North,Kawangware,"plot 87, lane 19, ngong road",25/11/2026,I,AI/ML,Cohort  3,Eng. Anthony Wanyonyi,Clean Energy,Completed
TECH-000080,LEAH OJWANGG,66796333,+254 114-909-31,leah.ojwang@gmail.com,1971-01-04,male,Nakuru,Kuresoi South,Tinet,"House 471, Karen Road, Ruiru",07-Jul-25,I,Data Engineering,Cohort 1,Eng. Faith Nashipae,EdTech,Active
TECH-000081,masinde olele,94956292,+254 777-195-84,masinde.olela@gmail.com,1951-06-01,male,Turkana,Turkana Central,Kanamkemer,"Plot 445, Lane 8, Kilimani",02-Jul-2025,I,Data Science,Cohort 3,Eng. Gilbert Mutisya,EdTech,On Hold
TECH-000082,naisula wandera,90921574,+254 104-222-61,naisula83@gmail.com,01-05-1953,Male,Bomet,Konoin,Chepchabs,"Plot 275, Lane 18, Mombasa Road",20260704,Inactive,Data Engineering,COHORT-03,Prof. Daniel Mutisya,Clean Energy,Active
TECH-000083,NAMUKHULA ANYANGO,64178031,+254 106-423-22,namukhula.anyango@gmail.com,1960-09-04,female,Nairobi,Westlands,Kitisuru,"House 177, Thika Superhighway Drive, Kilimani",27-05-2026,I,Cybersecurity,Cohort 3,Dr. Jonah Kasina,AgriTech,On Hold
TECH-000084,nafula kagendo kamotho,13269183,+254 772-647-94,nafula.kamotho@hotmail.com,2004-12-07,male,Uasin Gishu,Soy,Moi's Bridge,"House 294, Uhuru Street, Kilimani",07-01-2025,A,Data Engineering,Cohort 2,Eng. Anthony Wanyonyi,HealthTech,On Hold
TECH-000085,munyao awiti,38731535,+254 797-410-41,munyao.awiti@gmail.com,1989-12-07,male,Mombasa,Nyali,Ziwa la Ng'ombe,NULL,2026-08-25,A,Mobile Development,Cohort 2,Eng. Martin Kasina,Fintech,Completed
TECH-000086,ATIENO GITAU,81798741,+254 746-160-61,atieno.gitau@gmail.com,1982-06-17,female,Mombasa,Kisauni,Bamburi,"Plot 191, Lane 10, Westlands",11/03/2025,A,Data Engineering,Cohort 1,Prof. Robert Kiema,EdTech,Completed
TECH-000087,KIPROP MUTISYA HARUN,26692837,+254 705-866-68,mutisya.kiprop@gmail.com,1977-06-11,female,Kilifi,Kilifi South,Chasimba,"Plot 69, Lane 3, Kangundo",05-03-2025,I,Mobile Development,Cohort 2,Dr. Aaron Nduku,IoT,Active
TECH-000088,jonah wachira,85643715,+254 722-459-18,jonah.wachira@gmail.com,1992-12-07,male,Uasin Gishu,Soy,Kapkures,"House 33, Argwings Kodhek Road, Lavington",12-17-2026,I,Data Engineering,Cohort 3,Eng. Anthony Wanyonyi,Fintech,Withdrawn
TECH-000089,isaac ongaya,65632441,+254 107-685-51,isaac.ongaya@yahoo.com,1977-03-26,male,Kilifi,Kaloleni,Mwanamwinga,"Plot 327, Lane 6, Kilimani",2026-09-20,A,Data Science,Cohort 1,Dr. Allan Mumo,IoT,Active
TECH-000090,MUGO WAMBUGU,93 485 270,+254 119-764-26,mugo.wambugu@yahoo.com,1978-09-16,male,Kiambu County,Limuru,Bibirioni,"Plot 375, Lane 10, Waiyaki",26-08-2026,A,Mobile Development,Cohort 1,Dr. Daniel Musyoka,IoT,Active
TECH-000091,ALLAN KERUBO MOMANYI,95823989,+254 733-807-74,allan.momanyi@outlook.com,1997-01-05,female,Kilifi,Kilifi South,Mtepeni,"Plot 375, Lane 16, Ngong Road",19/05/2024,A,AI/ML,Cohort 3,Eng. Anthony Wanyonyi,HealthTech,Completed
TECH-000092,nyambura ochieng,20324372,+254 787-966-78,nyambura.ochieng@gmail.com,1966-05-04,female,KIAMBU,,NACHU,"House 198, Jogoo Road, Kangundo",2024-12-25,,Cloud Computing,Cohort 1,Dr. Grace Wanjiku,AgriTech,On Hold
TECH-000093,caroline charity kipkemoi,15425350,+254 764-874-37,caroline.kipkemoi@outlook.com,1984-01-01,male,Kakamega,Shinyalu,Isukha Central,"Plot 81, Lane 5, Ngong",2024-07-11,I,DevOps,Cohort 1,Prof. David Kiprotich,EdTech,On Hold
TECH-000094,NDINDA GICHURU,19561156,+254 773-053-52,ndinda.gichuru@gmail.com,1953-08-06,female,Bomet,Konoin,Kimulot,NA,NULL,A,Data Engineering,Cohort 2,Prof. Daniel Mutisya,IoT,On Hold
TECH-000095,OJWANG MUTUA WANGARI,36-911-168,+254 726-953-79,ojwang.wangari@outlook.com,1966-06-03,female,Nairobi,Kasarani,Kasarani,"Plot 6, Lane 14, Lenana",01/17/2026,I,Cloud Computing,Cohort 3,Prof. Mercy Nduku,Logistics,Active
TECH-000096,"kivuva, joy",22133101,+254 749-313-77,joy.kivuva@outlook.com,1970-03-15,male,Nairobi,Dagoretti North,Kawangware,"Plot 158, Lane 8, Waiyaki",01/12/2024,I,Data Engineering,Cohort 3,Prof. Robert Kiema,EdTech,On Hold
TECH-000097,kiprotich nyambanie,63690535,+254 759-055-98,kiprotich.nyambane@gmail.com,1970-08-18,female,,Ainabkoi,Kaptagat,"House 151, Ngong Avenue, Kiambu Road",02-07-2024,A,AI/ML,Cohort 1,Eng. Martin Kasina,Fintech,Active
TECH-000098,MORAA OMAR,14511005,+254 711-823-26,moraa.omar@yahoo.com,02/08/1969,F,Machakos,Kathiani,Mitaboni,House 324 Thika Superhighway Drive Kiambu Road,02/20/2026,Pending,Mobile Development,Cohort1,Prof. Daniel Mutisya,IoT,On Hold
TECH-000099,ndunge joel marete,64739517,+254 764-639-15,ndunge.marete@outlook.com,1996-01-03,female,Kiambu,Kabete,Gitaru,"House 330, Moi Avenue Drive, Langata",2024-08-09,I,AI/ML,Cohort 3,Dr. Jeremiah Kioko,EdTech,On Hold
TECH-000100,kemunto kenei,57560131,+254 711-217-59,kemunto.kenei@yahoo.com,1992-12-07,male,Bomet,Bomet Central,Mutarakwa,"House 267, River Road Avenue, River Road",24-02-2026,I,AI/ML,Cohort 1,Eng. John Wekesa,E-Commerce,Completed
TECH-000101,onditi mwinyi,27032738,+254 777-233-13,onditi.mwinyi@gmail.com,1991-06-01,female,Uasin Gishu,Turbo,Tapsagoi,"House 309, Ngong Drive, Lavington",04/09/2024,A,Data Engineering,Cohort 3,Dr. Daniel Musyoka,E-Commerce,Withdrawn
TECH-000102,okello mwende lubanga,99367274,+254 783-386-09,okello.lubanga@outlook.com,1992-11-23,female,Nakuru,Rongai,Visoi,"House 99, Uhuru Street, Kikuyu",2026-01-02,A,Software Engineering,Cohort 1,Dr. Aaron Nduku,EdTech,Completed
TECH-000103,NASHIPAE KIPCHUMBA KIPROTICH,77503142,+254 746-256-20,nashipae.kiprotich@gmail.com,2005-03-26,female,Mombasa,Mvita,Tudor,"House 29, Westlands Avenue, Kenyatta",28-Sep-2025,I,AI/ML,Cohort 3,Dr. Jeremiah Kioko,HealthTech,Completed
TECH-000104,MUTHOKA A. WAITHERA,93757881,+254 799-881-85,muthoka.waithera@outlook.com,1982-06-06,female,Kakamega,Mumias East,Malaha/Isongo/Masindi,"Plot 468, Lane 17, Athi River",20/03/2025,A,Cybersecurity,Cohort 3,Prof. Kevin Muriuki,HealthTech,Completed
TECH-000105,muthoka munyao,30946019,+254 111-588-25,muthoka.munyao@hotmail.com,1966-02-23,male,Trans Nzoia,Kiminini,Sirende,"Plot 203, Lane 8, Mugumo",04/05/2025,A,AI/ML,Cohort 3,Dr. Joy Kaloki,AgriTech,On Hold
TECH-000106,thomas nabea,42180102,078 133 577,thomas.nabea@hotmail.com,1974-04-13,male,Bungoma,Kimilili,Kamukuywa,"House 171, Mombasa Road Street, Argwings Kodhek",2025-09-07,I,Cybersecurity,Cohort 3,Dr. Allan Mumo,Fintech,On Hold
TECH-000107,WANJIKU AARON WACHIRA,14484757,+254 118-571-08,wanjiku78@yahoo.com,12-22-1976,Male,Kiambu,Githunguri,Githiga,"House 336, Kitisuru Drive, Lavington",26-Sep-26,Inactive,Cloud Computing,cohort 1,Dr. Mary Akinyi,E-Commerce,Completed
TECH-000108,AWITI NANJALA,78 242 493,+25473403798,nanjala.awiti@gmail.com,1971-03-13,male,Bungoma,Webuye West,Sitikho,"Plot 171, Lane 17, Limuru",31-10-2024,A,Cybersecurity,Cohort 2,Eng. Amos Nduku,Fintech,Withdrawn
TECH-000109,kariuki maingi,72571790,+254 117-457-80,kariuki.maingi@gmail.com,1998-01-28,male,Nakuru,Gilgil,Gilgil,"Plot 116, Lane 18, Parklands",07/11/2026,A,Data Science,Cohort 2,Prof. Isaiah Kasina,HealthTech,On Hold
TECH-000110,martin zephaniah kasina,11502307,+254 798-332-03,martin.kasina@yahoo.com,1979-07-27,female,Nakuru,Bahati,Bahati,"Plot 238, Lane 19, Mugumo",22-Oct-26,A,DevOps,Cohort 3,Prof. Isaiah Kasina,Logistics,Withdrawn
TECH-000111,MWENDE KOROSS,83290256,+254 788-460-10,mwende.koross@yahoo.com,1994-02-03,female,Kisumu,Nyando,Kobura,"Plot 186, Lane 12, Moi Avenue",30-Sep-2024,I,Cybersecurity,Cohort 3,Prof. James Mwangi,Fintech,Withdrawn
TECH-000112,njuguna kipkoech,40 962 820,+254 798-148-46,njugunakipkoech@outlook.com,02/10/1963,Male,Bomet,Bomet Central,Silibwet Township,"House 218, Ruaraka Road, Ruiru",2025-06-24,ACTIVE,Mobile Development,COHORT-02,Prof. James Mwangi,Clean Energy,Withdrawn
TECH-000113,mbaka rotih,45766054,+254 119-269-93,mbaka.rotich@hotmail.com,1982-01-08,male,Nyeri,Mathira,Kirimukuyu,"House 421, Ruaraka Drive, Ngong",2025-11-02,A,Data Engineering,Cohort 2,Eng. Peter Ochieng,Clean Energy,Active
TECH-000114,JOSEPH MBAAK,90524080,+254 778-514-70,joseph.mbaka@yahoo.com,1961-11-08,female,NULL,Dagoretti South,Riruta,NA,11-01-2026,I,Cloud Computing,Cohort 3,Eng. Martin Kasina,HealthTech,On Hold
TECH-000115,WANGECI CHERUIYOT,74535895,+254 733-308-74,wangeci_cheruiyot@outlook.com,1978-06-27,male,Kiambu County,Kikuyu,Nachu,"Plot 440, Lane 10, Kilimani",2024-06-06,ACTIVE,Software Engineering,COHORT 3,Prof. Esther Ondieki,IoT,Withdrawn
TECH-000116,MUKHWANA NDUKU,29766571,+254 731-972-33,mukhwana.nduku@gmail.com,1979-11-24,male,Mombasa,Likoni,Mtongwe,"House 412, Mugumo Drive, Lavington",2026-12-10,I,Data Engineering,Cohort 2,Prof. Victor Kioko,AgriTech,On Hold
TECH-000117,caroline musalia,64047337,+254 751-111-12,caroline.musalia@gmail.com,1993-01-19,female,Nyeri,Nyeri Town,Ruring'u,"Plot 432, Lane 3, Waiyaki",02-22-2024,A,AI/ML,Cohort 1,Eng. Anne Momanyi,HealthTech,On Hold
TECH-000118,OWUOR MWIRIGI KENGA,NA,+254 748-631-12,owuor.kenga@gmail.com,1975-03-13,male,Kiambu,Limuru,Ndeiya,,2026-10-06,A,Mobile Development,NA,Prof. Robert Kamau,EdTech,Completed
TECH-000119,omondi mutisya mwaura,42996518,NULL,omondi.mwaura@gmail.com,1999-02-12,male,Kakamega,Matungu,Khalaba,"Plot 448, Lane 13, Kikuyu",28 Aug 2024,I,AI/ML,Cohort 2,Dr. Allan Mumo,HealthTech,Withdrawn
TECH-000120,KIMEU V. MUMO,94624286,+254 718-222-05,kimeu.mumo@gmail.com,1973-08-21,female,Machakos,Yatta,Ndalani,"Plot 332, Lane 1, Argwings Kodhek",31-Oct-26,I,DevOps,Cohort 3,Dr. Lucy Otieno,HealthTech,Completed
TECH-000121,mokua mckaro,16954628,+254 734-071-53,mokua.mcharo@hotmail.com,NULL,male,KILIFI,Malindi,Malindi Town,"House 5, Tom Mboya Drive, Garden Estate",2025-02-10,A,,Cohort 1,Dr. Collins Mwania,IoT,On Hold
TECH-000122,CECILIA FAITH AUMA,80510741,+254 105-130-29,cecilia.auma@gmail.com,NULL,male,Nakuru County,Naivasha,Biashara-Naivasha,"Plot 174, Lane 4, Kileleshwa",12 Jan 2026,A,Data Science,Cohort 3,Prof. Kevin Muriuki,Fintech,On Hold
TECH-000123,EDITH ACHIENG,31958106,+254 109-554-99,edith.achieng@yahoo.com,1971-06-24,male,Kilifi,Kilifi South,Chasimba,"Plot 68, Lane 13, Juja",2026-09-02,A,Data Engineering,Cohort 3,Prof. David Kiprotich,Fintech,Withdrawn
TECH-000124,KIPKORIR WACHYRA,62731823,+254 778-894-10,kipkorir.wachira@yahoo.com,1972-05-26,male,Kakamega,Mumias West,West Wanga,"House 293, Parklands Drive, Kangundo",06/17/2025,A,Cloud Computing,Cohort 3,Eng. Micah Kioko,EdTech,Completed
TECH-000125,m. mbaka,92044472,+254 792-843-83,muthoni.mbaka@outlook.com,1986-04-11,female,Machakos,Matungulu,Tala,"Plot 261, Lane 7, River Road",2025-01-01,I,Cloud Computing,Cohort 3,Eng. Brian Mulwa,Fintech,Completed
TECH-000126,kwamboka wangari,75025705,+254 765-489-02,kwamboka.wangari@yahoo.com,1977-05-18,female,Trans Nzoia,Kiminini,Kiminini,"House 333, Kasarani Avenue, Lavington",27-Jan-26,I,Mobile Development,Cohort 1,Eng. Ezekiel Mumo,Logistics,Withdrawn
TECH-000127,kagwiria robert awuor,2404-4274,+254 749-629-15,kagwiria.awuor@yahoo.com,1970-01-11,male,Meru,Tigania East,Muthara,"House 68, Kitisuru Avenue, Garden Estate",06-13-2026,I,Cybersecurity,Cohort 1,Eng. Anthony Wanyonyi,AgriTech,On Hold
TECH-000128,KIMEU OMAR,78238599,+254 733-873-28,kimeu.omar@gmail.com,1995-09-13,male,Kiambu,Ruiru,Gatong'ora,"Plot 312, Lane 8, Tom Mboya",14/01/2026,A,DevOps,Cohort 2,Prof. Mercy Nduku,Fintech,On Hold
TECH-000129,ochieng peter mcharo,78739465,+254 753-314-57,ochieng.mcharo@gmail.com,1953-02-28,female,Bungoma,Kimilili,Kamukuywa,"House 413, Ngong Road Street, Parklands",01/15/2026,A,Software Engineering,Cohort 1,Eng. Gilbert Mutisya,IoT,On Hold
TECH-000130,EMILY NJOROGE,12 267 498,+254 106-022-53,emily.njoroge@gmail.com,1995-11-04,male,Kiambu,Kabete,Gitaru,"House 281, Ngong Road Road, Parklands",2024-11-22,A,Software Engineering,Cohort 1,Dr. Mary Akinyi,Clean Energy,Completed
TECH-000131,HANNAH JEPCHUMBA MWAMBURI,90611355,+254 762-647-08,hannah.mwamburi@hotmail.com,1981-12-01,female,Machakos,Machakos Town,Mutituni,"House 354, Langata Drive, Kikuyu",20/11/2026,A,Data Science,Cohort 3,Prof. Victor Kioko,Logistics,On Hold
TECH-000132,REBECCA ONYANGO MWANIA,74050584,+254 747-784-45,rebecca.mwania@gmail.com,1979-01-24,male,Bungoma,Bumula,Bumula,"House 276, Lenana Street, Ngong",10-25-2026,A,Cybersecurity,Cohort 2,Prof. Isaiah Kasina,Fintech,Withdrawn
TECH-000133,MWENDE ONYANGO AWITI,90170142,+254 105-835-71,mwende.awiti@gmail.com,2001-11-09,female,Uasin Gishu,Moiben,Sergoit,"House 446, Karen Drive, Mombasa Road",11-Jan-2026,I,Data Science,Cohort 1,Prof. Esther Ondieki,Clean Energy,On Hold
TECH-000134,gichuru sarah kiprop,53246230,+254 118-444-60,gichuru.kiprop@gmail.com,1997-03-02,male,Nairobi County,Dagoretti North,Kilimani,"Plot 22, Lane 13, Garden Estate",2024-02-25,A,Cybersecurity,Cohort 3,Eng. Amos Nduku,EdTech,Active
TECH-000135,agnes kamau,94856640,+254 112-007-17,agnes.kamau@gmail.com,1984-11-04,female,Kilifi County,Rabai,Rabai/Kisurutini,"House 390, Limuru Road, Limuru",20251120,I,AI/ML,Cohort 2,Dr. Joel Muthoka,EdTech,Withdrawn
TECH-000136,dorothy kipkirui,29219517,+254 709-535-27,dorothy.kipkirui@hotmail.com,1981-07-17,female,Machakos,Kathiani,Mitaboni,"Plot 146, Lane 10, Argwings Kodhek",2026-08-04,I,Cloud Computing,Cohort 3,Dr. Jeremiah Kioko,AgriTech,Active
TECH-000137,ann khaemba masinde,49610969,+254 104-709-62,ann.masinde@gmail.com,1960-09-19,male,Mombasa,Jomvu,Mikindani,"House 206, Kenyatta Drive, Kangundo",07-26-2026,A,Data Science,Cohort 2,Eng. Isaac Mutua,AgriTech,Completed
TECH-000138,KIMANI PAUL HASSAN,56675977,+254 729-839-53,kimani.hassan@gmail.com,1994-03-15,male,Meru,Igembe Central,Akachiu,"Plot 344, Lane 18, Karen",2024-01-11,A,Data Engineering,Cohort 3,Eng. Ezekiel Mumo,Fintech,On Hold
TECH-000139,WAFULA OMONDI,89 984 645,+254 701-034-85,wafula.omondi@outlook.com,1988-02-28,male,Nairobi,Kasarani,Njiru,"Plot 228, Lane 6, Uhuru",10-11-2025,A,AI/ML,Cohort 1,Prof. Victor Kioko,AgriTech,Withdrawn
TECH-000140,WANYONYI HAGGAI JEBET,11083382,+254 107-607-72,wanyonyi.jebet@gmail.com,1966-01-03,female,Turkana,Loima,Loima,"Plot 95, Lane 14, Kiambu",20260111,A,DevOps,Cohort 3,Dr. Joel Muthoka,IoT,On Hold
TECH-000141,MARTHA LENGURO,85253501,+254 766-012-94,martha.lenguro@gmail.com,1966-01-09,female,Machakos,Yatta,Ndalani,"Plot 322, Lane 14, Athi River",28-10-2024,I,Cloud Computing,Cohort 1,Eng. Ezekiel Mumo,Logistics,Withdrawn
TECH-000142,ONGERI MUTHEU OMONDI,14740156,079 767 233,ongeri.omondi@gmail.com,1984-12-06,male,Kakamega,Mumias West,Etenje,"House 461, Likoni Avenue, Ngong",31/03/2025,I,Mobile Development,Cohort 2,Eng. Faith Nashipae,E-Commerce,Completed
TECH-000143,NAFULA KIPKORIR,12245490,+254 786-723-11,nafula.kipkorir@gmail.com,1985-09-10,male,Nakuru,Kuresoi North,Kiptororo,"House 469, Kiambu Road Avenue, Kikuyu",13-Oct-2025,I,Software Engineering,Cohort 2,Eng. John Wekesa,EdTech,Withdrawn
TECH-000144,FAITH AWINO WADADA,13450881,+254 116-276-14,faith.wadada@gmail.com,2004-04-24,female,Mombasa,Mvita,Shimanzi,"House 106, Limuru Road, Waiyaki",2025-10-22,A,Mobile Development,Cohort 1,Prof. Moses Muthoka,E-Commerce,Active
TECH-000145,sharon amos nanjala,35520607,+254 792-758-95,sharon_nanjala@hotmail.com,01-May-95,female,Machakos,Mavoko,Athi River,Plot 466 Lane 20 Parklands,10-29-2026,active,Mobile Development,cohort 3,Prof. Kevin Muriuki,AgriTech,On Hold
TECH-000146,owuor mokua,99-646-907,+254 799-595-97,owuor.mokua@gmail.com,1983-09-13,female,Kiambu,Ruiru,Kiuu,"House 424, Westlands Road, Kiambu Road",20/05/2026,I,Cybersecurity,Cohort 2,Prof. Mercy Nduku,Clean Energy,Completed
TECH-000147,MORAA OKELLO GICHUKI,14708370,+254 758-309-08,moraa.gichuki@gmail.com,1968-11-16,male,Bomet,Konoin,Boito,"House 261, Thika Road, Limuru",18-08-2025,A,Data Science,Cohort 1,Dr. Daniel Musyoka,AgriTech,Active
TECH-000148,WEKESA NJERI MUNGAI,41923612,+254 754-818-86,wekesa.mungai@gmail.com,2002-11-02,female,MACHAKOS,KANGUNDO,KANGUNDO NORTH,"Plot 336, Lane 14, River Road",14 Sep 2024,I,Software Engineering,Cohort 3,Eng. Isaac Mutua,EdTech,Completed
TECH-000149,CYNTHIA OTIENO KANGOGO,79218993,+254 761-687-66,cynthia.kangogo@yahoo.com,1982-11-17,female,Kisumu,Nyando,Kabonyo/Kanyagwal,"House 144, Kenyatta Street, Karen",15-Jun-2026,A,Cloud Computing,Cohort 1,Eng. Amos Nduku,Fintech,Withdrawn
TECH-000150,MWANIA ONGERI KIVUVA,47393393,+254 783-820-83,mwania.kivuva@yahoo.com,2002-01-17,male,Nairobi,Dagoretti North,Kileleshwa,"Plot 222, Lane 1, Jogoo",2026-10-05,I,Cloud Computing,Cohort 1,Prof. James Mwangi,Fintech,Active
TECH-000151,BRIDGET MUTHAMA,46879055,NULL,NULL,1972-11-08,female,Kilifi,Kilifi North,Dabaso,"House 186, Thika Avenue, Kiambu Road",27-Apr-2026,I,AI/ML,,Dr. Jonah Kasina,AgriTech,Withdrawn
TECH-000152,mwirigi kipngeich,16774455,+254 723-411-75,mwirigi.kipngetich@gmail.com,1993-05-25,male,Kisumu,Seme,West Seme,"House 98, Kasarani Drive, Lenana",01-Jul-2025,A,Cybersecurity,Cohort 2,Eng. John Wekesa,Fintech,On Hold
TECH-000153,ANNA BETT,20327493,+254 793-331-25,anna.bett@outlook.com,1983-06-16,female,Kiambu,Kiambu,Ndumberi,"Plot 243, Lane 1, Outering",27/03/2026,A,AI/ML,Cohort 1,Prof. Daniel Mutisya,Fintech,On Hold
TECH-000154,JANE CHEPNGENO,95033882,+254 779-478-25,jane.chepngeno@gmail.com,1999-11-19,male,Uasin Gishu,Soy,Moi's Bridge,"House 248, Ngong Road Road, Argwings Kodhek",21-Mar-2024,A,Cloud Computing,Cohort 1,Dr. Collins Mwania,AgriTech,Completed
TECH-000155,wachira matthew ndegwa,35849313,+254 761-463-70,NULL,1988-08-03,female,Kiambu,Lari,Kijabe,"Plot 274, Lane 13, Lavington",09-11-2025,A,NULL,Cohort 3,Eng. Gilbert Mutisya,Fintech,Withdrawn
TECH-000156,MBAKA PETER GACHERU,58645001,+254 764-650-22,mbaka.gacheru@gmail.com,1992-03-17,male,Kilifi County,Kilifi South,Shimo la Tewa,"Plot 310, Lane 20, Kilimani",29-Apr-2026,I,Mobile Development,Cohort 1,Dr. Collins Mwania,AgriTech,On Hold
TECH-000157,AGNES MUSALIA,76597184,+254 732-300-01,agnes.musalia@hotmail.com,1977-06-16,female,Kiambu,Ruiru,Kahawa Wendani,"Plot 448, Lane 17, Ngong",2026-12-23,A,Cloud Computing,Cohort 2,Eng. Elijah Mwania,E-Commerce,On Hold
TECH-000158,KAGWIRIA LESHA,77194013,+254 118-639-44,kagwiria.leshan@yahoo.com,1968-10-25,male,Nairobi,Dagoretti North,Kawangware,"House 462, Mombasa Road Road, Limuru",19-Jun-25,I,Mobile Development,Cohort 1,Dr. Jeremiah Kioko,EdTech,On Hold
TECH-000159,opiyo musalia,23 488 183,+254 733-320-90,opiyo.musalia@yahoo.com,2001-04-02,female,Nyeri,Mukurweini,Rugi,"Plot 245, Lane 7, Mugumo",2026-02-28,A,DevOps,Cohort 2,Dr. Joy Kaloki,EdTech,Completed
TECH-000160,REBECCA ATIENO KETER,56590046,+254 764-297-00,r53@gmail.com,1987-11-18,male,Nairobi,Dagoretti South,Mutuini,"PLOT 235, LANE 8, TOM MBOYA",30-12-2024,I,Data Engineering,COHORT-03,Eng. Micah Kioko,HealthTech,On Hold
TECH-000161,awiti mwirigi mcharo,25132415,+254 738-973-78,awiti.mcharo@gmail.com,2001-05-26,female,Nyeri County,Kieni,Gatarakwa,"House 302, Kiambu Road Street, Lenana",10-22-2026,A,Mobile Development,NA,Prof. Kevin Muriuki,Fintech,On Hold
TECH-000162,JEBIWOTT NABWIRE WAITHERA,37467964,+254 755-207-60,jebiwott.waithera@gmail.com,1987-12-22,male,Mombasa,Kisauni,Bamburi,"House 279, Moi Avenue Street, Limuru",18-Nov-2024,I,Data Science,Cohort 2,Prof. Isaiah Kasina,E-Commerce,On Hold
TECH-000163,KALOKI WANGARI,76434426,+254 112-253-04,kaloki.wangari@gmail.com,1996-12-22,male,Kakamega,Shinyalu,Isukha West,"Plot 434, Lane 4, Thika",20-Nov-2026,A,DevOps,Cohort 3,Dr. Sarah Mutua,IoT,On Hold
TECH-000164,flora musila,16648129,+254 781-300-48,flora.musila@outlook.com,1992-04-19,male,Kiambu,Kabete,NA,NULL,14-03-2025,I,AI/ML,Cohort 3,Eng. Anthony Wanyonyi,EdTech,Active
TECH-000165,JANE JEPKORIR,67827740,+254 107-545-95,jane.jepkorir@outlook.com,1993-05-13,female,Mombasa,Jomvu,Mikindani,"Plot 382, Lane 19, Kikuyu",2025-08-21,A,AI/ML,Cohort 2,Dr. Aaron Nduku,Fintech,Active
TECH-000166,KIPSANG KWAMBOKA MUNYORI,99899818 ,+254 748 987 54,kipsang.munyori@gmail.com,2005-04-13,male,Kiambu,Githunguri,Githiga,"Plot 401, Lane 6, Kangundo",20-03-2025,A,Data Engineering,Cohort 2,Eng. Anne Momanyi,EdTech,Withdrawn
TECH-000167,KIPCHIRCHIR KATHURE OTIENO,85251775,+254 704-701-88,kipchirchir.otieno@hotmail.com,1995-02-21,female,Trans Nzoia,Cherangany,Kaplamai,"Plot 405, Lane 6, Moi Avenue",20-Dec-2026,I,Data Science,Cohort 2,Dr. Jonah Kasina,IoT,On Hold
TECH-000168,nyambane chepkorir nzioka,50482377,+254 115-355-52,nyambane.nzioka@outlook.com,1955-08-17,female,Nakuru,Rongai,Solai,"Plot 70, Lane 3, Karen",04-13-2025,I,Data Engineering,Cohort 2,Eng. Amos Nduku,HealthTech,Completed
TECH-000169,akinyi gakunyi chepkwony,62526204,NA,achepkwony@yahoo.com,01 Apr 1989,MALE,Nakuru,Kuresoi North,Sirikwa,,31-Oct-2026,NA,AI/ML,Cohort  2,Dr. Mary Akinyi,HealthTech,Completed
TECH-000170,BOSIBORI MUMO GITONGA,80910084,+254 101-672-82,bosibori.gitonga@gmail.com,1993-03-23,female,Kakamega,Butere,Marama Central,"Plot 209, Lane 1, Waiyaki",24 Mar 2026,A,Data Engineering,Cohort 1,Eng. Gilbert Mutisya,E-Commerce,On Hold
TECH-000171,mukhwana kipkirui,1657-4246,+254 766-230-43,mukhwana.kipkirui@gmail.com,1948-02-23,male,NA,WebuyeWest,Sitikho,"Plot 59, Lane 13, Kiambu",,I,Software Engineering,,Eng. Anne Momanyi,HealthTech,Withdrawn
TECH-000172,nicholas jeremiah kamau,18815479,+254 105-362-45,nicholas.kamau@gmail.com,1993-05-18,male,Kisumu,Nyando,Kobura,"Plot 337, Lane 17, Kilimani",2026-04-06,A,Mobile Development,Cohort 2,Prof. Mercy Nduku,HealthTech,Active
TECH-000173,gladys wanjala,12273686,+254 702-755-15,gladys.wanjala@yahoo.com,1963-10-07,female,Uasin Gishu,Turbo,Ngenyilel,"House 411, Tom Mboya Drive, Waiyaki",09/03/2024,A,AI/ML,Cohort 1,Eng. John Wekesa,Fintech,On Hold
TECH-000174,muriuki joshua nabea,47299640,+254 112-796-36,muriuki.nabea@gmail.com,1981-02-07,male,Kilifi,Magarini,Magarini,"Plot 281, Lane 15, Karen",2024-07-13,A,Data Engineering,Cohort 2,Eng. Martin Kasina,HealthTech,Completed
TECH-000175,habakkuk kiprop onsongo,72992151,+254 751-954-07,habakkuk.onsongo@yahoo.com,1969-10-21,female,Nairobi,Kasarani,Kasarani,"Plot 305, Lane 11, Mombasa Road",2024-06-14,I,Mobile Development,Cohort 3,Eng. Anthony Wanyonyi,AgriTech,Withdrawn
TECH-000176,deborah muthuri,62560511,+254 734-468-34,deborah.muthuri@yahoo.com,1991-01-18,female,Bomet,Sotik,Chemagel,"House 134, Karen Avenue, Westlands",23-Oct-2026,A,Software Engineering,Cohort 1,Eng. Brian Mulwa,AgriTech,Completed
TECH-000177,ombati jepchumba awino,36616333,+254 759-437-60,ombati.awino@hotmail.com,2001-05-22,male,Nairobi,Dagoretti South,Uthiru,"House 440, Kilimani Street, Outering",2025-10-17,A,Cloud Computing,Cohort 3,Prof. Mercy Nduku,HealthTech,Completed
TECH-000178,JEBET WANYONYI,59283521,+25479921200,jebet.wanyonyi@gmail.com,1983-02-23,male,Kiambu,Kabete,Gitaru,"Plot 70, Lane 15, Tom Mboya",10/08/2026,A,Data Engineering,Cohort 1,Eng. Peter Ochieng,EdTech,Active
TECH-000179,martin wekesa,38792473,+254 107-869-83,martin.wekesa@yahoo.com,1983-10-03,female,Kakamega,Mumias East,Malaha/Isongo/Masindi,"Plot 224, Lane 20, Kiambu Road",06/02/2024,NA,Cybersecurity,Cohort 2,Dr. Joel Muthoka,E-Commerce,On Hold
TECH-000180,naserian jmua,93792514,+254 704-070-31,naserian.juma@gmail.com,1970-10-02,female,Turkana,Turkana East,Lokichar,"Plot 298, Lane 6, Thika",07/20/2025,A,Data Engineering,Cohort 2,Eng. Gilbert Mutisya,HealthTech,Completed
TECH-000181,ROBERT ACHIENG MOKUA,30559033,+254 798-105-00,robert.mokua@yahoo.com,1995-10-25,male,Kiambu,Ruiru,Gatong'ora,"Plot 318, Lane 17, Jogoo",17/02/2024,I,Software Engineering,Cohort 2,Dr. Grace Wanjiku,IoT,Withdrawn
TECH-000182,KWAMBOKA NOKUN AWINO,52951801,+254 116-561-64,kwamboka.awino@gmail.com,1997-04-19,male,Machakos,Kathiani,Kathiani Central,"Plot 403, Lane 6, River Road",02/10/2024,A,DevOps,Cohort 1,Prof. Mercy Nduku,IoT,Withdrawn
TECH-000183,zechariah mcharo,70640795,+254 764-207-37,zechariah.mcharo@gmail.com,1959-07-07,male,Machakos,Kathiani,Kathiani Central,"Plot 208, Lane 16, Uhuru",21-12-2026,A,Cloud Computing,Cohort 3,Dr. Mary Akinyi,Logistics,Active
TECH-000184,MASINDE MUSALIA,86830303,+254 723-649-62,masinde.musalia@hotmail.com,1981-02-15,male,Kiambu,Ruiru,Kahawa Wendani,"House 21, Karen Drive, Lavington",03-03-2024,I,AI/ML,Cohort 1,Dr. Daniel Musyoka,AgriTech,On Hold
TECH-000185,PHILEMON NDUNGE,15977187,+254 113-849-25,philemon.ndunge@hotmail.com,1970-07-26,female,NAKURU,MOLO,MOLO,"Plot 31, Lane 7, Tom Mboya",2024-10-19,I,Data Engineering,Cohort 3,Prof. Mercy Nduku,EdTech,Active
TECH-000186,OWUOR FAITH,19492547,+254 748-887-69,faith.owuor@gmail.com,2002-12-06,female,Kilifi,Rabai,Mwawesa,"Plot 314, Lane 9, Mugumo",22 Jul 2024,A,Mobile Development,Cohort 3,Dr. Jeremiah Kioko,E-Commerce,Withdrawn
TECH-000187,onditi maingi,51940537,+254 722-910-38,onditi.maingi@gmail.com,1998-11-15,male,Uasin Gishu,Kesses,Cheptiret/Kipchamo,"Plot 235, Lane 12, Kileleshwa",20-Sep-2026,A,Cybersecurity,Cohort 1,Eng. Amos Nduku,E-Commerce,Active
TECH-000188,FAITH KAMANTE,89064828,NA,faith.kamande@yahoo.com,1992-02-26,male,Nairobi,Kasarani,Njiru,"House 459, Karen Street, Kangundo",2024-04-27,A,NA,,Prof. Robert Kiema,Clean Energy,Withdrawn
TECH-000189,MERCY OWUOR KETER,64627534,+254 758-042-99,mercy.keter@yahoo.com,2004-12-27,male,Nairobi,Westlands,Kitisuru,"Plot 129, Lane 3, Thika Superhighway",20/11/2025,I,Cybersecurity,Cohort 1,Dr. Joy Kaloki,Clean Energy,On Hold
TECH-000190,auma ngeno,42733135,,auma.ngeno@gmail.com,1987-07-05,female,Nyeri,Kieni,Naromoru/Kiamathaga,NA,NULL,I,Data Engineering,Cohort 1,Prof. Catherine Chepkorir,Logistics,On Hold
TECH-000191,TIMOTHY JONATHAN ODUYA,16007154,+254 722-485-51,timothy.oduya@yahoo.com,1969-07-22,male,Kisumu,Nyakach,Central Nyakach,"House 210, Karen Drive, Jogoo",03-22-2024,I,Cloud Computing,Cohort 1,Prof. Esther Ondieki,HealthTech,Completed
TECH-000192,agnes kipcihrchir,43739900,+254 768-374-35,akipchirchir@hotmail.com,03/05/1957,Male,Kisumu,Kisumu West,North Kisumu,"house 280, river road road, kilimani",2024-11-22,I,DevOps,C-3,Dr. Mary Akinyi,EdTech,On Hold
TECH-000193,MURIUKI BARASA,98843736,254 114 992 51,muriuki.barasa@outlook.com,1982-02-23,female,Nairobi,Lang'ata,South C,"Plot 185, Lane 2, Lavington",03/04/2025,I,AI/ML,Cohort 2,Eng. Isaac Mutua,E-Commerce,On Hold
TECH-000194,john kiprotich mukhwana,52137942,254 738 566 03,j.mukhwana@gmail.com,1990-03-28,male,Machakos,Matungulu,Matungulu East,"Plot 288, Lane 7, Kitisuru",30-08-2025,A,Mobile Development,Cohort 2,Eng. Anthony Wanyonyi,Clean Energy,Withdrawn
TECH-000195,ONSONGO KARANJA,88829544,+254 739-959-40,onsongo.karanja@yahoo.com,1965-01-21,female,Bungoma,Kabuchai,Mukuyuni,"Plot 402, Lane 20, Parklands",17-03-2024,A,DevOps,Cohort 3,Eng. Elijah Mwania,Clean Energy,On Hold
TECH-000196,GITHINJI OGERO,49993925,+254 119-540-29,githinji.ogero@outlook.com,1967-10-23,male,Trans Nzoia,Saboti,Kinyoro,"Plot 252, Lane 17, Jogoo",02-12-2026,I,Cybersecurity,Cohort 2,Dr. Sarah Mutua,IoT,Active
TECH-000197,MOMANYI MBAKA KOSGEI,77626740,+254 107-494-49,momanyi.kosgei@yahoo.com,1988-12-18,female,Kisumu,Nyakach,Central Nyakach,"House 222, Kiambu Road Road, Mugumo",29-07-2025,I,Data Science,Cohort 2,Prof. Robert Kamau,Logistics,On Hold
TECH-000198,kebaso philemon naliaka,24810962,+254 118-894-06,kebaso.naliaka@gmail.com,1982-11-25,female,Trans Nzoia,Saboti,Kinyoro,"Plot 73, Lane 13, Kilimani",23-Jul-2024,I,Cloud Computing,Cohort 3,Dr. Harun Mwikali,HealthTech,Active
TECH-000199,Z. M. NAFULA,55 936 943,+254 702-103-66,zechariah.nafula@gmail.com,1981-04-07,male,Bomet,,Silibwet Township,"Plot 236, Lane 14, Lavington",NA,I,NULL,Cohort 2,Dr. Allan Mumo,Clean Energy,Withdrawn
TECH-000200,ALICE MERCY MUSYOKA,21409636,+254 743-616-73,alice.musyoka@gmail.com,1990-08-03,female,Nairobi,Kibra,Laini Saba,"Plot 174, Lane 11, Waiyaki",2026-08-30,A,Cloud Computing,Cohort 3,Dr. Joy Kaloki,Clean Energy,On Hold
TECH-000201,nabea kihika,56553684,+254 723-563-81,n.k@outlook.com,24-12-1992,M,Nairobi,DagorettiSouth,Mutuini,Plot258Lane2RiverRd,13/07/2026,Inactive,DevOps,Cohort  1,Prof. Esther Ondieki,Fintech,Withdrawn
TECH-000202,PEACE KIPSOANG,41737742,+254 111-679-61,peace.kipsang@yahoo.com,2004-05-09,male,Uasin Gishu,Kapseret,Simat/Kapseret,"House 187, Tom Mboya Street, Parklands",07-25-2026,I,AI/ML,Cohort 1,Eng. Micah Kioko,E-Commerce,Withdrawn
TECH-000203,ADHIAMBO ZEPHANIAH MWAKISHA,28535751,+254 728-574-72,adhiambo.mwakisha@outlook.com,1987-09-07,female,Uasin Gishu,Kapseret,Megun,"House 340, Langata Road, Thika",2024-07-27,A,Cloud Computing,Cohort 3,Prof. James Mwangi,AgriTech,Active
TECH-000204,mutua paul anyango,77090332,+254 741-784-33,mutua.anyango@gmail.com,1982-02-25,female,Kiambu,Kikuyu,Nachu,"Plot 328, Lane 12, Kasarani",2026-08-08,I,Data Science,Cohort 3,Prof. Victor Kioko,IoT,On Hold
TECH-000205,simon mwaniia,99716761,+254 765-425-84,simon.mwania@gmail.com,2003-07-12,male,Nakuru,Nakuru Town West,Barut,"House 1, Langata Avenue, Mombasa Road",20240302,I,Mobile Development,Cohort 3,Eng. Anthony Wanyonyi,E-Commerce,Completed
TECH-000206,wairimu rweria wachira,15021097,+254 704-071-16,wairimu.wachira@outlook.com,1986-10-15,female,Kakamega,Matungu,Khalaba,"Plot 180, Lane 14, Juja",10/01/2026,I,Data Science,Cohort 1,Eng. Ezekiel Mumo,Fintech,On Hold
TECH-000207,rebecca jeebet,77666154 ,+254 755-776-67,rebecca.jebet@outlook.com,1994-04-09,male,Kakamega,Matungu,NULL,"House 42, Kileleshwa Road, Uhuru",01 Jun 2026,A,Software Engineering,NA,Eng. Micah Kioko,E-Commerce,Active
TECH-000208,simiyu mumo wangari,60057264,+254 118-092-53,simiyu.wangari@gmail.com,1966-10-09,male,Bomet,Bomet East,Merigi,"House 72, Limuru Street, Karen",31-12-2024,I,Cloud Computing,Cohort 3,Eng. John Wekesa,EdTech,On Hold
TECH-000209,muthoni gikonyo,37402375,+254 757-575-94,muthoni.gikonyo@outlook.com,1989-07-05,male,Machakos,Matungulu,Matungulu North,"House 279, Juja Avenue, Mugumo",2025-01-04,I,Cloud Computing,Cohort 3,Prof. Robert Kamau,E-Commerce,Withdrawn
TECH-000210,ROSE WADADA,82978165,+254 712-003-67,rose.wadada@gmail.com,1984-05-19,female,Kiambu,Ruiru,Kahawa Wendani,"Plot 158, Lane 16, Kiambu Road",2025-09-10,I,Data Science,Cohort 3,Dr. Grace Wanjiku,AgriTech,Completed
TECH-000211,kagwiria thomas rotich,98996499,+254 115-002-63,kagwiria.rotich@gmail.com,1964-02-27,male,Uasin Gishu County,Moiben,Moiben,"House 338, Kiambu Avenue, Kiambu Road",16-May-24,I,Software Engineering,Cohort 1,Dr. Lucy Otieno,EdTech,On Hold
TECH-000212,kiprotich koeech,84262472,+254 716-292-41,kiprotich.koech@gmail.com,1992-09-07,female,Nairobi,Kasarani,Mwiki,"House 376, Kitisuru Street, Ngong",22-04-2026,A,Cloud Computing,Cohort 3,Eng. Faith Nashipae,Logistics,Completed
TECH-000213,grace mutwiri,81393856,+254 785-133-32,grace.mutwiri@outlook.com,NULL,male,Bungoma,,West Sang'alo,"Plot 194, Lane 1, Uhuru",2026-07-16,NULL,Cloud Computing,Cohort 1,Prof. Mercy Nduku,AgriTech,Withdrawn
TECH-000214,KINYUA KOECH,74492536,+254 769-033-57,kinyua.koech@yahoo.com,1982-07-03,male,Kisumu,Kisumu Central,Market Milimani,"Plot 376, Lane 9, Kiambu Road",12/30/2026,I,Cybersecurity,Cohort 2,Dr. Lucy Otieno,E-Commerce,On Hold
TECH-000215,CHRISTOPHER MWINYI,66348257,+254 779-363-06,christopher.mwinyi@hotmail.com,2005-01-04,male,Meru,Central Imenti,Mwangathia,"House 474, Moi Avenue Road, Lavington",14/10/2025,A,AI/ML,Cohort 2,Eng. Isaac Mutua,IoT,Withdrawn
TECH-000216,WAIRIMU MWENDWA,70053039,+254 113-034-96,wairimu.mwendwa@gmail.com,1999-09-24,female,Trans Nzoia,Endebess,Endebess,"House 120, Lavington Road, Karen",2025-08-07,A,Data Science,Cohort 2,Eng. Brian Mulwa,AgriTech,Active
TECH-000217,BRIDGET KAMAU NALIAKA,91335378,+254 745-368-09,bridget.naliaka@gmail.com,1991-01-14,female,Nairobi,Kibra,Sarang'ombe,"Plot 472, Lane 10, Athi River",24-11-2025,A,Data Engineering,Cohort 1,Prof. James Mwangi,IoT,Completed
TECH-000218,mutwiri musila,82351312,NA,mutwiri.musila@hotmail.com,NULL,male,NA,Tigania East,Muthara,"House 415, Kenyatta Road, Jogoo",07/02/2025,I,Software Engineering,Cohort 3,Eng. Faith Nashipae,Clean Energy,On Hold
TECH-000219,teresa veronica mwinyi,28206262,,teresa.mwinyi@gmail.com,1998-09-27,female,,Chepalungu,Siongiroi,"Plot 69, Lane 20, Juja",03/04/2026,NULL,AI/ML,Cohort 2,Eng. Peter Ochieng,EdTech,Active
TECH-000220,naisula barasa,44887843,+254 733-385-34,naisula.barasa@outlook.com,1996-05-06,female,Nakuru,NA,Gilgil,"Plot 361, Lane 9, Jogoo",2025-12-27,A,,Cohort 1,Prof. Kevin Muriuki,Clean Energy,Withdrawn
TECH-000221,AUMA NABWIRE,52943014,+254 793-508-76,auma.nabwire@outlook.com,1973-11-22,male,Bomet,Konoin,Embomos,"Plot 459, Lane 2, Karen",11/03/2024,I,Data Engineering,Cohort 3,Prof. Robert Kiema,IoT,On Hold
TECH-000222,ALEXANDER MWAMBURI,44182277,+254 109-993-63,alexander.mwamburi@outlook.com,1955-06-21,male,Meru,Tigania West,Kianjai,"Plot 350, Lane 7, Ruaraka",2024-06-03,I,Mobile Development,Cohort 3,Dr. Grace Wanjiku,Logistics,Completed
TECH-000223,amos wamalwa chepkirui,55360034,+254 103-618-97,amos.chepkirui@outlook.com,1990-05-10,female,Mombasa,Kisauni,Bamburi,"House 112, Mugumo Road, River Road",2025-11-10,I,DevOps,Cohort 3,Dr. Lucy Otieno,Logistics,Withdrawn
TECH-000224,RIMBERIA OMAR,22388317,+254 759-931-63,rimberia.omar@yahoo.com,1970-09-21,male,Kakamega,Lugari,NULL,"Plot 56, Lane 17, Mugumo",20240420,A,Cybersecurity,Cohort 3,Dr. Harun Mwikali,E-Commerce,Completed
TECH-000225,john katua,68-987-671,+254 702-970-93,john.katua@outlook.com,1974-04-02,male,Kakamega,Ikolomani,Idakho South,"House 305, Mugumo Drive, Argwings Kodhek",11/05/2026,A,Data Science,Cohort 3,Dr. Collins Mwania,Fintech,Active
TECH-000226,khaemba wanddera,92585240,+254 765-341-53,khaemba.wandera@gmail.com,1995-04-01,female,NA,Kangundo,Kangundo East,"Plot 158, Lane 18, Westlands",06/05/2026,I,Data Engineering,Cohort 2,Eng. Peter Ochieng,AgriTech,On Hold
TECH-000227,MURIUKI WANGARI,73252068,+254 731-981-43,muriuki.wangari@hotmail.com,1998-01-27,male,Kilifi,Rabai,Rabai/Kisurutini,"House 208, Juja Avenue, Uhuru",20241214,I,Cybersecurity,Cohort 3,Eng. Isaac Mutua,HealthTech,On Hold
TECH-000228,kipngetich cherotich nabea,19971406,+254 731-083-80,kipngetich.nabea@gmail.com,1972-01-10,male,Nakuru,Kuresoi South,Amalo,"Plot 140, Lane 10, Mugumo",27-08-2025,A,AI/ML,Cohort 1,Eng. Anthony Wanyonyi,E-Commerce,On Hold
TECH-000229,christopher kiprotich kamotho,55299368,+254 793-857-19,christopher.kamotho@outlook.com,1990-10-10,female,MACHAKOS,Mavoko,Kinanie,"House 443, Kitisuru Avenue, Outering",04-Jan-2026,A,Data Science,Cohort 2,Dr. Sarah Mutua,EdTech,On Hold
TECH-000230,muriuki cecilia jebet,82041503,+254 715-056-95,muriuki.jebet@hotmail.com,1993-04-10,male,Nairobi,Lang'ata,Mugumu-ini,"House 55, Waiyaki Road, Likoni",20250725,I,Data Science,Cohort 3,Prof. Robert Kamau,EdTech,Withdrawn
TECH-000231,nekesa kariukki,51347842,+254 751-430-01,nekesa.kariuki@yahoo.com,1991-07-01,male,Nakuru,Rongai,Visoi,"Plot 18, Lane 2, Uhuru",04/09/2026,A,Data Engineering,Cohort 3,Prof. Catherine Chepkorir,Fintech,On Hold
TECH-000232,naliaka bett,27719312,+254 111-744-88,naliaka.bett@yahoo.com,2004-02-14,female,Machakos,Matungulu,Tala,"House 194, Kangundo Road, Waiyaki",28 Dec 2024,A,Mobile Development,Cohort 1,Eng. Faith Nashipae,HealthTech,Completed
TECH-000233,caroline wairimu ongaya,14829328 ,+254 101-785-18,caroline.ongaya@gmail.com,2000-08-07,female,Uasin Gishu,Ainabkoi,Kaptagat,"House 50, Langata Drive, Kasarani",2024-02-18,A,Mobile Development,Cohort 1,Dr. Daniel Musyoka,Logistics,On Hold
TECH-000234,grace kamotho,13782653,+254 708-960-29,grace.kamotho@hotmail.com,2001-08-07,female,Bomet,Bomet Central,Chesoen,"House 241, Kilimani Drive, Kikuyu",27-10-2024,A,Cybersecurity,Cohort 3,Prof. Victor Kioko,Logistics,On Hold
TECH-000235,lilian nokun achieng, 67022224,+254 748-298-37,lilian.achieng@outlook.com,1982-11-27,male,Bomet,Konoin,Embomos,"Plot 195, Lane 7, Kileleshwa",15-Dec-2026,I,Software Engineering,Cohort 3,Prof. David Kiprotich,HealthTech,Completed
TECH-000236,ESTHER MUTUNE,28531242,+254 102-248-70,esther.mutune@outlook.com,1989-03-04,female,Kiambu,Limuru,Ndeiya,"Plot 83, Lane 1, Kilimani",2024-04-25,A,Mobile Development,Cohort 2,Eng. Micah Kioko,E-Commerce,Active
TECH-000237,priscilla ndegwe,3514-4726,+254 119-693-54,priscilla.ndegwa@gmail.com,1995-03-15,male,Nairobi,Dagoretti North,Kawangware,"Plot 136, Lane 16, Waiyaki",18/06/2025,I,Data Science,Cohort 2,Dr. Sarah Mutua,HealthTech,On Hold
TECH-000238,MARY KAIMENYI MWIRIGI,67437930,+254 775-616-96,mary.mwirigi@gmail.com,1975-08-17,female,Kiambu,Kiambu,Kihara,"Plot 209, Lane 1, Parklands",2024-10-25,A,Cybersecurity,Cohort 1,Eng. Micah Kioko,HealthTech,On Hold
TECH-000239,wairimu mcharo,52939958,+254 706-782-60,wairimu.mcharo@hotmail.com,1960-10-17,male,Kiambu,Lari,Kijabe,"Plot 392, Lane 15, Westlands",2024-02-09,A,Cloud Computing,Cohort 1,Dr. Harun Mwikali,AgriTech,On Hold
TECH-000240,OMBATI MULWA NYAMBANE,58456843,+25478623747,ombati.nyambane@gmail.com,1983-05-23,male,Nairobi,Kasarani,Njiru,"Plot 50, Lane 11, Waiyaki",2025-10-22,I,Cybersecurity,Cohort 2,Eng. Micah Kioko,E-Commerce,Withdrawn
TECH-000241,BRIAN BETT,80852543,+254 761-043-94,brian.bett@outlook.com,1983-12-24,male,Machakos,Yatta,Ikombe,"Plot 104, Lane 7, Kilimani",19-08-2025,I,Data Science,Cohort 1,Eng. John Wekesa,Clean Energy,Active
TECH-000242,JANE OMONDI ONSONGO,59243476,+254 766-842-45,jane.onsongo@hotmail.com,1964-07-15,male,Bomet,Sotik,Rongena/Manaret,"Plot 477, Lane 19, River Road",01-Feb-2026,A,Mobile Development,Cohort 1,Prof. Mercy Nduku,EdTech,Completed
TECH-000243,munyao towett,77053980,+254 715-467-12,munyao.towett@hotmail.com,NULL,male,Nairobi,Dagoretti North,Kawangware,"House 411, Likoni Road, Ruiru",2026-12-10,,Data Engineering,Cohort 3,Prof. Robert Kamau,IoT,Withdrawn
TECH-000244,KIOKO OKOTH,92108031,+254 727-119-41,kioko.okoth@yahoo.com,1977-10-15,female,Mombasa,Mvita,Tononoka,"Plot 390, Lane 2, Garden Estate",12-11-2024,I,Data Engineering,Cohort 2,Dr. Collins Mwania,HealthTech,On Hold
TECH-000245,auma muthama,80517332,+254 732-928-00,auma.muthama@yahoo.com,1960-09-18,female,Kakamega,Khwisero,Kisa East,"Plot 170, Lane 7, Ngong Road",2026-06-04,I,Data Science,Cohort 2,Prof. Kevin Muriuki,E-Commerce,Active
TECH-000246,ELIJAH ACHIENG CHERONO,NA,+254 105-238-30,elijah.cherono@yahoo.com,1979-07-21,male,Meru,Igembe North,Ntunene,"Plot 397, Lane 14, Mombasa Road",17-Oct-2025,A,AI/ML,Cohort 1,Dr. Daniel Musyoka,AgriTech,On Hold
TECH-000247,mark moses marete,63223998,+254 117-663-47,mark.marete@hotmail.com,1965-10-28,female,Bomet,Bomet East,Kembu,"Plot 5, Lane 1, Waiyaki",02-Mar-26,I,Cybersecurity,Cohort 1,Dr. Lucy Otieno,AgriTech,Withdrawn
TECH-000248,ATIENO KIPKIRUI GICHURU,57277284,+254 102-627-53,atieno.gichuru@gmail.com,NA,female,Nakuru,Kuresoi South,Amalo,"Plot 396, Lane 8, Athi River",22/08/2026,,Mobile Development,NULL,Prof. Mercy Nduku,AgriTech,Completed
TECH-000249,nabwire kasina,29178232,+254 762-303-74,n.kasina@gmail.com,NULL,F,Nairobi,,Gatina,House 247 Athi River Street Kasarani,2026-06-08,pending,Data Science,C-2,Dr. Jeremiah Kioko,IoT,Completed
TECH-000250,KINYA ISAAC KIOKO,76183001,+254 732-694-09,kinya.kioko@outlook.com,2001-10-11,female,Kiambu,Githunguri,Ngewa,"Plot 458, Lane 19, Kikuyu",09-Jul-24,I,Data Engineering,Cohort 3,Prof. Esther Ondieki,EdTech,On Hold
TECH-000251,WEKESA GLADYS MBAKA,89646079,+254 731-879-63,wekesa.mbaka@gmail.com,1976-12-27,male,Kisumu,Kisumu West,South West Kisumu,"Plot 211, Lane 11, Kenyatta",2024-05-21,I,Data Engineering,Cohort 3,Eng. Elijah Mwania,HealthTech,Active
TECH-000252,LILIAN OKOTH MUSYOKA,62920955,+254 117-623-86,lilian.musyoka@outlook.com,1990-04-25,male,Kilifi,Rabai,Rabai/Kisurutini,"House 349, Thika Superhighway Avenue, Athi River",14/10/2025,I,Mobile Development,Cohort 1,Eng. Amos Nduku,Clean Energy,Withdrawn
TECH-000253,khaemba mwikali,83927501,+254 739-633-05,khaemba.mwikali@gmail.com,1994-10-16,female,Meru,Igembe South,Mau/Antuamburi,"Plot 7, Lane 4, Juja",06-Oct-2026,A,AI/ML,Cohort 3,Prof. Mercy Nduku,E-Commerce,Active
TECH-000254,mutua rose onsongo,72458202,+254 712-168-46,mutua.onsongo@gmail.com,1970-09-03,female,Nakuru,Molo,Marioshoni,"House 34, River Road Street, Limuru",21-04-2026,A,Cloud Computing,Cohort 1,Eng. Amos Nduku,HealthTech,On Hold
TECH-000255,NABWIRE NALIAKA MURIUKI,53771746,+254 713-380-25,nabwire.muriuki@outlook.com,2004-05-02,male,Uasin Gishu,Soy,Kapkures,"Plot 411, Lane 8, Tom Mboya",14-Feb-2025,I,Data Engineering,Cohort 3,Dr. Jeremiah Kioko,IoT,Active
TECH-000256,njeri miei,81865711,+254 713-807-14,njeri.mitei@outlook.com,1978-07-05,female,Uasin Gishu County,Ainabkoi,Ainabkoi/Olare,"Plot 288, Lane 4, Kileleshwa",21/07/2025,I,Mobile Development,Cohort 3,Dr. Collins Mwania,HealthTech,Completed
TECH-000257,AARON MUMO WAMBUGU,70752010,+254 702-084-28,aaron.wambugu@gmail.com,1981-06-14,female,Kiambu,Kabete,Nyathuna,"Plot 381, Lane 12, Mombasa Road",2025-06-15,A,DevOps,Cohort 3,Prof. Robert Kamau,HealthTech,On Hold
TECH-000258,zephaniah kipkemoi,79415978,+254 117-567-70,zephaniah.kipkemoi@hotmail.com,1992-07-21,female,NULL,Bumula,Kabula,"Plot 347, Lane 18, Ruaraka",01 Feb 2024,A,AI/ML,Cohort 2,Dr. Aaron Nduku,Fintech,Active
TECH-000259,BEATRICE KIBTAHI,5434-3467,+254 721-039-74,beatrice.kibathi@gmail.com,1999-10-03,female,Uasin Gishu,Soy,Segero/Barsombe,"Plot 222, Lane 11, River Road",05-08-2024,I,Software Engineering,Cohort 3,Dr. Sarah Mutua,IoT,Withdrawn
TECH-000260,awiti senteu mwamburi,78593346,+254 105-258-61,awiti.mwamburi@gmail.com,1997-12-02,male,Nakuru,Kuresoi South,Tinet,"House 4, Lavington Avenue, Kangundo",07-Nov-2024,I,Software Engineering,Cohort 3,Prof. Kevin Muriuki,IoT,On Hold
TECH-000261,KIPSANG OMBBATI,89609762,+254 795-213-52,kipsang.ombati@gmail.com,1981-09-12,male,Kilifi,Magarini,Sabaki,"Plot 36, Lane 6, Karen",14-02-2024,A,DevOps,Cohort 3,Eng. Brian Mulwa,EdTech,Active
TECH-000262,NOKUN LILIAN NDUNGE,19655576 ,+254 752-432-94,nokun.ndunge@outlook.com,2001-01-01,female,NYERI,NYERI TOWN,KIGANJO/MATHARI,"Plot 474, Lane 13, River Road",22 Jul 2024,A,Cybersecurity,Cohort 1,Eng. Isaac Mutua,E-Commerce,Withdrawn
TECH-000263,ACHIENG GRACE MCHARO,62687851,+254 788-623-77,achieng.mcharo@outlook.com,1990-03-08,male,Kakamega,Khwisero,Kisa Central,"House 474, Kilimani Road, Waiyaki",18-Sep-26,I,Software Engineering,Cohort 1,Eng. Anne Momanyi,EdTech,Completed
TECH-000264,stephen mworoa mwangolo,97371709,+254 767-566-14,stephen_mwangolo@outlook.com,09-Jan-2005,Female,Kilifi,Kilifi South,Junju,"Plot 399, Ln 4, Garden Estate",12/28/2024,pending,Software Engineering,Cohort 03,Dr. Jonah Kasina,E-Commerce,Active
TECH-000265,njoroge kariuuki,81521013,+254 734-888-73,nkariuki@gmail.com,1988-11-18,Male,Kisumu,Kisumu West,South West Kisumu,"House 401, Parklands Drive, Ruiru",02/02/2026,pending,Data Science,C3,Eng. Gilbert Mutisya,IoT,Completed
TECH-000266,NICHOLAS MAINA,62313993,+254 755-110-17,nicholas.maina@gmail.com,2003-06-15,female,Nakuru,Gilgil,Gilgil,"Plot 88, Lane 3, Argwings Kodhek",09-09-2025,I,AI/ML,Cohort 1,Dr. Mary Akinyi,E-Commerce,Withdrawn
TECH-000267,anna mueni koech,54109233,+254 786-067-55,anna.koech@yahoo.com,1959-09-08,female,Nakuru,Naivasha,Maiella,"House 58, Waiyaki Street, Juja",29-May-25,A,DevOps,Cohort 3,Prof. Daniel Mutisya,AgriTech,Completed
TECH-000268,kimani mark jepkoech,72553771,+254 116-477-51,kimani.jepkoech@hotmail.com,1963-09-27,female,KILIFI,Kilifi North,Mnarani,"Plot 135, Lane 6, Ngong Road",19/08/2024,I,AI/ML,Cohort 1,Dr. Jeremiah Kioko,Fintech,Active
TECH-000269,muthaa namukhula kipkemoi,44845000,+254 779-481-71,muthaa.kipkemoi@yahoo.com,1999-05-15,male,Nairobi,Dagoretti North,Gatina,"House 125, Athi River Street, Ruiru",2025-08-27,I,Mobile Development,Cohort 3,Eng. Ezekiel Mumo,Logistics,Withdrawn
TECH-000270,ROBERT MUSALIA,33638072,+254 727-747-21,robert.musalia@gmail.com,2000-08-27,male,Kilifi,Ganze,Sokoke,"Plot 55, Lane 2, Ruaraka",25 Apr 2025,A,Data Science,Cohort 2,Prof. Obadiah Mwania,Fintech,Completed
TECH-000271,jepchumba situma, 61762834,NA,jepchumba.situma@gmail.com,NULL,male,NA,Tigania East,Thangatha,"Plot 459, Lane 12, Kiambu Road",24-Jan-2025,I,AI/ML,Cohort 3,Dr. Jeremiah Kioko,HealthTech,On Hold
TECH-000272,harun kanana wanyonyi,85902034,+254 772-316-54,harun.wanyonyi@hotmail.com,1964-10-17,male,Kilifi,Malindi,Kakuyuni,"Plot 460, Lane 8, Limuru",2025-05-20,I,AI/ML,Cohort 2,Prof. Esther Ondieki,EdTech,On Hold
TECH-000273,kimani john mwikali,39607195,+254 773-088-55,kimani.mwikali@gmail.com,2001-10-14,male,Uasin Gishu,Ainabkoi,Racecourse,"House 452, Parklands Avenue, Ruiru",20-12-2024,I,DevOps,Cohort 1,Prof. Robert Kamau,AgriTech,On Hold
TECH-000274,mworoa musyimi,44 831 935,+254 782-502-08,mworoa.musyimi@gmail.com,1987-01-06,female,Nyeri,Mukurweini,Mukurwe-ini West,"Plot 286, Lane 11, Thika Superhighway",09-Jul-2026,I,DevOps,Cohort 1,Dr. Michael Gitonga,Logistics,Completed
TECH-000275,cecilia ndunda,26497914,+254 784-154-51,,1983-01-12,female,Nairobi,Westlands,,"Plot 313, Lane 7, Kitisuru",06/03/2025,A,Cybersecurity,Cohort 1,Dr. Grace Wanjiku,EdTech,On Hold
TECH-000276,kathure kamau,54836082,+254 115-865-61,kathure.kamau@yahoo.com,1962-10-21,female,Kakamega,Shinyalu,Isukha West,"Plot 317, Lane 20, Kitisuru",10/02/2025,A,Mobile Development,Cohort 3,Dr. Jeremiah Kioko,EdTech,Completed
TECH-000277,nokun situma,62794884,+254 112-940-48,nokun.situma@gmail.com,1984-04-13,female,Uasin Gishu,Kapseret,Ngeria,"House 126, Kangundo Road, Argwings Kodhek",24-01-2024,A,Data Science,Cohort 1,Dr. Lucy Otieno,Logistics,Withdrawn
TECH-000278,mbaka kasina kipaati,44086060,+254 725-049-19,mbaka.kipaati@outlook.com,1967-04-10,male,Kiambu,Lari,Kijabe,"House 58, Mugumo Avenue, Kenyatta",24-11-2025,I,Data Engineering,Cohort 2,Eng. Isaac Mutua,Logistics,Active
TECH-000279,SYOMBUA CHEPORIR,68227454,+254 704-157-34,syombua.chepkorir@gmail.com,1983-09-28,female,Kilifi,Ganze,Bamba,"House 103, Kileleshwa Street, Kiambu Road",20260315,I,Data Engineering,Cohort 2,Eng. Faith Nashipae,HealthTech,Withdrawn
TECH-000280,rose achieng musyimi,64914054,+254 106-235-57,rose.musyimi@gmail.com,1982-03-23,male,Kakamega,Shinyalu,Isukha North,"Plot 299, Lane 17, Kangundo",13 Jul 2026,I,Software Engineering,Cohort 3,Prof. Robert Kiema,IoT,On Hold
TECH-000281,NAISULA KIPSANG MUTUA,41277403,+254 706-681-51,naisula.mutua@yahoo.com,1997-09-26,female,Kisumu,Kisumu Central,Market Milimani,"Plot 97, Lane 20, Parklands",29-01-2024,I,Data Science,Cohort 2,Dr. Jonah Kasina,HealthTech,On Hold
TECH-000282,ROSE AWITI MITEI,60012498,+254 752-917-52,rose.mitei@gmail.com,1982-07-23,female,Nyeri,Othaya,Iria-ini,"House 96, Mombasa Road Street, Outering",15-04-2025,I,Cybersecurity,Cohort 2,Prof. Isaiah Kasina,HealthTech,On Hold
TECH-000283,nokun macharia,70098447,+254 755-319-35,nokun.macharia@gmail.com,1980-05-27,female,NA,Mumias East,Malaha/Isongo/Masindi,NULL,10-Jul-2024,I,Mobile Development,Cohort 2,Eng. Gilbert Mutisya,IoT,Active
TECH-000284,ODHIAMBO MWIKALI TOWETT,77551168,+254 721-113-95,odhiambo.towett@gmail.com,2000-08-18,male,Meru,Tigania East,NA,"Plot 364, Lane 6, Waiyaki",2026-02-18,A,Data Science,Cohort 3,Dr. Aaron Nduku,Clean Energy,Withdrawn
TECH-000285,owuor leshan kipkoech,24398546,+254 729-664-18,owuor.kipkoech@gmail.com,1954-02-04,male,Turkana,Turkana South,Kalamon,"Plot 267, Lane 15, Kilimani",08-May-2026,A,AI/ML,Cohort 3,Eng. Anne Momanyi,Clean Energy,Active
TECH-000286,momanyi kiprono kenga,34282303,+254 742-288-22,mkenga@outlook.com,1981-12-04,M,Meru,Igembe North,Antubetwe Kiongo,"Plot 401, Ln 11, Ruaraka",2026-08-06,ACTIVE,Cybersecurity,Cohort  2,Eng. Ezekiel Mumo,HealthTech,Withdrawn
TECH-000287,mulwa kagendo munyao,98150417,+254 113-119-77,mulwa.munyao@gmail.com,1978-08-20,male,Kisumu,Kisumu Central,Nyalenda 'B',"House 263, Lavington Street, Kangundo",08/05/2024,A,Mobile Development,Cohort 1,Eng. Gilbert Mutisya,HealthTech,Withdrawn
TECH-000288,joel nyambura kipchirchir,11546923,+254 101-689-70,joel.kipchirchir@yahoo.com,1997-04-07,female,Turkana,Turkana South,Kaputir,"Plot 411, Lane 6, Juja",10 May 2024,A,Software Engineering,Cohort 1,Prof. Robert Kamau,Logistics,Completed
TECH-000289,namukhula philemon wekesa,94544389,+254 109-392-33,namukhula.wekesa@yahoo.com,1977-11-01,male,Nairobi,Lang'ata,Nyayo Highrise,"Plot 45, Lane 20, Kiambu",30/04/2024,A,AI/ML,Cohort 3,Prof. Obadiah Mwania,HealthTech,Withdrawn
TECH-000290,wangeci kemei,88845927,+254 787-421-01,wangeci.kemei@gmail.com,1982-07-10,female,Kakamega,Ikolomani,Idakho South,"House 340, Kileleshwa Avenue, Mombasa Road",2026-12-02,A,Mobile Development,Cohort 2,Prof. Obadiah Mwania,AgriTech,Withdrawn
TECH-000291,LOIS NJOROGE,13904497,+254 733-377-43,lois.njoroge@gmail.com,1975-02-06,male,Kakamega,Lugari,Chekalini,"House 31, Thika Street, Outering",10/12/2025,A,Cloud Computing,Cohort 2,Prof. Obadiah Mwania,Fintech,Withdrawn
TECH-000292,munyao mwirigti,30164072,+254 761-306-69,munyao.mwirigi@outlook.com,1971-03-17,male,Mombasa,Kisauni,Mtopanga,"Plot 399, Lane 1, Waiyaki",2024-11-03,I,Software Engineering,Cohort 3,Dr. Jeremiah Kioko,IoT,Active
TECH-000293,MUMO NASERIAN MITEI,30065669,0726.691.39,mumo@outlook.com,20010922,Male,Meru,Tigania East,Kiguchwa,House 475 Thika Drive Lenana,2026-03-14,active,Software Engineering,Cohort-1,Eng. Anthony Wanyonyi,Logistics,Withdrawn
TECH-000294,chepkorir kirpop,78 870 570,+254 108-910-18,chepkorir.kiprop@gmail.com,1979-03-05,male,Mombasa,Likoni,Bofu,"Plot 5, Lane 5, Lenana",20-07-2025,A,Data Engineering,Cohort 3,Dr. Aaron Nduku,IoT,Withdrawn
TECH-000295,CHEPKIRUI KAGWE,90632613,+254 781-539-96,chepkirui.kagwe@gmail.com,1974-08-22,male,Nakuru,Kuresoi North,Sirikwa,"Plot 127, Lane 7, Ruaraka",2024-04-23,I,Mobile Development,Cohort 3,Prof. Kevin Muriuki,EdTech,Withdrawn
TECH-000296,AMOS HAGGAI KILONZO,48387144,+254 731-352-41,amos.kilonzo@outlook.com,1987-10-06,male,MACHAKOS,Kathiani,Kathiani Central,"House 45, Mugumo Drive, Limuru",2026-03-16,I,DevOps,Cohort 2,Dr. Joy Kaloki,EdTech,Completed
TECH-000297,james onsongo,91170992,+254 783-097-76,james.onsongo@outlook.com,2000-10-20,female,,Kasarani,Clay City,"Plot 410, Lane 8, Thika Superhighway",10/10/2026,I,DevOps,Cohort 2,Eng. Faith Nashipae,Clean Energy,On Hold
TECH-000298,WAITHERA FAITH HASSAN,90267569,+254 711-480-85,waithera.hassan@gmail.com,1983-07-09,male,Nyeri,NA,Chinga,"House 108, Mombasa Road Drive, Kenyatta",09-Nov-2026,I,Mobile Development,Cohort 3,Dr. Jeremiah Kioko,EdTech,Withdrawn
TECH-000299,jane james kipkoech,70346785,+254 106-311-74,jane.kipkoech@gmail.com,1988-09-13,male,Nakuru,Kuresoi North,Kamara,"Plot 89, Lane 14, Kileleshwa",20251121,A,Software Engineering,Cohort 2,Prof. David Kiprotich,Logistics,On Hold
TECH-000300,ISAAC ALLI,36943494,+254 117-649-19,isaac.ali@gmail.com,,female,Meru,NULL,Thangatha,"House 125, Garden Estate Avenue, Thika Superhighway",15/03/2024,I,Cybersecurity,Cohort 2,Dr. Jonah Kasina,EdTech,On Hold
TECH-000301,LOIS KAGWIRIA GICHURU,46 990 787,+254 728-404-18,lois.gichuru@gmail.com,1973-09-10,male,,Turbo,Kiplombe,"House 366, Kenyatta Drive, Moi Avenue",04/01/2025,A,,Cohort 3,Dr. Collins Mwania,Fintech,Withdrawn
TECH-000302,kipkorir jonathan mwaura,42482494,+254 105-632-25,kipkorir.mwaura@gmail.com,2003-04-20,male,Uasin Gishu,Kapseret,Ngeria,"Plot 103, Lane 12, Mugumo",06-08-2024,I,Data Engineering,Cohort 1,Eng. Peter Ochieng,Fintech,Completed
TECH-000303,SOPHIA EDITH AUMA,85171040,+254 782-132-99,sophia.auma@gmail.com,1997-05-05,male,Nyeri,Tetu,Aguthi/Gaaki,"House 270, Waiyaki Road, Langata",2026-10-03,A,DevOps,Cohort 1,Eng. Peter Ochieng,IoT,Completed
TECH-000304,mulwa chepkirui musila,53365278,+254 114-892-47,mulwa.musila@yahoo.com,1995-03-04,female,Nyeri,Kieni,Mweiga,"Plot 70, Lane 19, Jogoo",19/05/2025,I,Data Science,Cohort 2,Dr. Collins Mwania,E-Commerce,Completed
TECH-000305,masinde koross,32625303,+254 749-087-87,masinde.koross@gmail.com,1985-08-05,female,Uasin Gishu,Soy,Kapkures,"Plot 193, Lane 7, Ngong",23/02/2026,I,DevOps,Cohort 3,Eng. Elijah Mwania,EdTech,Active
TECH-000306,ELIZABETH MARETEE,86456040,+254 108-284-83,elizabeth.marete@gmail.com,1990-11-27,female,Kisumu,Kisumu East,Nyalenda 'A',"House 115, Tom Mboya Street, Lavington",08-16-2026,I,Data Science,Cohort 3,Eng. Micah Kioko,Logistics,Completed
TECH-000307,ESTHER WAMUYU,58437433,+254 108-393-43,e.wamuyu@gmail.com,1953-06-21,male,Mombasa,Mvita,Tudor,"House 210, Likoni Road, Tom Mboya",2026-11-19,I,Data Science,COHORT 2,Dr. Allan Mumo,Logistics,Completed
TECH-000308,WAIRIMU KANNGOGO,59583540,+254 763-553-04,wairimu.kangogo@gmail.com,1985-02-23,male,Kilifi,Malindi,Shella,"Plot 237, Lane 19, Kilimani",04-03-2024,I,Cybersecurity,Cohort 2,Eng. Amos Nduku,Logistics,Completed
TECH-000309,chepkoech gichuru rono,97670851,+254 729-130-74,crono@yahoo.com,01-10-1990,F,Nakuru,Molo,Marioshoni,"PLOT 279, LANE 11, KANGUNDO",2025-09-25,A,Data Science,C1,Prof. Esther Ondieki,AgriTech,Active
TECH-000310,patrick wafula,79325387,+254 768-002-65,patrick.wafula@outlook.com,1997-08-27,female,Nairobi,Lang'ata,Mugumu-ini,"House 465, Outering Avenue, Kenyatta",01-06-2026,I,Data Engineering,Cohort 2,Prof. Esther Ondieki,Clean Energy,Completed
TECH-000311,CHEPNGENO AWUOR,86515426,+254 105-618-15,chepngeno.awuor@outlook.com,2004-06-08,female,Kilifi,Kilifi South,Junju,"Plot 169, Lane 17, Limuru",12-06-2025,I,Cloud Computing,Cohort 2,Eng. Brian Mulwa,E-Commerce,On Hold
TECH-000312,naliaka musyoka cherono,17350085,+254 782-890-48,naliaka.cherono@yahoo.com,1968-12-13,male,Machakos,Machakos Town,Kalama,"House 302, Juja Avenue, Kiambu",12-Sep-2026,I,AI/ML,Cohort 1,Eng. Anne Momanyi,Fintech,Completed
TECH-000313,KHAEMBA KIPSANG,18990534,,NA,NA,male,Kakamega,Lugari,Lugari,"Plot 217, Lane 1, Ruiru",2024-05-31,A,AI/ML,Cohort 1,Eng. Micah Kioko,HealthTech,Active
TECH-000314,KEVIN WEKESA,21646351,+254 782-909-88,kevin.wekesa@gmail.com,2005-07-25,female,Kilifi,Magarini,Sabaki,"House 124, Ruaraka Road, Waiyaki",2025-12-30,I,Mobile Development,Cohort 3,Prof. Robert Kamau,Logistics,On Hold
TECH-000315,wanyonyi owuorr,34216590,+254 739-970-32,wanyonyi.owuor@gmail.com,1993-02-20,female,Mombasa,Jomvu,Miritini,"Plot 439, Lane 6, Kilimani",26-Jun-2025,A,DevOps,Cohort 3,Eng. Anthony Wanyonyi,Clean Energy,Withdrawn
TECH-000316,CHEPKORIR KEBASO,69-341-118,+254 742-483-58,kebaso@gmail.com,17/09/2005,Male,Kakamega,Mumias East,Malaha/Isongo/Masindi,"Plot 2, Ln 3, Ngong",10/09/2025,INACTIVE,Cloud Computing,C3,Eng. Isaac Mutua,EdTech,On Hold
TECH-000317,MUEMA KINYYUA,74825959,+254 738-717-11,muema.kinyua@outlook.com,1992-01-16,female,NULL,Lari,Nyanduma,"Plot 170, Lane 19, Kangundo",2024-05-19,I,Data Engineering,Cohort 1,Dr. Jeremiah Kioko,IoT,Withdrawn
TECH-000318,micah kipaati,58064835,+254 114-230-89,micah.kipaati@outlook.com,NA,male,Kakamega,NULL,Koyonzo,"Plot 146, Lane 15, Karen",2024-05-27,A,AI/ML,Cohort 1,Prof. Robert Kiema,AgriTech,Active
TECH-000319,sarah kooech,76710062,+254 739-631-03,koechsarah@yahoo.com,1980-06-27,Female,Nyeri,Nyeri Town,Rware,"Plot 262, Lane 15, Parklands",18-Nov-2026,inactive,Data Engineering,C1,Eng. John Wekesa,HealthTech,On Hold
TECH-000320,rweria zephaniah mutai,79350676,+254 747-493-34,rweria.mutai@outlook.com,1978-12-15,male,Uasin Gishu,Ainabkoi,Kaptagat,"House 422, Garden Estate Drive, Lenana",,I,NULL,Cohort 3,Prof. Daniel Mutisya,HealthTech,Completed
TECH-000321,TERESA NDUKU,87082493,+254 112-211-45,teresa.nduku@gmail.com,1996-04-09,female,Meru,Igembe Central,Akachiu,"Plot 259, Lane 9, Thika",17-04-2026,I,Cybersecurity,Cohort 2,Prof. Kevin Muriuki,HealthTech,Withdrawn
TECH-000322,joshua alexander mwirigi,55349245,+254 707-048-76,joshua.mwirigi@outlook.com,1998-08-21,male,Nakuru,Kuresoi North,Kamara,"House 447, Thika Road, Ruiru",24/01/2024,I,Data Engineering,Cohort 2,Dr. Daniel Musyoka,AgriTech,Active
TECH-000323,MUTHEU OLELLA,17075698,+254 724-991-40,mutheu.olela@gmail.com,1979-07-26,male,Mombasa,Kisauni,Bamburi,"House 443, Argwings Kodhek Street, Limuru",09-Jan-2024,I,Data Science,Cohort 2,Dr. Allan Mumo,IoT,Active
TECH-000324,ISAAC GITHINJI WANJOHI,88591468,+254 733-081-32,isaac.wanjohi@yahoo.com,1956-08-21,female,Kakamega,Mumias West,West Wanga,"Plot 45, Lane 12, Karen",2025-12-09,I,Cybersecurity,Cohort 1,Eng. Micah Kioko,HealthTech,Active
TECH-000325,kipngetich mbaka munyori,50-021-320,+254 728-550-82,kipngetich.munyori@gmail.com,1987-04-07,male,Nairobi,Dagoretti North,Kawangware,"Plot 332, Lane 6, Kilimani",28-Oct-2025,I,Cybersecurity,Cohort 1,Prof. Robert Kamau,Fintech,On Hold
TECH-000326,awuor ndejwa,55562227,+254 768-070-53,awuor.ndegwa@yahoo.com,1967-10-24,female,Turkana,Turkana Central,Kalokol,"Plot 223, Lane 19, Mombasa Road",01-19-2024,A,Software Engineering,Cohort 3,Eng. Anthony Wanyonyi,E-Commerce,Withdrawn
TECH-000327,WANYONYI ELIZABETH NABEA,87472932,+254 104-695-79,wanyonyi.nabea@hotmail.com,19651206,M,Kisumu,Kisumu Central,Nyalenda 'B',"Plot 127, Lane 4, Lavington",2024-01-03,pending,Cloud Computing,COHORT 1,Eng. Amos Nduku,Fintech,Withdrawn
TECH-000328,brenda elijah omar,97043369,+254 769-993-73,brenda51@hotmail.com,04-04-1993,MALE,Kisumu,Nyando,Awasi/Onjiko,"House 180, Langata Ave, Tom Mboya",21-May-25,A,Mobile Development,C1,Prof. Kevin Muriuki,HealthTech,Active
TECH-000329,ELIZABETH KARANJA,54988861,+254 797-915-67,elizabeth.karanja@hotmail.com,1988-12-02,female,Kakamega,Butere,Marama South,"House 61, Mombasa Road Street, Kikuyu",2025-10-22,A,Data Engineering,Cohort 2,Dr. Harun Mwikali,Clean Energy,Active
TECH-000330,ISAIAH OWOOR,92455201,+254 702-983-29,isaiah.owuor@gmail.com,1996-09-08,male,Bungoma,Webuye West,Bokoli,"Plot 220, Lane 17, Parklands",2026-08-05,A,Software Engineering,Cohort 2,Dr. Allan Mumo,Logistics,Active
TECH-000331,MARGARET GITHINJI,61830999,+254 792-133-20,margaret.githinji@yahoo.com,1979-07-13,female,Kakamega,Mumias West,NA,"Plot 293, Lane 5, Kikuyu",2026-01-01,A,Cloud Computing,,Prof. Moses Muthoka,IoT,Active
TECH-000332,wabomba kipkorir muthama,75876620,+254 728-125-49,wabomba.muthama@gmail.com,1994-05-27,female,Nakuru,Nakuru Town West,London,"House 255, Jogoo Road, Kileleshwa",01 Mar 2025,I,DevOps,Cohort 2,Dr. Lucy Otieno,HealthTech,On Hold
TECH-000333,JEPKOECH MWOROA NANJALA,75914907,+254 765-048-97,jepkoech.nanjala@yahoo.com,1985-07-03,male,Kilifi,Ganze,Ganze,"Plot 154, Lane 19, Ruiru",2024-08-06,I,Data Engineering,Cohort 2,Prof. James Mwangi,EdTech,Active
TECH-000334,janet ochieng karanja,82123324,NA,janet.karanja@outlook.com,1970-04-24,female,Kakamega,Khwisero,Kisa Central,"House 118, Ngong Avenue, Kiambu Road",2024-04-20,A,Mobile Development,Cohort 1,Prof. Catherine Chepkorir,Clean Energy,Completed
TECH-000335,mutinda mogaca,17893691,+254 114-493-27,mutinda.mogaka@gmail.com,1991-04-23,female,Meru,Igembe North,Naathu,"House 418, River Road Street, Waiyaki",2025-07-11,I,AI/ML,Cohort 2,Eng. Anthony Wanyonyi,Logistics,Active
TECH-000336,AOKO KAGWIRIA MUTUA,44678863,+254 714-339-50,aoko.mutua@gmail.com,1988-02-26,female,Machakos,Kangundo,Kangundo East,"Plot 301, Lane 1, Limuru",19-Mar-2024,I,AI/ML,Cohort 1,Dr. Michael Gitonga,Logistics,Completed
TECH-000337,KWAMBOKA SARAH MURIUKI,71533194,+254 111-890-26,kwamboka.muriuki@yahoo.com,1985-07-03,male,Uasin Gishu,Soy,Segero/Barsombe,"Plot 150, Lane 11, Moi Avenue",18-Oct-2024,A,Cybersecurity,Cohort 1,Prof. Robert Kamau,Clean Energy,On Hold
TECH-000338,KIPKEMBOI KAMAU ANYANGO,52502178,+254 112-804-81,kamau.kipkemboi@gmail.com,1977-10-10,female,Machakos,Yatta,Ikombe,"House 253, River Road Road, Thika Superhighway",2024-03-19,A,Data Science,Cohort 1,Prof. Catherine Chepkorir,Clean Energy,Withdrawn
TECH-000339,veronica onditi musyoka,17076255,010 373 781,veronica.musyoka@yahoo.com,1997-02-11,male,Nakuru,Rongai,Solai,"Plot 365, Lane 3, Outering",03-Nov-2026,A,Cybersecurity,Cohort 1,Prof. Moses Muthoka,EdTech,Withdrawn
TECH-000340,ODUYA EDWARD KAMAU,96974887,+254 786-656-43,oduya.kamau@gmail.com,1996-04-17,female,Nyeri,Nyeri Town,Kamakwa/Mukaro,"Plot 171, Lane 19, Tom Mboya",11/10/2024,A,Software Engineering,Cohort 2,Dr. Sarah Mutua,Logistics,On Hold
TECH-000341,JUDITH MWANGI ACHIENG,25861239,+254 769-107-69,judith.achieng@outlook.com,1976-04-22,male,Uasin Gishu,Kapseret,Ngeria,"Plot 322, Lane 7, Karen",06-Sep-2026,I,Data Science,Cohort 1,Eng. Micah Kioko,E-Commerce,Active
TECH-000342,LILIAN KIOKO,56076501,+254 743-587-57,lilian.kioko@gmail.com,1992-09-26,female,Nairobi,Westlands,Kangemi,"House 298, Juja Street, Parklands",09-Aug-25,I,Cybersecurity,Cohort 1,Dr. Lucy Otieno,EdTech,Active
TECH-000343,MUTHEU ANIANGO,86514083,+254 756-581-36,mutheu.anyango@gmail.com,1974-12-10,male,Nakuru,Kuresoi South,Amalo,"Plot 372, Lane 17, Juja",01/05/2026,A,AI/ML,Cohort 3,Dr. Harun Mwikali,Logistics,On Hold
TECH-000344,mbaka awuor mwikali,85040061,+254 722-178-15,awuor.mbaka@outlook.com,1956-09-27,male,Trans Nzoia,Kiminini,Nabiswa,"House 59, Kileleshwa Road, Ngong Road",03/19/2025,A,AI/ML,Cohort 1,Dr. Jonah Kasina,IoT,Withdrawn
TECH-000345,SYOMBUA KIPKOECH MASINDE,14650569,+254 797-492-53,syombua.masinde@yahoo.com,1976-09-16,male,Nairobi,Dagoretti South,Uthiru,"House 103, Thika Street, Likoni",31-05-2025,A,DevOps,Cohort 3,Dr. Daniel Musyoka,Fintech,Withdrawn
TECH-000346,VINCENT LYDIA HASSAN,10502052,+254 751-019-57,vincent.hassan@gmail.com,1998-03-27,female,Nakuru,Kuresoi North,Nyota,"House 394, Outering Drive, Thika Superhighway",20-03-2025,I,AI/ML,Cohort 1,Dr. Harun Mwikali,HealthTech,On Hold
TECH-000347,paul owuor,61590666,+254 724-784-79,paul.owuor@gmail.com,NULL,male,NAIROBI,LANG'ATA,SOUTH C,"Plot 85, Lane 7, Mombasa Road",25-08-2026,A,Mobile Development,Cohort 2,Prof. Daniel Mutisya,Logistics,Completed
TECH-000348,jebiwott nafula koech,20135745,+254 789-191-89,jebiwott.koech@yahoo.com,1986-08-13,male,MACHAKOS,Yatta,Matuu,"House 418, Ngong Road Road, Ngong",22 Oct 2024,I,AI/ML,Cohort 3,Prof. James Mwangi,Logistics,Active
TECH-000349,wachira pauline karanja,30544162,+254 741-794-84,wachira.karanja@outlook.com,2000-01-05,male,Mombasa,Nyali,Frere Town,"Plot 241, Lane 7, Garden Estate",17 Jun 2024,I,Data Engineering,Cohort 2,Prof. Catherine Chepkorir,EdTech,Withdrawn
TECH-000350,NICHOLAS KENEI,26947996,+254 708-793-81,nicholas.kenei@hotmail.com,1983-12-24,male,Mombasa,Mvita,Mji wa Kale,"Plot 431, Lane 5, Juja",18/05/2026,I,Cybersecurity,Cohort 2,Eng. Anthony Wanyonyi,EdTech,Completed
TECH-000351,kerubo njuguna nganga,32-907-135,+254 757-393-46,kerubo.nganga@gmail.com,1976-08-14,female,UASIN GISHU,Ainabkoi,Kapsoya,"Plot 290, Lane 17, Argwings Kodhek",07/01/2025,I,Cybersecurity,Cohort 2,Prof. Robert Kamau,E-Commerce,Active
TECH-000352,kimani koech,49086854,+254 743 259 14,kimani.koech@hotmail.com,1996-04-09,male,Turkana,Turkana East,Lokori/Kochodin,"House 311, Ngong Road Road, Juja",09-Aug-25,I,Cloud Computing,Cohort 2,Prof. Victor Kioko,Clean Energy,Completed
TECH-000353,DAVID LUBANGA,66686632,+254 104-300-79,david.lubanga@hotmail.com,1992-03-01,male,Nyeri,Kieni,Mwiyogo/Endarasha,"House 250, Likoni Avenue, Parklands",2025-04-13,I,Software Engineering,Cohort 3,Dr. Allan Mumo,IoT,Withdrawn
TECH-000354,gathoni mutisya macharia,31216439,+254 118-901-57,gathoni.macharia@outlook.com,1992-11-05,male,Uasin Gishu,Kapseret,Megun,"House 145, Outering Drive, Ruiru",24-04-2024,A,Data Science,Cohort 3,Prof. Obadiah Mwania,IoT,Completed
TECH-000355,WAMALWA MWAKIDEU,48-974-564,+254 772-618-34,wamalwa.mwakideu@yahoo.com,1978-05-01,male,Mombasa,Jomvu,Mikindani,"Plot 114, Lane 13, Kasarani",2024-06-21,A,Mobile Development,Cohort 2,Dr. Sarah Mutua,E-Commerce,On Hold
TECH-000356,esther mwikali,25811556,+254 728-289-10,esther.mwikali@yahoo.com,1971-03-13,male,Uasin Gishu,Moiben,Sergoit,"House 48, Uhuru Drive, Jogoo",24 Dec 2024,A,DevOps,Cohort 3,Eng. Martin Kasina,HealthTech,Withdrawn
TECH-000357,GITOBU MUTINDA,44063535,+254 763-438-47,gitobu.mutinda@gmail.com,2000-10-18,male,Meru,Buuri,Kiirua/Naari,"House 68, Kikuyu Street, Jogoo",06-Oct-25,A,Mobile Development,Cohort 1,Eng. Amos Nduku,EdTech,Completed
TECH-000358,GAKUNYI MWAKISH,68719406,+254 103-970-07,gakunyi.mwakisha@outlook.com,1993-02-03,female,Kilifi,Kilifi North,Tezo,"Plot 54, Lane 20, Likoni",07-06-2025,I,Data Science,Cohort 1,Eng. Elijah Mwania,HealthTech,Withdrawn
TECH-000359,joseph onsongo chepkorir,31829800,+254 727-927-51,joseph.chepkorir@outlook.com,1966-09-27,male,Kisumu,Seme,North Seme,"House 180, Waiyaki Road, Moi Avenue",2024-09-15,A,DevOps,Cohort 1,Dr. Collins Mwania,IoT,On Hold
TECH-000360,HANNAH MUEMA,92720952,+254 775-267-17,hannah.muema@gmail.com,1986-10-13,male,Kisumu,Nyakach,South West Nyakach,"Plot 35, Lane 15, Kasarani",20261110,I,Cybersecurity,Cohort 2,Dr. Daniel Musyoka,E-Commerce,On Hold
TECH-000361,ACHIENG OLLA,36810554,+254 108-024-69,achieng.olela@gmail.com,1984-05-15,female,NULL,Butere,Marama North,,,I,Mobile Development,Cohort 1,Eng. Elijah Mwania,E-Commerce,Completed
TECH-000362,anyango mutisya,40595359,+254 119-371-58,anyango.mutisya@gmail.com,1981-05-16,male,Machakos,Yatta,Katangi,"House 456, Thika Superhighway Drive, Kiambu",2025-07-01,A,Mobile Development,Cohort 3,Dr. Jonah Kasina,HealthTech,Completed
TECH-000363,ODHIAMBO NAMUKHULA,52549710,+254 106-484-67,odhiambo.namukhula@gmail.com,1998-01-01,male,Meru,North Imenti,Mweronkanga,"House 173, Athi River Street, Athi River",2024-01-21,I,Cloud Computing,Cohort 1,Prof. David Kiprotich,Logistics,Completed
TECH-000364,SENTEU IRENE KASINA,64003293,+254 792-102-31,senteu.kasina@gmail.com,1990-07-21,female,Meru,Tigania West,Kianjai,"Plot 254, Lane 7, Kangundo",20240215,A,NA,Cohort 3,Prof. Kevin Muriuki,HealthTech,Withdrawn
TECH-000365,ODUYA WANGARI,98638169,+254 734-949-53,oduya.wangari@gmail.com,2006-06-04,male,Nairobi,Kibra,Lindi,"Plot 410, Lane 6, Thika Superhighway",03-Jun-2024,A,Cloud Computing,Cohort 1,Eng. Ezekiel Mumo,AgriTech,Withdrawn
TECH-000366,moraa wabomba,67742815,+254 776-738-33,moraa.wabomba@outlook.com,1985-07-14,male,Meru,Igembe Central,Akachiu,"Plot 205, Lane 3, Argwings Kodhek",2024-04-21,I,Mobile Development,Cohort 1,Prof. David Kiprotich,Clean Energy,Completed
TECH-000367,AMOS OTIANO,64128162,+254 766-291-46,amos.otieno@gmail.com,1999-01-22,female,Nakuru,Molo,Molo,"House 108, Juja Road, Outering",24-Nov-2025,I,DevOps,Cohort 1,Prof. Mercy Nduku,Fintech,Completed
TECH-000368,JUDITH OKOTH,35444694,+254 743-955-12,judith.okoth@yahoo.com,1975-10-22,male,Kisumu,Nyakach,South West Nyakach,"Plot 52, Lane 17, Kiambu",31-Aug-2026,A,AI/ML,Cohort 1,Prof. Victor Kioko,HealthTech,Withdrawn
TECH-000369,KIPKIRUI GRACE MWANGI,14273658,+254 787-794-25,kipkirui.mwangi@hotmail.com,1993-03-10,male,Trans Nzoia,Cherangany,Cherangany/Suwerwa,"House 379, Uhuru Street, Lavington",09-Apr-24,A,AI/ML,Cohort 1,Dr. Grace Wanjiku,HealthTech,Completed
TECH-000370,kipkorir mwikali,68-239-787,+254 726-605-75,kipkorir.mwikali@gmail.com,1999-08-24,male,TURKANA,Turkana South,Kalamon,"House 360, Juja Road, Langata",2024-03-09,I,Cloud Computing,Cohort 1,Eng. Peter Ochieng,IoT,Completed
TECH-000371,awiti mutua,72-906-871,+254 113-701-98,awiti.mutua@yahoo.com,1995-05-12,female,Machakos,Mavoko,Syokimau/Mulolongo,"Plot 411, Lane 11, Thika Superhighway",10/07/2024,I,Cybersecurity,Cohort 1,Prof. Victor Kioko,Logistics,Completed
TECH-000372,NAFULA LENGURO,19272837,25411551673,nafula.lenguro@yahoo.com,2003-10-11,male,Nakuru,Rongai,Menengai West,"House 106, Moi Avenue Street, Ruaraka",05/16/2025,A,Cloud Computing,Cohort 1,Dr. Harun Mwikali,HealthTech,Completed
TECH-000373,deborah muriuky,41291228,+254 795-617-44,,2000-09-06,female,Nairobi,Westlands,Kangemi,"Plot 215, Lane 16, Lavington",10/25/2026,A,Data Engineering,Cohort 3,Prof. Obadiah Mwania,E-Commerce,Completed
TECH-000374,WAIRIMU KOAMAU,65277579,+254 766-677-99,wairimu.kamau@yahoo.com,2003-02-16,male,Nairobi,Dagoretti North,NULL,"Plot 87, Lane 4, Likoni",2025-07-19,I,Software Engineering,Cohort 3,Dr. Joy Kaloki,Clean Energy,Withdrawn
TECH-000375,muriuki towett,97252135,+254 101-745-58,muriuki.towett@gmail.com,2006-05-11,female,Nyeri,Nyeri Town,Kamakwa/Mukaro,"Plot 78, Lane 17, Langata",24/05/2024,A,Data Engineering,Cohort 1,Eng. Isaac Mutua,Fintech,On Hold
TECH-000376,chepkorir nyaboke juma,51262331,NULL,chepkorir.juma@gmail.com,2000-02-03,male,Nairobi,Lang'ata,South C,"Plot 56, Lane 17, Ngong",2024-01-23,I,Cloud Computing,Cohort 1,Prof. Victor Kioko,Fintech,Active
TECH-000377,joseph korross,18952306,+254 785-314-93,joseph.koross@gmail.com,2003-01-27,male,Nyeri,Mukurweini,Gikondi,"Plot 398, Lane 4, Kasarani",30-Sep-25,I,Cybersecurity,Cohort 2,Eng. Anthony Wanyonyi,Clean Energy,Withdrawn
TECH-000378,MUKAMI JEBET,27-697-461,+254 764-707-76,m.j@gmail.com,14/02/1999,Female,Nakuru,Nakuru Town West,Kapkures,"house 349, uhuru road, kikuyu",09/09/2025,INACTIVE,Cybersecurity,Cohort 01,Dr. Lucy Otieno,IoT,Withdrawn
TECH-000379,NICHOLAS FAITH AWINO,76679708,+254 725-876-76,nicholas.awino@yahoo.com,1978-11-11,male,Nairobi,Westlands,Mountain View,"House 210, Kiambu Avenue, Lavington",11/04/2024,I,AI/ML,Cohort 3,Prof. Catherine Chepkorir,Clean Energy,Completed
TECH-000380,mokua kenei,32330427,+254 754-173-97,mokua.kenei@gmail.com,1974-03-23,male,MACHAKOS,MACHAKOS TOWN,MUTITUNI,"House 292, Kasarani Avenue, Thika",06/03/2026,A,Data Science,Cohort 3,Dr. Jeremiah Kioko,HealthTech,On Hold
TECH-000381,COLLINS NICHOLAS MWAKIDEU,77191418,+254 708-273-77,collins.mwakideu@outlook.com,1970-01-25,male,Nairobi,Kibra,Sarang'ombe,"Plot 27, Lane 17, Ruaraka",28-Mar-2025,I,Data Engineering,Cohort 2,Eng. Faith Nashipae,AgriTech,On Hold
TECH-000382,VINCENT MUTHOKA,29 917 719,+254 796-182-06,vincent.muthoka@yahoo.com,1994-08-01,male,Kiambu,Limuru,Ndeiya,"Plot 381, Lane 2, Kangundo",20-12-2026,I,Cloud Computing,Cohort 3,Eng. Brian Mulwa,HealthTech,Withdrawn
TECH-000383,maina wanyoika,50880085,+254 774-450-26,maina.wanyoike@gmail.com,1986-11-15,female,Nyeri,Tetu,Aguthi/Gaaki,"Plot 235, Lane 20, Likoni",22-05-2024,A,Cloud Computing,Cohort 3,Prof. Kevin Muriuki,Fintech,Withdrawn
TECH-000384,khaemba bayta,55682742,+254 718-120-79,khaemba.baya@gmail.com,1986-10-03,female,Kiambu,Kiambu,Ting'ang'a,"Plot 402, Lane 11, Kileleshwa",20251119,I,Data Engineering,Cohort 1,Dr. Michael Gitonga,EdTech,Active
TECH-000385,c. wanjohi,20643089,+254 735-956-87,cecilia.wanjohi@hotmail.com,1977-11-28,male,Nairobi,Dagoretti South,Mutuini,"House 94, Juja Drive, Kenyatta",2026-01-11,A,Cloud Computing,Cohort 2,Eng. Peter Ochieng,Clean Energy,Active
TECH-000386,malachi cherono,69-002-986,+254 783-150-64,NULL,1989-02-14,male,NULL,Malindi,Shella,"House 193, Kikuyu Road, Thika",27/04/2025,NULL,Cloud Computing,Cohort 3,Prof. James Mwangi,EdTech,On Hold
TECH-000387,muthoni susan kipkemoi,42700268,+254 736-785-65,muthoni.kipkemoi@yahoo.com,1997-12-17,female,Nakuru,Kuresoi South,Tinet,"Plot 424, Lane 7, Waiyaki",08/04/2025,A,Mobile Development,Cohort 2,Prof. Mercy Nduku,Clean Energy,On Hold
TECH-000388,cynthia namukhula ondieki,55769240,+254 101-123-72,cynthia_ondieki@hotmail.com,24-02-1995,MALE,Kisumu,Kisumu Central,Nyalenda 'B',"PLOT 44, LANE 11, OUTERING",02-03-2025,Pending,DevOps,C2,Dr. Joy Kaloki,Fintech,Active
TECH-000389,KIPKEMOI LENGUOR,59449217,,kipkemoi.lenguro@gmail.com,1995-08-03,male,Bomet,NULL,Chesoen,,2026-12-27,I,AI/ML,Cohort 2,Prof. Robert Kiema,Fintech,Completed
TECH-000390,stephen wandera,12968722,+254 777-886-90,stephen.wandera@gmail.com,2001-11-22,female,Nairobi,Lang'ata,Karen,"House 147, Parklands Avenue, Ruaraka",01/05/2026,,Software Engineering,Cohort 1,Eng. John Wekesa,IoT,Active
TECH-000391,faith wngari,23873812,+254 722-770-62,faith.wangari@hotmail.com,1971-04-21,female,Meru,Igembe South,Athiru Gaiti,"Plot 146, Lane 12, Mombasa Road",20250731,I,Cloud Computing,Cohort 3,Eng. Martin Kasina,Logistics,Active
TECH-000392,GRACE ADOYO,61753132,+254 747-310-35,grace.adoyo@gmail.com,1992-12-20,female,BOMET,Sotik,Chemagel,"House 163, Likoni Street, Uhuru",21 Apr 2024,I,DevOps,Cohort 3,Eng. Gilbert Mutisya,EdTech,Active
TECH-000393,ISAAC ODUYA ONSONGO,83608832,+254 103-540-63,isaac.onsongo@outlook.com,1982-05-27,female,Kiambu,Kikuyu,Kinoo,"Plot 151, Lane 13, Kikuyu",25-Feb-26,I,Data Engineering,Cohort 3,Dr. Mary Akinyi,HealthTech,On Hold
TECH-000394,SARAH CHEPKIRUI,70613787,+254 712-934-12,sarah.chepkirui@gmail.com,1976-12-02,male,Kilifi,Kilifi North,Matsangoni,"House 452, Limuru Avenue, Outering",15 Jan 2024,I,AI/ML,Cohort 2,Prof. Isaiah Kasina,Fintech,On Hold
TECH-000395,MARGARET NDEGWA,37735363,+254 742-196-06,margaret.ndegwa@gmail.com,1953-02-13,female,Kisumu,Nyakach,Central Nyakach,"Plot 40, Lane 16, Likoni",2024-06-07,I,Data Engineering,Cohort 2,Eng. Anne Momanyi,AgriTech,On Hold
TECH-000396,"MWENDWA, OWUOR HAGGAI",20072117,+254 706-041-32,owuor.mwendwa@gmail.com,1999-11-28,male,Machakos,Matungulu,Matungulu West,"Plot 266, Lane 2, Juja",19-01-2026,A,Cloud Computing,Cohort 2,Eng. Brian Mulwa,AgriTech,Withdrawn
TECH-000397,hannah baya,19372830,+254 747-866-34,hannah.baya@yahoo.com,1994-08-01,male,Nairobi,Dagoretti South,Mutuini,"House 410, Uhuru Road, Thika",15-01-2026,A,Cybersecurity,Cohort 1,Dr. Harun Mwikali,E-Commerce,Completed
TECH-000398,rimberia jane mutua,17367600,+254 775-571-02,rimberia.mutua@hotmail.com,1977-09-23,female,Bomet,Sotik,Ndanai/Abosi,"Plot 238, Lane 9, Langata",19/01/2025,A,Software Engineering,Cohort 3,Eng. Micah Kioko,E-Commerce,Withdrawn
TECH-000399,mumo sharon mworoa,13-306-687,+254 751-307-50,mmworoa@gmail.com,04-May-1996,FEMALE,Bungoma,Sirisia,Malakisi/South Kulisiru,Plot 283 Lane 19 Kangundo,28/06/2026,Inactive,Mobile Development,Cohort  1,Dr. Mary Akinyi,IoT,Active
TECH-000400,john musyimmi,84 541 703,+254 714-830-87,john15@hotmail.com,1995-07-06,F,Kiambu,NULL,Githunguri,Plot 163 Lane 17 Ngong,24-Nov-2026,I,Cybersecurity,C-1,Eng. Peter Ochieng,E-Commerce,Completed
TECH-000401,ojwang matoke,51910609,+254 788-459-32,ojwang.matoke@gmail.com,1996-03-26,female,Kisumu,Seme,North Seme,"House 443, Garden Estate Avenue, Karen",2026-04-17,A,Data Science,Cohort 1,Prof. David Kiprotich,Fintech,Withdrawn
TECH-000402,mwende njeri nekesa,30 142 372,+254 112-947-41,mwende.nekesa@outlook.com,1983-07-16,female,Turkana,Turkana North,Kaikor,"Plot 381, Lane 6, Kiambu Road",2025-03-31,I,Software Engineering,Cohort 2,Eng. Elijah Mwania,HealthTech,On Hold
TECH-000403,kagwiria pauline mwaura,13581735,+254 107-320-46,kmwaura@gmail.com,25-11-1962,FEMALE,Nakuru,Kuresoi South,Amalo,Plot211Lane17Waiyaki,05-03-2026,I,Data Science,Cohort  2,Dr. Aaron Nduku,E-Commerce,On Hold
TECH-000404,MUTHONI NDUNNGE,77590047,+254 787-510-82,muthoni.ndunge@hotmail.com,1998-06-21,female,Nairobi,Dagoretti South,Uthiru,"Plot 120, Lane 1, Lenana",21/03/2026,I,Cloud Computing,Cohort 3,Eng. Micah Kioko,IoT,Withdrawn
TECH-000405,naisula musyoka wamuyu,50579039,+254 759-357-05,naisula.wamuyu@yahoo.com,1966-07-24,female,Uasin Gishu,Turbo,Kiplombe,"House 237, Westlands Drive, Jogoo",12/08/2024,A,AI/ML,Cohort 2,Dr. Mary Akinyi,Fintech,Completed
TECH-000406,george mwikali,14721256,+254 765-044-96,george.mwikali@outlook.com,2002-01-03,male,Nairobi,Lang'ata,Mugumu-ini,"House 345, Lenana Street, Ruiru",25-Nov-2025,I,Cloud Computing,Cohort 1,Eng. Ezekiel Mumo,IoT,On Hold
TECH-000407,AMOS KINYA,NA,+254 709-240-08,amos.kinya@gmail.com,1996-02-14,female,Kilifi,Malindi,Shella,"House 38, Uhuru Avenue, Langata",09 May 2024,I,Data Science,Cohort 2,Eng. Gilbert Mutisya,HealthTech,Active
TECH-000408,TERESA WANJOH,17889537,+254 798-221-53,twanjohi@outlook.com,19700216,M,Turkana,Turkana Central,,House 270 Outering Street Parklands,16/08/2026,Inactive,Software Engineering,COHORT-02,Prof. Victor Kioko,E-Commerce,Completed
TECH-000409,anthony martin wangari,72505408,+254 762-835-24,anthony.wangari@hotmail.com,1965-02-25,female,Nyeri,Nyeri Town,Kiganjo/Mathari,"Plot 411, Lane 9, Ngong",24/07/2024,I,Data Science,Cohort 3,Dr. Allan Mumo,Clean Energy,On Hold
TECH-000410,MWIKALI KORIR,95510088,0113.571.35,mwikali.korir@gmail.com,1977-09-07,female,Uasin Gishu,Ainabkoi,Kaptagat,"Plot 366, Lane 13, Kangundo",02-Sep-26,A,Data Engineering,,Eng. Elijah Mwania,HealthTech,Active
TECH-000411,khaemba naliaka,57 455 285,+254 712-838-42,khaemba.naliaka@gmail.com,1993-12-27,female,Nairobi,Kibra,Lindi,"House 114, Garden Estate Avenue, Waiyaki",04-Jul-2026,I,Data Science,Cohort 1,Dr. Aaron Nduku,E-Commerce,Withdrawn
TECH-000412,diana mwikali,57778592,+254 101-301-79,diana.mwikali@outlook.com,2001-07-16,male,Machakos County,Machakos Town,Machakos Central,"House 204, Ruaraka Street, Kangundo",28 Jan 2026,I,Mobile Development,Cohort 1,Prof. Obadiah Mwania,AgriTech,Completed
TECH-000413,nyaboke oduya keter,54161644,+254 109-916-83,nyaboke.keter@gmail.com,1973-04-27,female,Turkana,Turkana West,Lopur,"House 21, Uhuru Road, Lenana",03/09/2024,A,Cloud Computing,Cohort 3,Dr. Mary Akinyi,Fintech,On Hold
TECH-000414,SYOMBUA ONSONGO KIPKORIR,91499552,+254 775-044-83,syombua.kipkorir@gmail.com,1975-02-08,male,Bomet,Sotik,Kapletundo,"House 119, Kiambu Avenue, Mugumo",10-25-2026,I,Data Engineering,Cohort 3,Dr. Joel Muthoka,E-Commerce,Completed
TECH-000415,joseph okoth,45-736-204,NA,joseph.okoth@yahoo.com,1980-02-13,male,Kilifi,Kilifi North,Kibarani,"Plot 132, Lane 8, River Road",2025-05-01,A,Cybersecurity,Cohort 1,Eng. Ezekiel Mumo,AgriTech,Completed
TECH-000416,oduya nahum kiarie,62063088,+254 717-302-22,oduya.kiarie@hotmail.com,2002-05-23,male,Bomet,Bomet Central,Silibwet Township,"Plot 325, Lane 20, Limuru",04-13-2026,A,DevOps,Cohort 3,Prof. Victor Kioko,Fintech,Active
TECH-000417,WAITHERA NABWIRE,85701885,+254 713-283-03,waithera9@gmail.com,NA,FEMALE,Nakuru,Naivasha,NA,"House 161, Argwings Kodhek Street, Tom Mboya",16-Apr-2024,Active,Cybersecurity,Cohort 01,Eng. Ezekiel Mumo,AgriTech,Completed
TECH-000418,cherotich mwakisha,NULL,+254 714-385-90,cherotich.mwakisha@gmail.com,1984-06-15,male,Machakos,Machakos Town,Mua,"Plot 269, Lane 20, Parklands",21-Jul-2024,A,Data Science,Cohort 2,Eng. Elijah Mwania,Fintech,Active
TECH-000419,CECILIA ODHIAMBO,53035439,+254 115 584 82,cecilia.odhiambo@outlook.com,NA,male,Meru,Tigania East,Karama,"Plot 338, Lane 6, Thika",03-02-2024,I,NULL,Cohort 2,Prof. James Mwangi,HealthTech,Completed
TECH-000420,ezekiel mitei,12208928,+254 767-672-20,ezekiel.mitei@gmail.com,1978-03-06,male,Kakamega,Mumias East,Malaha/Isongo/Masindi,"House 374, Garden Estate Avenue, Ngong Road",23-Oct-26,I,Mobile Development,Cohort 1,Eng. Elijah Mwania,HealthTech,Active
TECH-000421,gladys awiti,53 413 739,+254 752-621-36,gladys.awiti@yahoo.com,1990-02-16,male,Meru,Buuri,Ruiri/Rwarera,"House 364, Uhuru Avenue, Ruaraka",2025-01-15,I,Data Engineering,Cohort 2,Eng. Gilbert Mutisya,Logistics,Active
TECH-000422,ONDIEKI NDEGWA,60493921,+254 777-656-00,ondieki.ndegwa@yahoo.com,1991-01-18,male,Kilifi,Kilifi North,Sokoni,"Plot 286, Lane 13, Kasarani",19/06/2024,A,Data Science,Cohort 1,Dr. Jonah Kasina,EdTech,Withdrawn
TECH-000423,NALIAKA DAVID MWINYI,31992370,+254 115-662-54,naliaka.mwinyi@outlook.com,1977-09-26,female,Turkana,Turkana Central,Kalokol,"Plot 221, Lane 10, Kiambu Road",01/08/2024,I,Cloud Computing,Cohort 3,Dr. Aaron Nduku,Fintech,On Hold
TECH-000424,SYOKAU TOWETT, 57317691,+254 765-899-91,syokau.towett@gmail.com,1995-02-26,male,NULL,Machakos Town,Kalama,"House 115, Jogoo Street, Kangundo",04/14/2024,NULL,Data Engineering,Cohort 2,Prof. Daniel Mutisya,Logistics,Completed
TECH-000425,JEBIWOTT KEMEI,46799123,+254 743-325-59,jebiwott.kemei@yahoo.com,2003-08-18,Male,Bungoma,Webuye East,Ndivisi,"house 347, kangundo street, kenyatta",30/06/2026,inactive,Cloud Computing,COHORT 1,Eng. Isaac Mutua,IoT,Active
TECH-000426,wachira mwangolochepkoech,54 269 149,+254 767-025-53,wachira.mwangolo@gmail.com,1986-08-14,male,NA,Mumias East,East Wanga,"House 197, Langata Drive, Mugumo",12/30/2024,A,,Cohort 1,Dr. Aaron Nduku,E-Commerce,Completed
TECH-000427,joseph adoyo waithera,46102405,+254 107-709-09,joseph.waithera@hotmail.com,1987-02-16,male,Nairobi,Dagoretti North,Kileleshwa,"Plot 344, Lane 4, Kitisuru",21-Sep-25,A,AI/ML,Cohort 1,Dr. Collins Mwania,IoT,Completed
TECH-000428,diana philemon otula,89362594,+254 774-900-44,diana.otula@hotmail.com,1988-12-09,male,Nyeri,Kieni,Mwiyogo/Endarasha,"Plot 190, Lane 2, Mugumo",28-Mar-25,A,AI/ML,Cohort 2,Prof. Isaiah Kasina,Clean Energy,Completed
TECH-000429,VICTOR GITOBU MUSILA,71195665,+254 743-073-88,victor.musila@outlook.com,1973-03-11,male,Bomet,Sotik,Ndanai/Abosi,"Plot 245, Lane 11, Garden Estate",02-04-2026,I,AI/ML,Cohort 2,Eng. Amos Nduku,Fintech,Active
TECH-000430,martin mary ondieki,34914143,+254 715-308-46,martin.ondieki@gmail.com,1997-11-09,female,Meru,Tigania East,Muthara,"House 223, Kitisuru Avenue, Juja",25-Apr-2026,I,Cybersecurity,Cohort 2,Dr. Jeremiah Kioko,Fintech,On Hold
TECH-000431,kilonzo kivuva,67385857,+254 106-683-04,kilonzo.kivuva@yahoo.com,2002-07-25,female,Turkana,Turkana East,Lokichar,"Plot 425, Lane 8, Ngong Road",22-03-2026,A,Software Engineering,Cohort 1,Eng. Gilbert Mutisya,Logistics,Completed
TECH-000432,MERCY KEMEI,49353426,+254 745-535-70,mercy.kemei@gmail.com,1981-10-01,female,Nairobi,Westlands,Kangemi,"Plot 447, Lane 17, Waiyaki",2024-03-24,I,Data Engineering,Cohort 3,Prof. Victor Kioko,Fintech,Active
TECH-000433,agnes ali,77002394,+254 772-406-07,agnes.ali@gmail.com,1978-05-27,male,Machakos,Machakos Town,Kola,"House 452, Karen Road, Lavington",2024-03-31,I,DevOps,Cohort 2,Prof. David Kiprotich,Logistics,Completed
TECH-000434,kagwiria jepkorir,73457995,+254 776-774-11,kagwiria.jepkorir@gmail.com,1983-10-14,male,Meru,Igembe South,Mau/Antuamburi,"Plot 236, Lane 14, Kiambu",2024-08-13,A,Mobile Development,Cohort 2,Eng. Martin Kasina,HealthTech,Completed
TECH-000435,silas akinyi,NA,+254 731-580-55,silas.akinyi@gmail.com,1990-08-25,female,Kakamega,Matungu,Khalaba,"Plot 362, Lane 5, Thika",25-08-2024,I,Software Engineering,Cohort 3,Prof. Victor Kioko,IoT,Active
TECH-000436,MBAKA REBECCA MWOROA,6310-1260,+254 774-850-61,mbaka.mworoa@hotmail.com,1966-02-11,female,Kiambu,Kabete,Kabete,"House 307, Mombasa Road Drive, Ngong",20-Apr-2026,I,Software Engineering,Cohort 1,Prof. James Mwangi,EdTech,Completed
TECH-000437,ruth kipchumba,57509988,+254 762-893-46,ruth.kipchumba@hotmail.com,1985-08-22,female,Mombasa,Jomvu,Jomvu Kuu,"House 16, Waiyaki Street, Langata",28/03/2024,I,AI/ML,Cohort 2,Prof. David Kiprotich,Logistics,Withdrawn
TECH-000438,AUMA KANGOGO,24651096,254 111 551 61,auma.kangogo@gmail.com,1990-08-13,female,Turkana,Turkana South,Lobokat,"House 369, Ngong Avenue, Thika",NA,I,,Cohort 1,Dr. Grace Wanjiku,E-Commerce,Withdrawn
TECH-000439,KASINA MWINYI,87177243,+254 117-928-27,kasina.mwinyi@yahoo.com,1959-06-21,female,Bomet,Chepalungu,Kongasis,"House 117, Limuru Street, Garden Estate",20240611,I,Mobile Development,Cohort 2,Eng. Ezekiel Mumo,Logistics,Active
TECH-000440,john kerubo rimberia,56509909,NULL,john.rimberia@yahoo.com,NULL,female,Nairobi,Lang'ata,,"House 101, Parklands Road, Kiambu",15-Jul-2024,A,Data Science,Cohort 2,Eng. Anthony Wanyonyi,AgriTech,On Hold
TECH-000441,ROSE MOKUA,18024377,+254 749-510-89,rose.mokua@gmail.com,NA,male,MERU,SOUTH IMENTI,ABOGETA WEST,,09/02/2026,NULL,Data Science,Cohort 2,Prof. David Kiprotich,Clean Energy,On Hold
TECH-000442,naserian musila,48662280,+254 117-323-04,naserian.musila@hotmail.com,1965-11-07,male,Trans Nzoia,Endebess,Chepchoina,"House 190, Kilimani Drive, Kasarani",2024-03-08,I,Data Engineering,Cohort 2,Prof. Daniel Mutisya,AgriTech,Completed
TECH-000443,SYOMBUA OGERO,6075-3938,+254 755-711-50,syombua.ogero@gmail.com,1977-09-14,female,Kisumu,Seme,East Seme,"Plot 391, Lane 17, Uhuru",04/18/2025,A,Cybersecurity,Cohort 2,Prof. Victor Kioko,E-Commerce,On Hold
TECH-000444,AWITI KIPROTICNH,12946241,+254 713-524-55,akiprotich@gmail.com,28-Sep-1983,male,Nakuru,Naivasha,Hells Gate,"HOUSE 480, KASARANI ROAD, WESTLANDS",26-04-2026,A,Mobile Development,COHORT-03,Prof. Robert Kamau,Clean Energy,Completed
TECH-000445,PEACE CHRISTOPHER KETER,56047075,+254 759-565-26,peace.keter@gmail.com,1982-10-02,female,Turkana,Turkana Central,Kerio Delta,"House 446, Mugumo Street, Athi River",31-May-2025,I,Cloud Computing,Cohort 1,Dr. Collins Mwania,Fintech,Withdrawn
TECH-000446,akinyi kipchirchir,99127258,+254 103-013-24,akinyi.kipchirchir@gmail.com,1997-10-04,female,Trans Nzoia,Cherangany,Kaplamai,"Plot 467, Lane 6, Moi Avenue",01-04-2025,A,DevOps,Cohort 3,Eng. Ezekiel Mumo,E-Commerce,Completed
TECH-000447,ACHIENG KIPSAING,76977281,+254 751-032-87,achieng.kipsang@outlook.com,1976-11-14,male,Kiambu,Lari,Kijabe,"Plot 7, Lane 17, Ngong Road",2026-10-07,A,AI/ML,Cohort 1,Eng. Ezekiel Mumo,E-Commerce,Withdrawn
TECH-000448,kagendo chepkorir,68670156,+254 762-278-62,kagendo.chepkorir@yahoo.com,1989-08-10,female,Nairobi,Dagoretti North,Kileleshwa,"House 89, Outering Avenue, Kileleshwa",22-03-2024,A,Cloud Computing,Cohort 3,Dr. Daniel Musyoka,AgriTech,Active
TECH-000449,jepkorir wanjohy,54596393,+254 106-287-85,jepkorir.wanjohi@hotmail.com,1997-01-09,female,Machakos,Mavoko,Muthwani,"House 17, Kiambu Street, Mugumo",10 Jul 2024,I,Data Engineering,Cohort 1,Dr. Sarah Mutua,AgriTech,Active
TECH-000450,JONAH AWITI,20439138,+254 763-099-69,jonah.awiti@hotmail.com,1969-06-01,male,Nairobi,Lang'ata,Nairobi West,"House 408, Ngong Road Street, Juja",15 Apr 2024,I,Cloud Computing,Cohort 2,Dr. Joel Muthoka,IoT,Completed
TECH-000451,kimeu muema mugo,24346289,+254 721-756-71,kimeu.mugo@gmail.com,2000-01-10,male,Kiambu,Ruiru,Kahawa Sukari,"Plot 270, Lane 3, Kiambu Road",23 May 2025,I,Cybersecurity,Cohort 2,Prof. Robert Kamau,Logistics,Active
TECH-000452,NAISULA KARIUKI,39930857,+254 703-041-76,naisula.kariuki@gmail.com,1982-06-19,female,Uasin Gishu,Moiben,Sergoit,"House 6, Juja Avenue, Kikuyu",04/01/2025,I,Data Engineering,Cohort 1,Eng. Micah Kioko,Logistics,On Hold
TECH-000453,NDUKU SAIDYMU,82957881,+254 718-471-30,nduku.saidimu@gmail.com,NULL,male,Bungoma,Webuye West,Sitikho,"Plot 325, Lane 12, Kitisuru",2026-06-08,I,Cloud Computing,Cohort 2,Eng. Peter Ochieng,HealthTech,Active
TECH-000454,OMONDI NYAMBANE,25161415,+254 756-722-55,omondi.nyambane@gmail.com,2000-03-12,female,Mombasa,Kisauni,Mwakirunge,"House 431, Kitisuru Road, Lavington",2024-09-09,I,Mobile Development,Cohort 2,Prof. Mercy Nduku,HealthTech,Completed
TECH-000455,ZEPHANIAH KINYUA,95852507,+254 797-376-40,zephaniah.kinyua@outlook.com,2001-01-10,male,Trans Nzoia,Endebess,Chepchoina,"House 150, Ruaraka Street, Lavington",31 Jan 2024,I,AI/ML,Cohort 2,Prof. Robert Kiema,HealthTech,On Hold
TECH-000456,NYAMBURA LANGAD,98451307,+254 703-945-59,nyambura.langat@gmail.com,2004-01-08,female,Trans Nzoia,Kiminini,Hospital,"Plot 350, Lane 16, Kiambu",29-Aug-2026,A,DevOps,Cohort 2,Prof. Robert Kamau,Clean Energy,On Hold
TECH-000457,evelyn gathoni wanyonyi,85770079,+254 787-397-99,evelyn.wanyonyi@outlook.com,1951-11-01,female,Nakuru,Kuresoi North,Kamara,"House 461, Kileleshwa Avenue, Juja",29-Oct-2026,A,AI/ML,Cohort 1,Dr. Sarah Mutua,Fintech,Withdrawn
TECH-000458,jepchumba bridget nanjala,80121095,+254 722-349-97,jepchumba.nanjala@hotmail.com,1976-12-22,female,Mombasa,Kisauni,Bamburi,"House 252, Langata Street, Kikuyu",09/17/2025,I,AI/ML,Cohort 3,Eng. John Wekesa,Clean Energy,Completed
TECH-000459,monica kevin wekesa,31744118,+254 733-972-28,monica.wekesa@gmail.com,1990-03-18,female,Uasin Gishu,Ainabkoi,Kapsoya,"House 231, River Road Street, Kenyatta",20250501,I,Cloud Computing,Cohort 2,Eng. Martin Kasina,AgriTech,Withdrawn
TECH-000460,wairimu jeremiah ali,14874387,+254 729-153-90,wairimu.ali@gmail.com,1992-06-28,female,Nakuru County,Nakuru Town East,Biashara,"House 325, Jogoo Street, Garden Estate",29/10/2026,A,Data Science,Cohort 2,Dr. Mary Akinyi,Logistics,On Hold
TECH-000461,janet momanyi,21477571,+254 707-186-09,janetmomanyi@gmail.com,2001-12-11,M,Kilifi,Ganze,Bamba,Plot312Lane13Kangundo,2026-04-09,pending,Cybersecurity,COHORT 1,Dr. Mary Akinyi,Fintech,Completed
TECH-000462,NASHIPAE KIPCHUMBA,84819541,+254 708-002-81,nashipae.kipchumba@gmail.com,1969-05-12,female,Mombasa,Likoni,Bofu,"Plot 101, Lane 3, Athi River",2025-09-29,I,Cloud Computing,Cohort 3,Dr. Grace Wanjiku,AgriTech,Completed
TECH-000463,kamau atieon,38410379,+254 106-983-90,kamau.atieno@gmail.com,1964-05-05,female,Nakuru,Kuresoi South,Keringet,NA,2024-06-18,,AI/ML,Cohort 1,Eng. Anthony Wanyonyi,Logistics,Active
TECH-000464,alexander kipchumba,46691719,+254 762-005-95,alexander.kipchumba@outlook.com,1976-07-18,male,Nairobi,Kibra,Laini Saba,"Plot 239, Lane 1, Likoni",03/08/2026,I,Cybersecurity,Cohort 2,Prof. Moses Muthoka,Fintech,On Hold
TECH-000465,silas hannah chebet,20599735,+254 799-549-83,silas.chebet@gmail.com,1984-10-25,female,NAKURU,NAKURU TOWN EAST,FLAMINGO,"House 444, Mombasa Road Street, Waiyaki",28-10-2025,A,Data Science,Cohort 2,Eng. Amos Nduku,E-Commerce,Withdrawn
TECH-000466,MARY MUTHAMA,26773207,+254 711-373-40,mary.muthama@yahoo.com,1972-02-13,female,Nyeri,Mathira,Konyu,"Plot 368, Lane 11, Kangundo",22-Sep-2026,A,Cloud Computing,Cohort 3,Dr. Collins Mwania,AgriTech,Withdrawn
TECH-000467,JANET KIHUMBA, 24135622,+254 118-773-71,janet.kihumba@outlook.com,1992-12-06,male,Mombasa,Kisauni,Bamburi,"House 183, Parklands Drive, Ruiru",16-Dec-2024,I,Data Science,Cohort 3,Prof. James Mwangi,Logistics,Active
TECH-000468,naipanoi rimberia,75939648,+254 792-480-63,naipanoi.rimberia@gmail.com,1986-12-27,female,Machakos,Matungulu,Matungulu West,"Plot 348, Lane 4, Ngong",01-Dec-2026,I,Software Engineering,Cohort 3,Dr. Joy Kaloki,HealthTech,Active
TECH-000469,KAIMENYI PATRICK MACHARIA,44476453,+254 728-209-40,kaimenyi.macharia@outlook.com,1975-05-13,female,Machakos,Machakos Town,Kalama,"House 164, Kasarani Drive, Juja",10-31-2024,I,Cybersecurity,Cohort 2,Dr. Joel Muthoka,AgriTech,Withdrawn
TECH-000470,kimani saidimu,50216471,+254 754-585-87,kimani.saidimu@gmail.com,1964-10-19,male,Machakos,Yatta,Matuu,"Plot 345, Lane 5, Ruiru",22-Jul-2024,A,Data Science,Cohort 1,Prof. Mercy Nduku,HealthTech,Completed
TECH-000471,WANGECI PETER BARASA,32135715,+254 118-782-51,w.barasa@outlook.com,16-04-1965,MALE,Bomet,Sotik,NULL,"House 30, Kasarani Road, Lenana",26-12-2026,Inactive,Cybersecurity,Cohort  3,Eng. Amos Nduku,Clean Energy,Withdrawn
TECH-000472,auma wanjiku awino,42945212,NULL,auma.awino@gmail.com,1981-08-03,male,Nakuru,Nakuru Town East,NULL,"Plot 332, Lane 13, Moi Avenue",18-11-2025,NULL,Software Engineering,Cohort 2,Dr. Mary Akinyi,E-Commerce,On Hold
TECH-000473,rose faith langat,71410640,+254 735-483-24,rose.langat@gmail.com,2002-07-24,male,Kiambu,Limuru,Limuru Central,"House 329, Kasarani Road, Thika Superhighway",03-26-2025,A,AI/ML,Cohort 2,Prof. Robert Kiema,E-Commerce,Withdrawn
TECH-000474,NYABOKE MUNYORI,11941728,+254 115-026-78,nyaboke.munyori@gmail.com,1963-12-04,female,Machakos,Machakos Town,Mua,"Plot 306, Lane 9, Jogoo",2024-02-28,A,Cloud Computing,Cohort 2,Eng. Anne Momanyi,EdTech,Completed
TECH-000475,ELIZABETH GITHINJI,58518736,+254 115-510-02,elizabeth.githinji@hotmail.com,1986-01-25,male,Machakos,Kathiani,Upper Kaewa/Iveti,"Plot 73, Lane 13, Parklands",08-04-2026,A,AI/ML,Cohort 1,Eng. Anthony Wanyonyi,IoT,On Hold
TECH-000476,AOKO NJOROGE,NULL,+254 772-554-83,aoko@hotmail.com,04/23/1976,male,Kisumu,Kisumu East,Kolwa East,House50KileleshwaRdLavington,08-19-2025,Pending,Data Engineering,Cohort  3,Dr. Aaron Nduku,Logistics,On Hold
TECH-000477,kanana kosgei,21463219,+254 112-859-34,kanana.kosgei@gmail.com,1990-02-16,male,Nakuru,Nakuru Town West,Kaptembwo,"House 464, Outering Drive, Lavington",2024-12-25,I,Software Engineering,Cohort 1,Eng. Ezekiel Mumo,IoT,Active
TECH-000478,CHERONO KIPSANGG,31-566-119,+254 104-648-40,cherono.kipsang@outlook.com,1996-07-11,female,Kiambu,Limuru,Limuru Central,"Plot 236, Lane 6, Kileleshwa",2025-01-05,I,Software Engineering,Cohort 3,Eng. Peter Ochieng,Logistics,Active
TECH-000479,martin gakii mburu,60671655,+254 709-509-46,martin.mburu@yahoo.com,1998-04-03,male,Kiambu,Ruiru,Gatong'ora,"Plot 98, Lane 5, Parklands",2026-01-23,A,Data Science,Cohort 3,Dr. Sarah Mutua,Logistics,Withdrawn
TECH-000480,jepkorir mwangolo,13537870,NA,jepkorir.mwangolo@outlook.com,1956-04-15,male,Machakos,Mavoko,Kinanie,"House 125, Mugumo Drive, Mombasa Road",29-Sep-2024,A,DevOps,Cohort 2,Eng. Anne Momanyi,IoT,Withdrawn
TECH-000481,HARUN MUTUA KIARIE,37425725,+254 115-196-96,harun.kiarie@gmail.com,1969-01-17,male,Machakos,Yatta,Katangi,"House 401, Mombasa Road Street, Kenyatta",2025-10-13,A,Data Science,Cohort 3,Prof. Obadiah Mwania,HealthTech,Active
TECH-000482,WACHIRA ONDIEKI WANYOIKE,12674689,+254 786-012-07,w.wanyoike@gmail.com,11/03/1957,FEMALE,Meru,NA,Mweronkanga,"HOUSE 301, KITISURU STREET, KIAMBU",NULL,INACTIVE,,C3,Eng. Isaac Mutua,Clean Energy,Withdrawn
TECH-000483,zechariah kasina ojwang,46790628,+254 793-147-82,zechariah.ojwang@gmail.com,1987-12-17,male,Mombasa,Likoni,Shika Adabu,"Plot 75, Lane 9, Ruaraka",03-09-2024,A,Mobile Development,Cohort 2,Prof. Isaiah Kasina,E-Commerce,Completed
TECH-000484,deborah awiti,33535297,+254 764-217-27,deborah.awiti@gmail.com,23-Jan-81,M,BOMET,BOMET CENTRAL,MUTARAKWA,"Plot 309, Ln 20, Kikuyu",02-03-2025,A,Data Science,COHORT 3,Eng. Martin Kasina,Clean Energy,Active
TECH-000485,GEORGE BRIAN MBUTHIA,72768816,+254 719-407-37,george.mbuthia@gmail.com,1968-03-16,male,Kakamega,Matungu,Kholera,"Plot 13, Lane 4, Lavington",13-Oct-25,I,DevOps,Cohort 1,Eng. Anne Momanyi,IoT,Withdrawn
TECH-000486,LENGURO KANGOGO,97606127,+254 735-510-62,lenguro.kangogo@gmail.com,1972-08-14,female,NAIROBI,Kasarani,Clay City,"Plot 229, Lane 8, Lavington",2025-10-29,I,Software Engineering,Cohort 2,Eng. Gilbert Mutisya,Logistics,Active
TECH-000487,beatrice kipkirui chepkorir,30528733,+254 103-764-19,beatrice.chepkorir@yahoo.com,1967-08-13,male,Kisumu,Nyando,Awasi/Onjiko,"House 332, River Road Road, Ngong",04-08-2024,A,AI/ML,Cohort 2,Dr. Joy Kaloki,IoT,Completed
TECH-000488,HAGGAI K. ONGAYA,74287218,+254 728-122-77,haggai.ongaya@gmail.com,1989-02-16,female,Mombasa,Kisauni,Mtopanga,"Plot 106, Lane 12, Kangundo",31-01-2025,A,Cloud Computing,Cohort 2,Eng. Amos Nduku,Logistics,On Hold
TECH-000489,ANN WAMBUUI,NA,+254 117-721-04,a.wambui@gmail.com,1980-12-16,male,NYERI,Othaya,Ngaru,"Plot 290, Lane 12, Outering",24/07/2025,A,Cybersecurity,Cohort 2,Dr. Allan Mumo,EdTech,On Hold
TECH-000490,kamau erick jepkoech,16526108,+254 117-921-57,kamau.jepkoech@outlook.com,1976-11-04,male,Bungoma,Kabuchai,West Nalondo,"Plot 110, Lane 19, Thika Superhighway",11 Jun 2024,A,Data Science,Cohort 3,Prof. Isaiah Kasina,HealthTech,On Hold
TECH-000491,JEREMIAH KIVVUVA,94650851,+254 799-317-57,jeremiah.kivuva@yahoo.com,1995-06-27,female,Nakuru,Bahati,Dundori,"House 374, Kiambu Road Drive, Mombasa Road",06-17-2026,I,Cloud Computing,Cohort 2,Dr. Grace Wanjiku,Logistics,Completed
TECH-000492,TIMOTHY AUMA,49533451,+254 763-735-61,timothy.auma@gmail.com,1993-10-04,female,Kiambu,Kiambu,Ting'ang'a,"House 66, Westlands Road, Lenana",28-Jan-25,I,Mobile Development,Cohort 2,Eng. Peter Ochieng,AgriTech,Completed
TECH-000493,GILBERT WANGARI,40198707,+254 764-113-67,gilbert.wangari@gmail.com,1957-05-19,female,Machakos County,Kathiani,Mitaboni,"Plot 335, Lane 6, Kileleshwa",2025-07-02,I,Cybersecurity,Cohort 1,Prof. Victor Kioko,EdTech,On Hold
TECH-000494,JEPCHUMBA KEMEI,50511614,+254 786-064-81,jepchumba.kemei@gmail.com,1980-10-28,male,Nakuru,Molo,Elburgon,"Plot 285, Lane 9, Lavington",2026-12-24,A,Cybersecurity,Cohort 3,Dr. Joel Muthoka,Clean Energy,On Hold
TECH-000495,KALOKI AWINO MWAMBURI,41979969,NA,kaloki.mwamburi@gmail.com,,female,Turkana,NULL,Kalamon,"Plot 421, Lane 18, Thika",01/11/2024,A,DevOps,Cohort 1,Eng. Gilbert Mutisya,Clean Energy,On Hold
TECH-000496,KIMANI KAGWIRIA OMONDI,50545587,+254 772-516-70,kimani.omondi@gmail.com,1974-11-02,female,Nyeri,Nyeri Town,Kiganjo/Mathari,"Plot 404, Lane 13, Kitisuru",03/04/2024,I,Cybersecurity,Cohort 1,Dr. Joy Kaloki,HealthTech,On Hold
TECH-000497,jeremiah kanana tsuma,71523036,+254 728-968-22,j.t@gmail.com,09/01/1988,Male,Kiambu,Ruiru,Gatong'ora,"PLOT 288, LANE 17, RIVER ROAD",2026-09-22,inactive,Data Science,Cohort  2,Prof. Kevin Muriuki,IoT,Withdrawn
TECH-000498,awiti wairimu,49457335,+254 729-226-80,awiti.wairimu@hotmail.com,1988-08-13,female,Nakuru,Molo,Elburgon,"Plot 63, Lane 12, Karen",20 Jan 2026,A,Data Science,Cohort 2,Dr. Michael Gitonga,Clean Energy,On Hold
TECH-000499,amos mutisya,90458662,+254 777-552-88,amos.mutisya@gmail.com,1991-04-06,female,Meru,Tigania West,Akithi,"House 251, Kenyatta Street, Langata",2025-11-08,A,Cloud Computing,Cohort 1,Prof. Moses Muthoka,Logistics,Completed
TECH-000500,chepkoech mutua mwakisha,45064728,+254 118-348-15,chepkoech.mwakisha@gmail.com,1993-01-11,male,Turkana,Turkana West,Kalobeyei,"House 386, Kiambu Drive, Ruaraka",2025-05-12,I,Data Engineering,Cohort 2,Eng. Elijah Mwania,E-Commerce,On Hold
TECH-000501,victor ngenno,63-539-335,+254 119-840-70,victor.ngeno@gmail.com,1988-01-03,male,Nairobi,Dagoretti North,Gatina,"House 32, Jogoo Street, Limuru",16-Apr-2024,A,DevOps,Cohort 1,Eng. Micah Kioko,Logistics,Withdrawn
TECH-000502,CHRISTOPHER JEPKORIR,52414064,+254 718-844-76,christopher.jepkorir@hotmail.com,1993-03-28,female,Nyeri,Othaya,Karima,"Plot 305, Lane 17, Ruaraka",04/09/2026,I,AI/ML,Cohort 3,Prof. Robert Kiema,AgriTech,Completed
TECH-000503,BRENDA BOSIBORI MUSILA,36568577,+254 798-830-48,brenda.musila@outlook.com,2002-07-13,female,Nakuru,Naivasha,Biashara  Naivasha,"House 334, Kikuyu Avenue, Athi River",12/11/2025,A,Software Engineering,Cohort 3,Dr. Collins Mwania,AgriTech,Completed
TECH-000504,ISAIAH ALICE WANYONYI,35-798-812,+254 791-370-56,isaiah.wanyonyi@outlook.com,1980-01-14,male,Kisumu,Muhoroni,Ombeyi,"Plot 476, Lane 15, Thika Superhighway",20241129,I,DevOps,Cohort 3,Prof. Victor Kioko,Clean Energy,Completed
TECH-000505,MARTHA MACHARI,59-221-290,+254 758-566-25,mmacharia@yahoo.com,21-Dec-1987,M,Nairobi,Dagoretti North,Gatina,"Plot 422, Lane 4, Ruaraka",04-04-2024,Active,AI/ML,COHORT-01,Prof. Catherine Chepkorir,Fintech,Withdrawn
TECH-000506,leshan gistonga,15-843-117,+254 725-493-76,leshan.gitonga@hotmail.com,1998-10-24,female,Machakos,Machakos Town,Kalama,"Plot 86, Lane 8, Garden Estate",02-06-2025,I,Software Engineering,Cohort 2,Prof. David Kiprotich,E-Commerce,Active
TECH-000507,KARIUKI BRIAN MBUTHIA,64452866,+254 701-950-37,kariuki.mbuthia@hotmail.com,2003-04-11,female,Kiambu,Kikuyu,Sigona,"House 415, Limuru Road, Kikuyu",25-12-2026,I,AI/ML,Cohort 1,Dr. Joel Muthoka,AgriTech,Completed
TECH-000508,CHEPKIRUI GAKII NDEGWA,64621853,+254 751-971-43,chepkirui.ndegwa@yahoo.com,1979-02-12,male,Kiambu,Ruiru,Gatong'ora,"House 347, Mombasa Road Street, Westlands",20250324,A,Software Engineering,Cohort 1,Prof. Isaiah Kasina,Fintech,Withdrawn
TECH-000509,bosibori kamande,68953251,NA,bosibori.kamande@gmail.com,1959-12-09,male,,Muhoroni,Muhoroni/Koru,"House 314, Kangundo Drive, Kileleshwa",10-Sep-2024,I,NA,Cohort 1,Prof. Mercy Nduku,EdTech,Active
TECH-000510,OKOTH LESHAN,72895019,+254 762-454-50,okoth.leshan@gmail.com,1994-12-05,female,Bomet,Bomet Central,Ndarawetta,"House 164, Kiambu Road Drive, Mugumo",2025-12-17,A,Cybersecurity,Cohort 3,Dr. Daniel Musyoka,EdTech,Completed
TECH-000511,mumo kagwe,36971737,+254 747-946-50,mumo.kagwe@gmail.com,1992-08-10,male,Kakamega,Ikolomani,Idakho Central,"House 478, Tom Mboya Street, Kiambu Road",27/07/2026,I,Cloud Computing,Cohort 1,Dr. Jeremiah Kioko,HealthTech,Withdrawn
TECH-000512,MWENDE NYAMBANE,37949530,+254 118-180-51,mwende.nyambane@gmail.com,1961-04-21,male,Nakuru,Kuresoi North,Kiptororo,"Plot 12, Lane 20, Lavington",01-16-2025,I,Data Engineering,Cohort 1,Dr. Allan Mumo,E-Commerce,On Hold
TECH-000513,MARTHA NZIOKA,44103265,+254 755-743-79,martha.nzioka@gmail.com,1991-05-20,male,Nairobi,Dagoretti North,Gatina,"Plot 114, Lane 11, Waiyaki",11/14/2025,I,Cloud Computing,Cohort 1,Prof. Kevin Muriuki,E-Commerce,Active
TECH-000514,AWITI ISAIAH KAMAU,77431786,+254 104-116-11,awiti.kamau@hotmail.com,1987-11-18,male,Nairobi,Dagoretti South,Ngando,"House 365, Kiambu Road Avenue, Ruiru",24-11-2026,A,Data Science,Cohort 3,Eng. John Wekesa,HealthTech,Withdrawn
TECH-000515,jonah mbaka,55342937,+254 771-547-32,jonah.mbaka@gmail.com,1978-06-09,female,NULL,NA,Watamu,"House 42, Lenana Street, Kiambu",23/09/2026,I,Cybersecurity,Cohort 3,Prof. Robert Kamau,IoT,Withdrawn
TECH-000516,naipanoi cecilia situma,23657675,+254 764-198-66,naipanoi.situma@hotmail.com,1988-01-21,female,Meru,Igembe Central,Akachiu,"Plot 466, Lane 4, Langata",06/25/2025,A,Cybersecurity,Cohort 2,Prof. Isaiah Kasina,Logistics,Completed
TECH-000517,EUNICE MUENI KAMOTHO,31-839-746,+254 727-324-57,eunice.kamotho@hotmail.com,1988-08-02,male,Kilifi,Kaloleni,Kaloleni,"House 54, Jogoo Avenue, Thika",05-16-2026,I,Software Engineering,Cohort 3,Eng. Amos Nduku,Fintech,Active
TECH-000518,AWINO MOGAKKA,64543706,+254 731-993-13,awino.mogaka@hotmail.com,1985-10-15,female,Turkana,Turkana Central,Kalokol,"House 382, Juja Drive, Kikuyu",2025-07-23,A,Software Engineering,Cohort 2,Eng. Ezekiel Mumo,AgriTech,Active
TECH-000519,LILIAN ALLAN NDEGWA,61321020,+254 787-717-09,lilian.ndegwa@outlook.com,1987-01-08,female,Nairobi,Westlands,Kangemi,"Plot 388, Lane 3, Uhuru",19-Feb-2024,I,Data Engineering,Cohort 3,Eng. Martin Kasina,AgriTech,Withdrawn
TECH-000520,GRACE KASINA CHEPNGENO,95347156,+254 787-878-92,grace.chepngeno@gmail.com,1991-09-21,male,Kakamega,Mumias East,Lusheya/Lubinu,"House 169, Kilimani Street, Uhuru",2025-03-02,A,Data Engineering,Cohort 1,Dr. Collins Mwania,E-Commerce,Completed
TECH-000521,KIPKEMBOI WADADA,82494405,+254 716-394-91,kipkemboi.wadada@hotmail.com,1992-03-13,female,Kakamega,Mumias East,Malaha/Isongo/Masindi,"Plot 432, Lane 20, Kikuyu",2025-10-07,I,Mobile Development,Cohort 1,Prof. David Kiprotich,Logistics,Withdrawn
TECH-000522,KEMUNTO OKOTH,26573957,+254 723-757-99,kemunto.okoth@yahoo.com,1991-10-04,male,Bungoma,Kabuchai,Mukuyuni,"House 461, Kenyatta Road, Thika",20250327,I,AI/ML,Cohort 1,Eng. Isaac Mutua,EdTech,Withdrawn
TECH-000523,NOKUN KIPEKMBOI,24875109,+254 723-617-28,nokun.kipkemboi@yahoo.com,1986-03-28,male,Uasin Gishu,Ainabkoi,Ainabkoi/Olare,"House 448, Juja Avenue, Kangundo",15-08-2026,I,Cloud Computing,Cohort 1,Dr. Grace Wanjiku,EdTech,Active
TECH-000524,KARIUKI TOWETT,87277029,+254 705-842-02,kariuki.towett@gmail.com,1967-09-17,female,Nairobi,Kasarani,Clay City,"House 49, Westlands Drive, Kangundo",2024-05-19,A,Data Engineering,Cohort 2,Prof. Esther Ondieki,IoT,Active
TECH-000525,mwikali mercy wanjohi,,0733.564.47,mwikali.wanjohi@gmail.com,2000-03-05,female,Nairobi,Dagoretti North,NA,NULL,08-08-2024,A,Data Science,,Eng. Elijah Mwania,EdTech,On Hold
TECH-000526,JEBET NABWIRE KAGWE,1752-2634,+254 777-684-44,jebet.kagwe@outlook.com,1997-05-28,male,Kiambu,Lari,Kinale,"House 460, Ngong Road Avenue, Kiambu Road",2024-12-25,A,AI/ML,Cohort 1,Dr. Lucy Otieno,Clean Energy,Active
TECH-000527,kimeu kwamboka wamuyu,88448668,+254 743-585-00,kimeuwamuyu@gmail.com,1998-05-09,male,Bomet,Bomet Central,Mutarakwa,"House 352, Argwings Kodhek Drive, Kiambu",22/10/2026,Pending,DevOps,C-2,Dr. Jeremiah Kioko,HealthTech,Completed
TECH-000528,SIMON MWANIA SIGEI,97389730,+254 114-964-18,simon.sigei@yahoo.com,1982-01-12,female,Mombasa,Mvita,Mji wa Kale,"Plot 232, Lane 15, Limuru",23-06-2026,I,Data Science,Cohort 1,Dr. Jonah Kasina,Fintech,Active
TECH-000529,mutinda baya,56814976,+254 117-906-41,mutinda.baya@gmail.com,1979-08-04,female,Bungoma,Webuye West,Sitikho,"Plot 193, Lane 20, Kileleshwa",05-09-2025,I,AI/ML,Cohort 2,Dr. Grace Wanjiku,Fintech,Withdrawn
TECH-000530,ADHIAMBO MUGO GITHUA,27668895,+254 739-031-08,adhiambo.githua@outlook.com,1986-10-13,male,Mombasa,Likoni,Tsimba,"Plot 402, Lane 2, Kileleshwa",2026-08-03,I,Cybersecurity,Cohort 2,Eng. John Wekesa,Logistics,Completed
TECH-000531,jane wadada,83508869,+254 722-158-28,jane.wadada@gmail.com,1990-05-20,female,Meru,North Imenti,Kithirune,"House 295, Argwings Kodhek Road, Kenyatta",23 Mar 2026,I,Data Science,Cohort 3,Eng. Faith Nashipae,Clean Energy,Completed
TECH-000532,FAITH JUDITH BAYA,78812902,+254 738-240-69,faith.baya@gmail.com,1997-09-19,male,Uasin Gishu,Kapseret,Megun,"Plot 57, Lane 19, Ruaraka",2025-11-25,A,Cybersecurity,Cohort 1,Dr. Joy Kaloki,EdTech,On Hold
TECH-000533,KIPRONO OCHIENG,48494442,+254 771-215-19,kiprono.ochieng@gmail.com,2003-10-20,male,Meru,Igembe Central,Athiru Gaiti,"House 316, River Road Street, Waiyaki",28 Feb 2024,I,Cybersecurity,Cohort 3,Eng. John Wekesa,HealthTech,Completed
TECH-000534,syombua mutisya,87569592,+254 779-879-38,syombua.mutisya@outlook.com,1966-09-19,male,Nakuru,,Menengai,"Plot 298, Lane 3, Ruiru",27 Feb 2024,I,AI/ML,Cohort 3,Dr. Mary Akinyi,IoT,Active
TECH-000535,ndinda jane tsuma,47912030,+254 777-519-31,ndinda.tsuma@yahoo.com,NA,female,Bungoma,Mt. Elgon,Chepyuk,"Plot 10, Lane 17, Argwings Kodhek",30-Dec-2024,I,Software Engineering,Cohort 1,Eng. Peter Ochieng,Clean Energy,Withdrawn
TECH-000536,faith deborah anyango,39566459,+254 778-477-75,faith.anyango@gmail.com,1986-11-08,female,Kisumu,Kisumu Central,Shauri Moyo,"Plot 333, Lane 5, Lenana",26-Apr-2026,I,Cybersecurity,Cohort 1,Eng. Anne Momanyi,Clean Energy,On Hold
TECH-000537,MALACHI WAMBUGU KIMANI,72282219,+254 734-711-30,malachi.kimani@outlook.com,1990-05-17,female,Turkana,Turkana North,Kibish,"House 328, Kiambu Road Street, Ruaraka",01/18/2025,A,AI/ML,Cohort 2,Eng. Faith Nashipae,Fintech,Completed
TECH-000538,a. o. githinji,58294486,+254 794-181-32,achieng.githinji@outlook.com,1989-03-23,female,Turkana,Turkana West,Letea,"Plot 265, Lane 5, Kiambu",2026-12-29,I,Cloud Computing,Cohort 2,Eng. Micah Kioko,HealthTech,On Hold
TECH-000539,kipkemboi chepkirui mwakisha,38554192,+254 782-202-95,kipkemboi.mwakisha@gmail.com,1987-05-20,male,Nyeri,Tetu,Dedan Kimathi,"Plot 121, Lane 7, Athi River",2025-05-02,A,Cloud Computing,Cohort 2,Eng. Martin Kasina,E-Commerce,Withdrawn
TECH-000540,njeri munyori,30047069,+254 115-166-50,njeri.munyori@hotmail.com,1998-09-27,female,Trans Nzoia,Endebess,Matumbei,"Plot 252, Lane 6, Athi River",01-12-2024,A,Data Science,Cohort 1,Dr. Harun Mwikali,Logistics,On Hold
TECH-000541,MOKUA WAMBUGU,84513202,+254 107-622-19,mokua.wambugu@yahoo.com,2003-07-10,male,Kiambu,NA,Githunguri,"Plot 446, Lane 13, Limuru",2024-03-19,,,Cohort 2,Dr. Harun Mwikali,Fintech,Withdrawn
TECH-000542,nduku muema,58624291,+254 763-485-65,nduku.muema@yahoo.com,1983-06-08,female,Machakos,Matungulu,Kyeleni,"Plot 472, Lane 14, Argwings Kodhek",2026-04-29,A,Cloud Computing,Cohort 1,Dr. Joy Kaloki,EdTech,Withdrawn
TECH-000543,harun ronoo,14192932,NULL,harun.rono@gmail.com,2000-07-15,male,Kisumu,Muhoroni,Masogo/Nyang'oma,"Plot 373, Lane 10, Langata",01/04/2026,A,,Cohort 2,Prof. Robert Kiema,EdTech,Withdrawn
TECH-000544,WANGECI KIHIKA,63716725,+254 106-203-57,wangeci.kihika@gmail.com,1975-02-26,female,Nakuru,Gilgil,Mbaruk/Eburu,"Plot 169, Lane 13, Kangundo",20260323,A,Cloud Computing,Cohort 3,Dr. Harun Mwikali,AgriTech,Completed
TECH-000545,chebet wangari gikonyo,15478361,+254 769-801-16,chebet.gikonyo@gmail.com,1988-05-24,female,Kisumu,NULL,Kajulu,NULL,2024-03-23,A,Software Engineering,Cohort 2,Dr. Collins Mwania,Fintech,Completed
TECH-000546,mark moraa gichuru,45651567,+254 101-795-74,mark.gichuru@gmail.com,2002-09-18,female,Machakos,Matungulu,Matungulu East,"Plot 260, Lane 7, Kenyatta",20250418,A,AI/ML,Cohort 2,Prof. Victor Kioko,Logistics,On Hold
TECH-000547,OPIYO GRACE AWUOR,40563463,+254 725-138-39,opiyo.awuor@yahoo.com,1981-09-21,male,Nakuru,Molo,Turi,"Plot 272, Lane 9, Moi Avenue",16/05/2026,I,Data Science,Cohort 2,Prof. Obadiah Mwania,IoT,Active
TECH-000548,A. R. MUSYOKA,88 969 142,+254 733-924-70,achieng.musyoka@yahoo.com,1982-05-13,male,Kiambu,Limuru,Limuru Central,"House 433, Kilimani Avenue, Kangundo",10/03/2025,A,Data Engineering,Cohort 1,Dr. Collins Mwania,EdTech,Active
TECH-000549,KINYUA JEBET MWIRIGI,84638116,+254 766-658-98,kinyua.mwirigi@hotmail.com,1988-07-24,male,Meru,Central Imenti,Gatimbi,"Plot 198, Lane 12, Tom Mboya",27/01/2025,A,AI/ML,Cohort 1,Eng. Anthony Wanyonyi,EdTech,Active
TECH-000550,KARIUKI NYAMBANE,47309803,+254 715-589-43,kariuki.nyambane@hotmail.com,1984-06-09,male,Kakamega,Shinyalu,Isukha South,"Plot 355, Lane 4, Ruaraka",29-Sep-2026,A,Cloud Computing,Cohort 1,Dr. Michael Gitonga,EdTech,Withdrawn
TECH-000551,KIPKOECH FAITH KIPRONO,74547148,+254 746-434-58,kipkoech.kiprono@gmail.com,1979-05-14,male,Uasin Gishu,Kesses,Taratai,"House 56, Langata Road, Outering",NULL,A,Data Engineering,Cohort 3,Eng. Amos Nduku,E-Commerce,Completed
TECH-000552,ONDIEKI WANYONYI,37685026,+254 713-759-43,ondieki.wanyonyi@yahoo.com,2004-04-01,female,Nairobi,Westlands,Kitisuru,"Plot 36, Lane 10, Parklands",11/03/2026,I,AI/ML,Cohort 3,Eng. Brian Mulwa,EdTech,Active
TECH-000553,KATHURE WANJIKU ATIENO,86-599-891,+254 771-483-01,kathure.atieno@hotmail.com,NULL,male,Uasin Gishu,Turbo,Tapsagoi,"Plot 187, Lane 13, Kikuyu",2025-06-22,A,Cloud Computing,Cohort 1,Prof. Daniel Mutisya,E-Commerce,Active
TECH-000554,pauline priscilla achieng,57759672,+254 728-367-89,pauline@yahoo.com,04/09/1999,F,Mombasa,Jomvu,Jomvu Kuu,"House 301, Tom Mboya Rd, Kangundo",2024-03-11,inactive,DevOps,COHORT 2,Dr. Michael Gitonga,IoT,Withdrawn
TECH-000555,judy agnes kiprotich,52057523,+254 735-344-39,judy.kiprotich@gmail.com,1975-09-06,female,Nyeri,Nyeri Town,Kamakwa/Mukaro,"House 339, Ruaraka Drive, Karen",2024-04-14,I,Cybersecurity,Cohort 3,Prof. Mercy Nduku,Logistics,On Hold
TECH-000556,lenguro mumo,47280397,+254 116-712-39,lenguro.mumo@gmail.com,1988-08-13,female,Kiambu County,Githunguri,Ngewa,"Plot 21, Lane 7, Limuru",13/11/2024,A,Software Engineering,Cohort 2,Dr. Harun Mwikali,IoT,Completed
TECH-000557,martha mutinda,92-686-915,+254 108-900-22,martha.mutinda@gmail.com,1990-06-02,female,Meru,South Imenti,Igoji East,"Plot 342, Lane 16, Waiyaki",30-Nov-2024,A,Cloud Computing,Cohort 3,Prof. Mercy Nduku,Fintech,On Hold
TECH-000558,FAITH MOSES RONO,46953423,+254 796-814-56,faith.rono@gmail.com,1978-05-18,male,Nakuru,Nakuru Town East,Menengai,"House 318, Kikuyu Street, Kitisuru",10/09/2025,A,DevOps,Cohort 1,Eng. John Wekesa,HealthTech,Active
TECH-000559,MUSYOKA NJOROGEREBECCA,61159757,+254 792-002-72,musyoka.njoroge@gmail.com,1953-11-10,female,Turkana,Turkana Central,Lodwar Township,"Plot 244, Lane 17, Ngong",01/19/2025,A,Data Engineering,Cohort 1,Eng. Amos Nduku,IoT,On Hold
TECH-000560,jacqueline awiti lubanga,25651239,+254 115-784-16,jacqueline.lubanga@yahoo.com,1979-09-24,male,Nairobi,Dagoretti North,Gatina,"House 428, Ngong Road Drive, Mombasa Road",2026-04-02,A,AI/ML,Cohort 2,Prof. Mercy Nduku,AgriTech,On Hold
TECH-000561,nyambura wafula,82483315,+254 708-200-91,nyambura.wafula@outlook.com,1979-12-19,male,Nakuru,Molo,Elburgon,"Plot 172, Lane 3, Garden Estate",30-Apr-25,I,Cloud Computing,Cohort 2,Eng. Micah Kioko,E-Commerce,On Hold
TECH-000562,KAGWIRIA MWANIA WAMUYU,92747419,+254 105-473-35,kagwiria.wamuyu@yahoo.com,,female,Nakuru,Kuresoi South,NULL,"Plot 432, Lane 17, Kileleshwa",26/12/2025,NULL,Data Science,Cohort 3,Prof. Catherine Chepkorir,Clean Energy,Active
TECH-000563,mutheu joel ongeri,81309530,+254 759-243-17,mutheu.ongeri@hotmail.com,1992-07-11,male,KIAMBU,LARI,KIJABE,"Plot 148, Lane 17, Likoni",05/23/2024,A,Cybersecurity,Cohort 2,Prof. Robert Kiema,E-Commerce,Completed
TECH-000564,wangeci nnajala,73841910,+254 784-080-14,wangeci63@hotmail.com,04/25/1992,M,NA,Ikolomani,Idakho East,,20261227,pending,Cybersecurity,Cohort 02,Prof. James Mwangi,EdTech,Completed
TECH-000565,SOPHIA KIPROP OWUOR,10991502,+254 739-987-14,sophia.owuor@hotmail.com,1990-10-21,female,Machakos,Yatta,Kithimani,"Plot 325, Lane 9, Uhuru",15 Jun 2025,I,DevOps,Cohort 2,Prof. Robert Kamau,AgriTech,Completed
TECH-000566,momanyi mukhwana,58229521,+254 733-012-51,momanyi.mukhwana@yahoo.com,1954-11-05,male,Kakamega,NULL,NULL,"House 26, Karen Street, Ruiru",05/06/2026,A,Software Engineering,NA,Prof. Kevin Muriuki,E-Commerce,Active
TECH-000567,MURIUKI SIMIYU,28865768,+254 722-006-92,muriuki.simiyu@gmail.com,1992-05-25,female,Kisumu,Muhoroni,Ombeyi,"Plot 340, Lane 5, Kilimani",06/06/2025,I,DevOps,Cohort 2,Eng. Ezekiel Mumo,HealthTech,Completed
TECH-000568,teresa opiyo,60564531,+254 793-347-51,teresa.opiyo@hotmail.com,1968-10-09,female,Bungoma,Webuye West,Matulo,"Plot 277, Lane 19, Mugumo",2025-06-25,I,Cloud Computing,Cohort 1,Dr. Aaron Nduku,AgriTech,On Hold
TECH-000569,wanjiku gladys mutwiri,94440591,+254 757-636-37,wanjiku.mutwiri@gmail.com,1978-12-26,female,NA,Jomvu,Miritini,"Plot 25, Lane 16, Moi Avenue",NULL,A,DevOps,Cohort 2,Prof. James Mwangi,Fintech,Withdrawn
TECH-000570,CHEPKORIR MITEI,10523681,,chepkorir.mitei@gmail.com,1990-01-14,female,KIAMBU,Lari,NA,"House 328, Tom Mboya Street, Juja",18-Jul-2024,A,Data Science,Cohort 2,Dr. Lucy Otieno,AgriTech,On Hold
TECH-000571,JEPCHUMBA MUGO MITEI,20136881,+254 718-949-93,jepchumba.mitei@gmail.com,1971-10-04,female,Kiambu,Kabete,Muguga,"Plot 265, Lane 4, Kikuyu",09/04/2024,A,Mobile Development,Cohort 2,Prof. Mercy Nduku,Clean Energy,On Hold
TECH-000572,RACHEL GAKUNYI MWOROA,29459871,+254 784-753-75,rachel.mworoa@gmail.com,1988-04-14,female,Mombasa,Changamwe,Airport,"House 108, Tom Mboya Drive, Kiambu Road",21-Aug-24,I,AI/ML,Cohort 3,Dr. Aaron Nduku,HealthTech,Completed
TECH-000573,elizabeth momanyi,93620256,+254 732-828-29,elizabeth.momanyi@hotmail.com,1991-06-08,female,Bomet,Sotik,Ndanai/Abosi,"House 330, Ngong Road Avenue, Ruiru",06/07/2026,A,Data Science,Cohort 2,Eng. Gilbert Mutisya,Fintech,On Hold
TECH-000574,ADOYO SHARON MWIKALI,10401966,+254 745-713-35,adoyo.mwikali@gmail.com,1970-09-21,male,Kiambu,Kiambu,Ting'ang'a,"House 359, Outering Avenue, Karen",14-Jul-2024,I,DevOps,Cohort 3,Dr. Mary Akinyi,Logistics,Active
TECH-000575,daniel kinya mutua,38434784,+254 775-841-37,daniel.mutua@gmail.com,1993-10-06,male,Meru,Tigania East,Muthara,"Plot 164, Lane 5, Ngong",2024-09-24,I,Data Engineering,Cohort 2,Eng. Faith Nashipae,Clean Energy,Withdrawn
TECH-000576,MARGARET GACHERU,68997676,+254 111-889-84,margaret.gacheru@outlook.com,2001-04-01,female,Trans Nzoia,Endebess,Endebess,"House 167, Thika Drive, Kangundo",NA,NULL,Software Engineering,Cohort 1,Dr. Jonah Kasina,E-Commerce,Withdrawn
TECH-000577,zephaniah njoroge kamande,14866710,+25475539750,zephaniah.kamande@outlook.com,NULL,female,Meru,Tigania East,Mikinduri,"House 102, Kangundo Street, Jogoo",07 Apr 2024,A,Cybersecurity,Cohort 2,Prof. Robert Kamau,EdTech,Withdrawn
TECH-000578,"wambugu, onsongo george",32046483,+254 787-446-02,onsongo.wambugu@outlook.com,1968-06-04,male,Uasin Gishu,Ainabkoi,Ainabkoi/Olare,"House 355, Jogoo Road, Argwings Kodhek",07/13/2026,A,Mobile Development,Cohort 3,Eng. Martin Kasina,Clean Energy,Active
TECH-000579,isaiah kagwe,5258-2456,+254 114-646-10,isaiah.kagwe@yahoo.com,1984-11-13,female,Bomet,Bomet East,Longisa,"House 476, Thika Superhighway Street, Kangundo",20240716,A,Mobile Development,Cohort 1,Prof. Robert Kiema,Logistics,Active
TECH-000580,paul nabwire,77376391,+254 109-062-34,paul.nabwire@yahoo.com,1979-03-24,male,Kiambu,Lari,Kinale,"Plot 17, Lane 12, Langata",2026-09-29,I,DevOps,Cohort 3,Dr. Michael Gitonga,EdTech,Withdrawn
TECH-000581,wanyonyi kemei,74668530,+254 743-577-96,wanyonyi.kenei@gmail.com,1996-01-06,female,Nairobi,Dagoretti North,Gatina,"Plot 87, Lane 17, Karen",16-03-2026,A,Data Engineering,Cohort 1,Prof. Kevin Muriuki,E-Commerce,Withdrawn
TECH-000582,ROSE OMONDI ODHIAMBO,86984297,+254 732-686-05,rose.odhiambo@hotmail.com,1968-12-27,male,Turkana,TurkanaWest,Lopur,"Plot 376, Lane 12, Lenana",10/07/2026,I,Mobile Development,Cohort 2,Prof. Obadiah Mwania,E-Commerce,Active
TECH-000583,WAFULA NJOROGE,81569760,+254 762-380-27,wafula.njoroge@gmail.com,2001-06-25,male,Mombasa,Likoni,Shika Adabu,"Plot 69, Lane 15, Ngong Road",11-Aug-25,A,AI/ML,Cohort 1,Eng. Brian Mulwa,AgriTech,Active
TECH-000584,emily irene mukhwana,76739837,+254 732-449-22,emily.mukhwana@yahoo.com,1993-09-09,male,Bungoma,Webuye West,Matulo,"House 462, Kangundo Drive, Kileleshwa",25/10/2026,A,Mobile Development,Cohort 1,Eng. Amos Nduku,E-Commerce,On Hold
TECH-000585,RIMBERIA OKELLO KOECH,48065927,+254 724-743-61,rimberia.koech@gmail.com,1988-12-16,male,Nakuru,Molo,Elburgon,"House 440, River Road Street, Karen",11-08-2025,A,Cloud Computing,Cohort 2,Eng. Anne Momanyi,AgriTech,Completed
TECH-000586,cherono sigei,86140861,+254 735-708-72,cherono.sigei@yahoo.com,05/11/1989,FEMALE,Kiambu,Ruiru,Gatong'ora,Plot152Lane18RiverRd,2025-10-02,Active,Cybersecurity,Cohort  1,Eng. Ezekiel Mumo,AgriTech,Completed
TECH-000587,joseph ombati,69372702,+254 794-112-17,joseph.ombati@gmail.com,1980-04-02,female,Nairobi,Dagoretti North,Kileleshwa,"Plot 384, Lane 11, Likoni",09-Dec-2024,A,AI/ML,Cohort 3,Dr. Jeremiah Kioko,Fintech,Withdrawn
TECH-000588,edward onbati,70173215,+254 115-574-20,e.ombati@hotmail.com,1981-06-15,M,,Ruiru,Kahawa Wendani,Plot453Lane13Thika,NA,NA,Cloud Computing,Cohort 01,Dr. Jonah Kasina,Clean Energy,Active
TECH-000589,KIMEU HANNAH NYAMBANE,96939740,+254 706-501-44,kimeu.nyambane@gmail.com,1987-04-05,male,,Igembe South,Athiru Ruujine,"Plot 127, Lane 15, Garden Estate",22/12/2025,I,Cloud Computing,Cohort 1,Dr. Daniel Musyoka,IoT,Completed
TECH-000590,KWAMBOKA SALI,13856812,+254 715-696-56,kwamboka.salim@yahoo.com,1978-11-02,female,Nairobi,Dagoretti North,Kilimani,"House 353, Kitisuru Avenue, Moi Avenue",25/08/2024,A,AI/ML,Cohort 1,Prof. Robert Kamau,E-Commerce,Withdrawn
TECH-000591,JEBET MULANDII,70388500,+254 105-708-88,jebet.mulandi@gmail.com,1960-10-22,female,Uasin Gishu,Ainabkoi,Kaptagat,"Plot 277, Lane 15, Ngong Road",29/12/2026,A,Software Engineering,Cohort 3,Eng. Ezekiel Mumo,EdTech,On Hold
TECH-000592,martin ogero,12571720,079 202 652,martin.ogero@yahoo.com,1969-05-26,female,Turkana,Loima,Lokiriama/Lorengippi,"Plot 453, Lane 18, Kenyatta",11-Feb-2026,A,DevOps,Cohort 3,Prof. David Kiprotich,HealthTech,On Hold
TECH-000593,munyao rotich,84316712,+254 797-492-35,,1999-08-19,male,Kilifi,Ganze,Sokoke,"Plot 380, Lane 19, Limuru",18/10/2025,,Cybersecurity,,Dr. Allan Mumo,Clean Energy,On Hold
TECH-000594,KAIMENYI KENGA,52112003,+254 769-336-68,kaimenyi.kenga@gmail.com,1981-02-07,male,Bungoma,Webuye West,Matulo,"Plot 127, Lane 19, River Road",20250726,A,DevOps,Cohort 3,Eng. Anthony Wanyonyi,EdTech,Withdrawn
TECH-000595,patrick peace nzioka,4515-0449,+254 774-640-83,patrick.nzioka@gmail.com,1979-05-26,male,Meru,Buuri,Kisima,"Plot 175, Lane 16, Thika",07-10-2026,I,Cloud Computing,Cohort 1,Prof. Daniel Mutisya,Fintech,Withdrawn
TECH-000596,agnes kathure wabomba,18178128,+254 763-873-66,agnes.wabomba@yahoo.com,1970-08-14,male,Kisumu,Seme,West Seme,"Plot 373, Lane 5, Outering",18/07/2026,I,Cloud Computing,Cohort 3,Prof. Victor Kioko,E-Commerce,Active
TECH-000597,musyoka wamobui, 35718350,+254 711-333-62,musyoka.wambui@yahoo.com,1978-09-20,male,Nakuru,Nakuru Town West,Rhoda,"House 311, Lenana Road, Langata",26-Sep-2024,A,AI/ML,Cohort 3,Eng. Peter Ochieng,HealthTech,Withdrawn
TECH-000598,RIMBERIA IRENE CHEBET,14-839-862,+254 734-873-45,rimberia.chebet@gmail.com,1960-06-14,female,Nakuru,Nakuru Town East,Flamingo,"Plot 109, Lane 6, Ruaraka",26-10-2024,I,Software Engineering,Cohort 3,Eng. Peter Ochieng,AgriTech,Active
TECH-000599,KINYUA MWITNYI,40695523,+254 119-629-67,kinyua.mwinyi@gmail.com,1991-07-16,male,Nairobi,Dagoretti South,Riruta,"Plot 212, Lane 10, Kileleshwa",03-19-2024,A,Cybersecurity,Cohort 3,Prof. David Kiprotich,HealthTech,Completed
TECH-000600,kemunto maina,97458429,+254 702-112-66,kemuntomaina@yahoo.com,26/02/1984,female,NA,Limuru,Limuru Central,"Plot 253, Lane 7, Jogoo",2025-07-21,Pending,NA,NULL,Prof. Victor Kioko,AgriTech,Withdrawn
TECH-000601,GEORGE GICHURU,89811209,+254 753-163-51,george.gichuru@gmail.com,1998-04-28,female,Bomet,Konoin,Embomos,"House 124, Kitisuru Drive, Ruiru",20261117,A,Software Engineering,Cohort 1,Dr. Allan Mumo,EdTech,Completed
TECH-000602,zechariah ngeeno,75344377,+254 791-091-98,zngeno@outlook.com,11/02/1978,F,Bomet,Konoin,Boito,Plot 142 Lane 2 Parklands,11/11/2026,Pending,Cybersecurity,Cohort1,Dr. Joel Muthoka,HealthTech,Completed
TECH-000603,sharon ongeri kinyua,74731404,+254 717-473-75,sharon.kinyua@outlook.com,1994-01-23,female,MACHAKOS,KATHIANI,LOWER KAEWA/IVETI,"Plot 56, Lane 4, Westlands",2026-06-21,A,Cybersecurity,Cohort 2,Prof. James Mwangi,HealthTech,Withdrawn
TECH-000604,SILAS NBAEA,12675965,+254 111-027-13,silas.nabea@yahoo.com,1988-04-17,female,Nairobi,Dagoretti South,Waithaka,"House 353, Ruiru Road, Lenana",18-Aug-2024,I,Software Engineering,Cohort 1,Eng. Faith Nashipae,IoT,Completed
TECH-000605,mutheu omondi nekesa,83888307,+254 795-431-52,mutheu.nekesa@gmail.com,1971-02-24,male,Nyeri,Othaya,Karima,,01/19/2025,I,NA,Cohort 3,Dr. Daniel Musyoka,AgriTech,Withdrawn
TECH-000606,brenda kipkoech bett, 87031272,+254 116-682-89,bbett@gmail.com,1982-05-12,male,Nairobi,Westlands,Kitisuru,"Plot 287, Lane 2, Kangundo",2024-11-17,A,NULL,Cohort 1,Eng. Ezekiel Mumo,HealthTech,Completed
TECH-000607,opiyo mwania,93410225,+254 105-945-81,opiyo.mwania@gmail.com,1998-10-16,female,Nairobi,Westlands,Kitisuru,"Plot 460, Lane 4, Ngong Road",20241104,A,DevOps,Cohort 3,Prof. Robert Kiema,Fintech,Completed
TECH-000608,kioko auma,78 036 333,+254 756-011-97,kioko.auma@gmail.com,1995-01-13,female,Kilifi,Rabai,Mwawesa,"House 159, Argwings Kodhek Drive, Lenana",07 Oct 2024,A,Software Engineering,Cohort 1,Eng. Ezekiel Mumo,AgriTech,Completed
TECH-000609,syombua andrew wairimu,87943239,+254 714-451-39,syombua.wairimu@outlook.com,1988-04-01,female,Nakuru,Molo,Marioshoni,"Plot 455, Lane 12, Kitisuru",11/02/2024,I,Data Science,Cohort 3,Dr. Joel Muthoka,AgriTech,Completed
TECH-000610,syokau kiprotich,89797435,+254 114-436-94,syokau.kiprotich@gmail.com,1996-01-04,male,Kiambu,Kikuyu,Nachu,"House 466, Garden Estate Avenue, Uhuru",08/26/2024,A,Data Engineering,Cohort 2,Eng. Anthony Wanyonyi,AgriTech,Completed
TECH-000611,OKOTH JURMA,42458322,+254 115-258-47,okoth.juma@gmail.com,1994-04-01,male,Nairobi,Dagoretti South,Mutuini,"House 424, Karen Road, Kikuyu",2026-02-22,I,Cloud Computing,Cohort 2,Eng. Isaac Mutua,Clean Energy,Active
TECH-000612,MUTUA GITHINJI MUSALIA,NA,NULL,mutua.musalia@gmail.com,NULL,female,Bungoma,Sirisia,Malakisi/South Kulisiru,NULL,14-Dec-24,I,Data Science,Cohort 3,Dr. Sarah Mutua,HealthTech,On Hold
TECH-000613,wanjiru ogero,17170147,+254 119-059-58,wanjiru.ogero@outlook.com,1981-10-18,female,Mombasa,Changamwe,Chaani,"House 307, Lavington Road, Ruiru",06/24/2026,A,AI/ML,Cohort 3,Eng. Martin Kasina,Fintech,Withdrawn
TECH-000614,margaret okoth koech,45611439,+254 119-748-11,NULL,1998-10-17,male,Kiambu,Kabete,,"Plot 136, Lane 9, Athi River",31/05/2025,I,Cloud Computing,NULL,Prof. David Kiprotich,HealthTech,Withdrawn
TECH-000615,NICHOLAS CHEPKORIR,56991068,+254 723-769-22,nicholas.chepkorir@yahoo.com,1993-09-16,male,Nairobi,Westlands,Kitisuru,"Plot 448, Lane 1, Parklands",2025-03-07,I,Software Engineering,Cohort 2,Prof. Esther Ondieki,Fintech,Completed
TECH-000616,ISAAC NALIAKA HASSAN,62019290,+254 724-338-21,isaac.hassan@outlook.com,1999-05-27,female,Machakos,Matungulu,Matungulu West,"Plot 37, Lane 19, Kasarani",2025-01-08,A,Data Science,Cohort 3,Dr. Daniel Musyoka,AgriTech,On Hold
TECH-000617,gathoni cherotich musyimi,14-454-330,+254 786-974-02,gathoni.musyimi@gmail.com,1972-01-26,male,Kakamega,Matungu,Kholera,"House 62, Kileleshwa Drive, Lenana",2026-12-09,A,DevOps,Cohort 1,Dr. Sarah Mutua,E-Commerce,Completed
TECH-000618,momanyi kipsang mokua,96194417,254 112 481 48,momanyi.mokua@hotmail.com,1987-06-02,male,Nairobi,Dagoretti South,Mutuini,"Plot 208, Lane 18, Ruaraka",24-Sep-2024,I,Data Science,Cohort 3,Eng. Gilbert Mutisya,AgriTech,Withdrawn
TECH-000619,NAOMI GRACE KAIMENYI,69715793,+254 777-287-09,naomi.kaimenyi@yahoo.com,1956-04-26,female,Kakamega,Matungu,Koyonzo,"Plot 240, Lane 5, Ngong Road",2024-10-20,A,Cybersecurity,Cohort 1,Prof. Esther Ondieki,EdTech,Completed
TECH-000620,kinya patrick kipkoech,75565298,+254 785-619-92,kinya.kipkoech@gmail.com,1968-02-22,male,Nairobi,Dagoretti South,Waithaka,"Plot 92, Lane 10, Karen",20-08-2025,I,Cloud Computing,Cohort 3,Eng. Gilbert Mutisya,EdTech,Active
TECH-000621,FLORENCE KIPKOECH,33820621 ,+254 116-084-20,florence.kipkoech@gmail.com,1950-11-10,female,Meru,North Imenti,Nyaki West,"Plot 438, Lane 18, Moi Avenue",2024-07-23,A,DevOps,Cohort 3,Eng. Elijah Mwania,AgriTech,On Hold
TECH-000622,nicholas wangari,29192519,+254 776-711-18,nicholas.wangari@gmail.com,1995-06-05,female,Kiambu,Githunguri,Githiga,"Plot 29, Lane 8, Limuru",25 May 2025,I,DevOps,Cohort 2,Dr. Lucy Otieno,Clean Energy,Active
TECH-000623,MATTHEW MUTHAA KIPKIRUI, 10357092,+254 787-665-38,matthew.kipkirui@gmail.com,1997-07-05,female,Kiambu,Lari,Nyanduma,"Plot 325, Lane 10, Kileleshwa",29-Sep-2025,A,Mobile Development,Cohort 3,Dr. Grace Wanjiku,HealthTech,On Hold
TECH-000624,harun mulwa,1950-0496,+254 796-211-54,harun.mulwa@gmail.com,1982-04-04,female,NULL,Nakuru Town West,London,"House 476, Kenyatta Avenue, Ruaraka",13-Jun-26,I,Cybersecurity,Cohort 1,Dr. Lucy Otieno,E-Commerce,Active
TECH-000625,SYOMBUA ALEXANDER WABOMBA,68379988,+254 746-040-86,syombua.wabomba@gmail.com,1970-05-28,male,Nairobi,Lang'ata,Nyayo Highrise,"Plot 390, Lane 14, Limuru",2024-05-22,I,Cybersecurity,Cohort 2,Eng. Gilbert Mutisya,Clean Energy,Active
TECH-000626,"KOROSS, MWOROA KIPKIRUI",36415300,+254 712-168-15,mworoa.koross@gmail.com,NULL,female,Bungoma,Kimilili,Kibingei,"House 462, Juja Street, Juja",NA,A,NA,Cohort 3,Prof. James Mwangi,Fintech,Active
TECH-000627,florence kiprotich,23346779,+254 751-665-82,florence.kiprotich@outlook.com,1972-07-27,female,Meru,Buuri,Kibirichia,"Plot 251, Lane 19, Thika Superhighway",23-Mar-26,I,Cybersecurity,Cohort 3,Prof. Catherine Chepkorir,AgriTech,Active
TECH-000628,daniel mitei,15-062-785,+25478666582,daniel.mitei@yahoo.com,1976-08-06,female,Nairobi,Kibra,Lindi,"Plot 442, Lane 1, Waiyaki",26/04/2026,A,Cloud Computing,Cohort 3,Prof. Mercy Nduku,EdTech,Completed
TECH-000629,leah kevin mohamed,66913730,+254 113-587-79,leah.mohamed@gmail.com,2004-11-23,female,Machakos,Kangundo,Kangundo Central,"Plot 349, Lane 8, Athi River",24/12/2025,A,Cybersecurity,Cohort 2,Prof. Kevin Muriuki,E-Commerce,On Hold
TECH-000630,ojwang mwekisha,20365975,+254 103-065-42,ojwang.mwakisha@gmail.com,1991-08-01,male,Kiambu,Lari,Nyanduma,"Plot 153, Lane 19, Ngong",12-08-2024,I,Mobile Development,Cohort 3,Prof. Robert Kamau,AgriTech,Withdrawn
TECH-000631,NAFULA MASINDE,92434730,+254 114-997-21,nafula.masinde@hotmail.com,1989-12-23,female,UASIN GISHU,AINABKOI,RACECOURSE,"House 192, Lenana Street, Ruiru",2026-05-24,I,AI/ML,Cohort 2,Prof. Obadiah Mwania,Logistics,Withdrawn
TECH-000632,janet benjamin auma,87241350,+254 753-108-88,janet.auma@gmail.com,1985-08-24,male,BOMET,Chepalungu,Nyongores,"Plot 480, Lane 8, Kiambu Road",30/10/2024,A,AI/ML,Cohort 3,Dr. Mary Akinyi,AgriTech,On Hold
TECH-000633,CYNTHIA MUTHKOA,77799011,+254 739-997-70,cynthia.muthoka@yahoo.com,1972-01-03,male,Bungoma,Kanduyi,NA,"Plot 237, Lane 8, Kenyatta",,I,NA,Cohort 1,Prof. Mercy Nduku,EdTech,On Hold
TECH-000634,mogaka musalia,43091057,+254 768-664-69,mogaka.musalia@yahoo.com,1956-05-01,male,Machakos,Mavoko,Athi River,"House 54, Argwings Kodhek Drive, Outering",15 Feb 2025,I,Cloud Computing,Cohort 2,Dr. Lucy Otieno,Clean Energy,Completed
TECH-000635,priscilla kioko,46854409,+254 771-695-01,priscilla.kioko@hotmail.com,1983-06-06,male,Kakamega,Shinyalu,Isukha Central,"Plot 279, Lane 7, Kitisuru",2025-09-28,I,Software Engineering,Cohort 1,Prof. Isaiah Kasina,E-Commerce,Active
TECH-000636,DEBORAH PAULINE SENTEU,99390140,+254 731-548-56,deborah.senteu@outlook.com,1988-11-09,male,Machakos,Matungulu,Kyeleni,"House 242, Uhuru Drive, River Road",2025-12-29,I,Data Engineering,Cohort 3,Eng. John Wekesa,AgriTech,Active
TECH-000637,kimeu isaiah rotich,25725946,+254 747-063-14,kimeu.rotich@outlook.com,1967-04-15,male,Turkana,Turkana South,Lobokat,"House 243, Jogoo Drive, Lenana",30-Dec-26,I,Cloud Computing,Cohort 1,Dr. Lucy Otieno,EdTech,Withdrawn
TECH-000638,TERESA ODHIAMBO KORIR,5055-3589,+254 765-290-97,tkorir@gmail.com,05 Apr 1978,M,Nakuru,Molo,Turi,"plot 132, lane 1, kangundo",20261229,INACTIVE,Mobile Development,COHORT-02,Dr. Harun Mwikali,IoT,Withdrawn
TECH-000639,CAROLINE MBUTHIA,30454694,+254 116-793-58,caroline.mbuthia@gmail.com,1961-02-13,female,Kakamega,Lugari,Chekalini,"Plot 401, Lane 11, Outering",12/01/2026,A,Cloud Computing,Cohort 2,Eng. Ezekiel Mumo,E-Commerce,Completed
TECH-000640,esther kebaso,49320205,+254 754-950-44,esther.kebaso@hotmail.com,1981-07-08,female,Kiambu,Kikuyu,NULL,"House 50, Likoni Drive, Tom Mboya",2025-02-23,I,Data Science,,Eng. Peter Ochieng,HealthTech,On Hold
TECH-000641,MOKUA KEEBASO,66111339,+254 113-670-12,mokua.kebaso@hotmail.com,1973-09-02,female,Nakuru,Kuresoi South,Keringet,"Plot 289, Lane 18, Ruiru",16/03/2025,I,Mobile Development,Cohort 3,Prof. Robert Kiema,Fintech,Active
TECH-000642,ALICE SYOMBUA MWIRIGI,76245685,+254 734-044-58,alice.mwirigi@outlook.com,1991-01-25,female,KIAMBU,KIAMBU,NDUMBERI,"Plot 115, Lane 10, Parklands",2025-03-05,I,Cybersecurity,Cohort 1,Prof. Esther Ondieki,HealthTech,Active
TECH-000643,mukami jeremiah mwirigi,27371884,+254 101-855-48,mukami.mwirigi@gmail.com,1977-05-13,female,Kiambu,Kikuyu,Sigona,"House 397, Parklands Avenue, Kenyatta",19/01/2024,A,DevOps,Cohort 2,Eng. Amos Nduku,Logistics,On Hold
TECH-000644,thomas kiprop,87420166,0768.650.40,thomas.kiprop@gmail.com,1979-01-14,male,Kiambu,Limuru,Limuru East,"House 396, Argwings Kodhek Street, Kitisuru",29-01-2024,I,Software Engineering,Cohort 2,Prof. Kevin Muriuki,AgriTech,On Hold
TECH-000645,nahum onyango korir,85642637,+254 715-911-08,nahum.korir@gmail.com,2002-12-17,male,Kiambu,Limuru,Limuru East,"Plot 303, Lane 16, Athi River",15-01-2024,I,AI/ML,Cohort 3,Prof. Kevin Muriuki,E-Commerce,Active
TECH-000646,opiyo nasimiyu,34242013,+254 116-160-87,opiyo.nasimiyu@gmail.com,1999-03-19,male,Machakos,Kangundo,Kangundo West,"Plot 193, Lane 20, Kasarani",16/03/2025,A,Data Science,Cohort 2,Eng. Faith Nashipae,Logistics,Withdrawn
TECH-000647,pauline ochieng,16291715,+254 717-586-84,pauline.ochieng@hotmail.com,1976-12-16,female,Uasin Gishu,Kapseret,Ngeria,"Plot 90, Lane 13, River Road",20260910,A,Mobile Development,Cohort 2,Eng. Brian Mulwa,IoT,Completed
TECH-000648,NDUKU KIPNGETICH,67011369,+254 791-574-87,nduku.kipngetich@gmail.com,1952-06-07,male,NAIROBI,Lang'ata,Nairobi West,"Plot 43, Lane 19, Juja",11-Oct-2025,I,AI/ML,Cohort 3,Eng. Micah Kioko,AgriTech,On Hold
TECH-000649,edith naliaka mwania,51326142,+25478345556,edith.mwania@gmail.com,1957-07-24,male,Nakuru,Bahati,Lanet/Umoja,"Plot 205, Lane 19, Kenyatta",13 Jul 2025,I,Mobile Development,Cohort 2,Prof. Obadiah Mwania,Logistics,Withdrawn
TECH-000650,ESTHER BAYA,24131536,+254 796-519-45,esther.baya@yahoo.com,2005-08-15,male,Mombasa,Changamwe,Changamwe,"Plot 11, Lane 19, Langata",22-03-2026,I,Cybersecurity,Cohort 2,Dr. Daniel Musyoka,E-Commerce,Active
TECH-000651,KIPROTICH KASINA WAMALWA,22343983,+254 758-424-79,kiprotich_wamalwa@hotmail.com,14 Aug 1994,Female,Mombasa,Nyali,Ziwa la Ng'ombe,"House 102, Kenyatta Avenue, Kikuyu",27/09/2025,INACTIVE,AI/ML,COHORT-02,Eng. Micah Kioko,HealthTech,On Hold
TECH-000652,kipkorir kagendo nganga,26492810,+254 114-775-76,kipkorir.nganga@gmail.com,1974-06-09,female,Trans Nzoia,Saboti,Matisi,"Plot 4, Lane 18, Ngong Road",02/19/2025,A,Cloud Computing,Cohort 1,Prof. Mercy Nduku,Fintech,Completed
TECH-000653,rachel jebiwott macharia,64427645,+254 768-282-59,rachel.macharia@outlook.com,1962-06-09,female,Uasin Gishu,Soy,Kapkures,"Plot 28, Lane 3, Langata",2025-12-03,I,Cybersecurity,Cohort 1,Prof. Robert Kiema,E-Commerce,Active
TECH-000654,gitobu kamnde,85614882,+254 777-033-99,gitobu.kamande@yahoo.com,1990-01-04,male,Kisumu,Seme,North Seme,"Plot 420, Lane 15, Moi Avenue",13-01-2026,A,Data Science,Cohort 3,Eng. Isaac Mutua,Clean Energy,On Hold
TECH-000655,joseph cynthia wabomba,44-625-815,+254 778-953-36,joseph.wabomba@gmail.com,1997-02-20,female,Trans Nzoia,Endebess,Matumbei,"House 456, Karen Avenue, Likoni",11/12/2024,A,Software Engineering,Cohort 1,Eng. Faith Nashipae,E-Commerce,Withdrawn
TECH-000656,rachel lubanga,33552487,+254 769-587-68,rachel.lubanga@outlook.com,2006-12-14,female,NULL,NULL,,"Plot 444, Lane 13, Karen",16-09-2026,A,Cloud Computing,Cohort 3,Dr. Joel Muthoka,Clean Energy,Active
TECH-000657,wangari hassan,79865892,+254 747-655-95,wangari.hassan@gmail.com,1969-04-17,female,Kiambu,Kiambu,Kihara,"House 434, Thika Avenue, Moi Avenue",2024-02-22,I,Data Engineering,Cohort 2,Dr. Grace Wanjiku,EdTech,Completed
TECH-000658,jebet munyao muriuki, 40546109,+254 737-141-27,jebet.muriuki@outlook.com,1970-01-11,male,Bungoma,Sirisia,Namwela,"Plot 227, Lane 7, Ruiru",31-03-2025,I,Cloud Computing,Cohort 3,Eng. Micah Kioko,Clean Energy,Active
TECH-000659,MWANGI KERUBO AWUOR,48333001,+254 118-847-96,mwangi.awuor@hotmail.com,1989-12-03,female,Nairobi,Westlands,Parklands,"House 13, Kangundo Street, Karen",05 Feb 2024,A,Cloud Computing,Cohort 1,Prof. Catherine Chepkorir,EdTech,Withdrawn
TECH-000660,"OMONDI, KHAEMBA EDWARD",31525708,+254 719-947-29,khaemba.omondi@gmail.com,1989-12-12,male,Kisumu,Muhoroni,Masogo/Nyang'oma,"Plot 204, Lane 19, Argwings Kodhek",23/10/2024,I,Cloud Computing,Cohort 2,Eng. Isaac Mutua,EdTech,On Hold
TECH-000661,ALLAN CHEPKWONY,48462628,+254 109-714-98,allan.chepkwony@outlook.com,1997-01-14,female,Meru,IgembeCentral,Athiru Gaiti,"House 206, Athi River Road, Argwings Kodhek",2026-01-11,I,Data Science,Cohort 1,Eng. Gilbert Mutisya,AgriTech,Withdrawn
TECH-000662,OKOTH KIARIE,60635121,+254 764-241-21,okoth.kiarie@hotmail.com,2002-06-03,female,Turkana,Loima,Loima,"Plot 409, Lane 5, Likoni",03-05-2025,A,Software Engineering,Cohort 2,Dr. Aaron Nduku,Fintech,Completed
TECH-000663,bridget wafula,60748656,+254 113-731-32,bridget.wafula@yahoo.com,2001-11-01,male,Uasin Gishu,Kapseret,Simat/Kapseret,"Plot 475, Lane 4, Athi River",08-Aug-2025,A,Software Engineering,Cohort 2,Prof. David Kiprotich,Clean Energy,Active
TECH-000664,jepkorir kipkoech,67585806,+254 715-107-55,jepkorir.kipkoech@outlook.com,1991-04-28,female,Mombasa,Kisauni,Mjambere,"House 284, Kileleshwa Road, Waiyaki",15-Feb-2024,I,Software Engineering,Cohort 2,Dr. Michael Gitonga,Clean Energy,Completed
TECH-000665,judy chepngeno ochieng,53298009,+25473863917,judy.ochieng@gmail.com,1972-10-21,female,Machakos,Yatta,Kithimani,"House 243, Thika Superhighway Avenue, Garden Estate",25-12-2026,I,AI/ML,Cohort 1,Eng. Micah Kioko,EdTech,On Hold
TECH-000666,beatrice mohamed,17363865,+254 784-432-76,beatrice.mohamed@yahoo.com,1958-09-06,female,Kiambu,Kabete,Nyathuna,"House 102, Lenana Avenue, Kenyatta",10/01/2024,I,Data Science,Cohort 3,Dr. Allan Mumo,HealthTech,Completed
TECH-000667,vincent amos kenga,72-390-872,+254 752-548-32,vincent.kenga@gmail.com,1964-03-15,male,Kisumu,Muhoroni,Chemelil,"Plot 221, Lane 11, Juja",26-02-2024,I,Data Science,Cohort 2,Dr. Harun Mwikali,Clean Energy,On Hold
TECH-000668,"mbuthia, gichuru jepchumba",90254666,+254 102-797-62,gichurumbuthia@gmail.com,12/25/2000,Male,Uasin Gishu,Moiben,Tembelio,"Plot 324, Ln 13, Argwings Kodhek",09-21-2025,Active,Software Engineering,COHORT 2,Prof. Esther Ondieki,IoT,Completed
TECH-000669,wambui beatrice maingi,61617675,+254 736-785-48,wambui.maingi@yahoo.com,1953-12-12,male,Uasin Gishu,Ainabkoi,Kaptagat,"Plot 410, Lane 13, Thika Superhighway",24-02-2025,A,Cybersecurity,Cohort 1,Dr. Collins Mwania,Logistics,Withdrawn
TECH-000670,MWANIA MWANGI,28148594,+254 103-642-02,NA,1986-01-01,female,Nyeri,Kieni,Mwiyogo/Endarasha,"House 107, Argwings Kodhek Drive, Kangundo",2024-04-26,A,Data Science,Cohort 1,Prof. Catherine Chepkorir,Logistics,Withdrawn
TECH-000671,ndinda maingi,26642804,+254 108-908-81,ndinda.maingi@outlook.com,1986-10-15,male,Bomet,Bomet Central,Chesoen,"Plot 51, Lane 19, Langata",16-Jul-2026,I,Software Engineering,Cohort 2,Eng. John Wekesa,E-Commerce,On Hold
TECH-000672,TERESA KAIMENYI,76479831,+254 786-356-18,teresa.kaimenyi@gmail.com,2000-06-18,male,Kilifi,Kilifi North,Mnarani,"House 112, Juja Road, Kasarani",26-Nov-2026,A,DevOps,Cohort 3,Eng. Micah Kioko,Logistics,Completed
TECH-000673,BARNABAS KIPNGETICH KAMANDE,54361087,+254 731-991-10,barnabas.kamande@gmail.com,1968-07-05,female,Nakuru,,Gilgil,"Plot 265, Lane 1, Kiambu Road",2024-10-23,I,Software Engineering,Cohort 1,Prof. Moses Muthoka,EdTech,Withdrawn
TECH-000674,ONSONGO OSAKO,68952302,+254 721-739-19,onsongo.oseko@yahoo.com,1999-07-03,female,Kakamega,Butere,Marama West,,09/10/2026,I,DevOps,,Dr. Grace Wanjiku,E-Commerce,Completed
TECH-000675,MUTWIRI AWINO,72452939,+254 799-272-72,mutwiri.awino@gmail.com,1993-01-17,male,Kilifi,Kilifi South,Shimo la Tewa,"Plot 457, Lane 17, Lenana",03-01-2024,I,Data Engineering,Cohort 2,Dr. Michael Gitonga,IoT,Withdrawn
TECH-000676,PHILEMON ONYANGO,58182841,+254 717-630-76,philemon.onyango@gmail.com,1983-06-08,male,,Machakos Town,Machakos Central,"House 153, Ngong Road, Kasarani",07-25-2025,A,DevOps,Cohort 1,Prof. Victor Kioko,EdTech,Active
TECH-000677,NAFULA SENTEU OCHIENG,64156562,+254 774-434-14,nafula.ochieng@outlook.com,1971-10-22,male,Uasin Gishu,Kapseret,Langas,"Plot 120, Lane 16, Lavington",26 Sep 2024,A,DevOps,NA,Dr. Allan Mumo,Logistics,Completed
TECH-000678,ESTHER WANJALA,60292368,+254 743-366-42,esther.wanjala@outlook.com,1960-07-27,male,Nakuru,Subukia,Waseges,"Plot 250, Lane 19, Kilimani",08/02/2026,A,Cloud Computing,Cohort 1,Prof. James Mwangi,AgriTech,On Hold
TECH-000679,KIMEU KENJA,21153587,+254 109-470-34,kimeu.kenga@gmail.com,1993-07-04,male,Nakuru,Kuresoi South,Keringet,"Plot 471, Lane 6, Kileleshwa",23-01-2026,A,Data Engineering,Cohort 2,Prof. Isaiah Kasina,Fintech,Completed
TECH-000680,mukami susan wambui,72823339,+254 702-413-15,mukami.wambui@hotmail.com,1980-12-03,male,Nakuru,Kuresoi South,Kiptagich,"House 328, Mombasa Road Avenue, Lavington",02-Jul-2026,I,DevOps,Cohort 2,Eng. Martin Kasina,Clean Energy,On Hold
TECH-000681,NEKESA KIMUTAI,68176943,+254 776-512-96,nekesa.kimutai@gmail.com,1976-05-11,M,Kakamega County,Khwisero,Kisa North,"House 125, Garden Estate Ave, River Rd",10/11/2024,I,Data Science,C-2,Eng. Faith Nashipae,Logistics,Withdrawn
TECH-000682,MASINDE NJUGUNA MARETE,16637364,+254 719-713-29,masinde.marete@gmail.com,1965-08-08,male,Kakamega,Shinyalu,Isukha West,"House 343, Kiambu Road Drive, Argwings Kodhek",2026-08-11,A,Mobile Development,Cohort 2,Prof. David Kiprotich,Clean Energy,On Hold
TECH-000683,simiyu jepchumba bett,36-779-296,+254 111-850-97,bettsimiyu@outlook.com,07/26/1960,male,Machakos,Mavoko,Athi River,House165ParklandsStreetTomMboya,03-08-2024,inactive,Cybersecurity,COHORT-01,Prof. Kevin Muriuki,AgriTech,Completed
TECH-000684,muthoka simyu,65 119 167,+254 106-061-38,muthoka.simiyu@yahoo.com,1997-01-22,female,Kakamega,Mumias West,Etenje,"Plot 377, Lane 4, Waiyaki",03/03/2025,I,Data Engineering,Cohort 1,Eng. Anthony Wanyonyi,E-Commerce,Active
TECH-000685,MBAKA BENJAMIN MWIRIGI,78387472,+254 731-860-38,mbaka.mwirigi@yahoo.com,2002-10-21,male,Kiambu,Limuru,Limuru Central,,15 Oct 2026,A,Software Engineering,Cohort 2,Eng. Anne Momanyi,E-Commerce,Completed
TECH-000686,cynthia  kiprono  kioko,76738801,+254 792-505-42,cynthia.kioko@gmail.com,1983-12-23,male,Kisumu,Nyando,Kabonyo/Kanyagwal,"House 310, Tom Mboya Road, Kilimani",30/04/2026,A,Data Science,Cohort 3,Eng. Anthony Wanyonyi,Fintech,Withdrawn
TECH-000687,wambui naserian naliaka,42904667,+254 119-756-04,wambui.naliaka@yahoo.com,1979-09-10,female,Mombasa County,Nyali,Ziwa la Ng'ombe,"Plot 378, Lane 11, Lavington",17/12/2025,I,Software Engineering,Cohort 3,Eng. Ezekiel Mumo,AgriTech,Completed
TECH-000688,MICAH MWANIA,17134621,,micah.mwania@gmail.com,1999-07-07,female,Nakuru,Molo,Elburgon,"Plot 312, Lane 14, Thika Superhighway",NA,A,Data Science,Cohort 3,Eng. John Wekesa,E-Commerce,Completed
TECH-000689,okoth kilonzo,21056868,+254 103-428-92,kilonzookoth@yahoo.com,1992-10-20,Female,NAIROBI,Lang'ata,Nyayo Highrise,"House 330, Argwings Kodhek Drive, Mombasa Rd",25-Jan-24,ACTIVE,Data Science,C1,Dr. Jeremiah Kioko,Clean Energy,Withdrawn
TECH-000690,KWAMBOKA NJOROGE,4303-0672,+254 102-404-03,kwamboka.njoroge@yahoo.com,1988-05-21,female,Bungoma,Bumula,Bumula,"House 177, Kiambu Drive, Waiyaki",02/18/2025,I,Data Engineering,Cohort 1,Dr. Jeremiah Kioko,EdTech,Withdrawn
TECH-000691,KIPKORIR ALEXANDER OLELA,12152239,+254 723-062-97,kipkorir.olela@gmail.com,1961-06-01,female,Nairobi,Dagoretti North,Kilimani,"House 118, Westlands Road, Juja",2024-03-01,I,AI/ML,Cohort 2,Prof. David Kiprotich,EdTech,Completed
TECH-000692,jonah mutinda,60172721,+254 797-532-11,jonah.mutinda@yahoo.com,1976-05-07,female,Kisumu,Kisumu Central,Nyalenda 'B',"Plot 91, Lane 2, Ruiru",11-Mar-24,I,Data Science,Cohort 3,Dr. Sarah Mutua,Logistics,Completed
TECH-000693,MUTISYA KIPROTICH,30513743,+254 726-502-63,mutisya@yahoo.com,06-15-2005,Male,Kakamega,Mumias West,Musanda,"Plot 122, Lane 14, Limuru",02/09/2024,Active,Data Engineering,Cohort 03,Dr. Mary Akinyi,Fintech,On Hold
TECH-000694,WACHIRA MARETE,26144121,+254 114-268-04,wachira.marete@hotmail.com,1999-10-17,male,Kiambu,Kiambu,Kihara,"House 357, Uhuru Street, Kasarani",2026-09-09,I,Software Engineering,Cohort 2,Dr. Mary Akinyi,Clean Energy,Active
TECH-000695,PAUL MARTIN AWINO,37246941,+254 799-259-64,paul.awino@gmail.com,1987-10-02,male,Nakuru,Rongai,Mosop,"House 212, Kiambu Avenue, Argwings Kodhek",07 Jul 2025,I,Data Science,Cohort 1,Eng. Elijah Mwania,Logistics,Withdrawn
TECH-000696,grace achieng,28007273,+254 761-208-01,grace.achieng@gmail.com,1974-01-05,male,Trans Nzoia,Cherangany,Kaplamai,"House 276, Ngong Road Drive, Lenana",12-Oct-2025,I,Cloud Computing,Cohort 2,Prof. Catherine Chepkorir,HealthTech,Completed
TECH-000697,ONGERI  WAMBUI,61901085,+254 765-104-20,ongeri.wambui@hotmail.com,1971-10-13,female,Nairobi,Dagoretti North,Kileleshwa,"House 465, Waiyaki Road, Westlands",29 Jun 2024,A,AI/ML,Cohort 2,Prof. Victor Kioko,Clean Energy,On Hold
TECH-000698,HARUN KILONZO AKINYI,14918680,+254 753-426-06,harun.akinyi@gmail.com,1971-02-17,female,Kiambu,Kiambu,Ting'ang'a,"House 423, Ngong Street, Moi Avenue",01/04/2026,I,Data Engineering,Cohort 1,Prof. James Mwangi,E-Commerce,On Hold
TECH-000699,charity victor simiyu,93443712,+254 784-660-80,charity.simiyu@gmail.com,1992-09-10,female,Nakuru,Nakuru Town East,Flamingo,"Plot 191, Lane 13, Waiyaki",11-Nov-24,A,Mobile Development,Cohort 3,Prof. Esther Ondieki,EdTech,On Hold
TECH-000700,zechariah mutua nzioka,NA,+254 787-518-52,zechariah.nzioka@outlook.com,NA,female,Mombasa,Changamwe,Changamwe,"Plot 454, Lane 12, Kenyatta",20250205,I,AI/ML,NA,Dr. Daniel Musyoka,IoT,Withdrawn
TECH-000701,SYOKAU KEBASO,19803499,+254 776-201-21,syokau.kebaso@gmail.com,1975-12-15,male,Kiambu,Kiambu,Kihara,"House 35, River Road Street, Kileleshwa",06-03-2026,I,Data Engineering,Cohort 3,Dr. Sarah Mutua,AgriTech,Active
TECH-000702,KALOKI KINYA KOECH,30641480,+254 721-248-41,k.koech@hotmail.com,05-08-2001,female,Bungoma,Sirisia,Namwela,Plot329Lane15Uhuru,24-01-2025,I,Cloud Computing,COHORT 2,Eng. Peter Ochieng,Fintech,Withdrawn
TECH-000703,WAFULA GLADYS WABOMBA,25012106,+254 751-794-18,wafula.wabomba@gmail.com,1983-09-18,male,Trans Nzoia,Endebess,Endebess,NA,26/06/2024,A,DevOps,Cohort 2,Prof. Robert Kiema,Logistics,Completed
TECH-000704,gakii kaimenyi,60857535,+254 786-401-23,gakii.kaimenyi@outlook.com,1971-09-11,female,Bungoma,Sirisia,Namwela,"Plot 182, Lane 12, Waiyaki",NULL,I,Software Engineering,Cohort 1,Prof. Victor Kioko,IoT,On Hold
TECH-000705,mukami mugo,80629700,+254 114-464-96,mukami.mugo@hotmail.com,2002-11-14,male,Kiambu,Ruiru,NULL,"Plot 364, Lane 20, Ngong Road",NA,I,DevOps,Cohort 3,Dr. Joy Kaloki,HealthTech,Withdrawn
TECH-000706,JEREMIAH MUTAI,97024584,+254 716-471-67,jeremiah.mutai@outlook.com,1990-03-13,male,Nairobi,Kasarani,Mwiki,"Plot 134, Lane 10, Kiambu",2026-01-02,I,AI/ML,Cohort 2,Dr. Grace Wanjiku,IoT,Withdrawn
TECH-000707,HABAKKUK KINYA LESHAN,80425944,+254 713-369-92,habakkuk.leshan@yahoo.com,1999-10-22,male,NAKURU,KURESOI SOUTH,AMALO,"Plot 383, Lane 8, Argwings Kodhek",23-Jul-2026,I,AI/ML,Cohort 1,Eng. Anthony Wanyonyi,Logistics,Withdrawn
TECH-000708,kebaso kipkoech,51861437,+254 712-921-04,kebaso.kipkoech@gmail.com,2000-11-16,male,Kakamega,Ikolomani,Idakho North,"Plot 9, Lane 4, Outering",02 May 2026,I,AI/ML,Cohort 3,Dr. Mary Akinyi,Logistics,Completed
TECH-000709,JUDY PRISCILLA WAITHERA,87657839,+254 109-891-21,judy.waithera@gmail.com,1969-10-12,female,Kiambu,Kiambu,Riabai,"Plot 58, Lane 2, Uhuru",14-07-2025,I,Mobile Development,Cohort 1,Eng. Brian Mulwa,Fintech,On Hold
TECH-000710,isaiah wamalwa,87112395,+254 759-713-15,isaiah.wamalwa@yahoo.com,1977-06-21,male,Kiambu,Limuru,Ndeiya,"House 308, Argwings Kodhek Drive, Ngong Road",04/09/2026,I,DevOps,Cohort 1,Prof. Esther Ondieki,Clean Energy,On Hold
TECH-000711,gathoni chepkiuri,18524087,+254 794-564-93,gathoni.chepkirui@outlook.com,1970-05-20,female,Kisumu,Kisumu Central,Kaloleni,"House 381, Garden Estate Street, Outering",05-27-2025,I,Mobile Development,Cohort 3,Dr. Joy Kaloki,EdTech,Active
TECH-000712,muriuki langat,62 862 467,+254 755-556-07,muriuki.langat@hotmail.com,1993-12-16,male,Kisumu,Nyakach,Central Nyakach,"Plot 358, Lane 13, Garden Estate",06/05/2024,A,Cloud Computing,Cohort 2,Dr. Aaron Nduku,E-Commerce,Completed
TECH-000713,edith auma,74513622,+254 753-458-96,edith.auma@gmail.com,1995-10-22,male,Mombasa,Changamwe,Changamwe,"Plot 330, Lane 10, Kenyatta",25-Apr-26,I,Software Engineering,Cohort 1,Dr. Michael Gitonga,AgriTech,Withdrawn
TECH-000714,evelyn emily musila,48553029,+254 711-253-51,evelyn.musila@outlook.com,1986-11-23,male,Mombasa,Mvita,Shimanzi,"Plot 458, Lane 18, Ngong",05/07/2025,I,Data Engineering,Cohort 1,Prof. Robert Kamau,Fintech,Withdrawn
TECH-000715,haggai mbake,80422146,+254 771-393-41,haggai.mbaka@yahoo.com,NA,female,Bomet,Bomet Central,Mutarakwa,"Plot 214, Lane 10, Ruiru",30-Jun-25,A,DevOps,Cohort 2,Dr. Lucy Otieno,E-Commerce,On Hold
TECH-000716,muthoka berasa,98415591,+254 112-507-09,muthoka.barasa@gmail.com,1993-03-22,female,Kisumu,Nyakach,West Nyakach,"House 202, Karen Street, Karen",15 Jul 2026,A,DevOps,Cohort 1,Dr. Sarah Mutua,AgriTech,On Hold
TECH-000717,MUGO MUNGAI,54004149,+254 722-874-26,mugo.mungai@yahoo.com,1952-02-12,male,Nairobi County,Lang'ata,Nairobi West,"Plot 12, Lane 4, Limuru",2024-07-10,I,Cybersecurity,Cohort 2,Dr. Sarah Mutua,IoT,On Hold
TECH-000718,JOHN MUSYIMI,53305731,+254 709-848-32,john55@hotmail.com,1980-02-23,Female,Mombasa,Kisauni,Mtopanga,"Plot 443, Lane 15, Kasarani",04-Oct-26,Pending,Cloud Computing,Cohort 03,Prof. Obadiah Mwania,AgriTech,Active
TECH-000719,flora leshan ndegwa,71587674,+254 113-688-91,flora.ndegwa@outlook.com,1991-12-08,female,Nairobi,Westlands,Kitisuru,"House 109, Argwings Kodhek Street, Garden Estate",2025-08-05,I,Data Science,Cohort 3,Prof. Mercy Nduku,AgriTech,On Hold
TECH-000720,LOIS PEACE MCHARO,55552113,+254 796-418-38,lois.mcharo@yahoo.com,2002-04-15,male,Meru,Central Imenti,Mwangathia,"Plot 479, Lane 12, Kiambu",06-Mar-2025,A,Software Engineering,Cohort 2,Prof. Isaiah Kasina,IoT,Withdrawn
TECH-000721,kebaso omar,72002380,+254 716-394-24,kebaso.omar@hotmail.com,2003-03-18,female,Nyeri,Tetu,Dedan Kimathi,"Plot 188, Lane 8, Outering",05/01/2026,A,AI/ML,Cohort 3,Dr. Allan Mumo,HealthTech,Withdrawn
TECH-000722,jepchumba maret,20120010,,jepchumba.marete@yahoo.com,2002-07-25,female,Uasin Gishu,NULL,Kipsomba,"Plot 86, Lane 4, Parklands",2025-01-15,I,Mobile Development,Cohort 2,Dr. Jeremiah Kioko,Fintech,Completed
TECH-000723,WABOMBA KIPKIRUI WADADA,16777558,+254 756-604-37,wabomba.wadada@gmail.com,2003-11-16,female,Bungoma,Mt. Elgon,Elgon,"Plot 69, Lane 6, Argwings Kodhek",2025-11-19,A,NA,Cohort 1,Eng. Micah Kioko,HealthTech,On Hold
TECH-000724,benjamin wabomba mutinda,77095951,+254 107-883-52,benjamin.mutinda@outlook.com,1984-07-12,female,Kiambu,Ruiru,Kahawa Sukari,"Plot 248, Lane 10, Outering",29 May 2024,A,Software Engineering,NA,Eng. Elijah Mwania,HealthTech,Active
TECH-000725,CHERONO JEPKORIR,95843097,+254 781-635-21,cherono.jepkorir@yahoo.com,1978-05-16,female,Bungoma,Webuye East,Mihuu,"Plot 435, Lane 12, River Road",2026-09-16,I,Mobile Development,Cohort 1,Eng. Amos Nduku,IoT,Completed
TECH-000726,NYABOKE MARTHA ONYANGO,60042850,+254 716-767-06,nonyango@outlook.com,10-14-1975,F,Bungoma,Mt. Elgon,Kaptama,"House 150, Karen Drive, Waiyaki",04-Sep-2026,pending,Data Science,COHORT 2,Prof. David Kiprotich,Clean Energy,Active
TECH-000727,WEKESA MWANIA, 15948948,+254 778-549-31,wekesa.mwania@outlook.com,1993-10-18,male,Nakuru,Kuresoi North,Kiptororo,"House 369, Thika Street, Kikuyu",12/02/2025,I,Software Engineering,Cohort 3,Prof. Moses Muthoka,HealthTech,Active
TECH-000728,nabea mbaka,11099806,+254 102-038-63,nabea.mbaka@gmail.com,1971-08-16,female,Mombasa,Nyali,Mkomani,"House 100, Outering Road, Ngong Road",31-Dec-2026,A,Cybersecurity,Cohort 1,Eng. Amos Nduku,Fintech,On Hold
TECH-000729,monica muema mwakisha,34827279,+254 745-224-41,monica.mwakisha@outlook.com,1983-10-28,female,Kiambu,Lari,Kamburu,"House 317, Ngong Drive, Thika Superhighway",01-26-2024,A,Mobile Development,Cohort 2,Prof. Robert Kamau,E-Commerce,Withdrawn
TECH-000730,alice michael gitau,48226449,+254 103-435-41,alice.gitau@gmail.com,1978-10-04,male,Trans Nzoia,Saboti,Tuwani,"House 297, Moi Avenue Street, Ngong Road",28-Nov-2026,I,Data Engineering,Cohort 2,Dr. Harun Mwikali,HealthTech,On Hold
TECH-000731,ombati chpkorir,70463012,+254 727-689-68,ombati.chepkorir@outlook.com,1964-07-15,male,Kiambu,Kabete,Muguga,"Plot 431, Lane 9, Limuru",25-05-2024,A,Cybersecurity,Cohort 1,Prof. Moses Muthoka,Logistics,On Hold
TECH-000732,BEATRICE KASINA,41398029,NA,beatrice.kasina@gmail.com,1993-02-26,male,Kisumu,NA,North Nyakach,"House 344, Tom Mboya Drive, Ngong",2026-01-29,A,Cloud Computing,NA,Eng. Ezekiel Mumo,IoT,Completed
TECH-000733,KIPROTICH KETER,98033089,+254 704-452-61,kiprotich.keter@gmail.com,1964-01-01,female,Nairobi,Westlands,Kitisuru,"Plot 419, Lane 3, Parklands",27-Oct-2025,A,Software Engineering,Cohort 1,Dr. Joel Muthoka,AgriTech,Completed
TECH-000734,chepkorir lenguro,28082355,+254 106-375-44,chepkorirlenguro@yahoo.com,1965-05-06,FEMALE,Mombasa,Nyali,Frere Town,"PLOT 111, LANE 16, PARKLANDS",12/28/2026,A,Data Science,COHORT 1,Eng. Gilbert Mutisya,Logistics,Completed
TECH-000735,"GICHURU, ONDIEKI SIMIYU", 67054128,+254 799-486-84,ondieki.gichuru@outlook.com,1964-04-02,male,Nairobi,Dagoretti South,Mutuini,"Plot 369, Lane 18, Kangundo",13-Aug-2024,I,Data Science,Cohort 1,Dr. Collins Mwania,Fintech,Active
TECH-000736,WAMBUI AKINII,77693989,+254 105-401-86,wambui.akinyi@outlook.com,1967-10-20,male,Nairobi,Kibra,Sarang'ombe,,2024-08-05,A,Data Science,NA,Dr. Michael Gitonga,E-Commerce,On Hold
TECH-000737,NJOROGE MBURRU,26250534,+254 799-325-17,njoroge.mburu@yahoo.com,2000-05-02,male,Nakuru,Nakuru Town West,Rhoda,"Plot 284, Lane 1, Kitisuru",09-Mar-24,I,DevOps,Cohort 1,Eng. Elijah Mwania,Logistics,Completed
TECH-000738,SYOKAU KIPROP,92229647,+254 114-002-32,syokau.kiprop@gmail.com,1987-07-06,male,Machakos,Masinga,Ekalakala,"House 237, Ngong Road Drive, Uhuru",2026-07-08,A,Cybersecurity,Cohort 2,Dr. Mary Akinyi,EdTech,Completed
TECH-000739,OJWANG NALIAKA KIPAATI,37318624,+254 709-493-55,ojwang.kipaati@gmail.com,2005-10-18,male,Nyeri,Mathira,Magutu,"House 98, Thika Superhighway Drive, Ruaraka",10 Feb 2025,A,AI/ML,Cohort 1,Prof. Esther Ondieki,Clean Energy,Completed
TECH-000740,RIMBERIA FLORA KILONZO,63687857,+254 777-285-65,rimberia.kilonzo@yahoo.com,1989-11-19,FEMALE,Kilifi,Ganze,Jaribuni,"Plot 265, Ln 1, Kenyatta",2024-08-05,Pending,Data Engineering,Cohort  2,Eng. Amos Nduku,E-Commerce,Completed
TECH-000741,alexander mbutia,53982040,+254 774-861-31,alexander.mbuthia@yahoo.com,1971-01-17,male,Nyeri,Tetu,Aguthi/Gaaki,"Plot 133, Lane 10, Parklands",16-Mar-26,A,AI/ML,Cohort 1,Dr. Aaron Nduku,HealthTech,Withdrawn
TECH-000742,njoroge lois kihika,91181404,+254 113-588-30,njoroge.kihika@yahoo.com,1991-08-15,male,Kisumu,Muhoroni,Muhoroni/Koru,"House 178, Mombasa Road Avenue, Athi River",05/28/2026,A,Mobile Development,Cohort 3,Eng. Peter Ochieng,EdTech,Completed
TECH-000743,ochieng achienng,38941630,+254 744-188-13,ochieng.achieng@yahoo.com,1993-07-17,male,Bungoma,Webuye West,Matulo,"Plot 276, Lane 5, Kileleshwa",03/06/2024,I,Data Engineering,Cohort 2,Dr. Joy Kaloki,IoT,On Hold
TECH-000744,barnabas naliaka,74220011,+254 734-400-65,barnabas.naliaka@gmail.com,1982-04-23,female,Turkana,Turkana West,Lopur,"Plot 325, Lane 20, Kitisuru",04 Apr 2025,A,Mobile Development,Cohort 1,Eng. Micah Kioko,IoT,Completed
TECH-000745,SARAH KAMOTOH,94271736,+254 765-612-75,sarah.kamotho@yahoo.com,1981-11-16,female,Nyeri,Tetu,Wamagana,"Plot 231, Lane 2, Limuru",20240705,I,AI/ML,Cohort 2,Eng. Anne Momanyi,Logistics,Withdrawn
TECH-000746,CATHERINE MWENDWA,77597242,NA,catherine.mwendwa@gmail.com,1969-09-19,female,,Kiambu,NULL,"Plot 343, Lane 9, Juja",21/08/2024,I,Data Engineering,Cohort 2,Dr. Joy Kaloki,IoT,Withdrawn
TECH-000747,ochieng kipkirui,67192629,+254 724-573-71,ochieng.kipkirui@gmail.com,1974-11-13,male,Trans Nzoia,Endebess,Endebess,"House 449, Kiambu Road Drive, Ruiru",24/08/2024,I,Software Engineering,Cohort 1,Prof. Kevin Muriuki,Clean Energy,On Hold
TECH-000748,gichuru githua, 79805302,254 746 890 58,gichuru.githua@hotmail.com,2001-02-07,female,Machakos,Yatta,Kithimani,"House 41, Lenana Avenue, Juja",22/10/2026,A,Data Science,Cohort 3,Prof. James Mwangi,AgriTech,Withdrawn
TECH-000749,PAUL KEBASO,87747703,+254 789-613-17,paul.kebaso@yahoo.com,1966-06-10,male,Nairobi,Lang'ata,Nairobi West,"Plot 315, Lane 15, Kikuyu",2025-09-27,A,AI/ML,Cohort 1,Prof. David Kiprotich,Logistics,Active
TECH-000750,momanyi stephen maingi,40070581,+254 701-019-06,momanyi.maingi@hotmail.com,1974-11-06,male,Nairobi,Kibra,Woodley,"Plot 286, Lane 11, Kikuyu",2026-02-18,I,Cloud Computing,Cohort 1,Dr. Joel Muthoka,IoT,Active
TECH-000751,emily ombati,91-211-357,+254 119-754-68,emily.ombati@gmail.com,1975-03-08,male,Kilifi,Ganze,NULL,"Plot 456, Lane 11, Limuru",03/10/2026,I,Cybersecurity,Cohort 2,Eng. Martin Kasina,IoT,Withdrawn
TECH-000752,MOGAKA SIGGEI,32116549,+254 742-820-52,mogakasigei@gmail.com,19590810,Male,Machakos,Machakos Town,Mua,House433UhuruAvenueKenyatta,2024-10-16,INACTIVE,Mobile Development,C1,Dr. Joel Muthoka,EdTech,Completed
TECH-000753,isaiah kipngetich barasa,95919174,+254 799-901-14,isaiah53@gmail.com,28/08/1988,MALE,Trans Nzoia,Saboti,Kinyoro,Plot346Lane5MombasaRd,2025-02-19,A,Data Science,Cohort3,Eng. Martin Kasina,IoT,Completed
TECH-000754,agnes muiuki,83502837,+254 724-297-84,agnes@yahoo.com,06/04/1995,female,Nakuru,Nakuru Town East,Biashara,"house 85, parklands street, kitisuru",21-04-2026,INACTIVE,Data Engineering,Cohort  2,Dr. Aaron Nduku,E-Commerce,Active
TECH-000755,kiprop malachi,39270317,NULL,malachi.kiprop@gmail.com,1980-01-15,female,Machakos,Machakos Town,Mutituni,"House 49, Athi River Street, Tom Mboya",16-11-2025,A,DevOps,NA,Prof. James Mwangi,EdTech,Completed
TECH-000756,daniel onditi gacheru,18537725,+254 799-641-17,daniel.gacheru@gmail.com,1965-02-19,female,Bomet,Chepalungu,Kongasis,"Plot 232, Lane 12, Lenana",10 Aug 2026,I,Mobile Development,Cohort 1,Prof. Daniel Mutisya,HealthTech,Active
TECH-000757,NALIAKA KINYA KETER,40299882,+254 772-593-46,naliaka.keter@hotmail.com,1954-04-11,male,Nyeri,Tetu,Dedan Kimathi,"Plot 304, Lane 5, Kitisuru",2026-03-13,I,Data Science,Cohort 3,Prof. Obadiah Mwania,Fintech,Completed
TECH-000758,victor gitau,67304369,+254 798-210-75,victor.gitau@yahoo.com,1988-06-05,female,Kisumu,Nyando,Kabonyo/Kanyagwal,"House 381, River Road Road, Parklands",22/07/2026,A,AI/ML,Cohort 1,Dr. Lucy Otieno,IoT,Withdrawn
TECH-000759,mulwa kiprop salim,80458179,+254 797-286-69,mulwa.salim@hotmail.com,1976-05-25,female,Nakuru,Nakuru Town West,London,"Plot 119, Lane 10, Parklands",23-02-2026,A,Data Science,Cohort 3,Eng. Martin Kasina,E-Commerce,Active
TECH-000760,monica  kimani  nganga,23384713,+254 118-925-94,monica.nganga@gmail.com,1997-04-05,male,Kiambu,Kabete,Muguga,"Plot 364, Lane 7, Argwings Kodhek",2026-07-21,A,AI/ML,Cohort 1,Dr. Lucy Otieno,HealthTech,On Hold
TECH-000761,kwamboka chepngeno,37407375,+254 729-679-34,kwamboka.chepngeno@yahoo.com,2003-01-01,male,Nairobi,Westlands,Kangemi,"House 268, Waiyaki Drive, Mugumo",2026-10-29,A,Data Engineering,Cohort 1,Prof. Robert Kiema,E-Commerce,Active
TECH-000762,NICHOLAS MUTISYA GITAU,94828438,+254 753-827-95,nicholas.gitau@gmail.com,1998-01-09,female,Nairobi,Lang'ata,South C,"Plot 390, Lane 10, Limuru",03-Jun-2026,A,Data Engineering,Cohort 2,Dr. Joy Kaloki,Fintech,On Hold
TECH-000763,charity nganga,55242772,+254 708-675-99,charity.nganga@hotmail.com,1972-02-08,male,Nairobi,Kasarani,Clay City,"Plot 419, Lane 14, Tom Mboya",11-03-2024,A,Mobile Development,Cohort 2,Prof. Daniel Mutisya,Logistics,On Hold
TECH-000764,monica naliaka ongeri,26020678,+254 786-268-81,monica.ongeri@hotmail.com,1953-02-26,female,Kiambu,Kikuyu,Kinoo,"Plot 102, Lane 19, Kikuyu",11/06/2024,A,Software Engineering,Cohort 2,Dr. Allan Mumo,IoT,Active
TECH-000765,kariuki kipchumba marete,76678206,+254 756-315-50,kariuki.marete@outlook.com,1989-03-16,female,Kakamega,Butere,Marama South,"House 238, Kikuyu Road, Limuru",26-Jun-2024,I,Mobile Development,Cohort 1,Eng. Anne Momanyi,Clean Energy,Active
TECH-000766,JOHN KIMANI KIVUVA,63573878,+254 104-997-62,john.kivuva@outlook.com,2004-01-19,female,Nakuru,Bahati,Kiamaina,"Plot 44, Lane 17, Outering",03 Jan 2026,I,Mobile Development,Cohort 2,Eng. Peter Ochieng,AgriTech,Completed
TECH-000767,jebiwott adhiambo mutisya,79-386-491,+254 725-860-97,jebiwott.mutisya@outlook.com,1989-02-06,female,NULL,Kilifi North,NULL,"Plot 231, Lane 15, Kiambu Road",17-Jan-26,I,DevOps,Cohort 1,Eng. Ezekiel Mumo,Logistics,Completed
TECH-000768,wangeci mwakideu,72365495,+254 787-136-08,wangeci.mwakideu@outlook.com,1962-11-20,female,Meru,Central Imenti,Mwangathia,"Plot 306, Lane 11, River Road",2025-02-02,A,Software Engineering,Cohort 2,Dr. Jonah Kasina,Logistics,Active
TECH-000769,AWITI LUBANGA,93938382,+254 775-031-49,awiti.lubanga@hotmail.com,1971-10-03,male,Bungoma,Kanduyi,Buokhwe,"Plot 346, Lane 3, Thika Superhighway",13-Aug-2024,I,Mobile Development,Cohort 1,Dr. Aaron Nduku,HealthTech,On Hold
TECH-000770,priscilla kilonzo,4111-0667,+254 104-240-41,priscilla.kilonzo@outlook.com,1997-10-08,female,Kilifi,Malindi,Jilore,NA,NA,A,AI/ML,Cohort 1,Prof. Daniel Mutisya,E-Commerce,Completed
TECH-000771,chepngeno ndunga,87698494,+254 773-613-55,chepngeno.ndunge@gmail.com,1965-10-11,female,Kilifi,Kilifi South,Shimo la Tewa,"Plot 81, Lane 12, Lavington",2025-01-26,A,DevOps,Cohort 1,Eng. Gilbert Mutisya,IoT,Active
TECH-000772,mwirigi momanyi wamalwa,78040572,+254 755-743-48,mwirigi.wamalwa@hotmail.com,1956-03-13,female,Kilifi,NA,Shella,"House 215, Kitisuru Avenue, Kileleshwa",2026-09-11,I,DevOps,Cohort 3,Dr. Daniel Musyoka,EdTech,Completed
TECH-000773,moses robert chepkirui,47334460,+254 715-544-79,moses.chepkirui@gmail.com,,male,Kakamega,Ikolomani,Idakho East,"Plot 351, Lane 13, Karen",06/18/2026,I,NULL,Cohort 1,Prof. Mercy Nduku,HealthTech,On Hold
TECH-000774,JANE MULANDI,40-540-451,+254 117-600-60,jane.mulandi@outlook.com,2002-04-04,male,Meru,Igembe North,Ntunene,"Plot 18, Lane 3, Ngong Road",26-Sep-26,I,DevOps,Cohort 1,Dr. Allan Mumo,Logistics,Completed
TECH-000775,dorothy mutisya kagwe,28067677,NULL,dorothy.kagwe@gmail.com,1971-01-18,female,Mombasa,Nyali,Kongowea,"Plot 338, Lane 4, Ngong Road",01/02/2025,I,Data Engineering,Cohort 1,Dr. Jonah Kasina,HealthTech,Completed
TECH-000776,aaron kivuva,17005696,+254 768-407-54,aaron.kivuva@gmail.com,1969-11-07,male,Nyeri,Mathira,Ruguru,"Plot 114, Lane 20, Juja",2026-05-21,I,DevOps,NA,Prof. Robert Kiema,E-Commerce,Withdrawn
TECH-000777,BRENDA OSEBE,41727657,+254 773-867-21,brenda.osebe@gmail.com,1980-07-17,male,Nakuru,Rongai,Solai,"House 81, Lavington Road, River Road",02 May 2024,I,AI/ML,Cohort 3,Prof. Robert Kiema,IoT,Completed
TECH-000778,NAISULA KIPCHIRCHIR,34921334,+254 774-768-50,naisula.kipchirchir@yahoo.com,1994-03-23,female,MERU,Central Imenti,Kabachi,"House 478, Kangundo Drive, River Road",2025-01-19,I,Data Science,Cohort 3,Prof. Robert Kiema,IoT,Active
TECH-000779,JOEL KIMANI,94759650,+254 724-550-27,joel.kimani@yahoo.com,1972-02-20,female,Nairobi,Dagoretti South,Riruta,"Plot 190, Lane 16, Thika",20260810,I,DevOps,Cohort 3,Eng. Martin Kasina,EdTech,Completed
TECH-000780,SYOKAU BRENDA OPIYO,82987126,+254 781-233-00,syokau.opiyo@gmail.com,1972-12-23,female,Mombasa,,,"Plot 160, Lane 12, Kiambu Road",07/17/2024,A,Cloud Computing,Cohort 2,Dr. Aaron Nduku,E-Commerce,Active
TECH-000781,kipkirui hannah rotich,31311109,+254 779-334-23,kipkirui.rotich@yahoo.com,1998-04-06,female,NAIROBI,Dagoretti North,Kilimani,"Plot 58, Lane 7, Langata",10/12/2024,A,Data Science,Cohort 3,Eng. Elijah Mwania,EdTech,Completed
TECH-000782,ADHIAMBO WANJALA,66741018,+254 113-426-65,awanjala@hotmail.com,12-Feb-1995,F,Kilifi,Rabai,Mwawesa,House132ThikaRdWestlands,28/03/2024,ACTIVE,Cybersecurity,Cohort  3,Dr. Harun Mwikali,IoT,Active
TECH-000783,kiprop oduya wachira,94 768 182,+254 791-971-90,kiprop.wachira@yahoo.com,1986-11-01,female,Kilifi,NULL,Kambe/Ribe,"Plot 115, Lane 18, Moi Avenue",12/02/2024,A,,Cohort 2,Prof. Catherine Chepkorir,AgriTech,On Hold
TECH-000784,robert wachira,31193066,+254 721-319-87,robert.wachira@gmail.com,1975-05-18,male,Nakuru,Gilgil,Mbaruk/Eburu,"Plot 285, Lane 4, Ngong",2026-01-10,A,Cybersecurity,Cohort 3,Eng. Ezekiel Mumo,Logistics,Active
TECH-000785,kerubo kenei,35313782,+254 721-116-59,kerubo.kenei@yahoo.com,1982-03-13,male,Nairobi,Kibra,Lindi,"Plot 457, Lane 10, Karen",18/01/2026,A,Data Science,Cohort 1,Prof. Moses Muthoka,AgriTech,On Hold
TECH-000786,onsongo chepkirui,65823059,+254 734-217-12,onsongo.chepkirui@yahoo.com,1969-09-11,male,Machakos,Mavoko,Muthwani,"House 107, Outering Road, Mugumo",28/10/2025,A,DevOps,Cohort 3,Prof. Robert Kamau,HealthTech,Active
TECH-000787,KEMUNTO KAMANDE,71814219,+254 107-801-89,kemunto.kamande@gmail.com,1984-12-04,male,Bungoma,Webuye East,Ndivisi,"Plot 344, Lane 9, Limuru",02/04/2026,A,Cybersecurity,Cohort 3,Eng. John Wekesa,Clean Energy,Active
TECH-000788,AKINYI KOECH,4386-6730,NA,akinyi.koech@yahoo.com,1956-05-06,female,Nakuru,NA,Marioshoni,"House 153, Juja Road, Kiambu Road",23/12/2025,,AI/ML,Cohort 2,Dr. Aaron Nduku,EdTech,On Hold
TECH-000789,wachira jonah sigei,92-147-935,+254 717-576-58,wachira.sigei@outlook.com,1985-09-08,male,Kiambu,Lari,Kinale,"Plot 260, Lane 7, Kasarani",2025-02-18,I,DevOps,Cohort 2,Prof. Catherine Chepkorir,Logistics,Withdrawn
TECH-000790,ROBERT MANIA,61696348,+254 743-629-21,robert.maina@gmail.com,1993-07-22,male,Nairobi,Dagoretti South,Mutuini,"House 43, Kilimani Drive, Outering",15/11/2026,A,Cloud Computing,Cohort 2,Dr. Daniel Musyoka,Logistics,Withdrawn
TECH-000791,MUTHOKA KILONZO,63659879,+254 114-202-63,muthoka.kilonzo@yahoo.com,1981-02-09,male,Kilifi,Rabai,Kambe/Ribe,"Plot 432, Lane 15, Langata",18-04-2025,A,Cybersecurity,Cohort 3,Prof. Esther Ondieki,Logistics,Active
TECH-000792,moraa kipkiri,65243280,25472761706,moraa_kipkirui@gmail.com,1969-02-25,MALE,Bomet,Bomet Central,Mutarakwa,"house 179, mombasa road drive, mombasa road",15-May-2024,INACTIVE,Cloud Computing,cohort 2,Eng. John Wekesa,E-Commerce,Active
TECH-000793,e. z. kipchirchir,60658575,+254 717-803-70,ezekiel.kipchirchir@gmail.com,1988-11-22,female,Mombasa,Nyali,Kongowea,"House 202, Tom Mboya Road, Limuru",2025-03-26,A,Mobile Development,Cohort 1,Eng. Peter Ochieng,Clean Energy,Active
TECH-000794,KEVIN NABWIRE,61911006,+254 778-844-07,kevin.nabwire@gmail.com,1974-11-15,female,Mombasa,Jomvu,Miritini,"Plot 115, Lane 6, Lenana",20-06-2025,I,Cloud Computing,Cohort 2,Dr. Michael Gitonga,IoT,Completed
TECH-000795,KEBASO SARAH MULWA,55238218,+254 794-688-28,kebaso.mulwa@hotmail.com,1971-07-15,female,Trans Nzoia,Kwanza,Bidii,"Plot 294, Lane 12, Kiambu",24/06/2025,I,Cybersecurity,Cohort 1,Eng. Micah Kioko,AgriTech,Completed
TECH-000796,eunice jepkoech muthama,15276122,+254 749-773-82,eunice.muthama@gmail.com,1984-07-13,female,Kiambu,Limuru,Limuru Central,"Plot 362, Lane 4, Ngong",07-11-2024,A,Data Engineering,Cohort 3,Eng. Amos Nduku,AgriTech,Active
TECH-000797,maina ongeri ali,58674401,+254 756-391-39,maina.ali@gmail.com,1994-01-14,male,Nairobi,Westlands,Parklands,"House 305, Outering Drive, Outering",20240529,I,Software Engineering,Cohort 1,Eng. John Wekesa,HealthTech,On Hold
TECH-000798,naserian ondieki,42390660,+254 743-875-38,naserian.ondieki@outlook.com,1967-12-10,male,KILIFI,Kaloleni,Mariakani,"House 422, Thika Superhighway Avenue, Mombasa Road",06-08-2024,A,DevOps,Cohort 1,Prof. Isaiah Kasina,Logistics,On Hold
TECH-000799,KIPRONO MOMANYI,69580659,+254 725-524-89,kiprono.momanyi@gmail.com,1994-01-06,male,Meru,Igembe South,Nkondi,"House 436, Thika Superhighway Avenue, Waiyaki",20260724,A,Cloud Computing,Cohort 1,Prof. Obadiah Mwania,Clean Energy,Withdrawn
TECH-000800,joel gikonyo,6619-4219,+254 114-385-41,joel.gikonyo@hotmail.com,1985-04-15,male,Nairobi,Kasarani,Clay City,"House 422, Kasarani Avenue, Uhuru",12-10-2026,I,Software Engineering,Cohort 1,Eng. Brian Mulwa,IoT,On Hold
TECH-000801,KANANA KIMANNI,25706272,+254 799-605-31,kanana.kimani@gmail.com,1979-02-15,female,Turkana,Turkana Central,Kerio Delta,"Plot 430, Lane 4, River Road",03-Nov-2026,A,DevOps,Cohort 2,Dr. Harun Mwikali,Fintech,Withdrawn
TECH-000802,elijah kananpiu,27375659,+254 739-165-32,elijah.kanampiu@yahoo.com,1986-05-11,female,Kilifi,Ganze,Bamba,"Plot 384, Lane 1, Kangundo",2026-10-20,A,AI/ML,Cohort 1,Eng. Martin Kasina,E-Commerce,Completed
TECH-000803,chepkoech mueni kinyua,14386856,+254 724-055-79,chepkoech.kinyua@hotmail.com,1990-12-12,male,Machakos,Machakos Town,Kalama,"Plot 170, Lane 19, Waiyaki",02-Nov-2026,I,Data Science,Cohort 3,Eng. Brian Mulwa,AgriTech,Active
TECH-000804,maina oppiyo,45143561,+254 106-141-96,maina.opiyo@yahoo.com,1992-10-11,female,Nairobi,Kasarani,Mwiki,"Plot 195, Lane 10, Moi Avenue",15-03-2026,I,Mobile Development,Cohort 2,Eng. Anthony Wanyonyi,E-Commerce,Completed
TECH-000805,kanana jepkoech,79366132,+254 766-001-43,kanana.jepkoech@yahoo.com,1990-03-19,male,Nyeri,Mathira,Kirimukuyu,"House 444, Lenana Street, Tom Mboya",31-07-2026,A,Cybersecurity,Cohort 2,Dr. Jonah Kasina,HealthTech,Completed
TECH-000806,harun mwirigi,93868796,+254 111-133-41,harun.mwirigi@outlook.com,1976-03-11,male,Nyeri,Mukurweini,Mukurwe-ini West,"House 19, Likoni Drive, Ngong",2024-03-16,A,Cybersecurity,Cohort 2,Prof. Victor Kioko,E-Commerce,Withdrawn
TECH-000807,marete wangari,11362154,NA,maretewangari@outlook.com,16-10-1987,M,Mombasa,Changamwe,Chaani,NA,15-09-2025,Inactive,Data Engineering,,Dr. Daniel Musyoka,E-Commerce,Withdrawn
TECH-000808,KARIUKI MACHARIA,80529906,+254 747-101-17,kariuki.macharia@yahoo.com,1971-01-27,male,Kisumu,Kisumu West,West Kisumu,"House 66, Lenana Drive, Ngong",05/08/2026,A,DevOps,Cohort 1,Eng. Anthony Wanyonyi,AgriTech,Completed
TECH-000809,paul moamed,90836216,+254 787-171-41,paul.mohamed@gmail.com,1978-12-09,female,Uasin Gishu,Turbo,Tapsagoi,"Plot 129, Lane 16, Kilimani",2026-12-19,I,Software Engineering,Cohort 2,Eng. Anthony Wanyonyi,Logistics,Completed
TECH-000810,nekesa ndunda,98820686,+254 119-863-67,nekesa.ndunda@outlook.com,1992-05-24,female,Nairobi,Kasarani,Ruai,"Plot 410, Lane 7, Kiambu",29-08-2025,A,Mobile Development,Cohort 3,Dr. Jonah Kasina,Logistics,On Hold
TECH-000811,nahum mwamburri,79553479,+254 724-900-88,nahum.mwamburi@yahoo.com,2000-12-25,male,Nakuru,Kuresoi North,Sirikwa,"Plot 126, Lane 17, Garden Estate",05 Dec 2025,I,Data Engineering,Cohort 3,Prof. Kevin Muriuki,EdTech,Active
TECH-000812,KAGENDO MUTUA KIPKORIR,44452054,+254 743-726-42,kagendo.kipkorir@gmail.com,1984-05-01,female,Nairobi,Dagoretti North,Kawangware,"Plot 468, Lane 14, Likoni",NA,I,Software Engineering,Cohort 3,Prof. Mercy Nduku,E-Commerce,Completed
TECH-000813,mogaka robert mohamed,29263249,+254 705-413-73,mogaka.mohamed@gmail.com,1998-05-19,male,Kakamega,Lugari,Chekalini,"Plot 384, Lane 18, Tom Mboya",23/03/2026,I,Data Science,Cohort 3,Dr. Sarah Mutua,Fintech,Completed
TECH-000814,WANJIRU WACHIRA,65938669,+254 774-987-24,wanjiru.wachira@gmail.com,1994-04-23,male,Machakos,Machakos Town,Mua,"Plot 340, Lane 20, Kileleshwa",16-12-2026,I,Cloud Computing,Cohort 2,Dr. Harun Mwikali,E-Commerce,Completed
TECH-000815,ANYANGO ONSONGO,99-309-976,+254 114-692-62,anyango.onsongo@yahoo.com,1967-10-05,female,Mombasa,Mvita,Tononoka,"House 425, Limuru Street, Kilimani",11-09-2024,I,AI/ML,Cohort 1,Eng. Brian Mulwa,Clean Energy,On Hold
TECH-000816,MORAA KIPKEMBOI WANJOHI,75618337,+254 101-199-89,moraa.wanjohi@gmail.com,1951-12-21,male,Nairobi,Dagoretti North,Kilimani,"House 234, Waiyaki Road, Kileleshwa",2024-03-14,I,Cybersecurity,Cohort 2,Prof. Catherine Chepkorir,Fintech,Completed
TECH-000817,kipkemoi kipkoech,43137733,+254 116-644-22,kipkemoi.kipkoech@yahoo.com,2003-09-23,male,Turkana,NA,Katilia,"House 368, Langata Street, Argwings Kodhek",03/03/2026,I,,Cohort 3,Dr. Mary Akinyi,IoT,On Hold
TECH-000818,DANIEL BETT,57019856,+254 775-202-60,daniel.bett@gmail.com,1959-06-06,female,Nairobi,Kasarani,Clay City,"House 302, Mugumo Road, Likoni",18-Feb-2026,I,Data Science,Cohort 1,Dr. Michael Gitonga,EdTech,Withdrawn
TECH-000819,syokau wafula kipchirchir,46834775,+254 787-770-93,syokau.kipchirchir@gmail.com,,male,Kiambu,Lari,NA,"House 265, Kileleshwa Drive, River Road",NA,A,Data Engineering,Cohort 3,Eng. John Wekesa,Logistics,Completed
TECH-000820,SAMUEL JONATHAN MOHAMED,72373944,+254 775-363-05,samuel.mohamed@hotmail.com,1973-05-19,female,Kakamega,Lugari,Mautuma,"Plot 291, Lane 4, Lavington",22-Aug-2024,A,Software Engineering,Cohort 2,Prof. Victor Kioko,EdTech,Withdrawn
TECH-000821,MONICA IRENE MUSYIMI,74434188,+254 119-557-64,monica.musyimi@yahoo.com,1968-01-11,female,Uasin Gishu,Kesses,Cheptiret/Kipchamo,"Plot 442, Lane 18, Ruaraka",2025-01-23,A,DevOps,Cohort 2,Eng. Gilbert Mutisya,IoT,On Hold
TECH-000822,auma mukhwana,73575916,+254 116-138-23,auma.mukhwana@gmail.com,1971-12-19,female,Kiambu,Lari,Kijabe,"House 388, Tom Mboya Road, Outering",20260623,I,Cybersecurity,Cohort 2,Dr. Daniel Musyoka,HealthTech,Completed
TECH-000823,C. WAMBUGU,NULL,+254 772-160-34,collins.wambugu@yahoo.com,1968-03-27,female,Uasin Gishu,Ainabkoi,Kapsoya,"Plot 224, Lane 1, Garden Estate",03-Jul-25,I,Data Engineering,Cohort 1,Dr. Mary Akinyi,EdTech,Completed
TECH-000824,caroline jonah jepkorir,46428687,+254 773-911-48,caroline.jepkorir@outlook.com,,male,Kilifi,,,"Plot 59, Lane 5, Thika",23 Mar 2026,I,Cloud Computing,Cohort 1,Eng. Gilbert Mutisya,Clean Energy,On Hold
TECH-000825,nekesa agnes leshan,89722688,+254 776-497-42,nleshan@yahoo.com,25/02/1991,MALE,Kiambu,Limuru,Limuru Central,Plot 298 Lane 2 Lenana,23-Dec-2024,A,Data Engineering,Cohort-3,Dr. Grace Wanjiku,Logistics,Completed
TECH-000826,kinya gikonyo,52977271,+254 704-037-26,k.g@gmail.com,1952-01-13,MALE,Mombasa,Likoni,Likoni,Plot 138 Lane 5 Thika,2025-12-05,active,Cybersecurity,cohort 3,Dr. Jonah Kasina,AgriTech,Withdrawn
TECH-000827,MURIUKI KIPROP,14492483,+254 118-169-11,muriuki.kiprop@yahoo.com,1991-02-24,female,Bungoma,Sirisia,Lwandanyi,"Plot 462, Lane 9, Kilimani",2026-08-10,A,Cybersecurity,Cohort 1,Prof. Catherine Chepkorir,HealthTech,Active
TECH-000828,GEORGE JEPKOECH,18979224,+254 756-074-12,george.jepkoech@hotmail.com,1990-07-23,female,Kakamega,Butere,Marama South,"House 306, Mombasa Road Drive, Karen",05-09-2025,A,Cybersecurity,Cohort 1,Dr. Harun Mwikali,HealthTech,Completed
TECH-000829,mark nyambane koech,19941358,+254 735-082-66,mark.koech@yahoo.com,2001-03-27,female,UASIN GISHU,Soy,Moi's Bridge,"Plot 196, Lane 9, Garden Estate",2026-02-27,I,AI/ML,Cohort 3,Prof. Obadiah Mwania,IoT,Completed
TECH-000830,michael koech,12251618,+254 787-730-84,michael.koech@yahoo.com,1982-04-23,female,Kiambu,Kabete,Muguga,"House 217, Kikuyu Road, Ruaraka",06/04/2024,A,DevOps,Cohort 1,Prof. Catherine Chepkorir,HealthTech,On Hold
TECH-000831,cynthia mwikali katua,63297593,NULL,cynthia.katua@yahoo.com,1978-01-02,male,Nairobi,Kasarani,Clay City,"Plot 461, Lane 6, Thika Superhighway",03/10/2024,,Data Engineering,Cohort 1,Eng. Amos Nduku,IoT,Completed
TECH-000832,haggai awiti awiti,62 450 460,+254 117-913-30,haggai.awiti@yahoo.com,1976-05-25,male,Kilifi,Ganze,Sokoke,"Plot 103, Lane 15, Juja",02-Apr-2025,I,Data Engineering,Cohort 3,Dr. Sarah Mutua,Clean Energy,Active
TECH-000833,nahum mulandi,67601447,NA,nahum.mulandi@gmail.com,1991-04-26,male,NA,Kilifi North,Kibarani,"Plot 444, Lane 13, Kiambu Road",03/02/2024,A,AI/ML,Cohort 3,Dr. Joy Kaloki,Logistics,Withdrawn
TECH-000834,MARETE BOSIBORI ANYANGO,69193036,+254 113-307-35,marete.anyango@gmail.com,1972-12-01,female,Bungoma,Kanduyi,East Sang'alo,"House 56, Outering Drive, Kasarani",12-01-2025,I,Cybersecurity,Cohort 3,Eng. Anne Momanyi,Logistics,Completed
TECH-000835,CAROLINE JEPKORIR GITONGA,32185945,+254 773-009-31,caroline.gitonga@gmail.com,1982-08-05,female,Bomet,Konoin,Embomos,"Plot 78, Lane 19, Juja",2025-08-18,I,Cloud Computing,Cohort 2,Dr. Lucy Otieno,IoT,Completed
TECH-000836,edith cherotich muriuki,62991228,+254 792-769-94,edith.muriuki@gmail.com,2001-07-18,male,Bomet,Chepalungu,Siongiroi,"House 127, Karen Drive, Likoni",22-11-2024,I,Cybersecurity,Cohort 2,Prof. David Kiprotich,AgriTech,Withdrawn
TECH-000837,JEPCHUMBA MUNYORI,28205180,+254 703-857-01,jepchumba.munyori@gmail.com,1992-03-27,female,Kakamega,Matungu,Mayoni,"House 354, Lenana Avenue, Kangundo",2026-09-22,I,DevOps,Cohort 2,Dr. Allan Mumo,Clean Energy,Withdrawn
TECH-000838,ZECHARIAH MWENGOLO,53634616,+254 731-840-89,zechariah.mwangolo@gmail.com,1985-12-20,male,Kakamega,Shinyalu,Isukha North,"Plot 349, Lane 11, Juja",17/03/2026,I,Cloud Computing,Cohort 1,Dr. Joy Kaloki,Clean Energy,Active
TECH-000839,ESTHER MWANIA,35 431 755,+254 763-077-32,e.mwania@hotmail.com,21-07-1997,MALE,Uasin Gishu,Moiben,Kimumu,"House 377, Waiyaki Road, Westlands",02/22/2025,pending,Mobile Development,C-2,Dr. Grace Wanjiku,AgriTech,Completed
TECH-000840,GICHURU HABAKKUK KIARIE,79 631 857,+254 787-087-17,gichuru.kiarie@yahoo.com,1988-08-25,male,Machakos,Kangundo,Kangundo Central,"House 122, Moi Avenue Road, Limuru",09-Jul-2025,I,Data Engineering,Cohort 3,Prof. Moses Muthoka,IoT,Active
TECH-000841,NALIAKA HANNAH MUGO,43296039,+254 706-339-17,naliaka.mugo@gmail.com,2000-03-09,female,Kakamega,Ikolomani,Idakho Central,"Plot 335, Lane 15, Garden Estate",2025-01-09,I,Mobile Development,Cohort 2,Prof. Robert Kamau,AgriTech,Withdrawn
TECH-000842,njuguna nabwire rimberia,85891673,0741-588-40,njuguna.rimberia@gmail.com,1994-08-12,male,Turkana,Turkana East,Katilia,"House 227, Karen Street, Tom Mboya",2026-07-22,A,Cybersecurity,Cohort 1,Eng. John Wekesa,HealthTech,On Hold
TECH-000843,nanjala musalia,68152649,+254 799-233-90,musaliananjala@gmail.com,14/01/1988,MALE,Kilifi,Rabai,Ruruma,"Plot 404, Ln 19, Ngong Rd",01-01-2026,Active,Data Engineering,Cohort  3,Eng. Anthony Wanyonyi,HealthTech,Completed
TECH-000844,MUTHONI NJOROGE,54 336 695,+254 785-718-09,muthoni.njoroge@hotmail.com,1969-03-01,female,Nairobi,Kasarani,Kasarani,"House 8, Kiambu Road Road, Lenana",2024-05-02,A,DevOps,Cohort 2,Prof. Kevin Muriuki,EdTech,Completed
TECH-000845,NASIMIYU MIDEI,31168076,+254 116-918-05,nasimiyu.mitei@outlook.com,1962-01-07,female,Kakamega,Khwisero,Kisa North,"House 79, Tom Mboya Avenue, Langata",2025-09-10,A,Data Science,Cohort 3,Prof. Kevin Muriuki,Logistics,On Hold
TECH-000846,lois kimutai,21071555,+254 724-775-37,kimutailois@gmail.com,1975-01-09,Female,Machakos,Machakos Town,Mutituni,"House 386, Thika Superhighway Road, Lenana",02/12/2024,inactive,Cybersecurity,C-1,Dr. Allan Mumo,Clean Energy,Completed
TECH-000847,CHRISTOPHER WANYONYI,38573279,+254 101-800-08,christopher.wanyonyi@gmail.com,1981-01-11,male,Machakos,Yatta,Matuu,"Plot 192, Lane 11, Kangundo",01-07-2026,A,Data Science,Cohort 1,Dr. Joel Muthoka,AgriTech,On Hold
TECH-000848,jebet kivuva,64910054,+254 777-867-79,jebet.kivuva@gmail.com,1995-02-06,female,Kiambu,Kikuyu,Nachu,"Plot 227, Lane 12, Ruiru",25/04/2026,I,Cloud Computing,Cohort 2,Eng. Amos Nduku,EdTech,On Hold
TECH-000849,ELIJAH NANJALA,35144936,+254 796-346-47,elijah.nanjala@gmail.com,1966-03-06,male,Machakos,Mavoko,Kinanie,"Plot 384, Lane 1, Ruaraka",05 Mar 2025,I,AI/ML,Cohort 1,Eng. Martin Kasina,Logistics,Completed
TECH-000850,kipkorir mwikali wachira,53699242,+254 755-119-21,k.w@yahoo.com,1947-12-06,female,Kiambu County,Kabete,Gitaru,"Plot 270, Lane 10, Moi Avenue",18/03/2026,I,Software Engineering,Cohort 1,Prof. Obadiah Mwania,Clean Energy,On Hold
TECH-000851,BRIDGET NDUNGE MWIRIGI,32305372,+254 748-101-30,bridget.mwirigi@outlook.com,1968-07-04,male,Machakos,Kangundo,Kangundo West,"House 466, Limuru Drive, Outering",2026-10-29,A,AI/ML,Cohort 2,Dr. Joel Muthoka,Clean Energy,Completed
TECH-000852,WAFULA MUTHONI WAMBUI,43539303,+254 705-957-35,wafula.wambui@gmail.com,1969-09-13,female,Kisumu,Nyakach,South West Nyakach,"Plot 275, Lane 15, Athi River",2024-05-18,A,Software Engineering,Cohort 3,Prof. Moses Muthoka,E-Commerce,Active
TECH-000853,ZEPHANIAH MWOROA OKELLO,87993653,+254 735-353-54,zephaniah.okello@gmail.com,1963-07-23,female,Mombasa,Mvita,Shimanzi,"Plot 475, Lane 15, Kitisuru",03-09-2025,I,Data Engineering,Cohort 1,Eng. John Wekesa,EdTech,Active
TECH-000854,cherotich nabwire,57712356,+254 773-679-02,,2003-09-14,female,Kiambu,Githunguri,Ikinu,"House 75, Moi Avenue Road, Kiambu Road",15 Jun 2024,A,DevOps,NA,Dr. Daniel Musyoka,AgriTech,Active
TECH-000855,awiti barasa,20854852,+254 103-004-55,awiti.barasa@gmail.com,1986-01-12,male,Nairobi,Lang'ata,Karen,"Plot 192, Lane 18, Kangundo",29/12/2024,I,Cloud Computing,Cohort 3,Prof. James Mwangi,IoT,Withdrawn
TECH-000856,CAROLINE OPIYO MWAKIDEU,74 037 100,+254 786-228-97,NA,1983-08-12,male,NA,Githunguri,Ngewa,"Plot 98, Lane 10, Outering",04/01/2024,A,,Cohort 3,Prof. Robert Kamau,HealthTech,Completed
TECH-000857,jebiwott awuor,37332854,+254 759-922-71,jebiwott.awuor@gmail.com,1956-11-20,male,Nakuru,Subukia,Waseges,"Plot 290, Lane 11, Garden Estate",01-Sep-2026,A,DevOps,Cohort 2,Eng. John Wekesa,AgriTech,Withdrawn
TECH-000858,EVELYN KTUA,44715287,+254 117-649-20,evelyn.katua@gmail.com,1994-09-12,female,Bungoma,Webuye East,Maraka,"Plot 403, Lane 14, Ruiru",25-09-2025,A,AI/ML,Cohort 1,Prof. Esther Ondieki,Clean Energy,On Hold
TECH-000859,KAMAU GAKUNYI ROTICH,80621626,+25475303235,kamaurotich@gmail.com,1987-01-10,male,Bungoma,Mt. Elgon,Elgon,"House 162, Garden Estate Drive, Mugumo",20/03/2025,A,Data Engineering,Cohort1,Prof. Catherine Chepkorir,AgriTech,On Hold
TECH-000860,musyoka nabwire,71413187,+254 724-941-53,musyoka.nabwire@yahoo.com,1999-03-07,female,Kilifi,Ganze,Ganze,"House 265, Ngong Road Street, Lavington",08-12-2026,A,Data Science,Cohort 1,Eng. Micah Kioko,Fintech,Completed
TECH-000861,CAROLINE WACHIRA NEKESA,50546917,+254 739-823-47,caroline.nekesa@gmail.com,1994-06-02,male,KIAMBU,KIKUYU,NACHU,"Plot 174, Lane 11, River Road",04/08/2025,A,Mobile Development,Cohort 3,Eng. John Wekesa,EdTech,Completed
TECH-000862,ALEXANDER ONDIEKI KIHUMBA,71889175 ,+254 769-388-52,alexander.kihumba@gmail.com,1966-01-14,female,KAKAMEGA,Khwisero,Kisa West,"House 452, Lenana Drive, Likoni",22-04-2026,I,DevOps,Cohort 2,Prof. Victor Kioko,EdTech,Completed
TECH-000863,alice ochieng,79467412,+254 708-151-82,alice.ochieng@hotmail.com,NA,female,NA,Khwisero,Kisa East,"Plot 6, Lane 10, Waiyaki",24-Apr-26,NULL,Mobile Development,Cohort 3,Eng. Elijah Mwania,Clean Energy,Active
TECH-000864,EVELYN MUMO,36 487 434,+254 747-327-38,evelyn.mumo@gmail.com,1974-12-11,male,Mombasa,Jomvu,Mikindani,"Plot 184, Lane 10, Kenyatta",31/08/2026,I,Data Science,Cohort 1,Eng. Peter Ochieng,EdTech,On Hold
TECH-000865,jebet cherotich koross,46288827,+254 718-217-82,jebet.koross@yahoo.com,1988-04-26,female,Kilifi,Rabai,Ruruma,"Plot 223, Lane 1, Moi Avenue",2025-05-28,A,AI/ML,Cohort 1,Dr. Allan Mumo,Fintech,Withdrawn
TECH-000866,janet beatrice towett,63217173,+254 761-472-63,janet.towett@gmail.com,2001-05-07,male,Nairobi,Kibra,Woodley,"Plot 40, Lane 16, Kasarani",08/12/2024,NULL,Cybersecurity,Cohort 1,Dr. Jonah Kasina,IoT,Active
TECH-000867,agnes njuguna,62027391,+254 733-189-64,agnes.njuguna@hotmail.com,2000-10-21,female,Turkana,Turkana North,Kaeris,"House 281, Kiambu Road, Waiyaki",07-04-2024,I,Data Science,Cohort 1,Dr. Lucy Otieno,Clean Energy,Withdrawn
TECH-000868,KIPROTICH KINYA,66752122,+254 118-842-77,kiprotich.kinya@yahoo.com,2004-02-27,female,Bungoma,Kanduyi,West Sang'alo,"House 126, Ngong Road Avenue, Westlands",23-01-2025,A,AI/ML,Cohort 1,Prof. Victor Kioko,IoT,Withdrawn
TECH-000869,akinyi isaiah mutai,42835306,,akinyi.mutai@yahoo.com,1973-11-26,female,Mombasa,Changamwe,Chaani,"Plot 343, Lane 18, Ruaraka",2025-05-25,A,Software Engineering,Cohort 3,Eng. Brian Mulwa,Logistics,Completed
TECH-000870,MUTHONI OPIYU,55649927,+254 118-701-18,muthoni.opiyo@yahoo.com,1970-07-11,male,Kilifi,Kaloleni,Mariakani,"Plot 215, Lane 7, Tom Mboya",2025-09-21,A,DevOps,Cohort 2,Eng. Elijah Mwania,E-Commerce,Withdrawn
TECH-000871,gladys veronica wairimu,78053602,+254 713-035-95,gladys.wairimu@outlook.com,1995-02-27,male,Nairobi,Westlands,Parklands,"Plot 368, Lane 12, Kasarani",2026-11-09,A,Cybersecurity,Cohort 2,Dr. Collins Mwania,IoT,Active
TECH-000872,CAROLINE OTULA,51105057,+254 106-097-04,caroline.otula@gmail.com,1985-06-05,male,Meru,Tigania East,Mikinduri,"House 243, Kileleshwa Drive, Kilimani",16 Sep 2025,A,Software Engineering,Cohort 3,Dr. Allan Mumo,HealthTech,Active
TECH-000873,NYAMBURA MUGO WACHIRA,56293495,+254 115-093-40,nyambura.wachira@outlook.com,1986-10-12,female,Machakos,Machakos Town,Mua,,2024-09-12,I,Cybersecurity,Cohort 2,Eng. Peter Ochieng,Fintech,Active
TECH-000874,gitonga koecth,38336171,+254 751-763-97,gitonga.koech@hotmail.com,1990-04-21,female,Mombasa,Mvita,Mji wa Kale,"House 179, Moi Avenue Drive, Ngong Road",25/05/2025,A,DevOps,Cohort 3,Eng. Gilbert Mutisya,Fintech,Active
TECH-000875,njuguna wamalwa,75851188,+254 763-172-64,njuguna.wamalwa@gmail.com,1956-02-06,male,Bomet,Bomet East,Merigi,"House 469, Jogoo Avenue, Kenyatta",10-03-2026,A,Data Engineering,Cohort 3,Dr. Harun Mwikali,E-Commerce,Withdrawn
TECH-000876,WANGARI AWOUR,98638560,+254 772-665-61,wangari.awuor@gmail.com,1999-06-21,male,NAIROBI,Westlands,Kangemi,"House 88, Argwings Kodhek Avenue, Tom Mboya",2026-06-05,I,Cloud Computing,Cohort 3,Prof. Catherine Chepkorir,IoT,Active
TECH-000877,VINCENT KANAMPIU,51052630,+254 784-720-08,vincent.kanampiu@gmail.com,1997-08-18,female,Nairobi,Dagoretti North,Gatina,"House 354, Kitisuru Avenue, Argwings Kodhek",20250308,I,Software Engineering,Cohort 2,Dr. Jeremiah Kioko,IoT,Withdrawn
TECH-000878,WACHIRA MWENIA,56624300,+254 787-780-47,wachira.mwania@gmail.com,1993-01-01,male,Kisumu,Kisumu Central,Nyalenda 'B',"Plot 468, Lane 18, Waiyaki",02-03-2025,I,Data Science,Cohort 2,Eng. Amos Nduku,Fintech,Completed
TECH-000879,MICHAEL WACHIRA,43490657,+254 704-870-85,michael.wachira@gmail.com,1971-02-05,male,Meru,Buuri,Kiirua/Naari,"House 435, Kiambu Avenue, Mombasa Road",20240716,A,AI/ML,Cohort 3,Dr. Aaron Nduku,Clean Energy,On Hold
TECH-000880,MUTUA KIPROP GIKONYO,11523452,+254 726-205-26,mutua.gikonyo@hotmail.com,1990-12-09,female,Kiambu,Ruiru,Kahawa Wendani,"House 172, Ruiru Avenue, Kitisuru",14-03-2024,I,Cybersecurity,Cohort 2,Eng. John Wekesa,HealthTech,Completed
TECH-000881,OJWANG NYABOKE MUSALIA,66013532,+254 737-007-27,o.musalia@gmail.com,1993-06-15,Male,Kisumu,Kisumu West,Central Kisumu,Plot 442 Lane 17 Ngong,11/23/2025,pending,Mobile Development,C-2,Prof. Mercy Nduku,Clean Energy,Withdrawn
TECH-000882,GILBERT WAFULA,68829908,+254 783-207-45,gilbert.wafula@yahoo.com,2002-08-02,female,Kisumu,Kisumu West,North Kisumu,"Plot 435, Lane 15, Kangundo",07-06-2025,A,Data Engineering,Cohort 1,Eng. Anthony Wanyonyi,E-Commerce,Active
TECH-000883,onsongo rinberia,16565770,+254 722-554-57,onsongo.rimberia@gmail.com,1977-01-22,male,Kisumu,Nyando,Kabonyo/Kanyagwal,"Plot 26, Lane 6, Parklands",20260915,A,Mobile Development,Cohort 1,Eng. Isaac Mutua,HealthTech,Withdrawn
TECH-000884,VERONICA KANAU,3228-0888,+254 776-344-27,veronica.kamau@outlook.com,1998-12-17,female,Meru,CentralImenti,Mwangathia,"House 109, Ngong Road Drive, Ruaraka",2026-07-24,A,Data Science,Cohort 3,Prof. Robert Kamau,Fintech,Active
TECH-000885,grace wambugu,23431358,+254 727-092-16,grace.wambugu@yahoo.com,NA,female,Nairobi,Dagoretti North,,"House 54, Mombasa Road Road, Tom Mboya",2025-03-19,NULL,Software Engineering,Cohort 2,Dr. Lucy Otieno,HealthTech,Completed
TECH-000886,ONSONGO NICHOLAS WAMUYU,44436835,+254 727-936-64,onsongo.wamuyu@gmail.com,1981-02-24,male,Mombasa,Nyali,Frere Town,"Plot 410, Lane 9, Kikuyu",NA,NA,Data Science,Cohort 3,Prof. Kevin Muriuki,HealthTech,On Hold
TECH-000887,IRENE MVIRIGI,55161836,+254 112-936-97,irene.mwirigi@gmail.com,1976-05-18,male,Machakos,Kangundo,Kangundo West,"Plot 29, Lane 18, Mugumo",31/05/2024,A,Cybersecurity,Cohort 1,Prof. Robert Kiema,Clean Energy,Active
TECH-000888,AGNESWACHIRA,18519119,+254 781-858-45,agnes.wachira@hotmail.com,1963-11-23,male,Kilifi,Malindi,Kakuyuni,"Plot 94, Lane 19, Kilimani",16-Dec-25,I,Data Science,Cohort 1,Prof. Obadiah Mwania,Logistics,Active
TECH-000889,KIMEU KINYA ACHIENG,78234708,+254 791-535-10,kimeu.achieng@outlook.com,2001-10-01,male,Kisumu,Kisumu West,,"House 322, Likoni Avenue, Parklands",NULL,I,NULL,Cohort 3,Dr. Daniel Musyoka,E-Commerce,Active
TECH-000890,onsongo martha gitau,98 504 112,+254 769-102-11,onsongo.gitau@yahoo.com,1989-11-09,female,Uasin Gishu,Kesses,Racecourse,"House 134, Karen Street, Kilimani",02-Jul-2024,A,Data Science,Cohort 1,Eng. Anthony Wanyonyi,Fintech,Active
TECH-000891,KAGENDO LOIS OKOTH,21970652,+25470993749,kagendo.okoth@gmail.com,1982-11-25,female,Nakuru,Molo,Marioshoni,"Plot 411, Lane 10, Ruaraka",2026-06-10,A,Mobile Development,Cohort 1,Eng. Isaac Mutua,IoT,Completed
TECH-000892,MUTWIRI BETT,9153-6470,+254 737-881-39,mutwiri.bett@gmail.com,1953-10-13,male,Kiambu,Limuru,Ndeiya,"Plot 131, Lane 2, Waiyaki",02/05/2024,A,Cybersecurity,Cohort 3,Prof. Esther Ondieki,Fintech,Withdrawn
TECH-000893,BARNABAS WAIRIMU,15513078,+254 704 695 45,barnabas.wairimu@gmail.com,1970-06-27,female,Kakamega,Shinyalu,Isukha South,"Plot 357, Lane 17, Kasarani",20240708,A,Data Engineering,Cohort 1,Dr. Michael Gitonga,Logistics,On Hold
TECH-000894,CHRISTOPHER WAMUYU,85102924,+254 707-086-84,christopher.wamuyu@gmail.com,1993-06-15,female,Mombasa,Kisauni,Mwakirunge,"Plot 134, Lane 2, Kiambu",13-Jul-24,A,Data Engineering,Cohort 1,Dr. Joel Muthoka,Clean Energy,Active
TECH-000895,deborah musila,43247799,+254 716-761-49,deborah.musila@gmail.com,1979-10-24,female,Kakamega,Mumias East,Malaha/Isongo/Masindi,"House 405, Jogoo Avenue, Kenyatta",20250612,A,Data Engineering,Cohort 2,Dr. Joel Muthoka,IoT,Withdrawn
TECH-000896,aaron wanyonyi salim,87290551,+254 112-659-17,aaron.salim@yahoo.com,2000-02-13,female,Kisumu,Kisumu West,South West Kisumu,"House 419, Kiambu Drive, Moi Avenue",2024-09-29,A,Cybersecurity,Cohort 3,Eng. Brian Mulwa,HealthTech,Completed
TECH-000897,BRIAN ADHIAMBO WANJALA,22896453,+254 776-441-34,brian.wanjala@hotmail.com,1956-12-28,female,Machakos,Kathiani,Upper Kaewa/Iveti,"House 106, Langata Street, Kiambu Road",23/12/2025,A,Mobile Development,Cohort 2,Prof. Robert Kiema,HealthTech,Active
TECH-000898,brian mogaka wamuyu,36358707,+254 107-165-37,brian.wamuyu@yahoo.com,1997-05-22,female,Kakamega,Shinyalu,Isukha North,"Plot 343, Lane 2, Kangundo",2026-04-04,I,Software Engineering,Cohort 1,Eng. Micah Kioko,Logistics,On Hold
TECH-000899,masinde kilonzu,57 216 333,+254 734-597-93,masinde.kilonzo@gmail.com,1997-10-01,male,Kiambu,Kabete,Gitaru,"Plot 417, Lane 2, Moi Avenue",05/10/2026,I,Data Engineering,Cohort 3,Prof. Esther Ondieki,HealthTech,Active
TECH-000900,mutisya kipngetich,95190598,+254 729-251-00,mutisya.kipngetich@gmail.com,1965-12-11,female,Kakamega,Lugari,Manda/Shivanga,"House 99, Kasarani Avenue, Likoni",20261124,I,Software Engineering,Cohort 3,Dr. Allan Mumo,Clean Energy,Completed
TECH-000901,muthuri gitonga,58384994,+254 731-335-81,muthuri.gitonga@gmail.com,1995-12-15,male,KIAMBU,Githunguri,NA,NA,20241216,A,Data Science,Cohort 3,Dr. Michael Gitonga,E-Commerce,Withdrawn
TECH-000902,KINYA CHERRUIYOT,28437610,+254 721-550-00,kinya.cheruiyot@gmail.com,1991-09-25,male,Kiambu,Limuru,Bibirioni,"Plot 212, Lane 10, Outering",22/08/2024,I,Mobile Development,Cohort 3,Dr. Allan Mumo,Clean Energy,On Hold
TECH-000903,KIMEU MAINGI,91370652,+254 756-436-77,kimeu.maingi@gmail.com,2005-09-22,female,Uasin Gishu,NA,Segero/Barsombe,"House 283, Garden Estate Avenue, Argwings Kodhek",15-10-2026,I,Cloud Computing,Cohort 1,Dr. Jeremiah Kioko,Logistics,Completed
TECH-000904,NDUKU KANANA KIMUTAI,75916227,+254 791-859-82,nduku.kimutai@gmail.com,1973-10-05,male,Uasin Gishu,Kapseret,Simat/Kapseret,"Plot 45, Lane 6, Kiambu Road",2026-01-20,A,Software Engineering,Cohort 1,Dr. Lucy Otieno,AgriTech,Withdrawn
TECH-000905,GITHINJI MUTWIRI MOGAKA,41635154,+254 107-916-55,githinji.mogaka@gmail.com,1971-06-03,female,Kiambu,Githunguri,Githiga,"Plot 380, Lane 6, Argwings Kodhek",2024-08-29,A,Software Engineering,Cohort 3,Dr. Sarah Mutua,AgriTech,On Hold
TECH-000906,J. ROTICH,26625933,+254 101-320-47,jrotich@gmail.com,19/08/1979,F,Kisumu,Kisumu Central,Kaloleni,Plot146Lane2Parklands,2024-12-31,ACTIVE,Software Engineering,Cohort2,Dr. Michael Gitonga,AgriTech,Active
TECH-000907,IRENE KAIMENYI,27627784,+254 704-532-66,irene.kaimenyi@outlook.com,1983-03-17,female,Nairobi,Lang'ata,Karen,"House 173, Thika Superhighway Street, Moi Avenue",15/12/2026,A,AI/ML,Cohort 3,Prof. Obadiah Mwania,AgriTech,Completed
TECH-000908,OMBATI MUTHEU MITEI,50450560,+254 787-970-02,ombati.mitei@yahoo.com,1980-10-21,female,Machakos,Mavoko,Athi River,"Plot 325, Lane 17, Argwings Kodhek",21/09/2026,I,Cloud Computing,Cohort 3,Dr. Joel Muthoka,AgriTech,Completed
TECH-000909,DANIEL AWUOR, 36235070,+254 733-975-77,daniel.awuor@yahoo.com,1971-10-15,female,Nairobi,Westlands,Kangemi,"Plot 95, Lane 9, Karen",01 Apr 2024,I,Cloud Computing,Cohort 1,Eng. Brian Mulwa,EdTech,Active
TECH-000910,mwikali kilonzo nanjala,53380330,+254 737-834-76,mwikali.nanjala@hotmail.com,1994-06-25,female,Machakos,Matungulu,Tala,"Plot 438, Lane 15, Moi Avenue",09/11/2025,I,Cloud Computing,Cohort 1,Eng. Martin Kasina,Clean Energy,Completed
TECH-000911,WANGECI NAMUKHULA KIMANI,38403396,+254 727-939-65,wangeci.kimani@yahoo.com,1983-09-09,female,Trans Nzoia,Saboti,Saboti,"Plot 37, Lane 9, Kangundo",28-03-2024,A,Data Science,Cohort 1,Prof. Robert Kiema,E-Commerce,Withdrawn
TECH-000912,AGNES LUBANGA,23136524,0715.467.07,agnes.lubanga@gmail.com,1997-10-27,female,MERU,Central Imenti,Kathonzweni,"Plot 37, Lane 15, Lenana",2024-01-20,A,Data Engineering,Cohort 3,Prof. Robert Kiema,HealthTech,Active
TECH-000913,RACHEL MBAKA,50468810,+254 706-931-51,rachel.mbaka@gmail.com,1958-05-14,female,Uasin Gishu,Moiben,Kimumu,"Plot 357, Lane 3, Ruiru",16 Apr 2026,I,Cybersecurity,Cohort 2,Prof. Robert Kiema,Logistics,Active
TECH-000914,simon weachira,72220991,+254 721-643-87,simon.wachira@outlook.com,1983-09-10,female,Kiambu,Kiambu,Riabai,"Plot 144, Lane 1, Mombasa Road",19-Feb-24,A,AI/ML,Cohort 1,Eng. Elijah Mwania,EdTech,On Hold
TECH-000915,TIMOTHY OSEKO,30858205,+254 716-026-75,timothy.oseko@outlook.com,1990-10-18,female,KISUMU,Kisumu East,Nyalenda 'A',"Plot 120, Lane 14, Mugumo",22-Jul-2025,A,Cybersecurity,Cohort 2,Eng. Micah Kioko,Fintech,On Hold
TECH-000916,SUSAN KANAMPIU,45010574,+254 721-060-20,susan.kanampiu@yahoo.com,1978-07-20,female,Turkana,Turkana West,Lopur,"House 44, Juja Street, Tom Mboya",10-May-2026,I,Data Science,Cohort 1,Dr. Sarah Mutua,AgriTech,On Hold
TECH-000917,BARNABAS ONSONGO,65413506,+254 113-597-54,barnabas.onsongo@yahoo.com,NA,female,Uasin Gishu,Kapseret,,"House 445, Argwings Kodhek Road, Westlands",29/03/2024,A,,Cohort 2,Eng. John Wekesa,AgriTech,Active
TECH-000918,muthaa akinyi,62111008,+254 777-211-66,muthaa.akinyi@gmail.com,1996-03-21,male,MOMBASA,Mvita,Shimanzi,"Plot 477, Lane 9, Garden Estate",2025-09-24,A,Cybersecurity,Cohort 2,Eng. Amos Nduku,Clean Energy,Completed
TECH-000919,sophia mwamburi,95133330,+254 119-488-98,sophia.mwamburi@hotmail.com,1985-07-24,male,Nairobi,Kibra,Woodley,"Plot 305, Lane 19, Kiambu Road",25/01/2026,I,Mobile Development,Cohort 1,Prof. Obadiah Mwania,IoT,Withdrawn
TECH-000920,habakkuk chepkorir,54431754,+254 772-638-46,habakkuk.chepkorir@gmail.com,1971-03-25,female,Nairobi,Westlands,Parklands,"Plot 146, Lane 5, Kikuyu",04-Jun-24,A,Cloud Computing,Cohort 2,Eng. Ezekiel Mumo,HealthTech,Active
TECH-000921,MUEMA MWANGI TIMOTHY,37423498,+254 784-958-30,mwangi.muema@gmail.com,1955-12-15,male,Kisumu,Nyakach,South West Nyakach,"House 234, Limuru Avenue, Juja",2026-03-04,I,Software Engineering,Cohort 2,Eng. Micah Kioko,HealthTech,Withdrawn
TECH-000922,naipanoi munyao,17598656,+254 114-936-10,naipanoi.munyao@hotmail.com,1969-02-22,female,Kilifi,Malindi,Malindi Town,"Plot 371, Lane 19, Kiambu Road",01/04/2024,A,Data Science,Cohort 3,Eng. Anne Momanyi,EdTech,Withdrawn
TECH-000923,jebiwott mutheu kosgei,58538289,+254 728-637-29,jebiwott.kosgei@gmail.com,1982-12-28,male,Nairobi,Kasarani,Kasarani,"House 63, Ngong Road Drive, Thika",18/04/2024,A,Cloud Computing,Cohort 1,Eng. Ezekiel Mumo,Logistics,Completed
TECH-000924,REBECCA KEER,57270850,,rebecca.keter@gmail.com,,female,Trans Nzoia,Cherangany,Sitatunga,"Plot 95, Lane 9, Kikuyu",2026-10-09,I,DevOps,Cohort 3,Dr. Mary Akinyi,IoT,Completed
TECH-000925,auma wanyonyisamuel,55324613,0761-804-72,auma.wanyonyi@gmail.com,1978-12-10,male,Nairobi,Kibra,Woodley,"Plot 323, Lane 11, Lenana",20260112,I,Software Engineering,Cohort 1,Dr. Mary Akinyi,EdTech,Withdrawn
TECH-000926,kimeu mwangolo,24527093,NA,kimeu@gmail.com,1973-09-27,Female,NA,Kiminini,Waitaluk,"Plot 89, Ln 3, Ruiru",2025-09-30,active,Cloud Computing,cohort 2,Prof. Catherine Chepkorir,IoT,Completed
TECH-000927,aaron onyango towett,99338984,+254 752-923-00,aaron.towett@hotmail.com,1972-01-21,female,Meru,Buuri,Kisima,"House 73, Kangundo Drive, Juja",28/06/2024,I,Cloud Computing,Cohort 2,Eng. Martin Kasina,Fintech,On Hold
TECH-000928,JOHN MUKHWANA KIBATHI,87323948,+254 769-196-95,john.kibathi@gmail.com,03/25/1987,male,Bungoma,WebuyeWest,Kimilili,"Plot 466, Lane 16, Garden Estate",07-19-2025,Inactive,Data Engineering,COHORT 2,Eng. Ezekiel Mumo,E-Commerce,On Hold
TECH-000929,SARAH NALIAKA,57576607,+254 711-500-51,sarah.naliaka@outlook.com,1966-10-24,male,Nairobi,Dagoretti South,Ngando,"Plot 180, Lane 19, Langata",14/02/2026,I,Mobile Development,Cohort 2,Dr. Sarah Mutua,HealthTech,Active
TECH-000930,MUMO JEBAT,99379526,+254 738-599-66,mumo.jebet@gmail.com,2004-07-02,female,Nakuru,Gilgil,Malewa West,"Plot 161, Lane 17, Westlands",,I,AI/ML,,Prof. Isaiah Kasina,EdTech,On Hold
TECH-000931,NABWIRE MUTHOKA,88353421,+254 754-289-08,nabwire.muthoka@gmail.com,1989-02-28,female,Machakos,Kangundo,Kangundo Central,"House 129, Mombasa Road Road, River Road",10/04/2025,I,Cloud Computing,Cohort 3,Prof. Robert Kamau,AgriTech,Completed
TECH-000932,KIPCHIRCHIR OTULA,93402670,+254 755-998-41,kipchirchir.otula@yahoo.com,1980-04-11,female,Machakos,Kangundo,Kangundo East,"Plot 51, Lane 14, Kasarani",2025-01-27,I,Software Engineering,Cohort 2,Prof. Kevin Muriuki,Fintech,Withdrawn
TECH-000933,KANAMPIU MAINA,64570721,+254 744-264-18,kanampiu.maina@gmail.com,,female,NA,Mavoko,NULL,"Plot 71, Lane 7, Mugumo",04/06/2024,I,Cybersecurity,Cohort 3,Dr. Grace Wanjiku,EdTech,On Hold
TECH-000934,MARTIN COLLINS WAMUYU,90900715,+254 747-646-09,martin.wamuyu@gmail.com,1963-04-13,male,Kilifi,Malindi,Shella,"Plot 221, Lane 12, Thika",05-10-2025,I,Data Engineering,Cohort 1,Dr. Jonah Kasina,Fintech,Withdrawn
TECH-000935,KINYUA KEMEI,38551356,+254 727-472-28,kinyua.kemei@gmail.com,1981-07-12,male,Kakamega,Matungu,Mayoni,"House 221, Athi River Drive, Kitisuru",11-09-2025,A,Software Engineering,Cohort 1,Prof. Victor Kioko,EdTech,Active
TECH-000936,KAGWIRIA NALIAKA,64 362 660,+254 728-759-23,kagwiria.naliaka@hotmail.com,NULL,male,Meru,Central Imenti,Mwangathia,"House 272, Athi River Avenue, Jogoo",06-Feb-26,A,Data Science,Cohort 2,Eng. Ezekiel Mumo,IoT,Active
TECH-000937,AMOS KEBASO,78782838,+254 791-469-82,amos.kebaso@gmail.com,1974-02-02,male,Nyeri,Kieni,Gatarakwa,"House 306, Mugumo Avenue, Kiambu Road",13-09-2024,I,Software Engineering,Cohort 2,Eng. Anne Momanyi,EdTech,Completed
TECH-000938,NDUNGE MULANDI,23756993,+254 794-646-78,ndunge.mulandi@gmail.com,1999-05-26,male,Kilifi,Malindi,Shella,"House 337, Juja Road, Kasarani",21-Jun-2026,I,Mobile Development,Cohort 3,Eng. Anne Momanyi,HealthTech,Active
TECH-000939,PATRICK WAITHERA,11916830,+254 733-175-63,patrick.waithera@outlook.com,1987-09-27,male,Kilifi,Magarini,Sabaki,"Plot 293, Lane 3, Mombasa Road",05/04/2025,A,Cloud Computing,Cohort 2,Eng. Isaac Mutua,AgriTech,Completed
TECH-000940,njoroge w. mohamed,54584415,+254 735-782-18,njoroge.mohamed@yahoo.com,1976-09-24,male,Mombasa,Jomvu,Mikindani,"House 466, Kiambu Street, Kilimani",2024-12-19,I,Mobile Development,Cohort 3,Prof. Robert Kiema,AgriTech,Active
TECH-000941,gilbert teresa kanampiu,40333941,071813733,gilbert.kanampiu@hotmail.com,2003-12-04,male,Mombasa,Likoni,Bofu,"Plot 478, Lane 12, Kiambu",2025-02-23,A,Data Engineering,Cohort 2,Dr. Joy Kaloki,Clean Energy,Active
TECH-000942,lenguro mbuthia,6535-3136,NULL,lenguro.mbuthia@gmail.com,2002-01-07,female,Kakamega,Mumias West,Mutema,"Plot 203, Lane 1, Waiyaki",NULL,A,Software Engineering,Cohort 1,Eng. Faith Nashipae,HealthTech,Withdrawn
TECH-000943,NDINDA KAIMENYI,64341068,+254 743-716-61,ndinda.kaimenyi@gmail.com,1995-06-08,male,BUNGOMA,WEBUYE WEST,KIMILILI,"Plot 133, Lane 16, Kikuyu",30/03/2025,A,Cybersecurity,Cohort 1,Eng. Amos Nduku,HealthTech,Withdrawn
TECH-000944,OWUOR SITUMA,48677336,+254 105-081-08,owuor.situma@yahoo.com,1994-07-03,female,Nairobi,Westlands,Mountain View,"House 39, Uhuru Avenue, Juja",04/19/2025,A,DevOps,Cohort 2,Dr. Mary Akinyi,IoT,On Hold
TECH-000945,GITOBU DAVID CHEPKIRUI, 81437621,+254 704-066-40,gitobu.chepkirui@gmail.com,1958-02-25,male,Kakamega,Lugari,Lugari,"Plot 91, Lane 12, Ruiru",12-Mar-24,A,Cybersecurity,Cohort 1,Dr. Joy Kaloki,Clean Energy,Active
TECH-000946,JEPKORIR OMAR,81833417,+254 778-271-96,jepkorir.omar@yahoo.com,1958-06-19,male,Trans Nzoia,Cherangany,Motosi,"House 129, Kiambu Avenue, Kilimani",2026-04-24,A,Software Engineering,Cohort 1,Dr. Jonah Kasina,E-Commerce,Active
TECH-000947,githinji namukhula,33287112,+254 119-721-56,githinji.namukhula@gmail.com,NULL,female,Kiambu,Kikuyu,Sigona,"Plot 368, Lane 9, Lavington",2024-09-10,A,NA,Cohort 2,Dr. Michael Gitonga,EdTech,On Hold
TECH-000948,margaret kihika,12346084,+254 775-509-29,margaret.kihika@gmail.com,2005-05-09,male,Nairobi,Lang'ata,Nyayo Highrise,"Plot 409, Lane 16, Kilimani",2024-11-08,A,Cloud Computing,Cohort 3,Eng. Gilbert Mutisya,Clean Energy,Withdrawn
TECH-000949,ezekiel wamuyu,19068973,+254 702-574-76,ezekiel.wamuyu@hotmail.com,1968-10-11,male,Kilifi,Rabai,Kambe/Ribe,"Plot 80, Lane 15, Ruiru",15-May-2025,I,Data Science,Cohort 2,Eng. Gilbert Mutisya,Logistics,On Hold
TECH-000950,aoko kamande,90316913,+254 794-559-60,aoko.kamande@yahoo.com,2001-03-09,female,Nairobi,Kasarani,Njiru,"House 433, Kasarani Road, Westlands",02-02-2024,I,Data Engineering,Cohort 2,Dr. Jonah Kasina,Fintech,Completed
TECH-000951,JOSEPH WAMBUGU KINYUA,63180637,+254 763-503-01,,NULL,male,Nyeri,NA,Dedan Kimathi,"Plot 429, Lane 18, Jogoo",04-08-2025,I,Cybersecurity,Cohort 1,Dr. Jonah Kasina,E-Commerce,Withdrawn
TECH-000952,victor odhiambo,30011106,+254 116-584-65,victor.odhiambo@hotmail.com,1994-07-12,male,Meru,Buuri,Timau,"Plot 90, Lane 15, Kilimani",16-05-2024,A,Cybersecurity,Cohort 3,Prof. Obadiah Mwania,AgriTech,Withdrawn
TECH-000953,odhiambo kamotho,74938160,+254 714-337-54,odhiambo.kamotho@gmail.com,1984-08-26,female,Trans Nzoia,Saboti,Kinyoro,"House 296, Mombasa Road Drive, Kenyatta",29-08-2025,A,Mobile Development,Cohort 2,Eng. Isaac Mutua,Clean Energy,Completed
TECH-000954,nyambura kipkemboi awino,31663649,+254 715-437-85,nyambura.awino@hotmail.com,1986-12-05,female,Nyeri,Mathira,Iriaini,"Plot 157, Lane 1, Ruiru",2025-05-27,A,Cloud Computing,Cohort 2,Dr. Allan Mumo,HealthTech,Withdrawn
TECH-000955,ruth simiyu,92546596,+254 779-563-60,ruth.simiyu@outlook.com,1961-10-26,female,Trans Nzoia,Kwanza,Bidii,"Plot 381, Lane 12, Tom Mboya",18 Nov 2026,I,Software Engineering,Cohort 2,Prof. Victor Kioko,HealthTech,Active
TECH-000956,zephaniah muthuri,77465708,+254 755-844-92,zephaniah.muthuri@outlook.com,1961-04-04,female,Kakamega,Matungu,Khalaba,"Plot 353, Lane 11, Kiambu",11/06/2026,I,Mobile Development,Cohort 3,Prof. Kevin Muriuki,IoT,On Hold
TECH-000957,LILIAN CHEPKIRUI MAINGI,62025775,NULL,lilian.maingi@hotmail.com,2001-09-22,male,Trans Nzoia,Kiminini,Waitaluk,"House 125, Athi River Road, Lavington",08-04-2025,A,NA,Cohort 1,Prof. Isaiah Kasina,Clean Energy,Completed
TECH-000958,mugo wairimu mutisya,93828732,+254 782-127-07,mugo.mutisya@yahoo.com,1960-10-28,female,Nyeri,Nyeri Town,Ruring'u,"House 409, Kiambu Road Road, Ruiru",02/03/2024,I,AI/ML,Cohort 3,Prof. Robert Kamau,Logistics,Completed
TECH-000959,agnes awino,72135687,+254 739-651-01,awinoagnes@outlook.com,10/14/1983,FEMALE,Trans Nzoia,Saboti,Tuwani,"plot 362, lane 20, ruiru",20251130,pending,Cloud Computing,COHORT 1,Eng. Peter Ochieng,EdTech,Completed
TECH-000960,MWIRIGI GAKUNYI KANGOGO,13600310,+254 104-163-02,mwirigi.kangogo@gmail.com,1967-07-10,male,Machakos,Matungulu,Matungulu North,"Plot 58, Lane 20, Tom Mboya",20250712,A,Data Science,Cohort 1,Prof. Obadiah Mwania,HealthTech,Active
TECH-000961,"owuor, isaac",90511561,+254 713-593-05,isaac.owuor@yahoo.com,1987-10-04,male,Trans Nzoia,Saboti,Tuwani,"House 98, Ruiru Road, Kiambu Road",17 Oct 2024,I,Cybersecurity,Cohort 1,Eng. Brian Mulwa,AgriTech,Withdrawn
TECH-000962,charity sophia masinde,71113260,+254 733-881-18,charity.masinde@hotmail.com,1978-07-22,male,Kakamega,Shinyalu,Isukha West,"Plot 313, Lane 15, Kasarani",26-Dec-2026,I,Data Engineering,Cohort 1,Dr. Sarah Mutua,Fintech,Completed
TECH-000963,muema mwende owuor,35754346,+254 745-286-49,muema.owuor@gmail.com,1953-11-06,female,Nairobi,Westlands,Mountain View,"Plot 33, Lane 19, Jogoo",2025-03-03,I,Software Engineering,Cohort 2,Dr. Jonah Kasina,E-Commerce,On Hold
TECH-000964,OCHIENG MUSILA,90198991,+254 798-025-68,ochieng.musila@yahoo.com,1982-03-01,female,Nakuru,Gilgil,Malewa West,"Plot 156, Lane 16, Kiambu Road",09 Aug 2025,A,DevOps,Cohort 3,Dr. Collins Mwania,Clean Energy,Completed
TECH-000965,nokun chepkirui,23316648,+254 115-000-13,nokun.chepkirui@gmail.com,1972-07-15,male,Machakos,Mavoko,Athi River,NA,NULL,NA,Data Engineering,Cohort 3,Dr. Collins Mwania,Fintech,Active
TECH-000966,beatrice adoyo kinya,56502604,+254 116-484-27,beatrice@outlook.com,25-Oct-84,M,Trans Nzoia,Cherangany,Sitatunga,Plot475Lane16Uhuru,08-07-2024,I,Data Engineering,cohort 3,Dr. Jeremiah Kioko,Fintech,Completed
TECH-000967,ruth achieng,67643368,+254 759-338-32,ruth.achieng@gmail.com,1991-09-10,male,Kilifi,Kilifi North,Sokoni,"Plot 181, Lane 15, Kikuyu",2025-04-08,A,AI/ML,Cohort 2,Eng. John Wekesa,IoT,Active
TECH-000968,CHEPKIRUI CATHERINE KANAMPIU,84515996,+254 782-326-54,chepkiruikanampiu@yahoo.com,1997-04-22,female,Turkana,Turkana Central,Kanamkemer,Plot110Lane5Thika,2026-01-03,I,AI/ML,Cohort 01,Eng. Anthony Wanyonyi,Fintech,Withdrawn
TECH-000969,NDINDA SIMIYU,57040785,+254 749-252-50,ndinda.simiyu@gmail.com,2006-12-14,female,Bomet,Bomet Central,Chesoen,"Plot 280, Lane 16, Argwings Kodhek",13-Nov-26,I,Cybersecurity,Cohort 2,Prof. Robert Kamau,HealthTech,Active
TECH-000970,AARON WAMALWA,89750628,+254 775-602-45,aaron.wamalwa@yahoo.com,1993-04-04,female,Kakamega,Matungu,Namamali,"Plot 279, Lane 12, Waiyaki",15/04/2025,I,Data Science,Cohort 2,Eng. Martin Kasina,Logistics,Withdrawn
TECH-000971,gichuru kivuva,85709619,+254 722-809-37,gichuru.kivuva@yahoo.com,1965-07-13,female,Kiambu,Limuru,Limuru Central,"Plot 284, Lane 9, Mombasa Road",18-02-2024,A,Software Engineering,Cohort 1,Eng. Faith Nashipae,EdTech,Active
TECH-000972,malachi githua,35395354,+254 719-352-17,malachi.githua@yahoo.com,1994-05-03,female,Bungoma,Kabuchai,West Nalondo,"House 386, Thika Drive, Outering",2026-12-31,I,Cybersecurity,Cohort 2,Prof. Daniel Mutisya,EdTech,Active
TECH-000973,naserian bett,19178028,+254 798-475-82,naserian.bett@hotmail.com,1999-06-12,male,Mombasa,Changamwe,Airport,"Plot 14, Lane 2, Karen",14/11/2025,A,Mobile Development,Cohort 1,Dr. Collins Mwania,AgriTech,Active
TECH-000974,ALICE KIPSANNG,66255243,+254 745-821-14,alice.kipsang@hotmail.com,1968-02-25,male,Kakamega,Lugari,Lwandeti,"Plot 102, Lane 10, Jogoo",22/06/2025,A,Cloud Computing,Cohort 1,Dr. Collins Mwania,EdTech,On Hold
TECH-000975,KIPROTICH MUSYOKA,72117013,+254 119-000-58,kiprotich.musyoka@hotmail.com,1970-01-09,female,Kilifi,Malindi,Jilore,"Plot 421, Lane 16, Kileleshwa",2025-10-23,A,AI/ML,Cohort 3,Prof. James Mwangi,Clean Energy,Completed
TECH-000976,andrew mutinda,40 671 219,+254 107 670 68,mutindaandrew@yahoo.com,01/11/1990,Female,Machakos,Yatta,Matuu,House331ArgwingsKodhekRdParklands,11-May-26,pending,AI/ML,cohort 3,Dr. Allan Mumo,Logistics,On Hold
TECH-000977,DAVID KIPCHUMBA,25743269,+254 736-873-54,david.kipchumba@gmail.com,1982-06-10,female,Kilifi,Kaloleni,Mwanamwinga,"House 325, Karen Street, Limuru",2025-10-28,A,Data Engineering,Cohort 3,Prof. Victor Kioko,Logistics,Completed
TECH-000978,CYNTHIA KIPCHUMBA NJOROGE,47173534,254 708 652 44,cynthia.njoroge@outlook.com,1998-01-03,female,Trans Nzoia,Endebess,Chepchoina,"House 78, Athi River Drive, Kilimani",28-06-2025,I,DevOps,Cohort 3,Prof. Robert Kamau,E-Commerce,Completed
TECH-000979,EVELYN AUMA,51986530,+254 118-365-98,evelyn.auma@hotmail.com,2005-06-17,male,MOMBASA,Likoni,Tsimba,"House 462, Ruaraka Street, Mugumo",21/05/2026,A,AI/ML,Cohort 2,Eng. Amos Nduku,E-Commerce,Completed
TECH-000980,sharon kipsang wamalwa,11099317,+254 705-801-27,sharon.wamalwa@gmail.com,2005-10-25,male,Kiambu,Kiambu,Kihara,"House 469, Juja Street, Langata",15-11-2025,A,DevOps,Cohort 1,Prof. Victor Kioko,Fintech,Completed
TECH-000981,JONAH KECH,53558017,+254 745-951-48,jonah.koech@gmail.com,1950-06-06,male,Kakamega,Lugari,Chekalini,"Plot 198, Lane 20, Kasarani",04-24-2024,A,Data Science,Cohort 2,Prof. Mercy Nduku,E-Commerce,Withdrawn
TECH-000982,MOSES NICHOLAS JUMA,18 881 109,+254 748-552-82,,1994-05-15,male,NULL,Seme,North Seme,NA,24-12-2024,A,Software Engineering,Cohort 1,Prof. Daniel Mutisya,E-Commerce,On Hold
TECH-000983,onyango emily kimani,23946199,+254 105-676-04,onyango.kimani@gmail.com,1965-01-01,male,Uasin Gishu,Soy,Kipsomba,"House 363, Karen Road, Ruiru",15-08-2026,I,Data Engineering,Cohort 2,Eng. Isaac Mutua,IoT,Withdrawn
TECH-000984,moraa muthoka otieno,68136765,+254 713-070-36,moraa.otieno@yahoo.com,1977-01-05,female,Kisumu,Muhoroni,Ombeyi,"Plot 104, Lane 16, Mugumo",2024-12-29,A,AI/ML,Cohort 3,Eng. Martin Kasina,AgriTech,Active
TECH-000985,dorothy koirr,82960874,+254 772-371-26,dorothy.korir@gmail.com,1970-11-28,female,Uasin Gishu,Turbo,Ngenyilel,"Plot 115, Lane 7, Langata",2024-09-17,I,Cybersecurity,Cohort 2,Dr. Mary Akinyi,HealthTech,Withdrawn
TECH-000986,CHEPKOECH MUENI NZIOKA,91651740,+254 739-361-11,chepkoech.nzioka@gmail.com,1970-08-17,male,Uasin Gishu,Soy,Ziwa,"House 412, Ngong Drive, Argwings Kodhek",2025-11-10,A,DevOps,Cohort 2,Eng. Peter Ochieng,Clean Energy,Completed
TECH-000987,MARTHA ANDREW KIARIE,80822714,+254 734-200-30,martha.kiarie@yahoo.com,1961-08-08,female,Nairobi,Kibra,Laini Saba,"House 368, Outering Street, Parklands",08/12/2024,I,Cybersecurity,Cohort 1,Dr. Jeremiah Kioko,EdTech,Completed
TECH-000988,TIMOTHY ROSE MUTHAMA,70-665-647,+254 761-131-73,timothy.muthama@outlook.com,1987-03-12,female,Turkana,Loima,Loima,"Plot 89, Lane 18, Waiyaki",10/04/2026,A,AI/ML,Cohort 2,Eng. Isaac Mutua,Fintech,Completed
TECH-000989,CHEPKIRUI MUTHEU NJOROGE,80374251,+254 793-641-50,chepkirui.njoroge@gmail.com,1987-06-10,female,Uasin Gishu,Soy,Segero/Barsombe,"House 127, Kenyatta Avenue, Argwings Kodhek",11/06/2026,I,Mobile Development,Cohort 2,Eng. Faith Nashipae,Fintech,On Hold
TECH-000990,CHEPKOECH CHERONO,85584413,+254 755-818-01,chepkoech.cherono@outlook.com,1964-11-10,male,Trans Nzoia,Kwanza,Bidii,"House 311, Tom Mboya Avenue, Kangundo",2025-01-11,I,Data Science,Cohort 3,Eng. John Wekesa,Clean Energy,On Hold
TECH-000991,WAIRIMU KIVUVA,92-509-986,+254 781-007-59,wairimu.kivuva@gmail.com,1993-11-13,male,Nairobi,Kibra,Laini Saba,"House 247, Lenana Road, Athi River",25-Mar-2025,I,Cloud Computing,Cohort 3,Dr. Joy Kaloki,AgriTech,Active
TECH-000992,mworoa nabea bett,49061399,+254 745-891-23,mworoa.bett@gmail.com,NULL,male,,Kabete,NULL,"Plot 211, Lane 20, Garden Estate",2025-10-13,I,Cloud Computing,Cohort 3,Prof. Esther Ondieki,E-Commerce,On Hold
TECH-000993,faith rebecca osebe,41809725,+254 771-143-97,faith.osebe@yahoo.com,NULL,male,NULL,Kapseret,Ngeria,,2024-04-24,A,Mobile Development,Cohort 1,Prof. James Mwangi,EdTech,On Hold
TECH-000994,adhiambo tsuma,54734846,+254 772-384-44,NULL,1999-02-28,male,Bungoma,Mt. Elgon,Cheptais,NA,02/17/2024,I,Data Engineering,NA,Dr. Aaron Nduku,EdTech,Completed
TECH-000995,KIPNGETICH NYAMBURA KIOKO,80899398,+254 789-097-49,NA,2001-04-19,male,NAIROBI,KASARANI,KASARANI,"House 61, Athi River Road, Moi Avenue",2024-07-16,A,Cloud Computing,Cohort 3,Dr. Harun Mwikali,HealthTech,On Hold
TECH-000996,OJWANG KIPKORIR,42160084,+254 102-620-43,o.kipkorir@outlook.com,12/14/2006,MALE,Trans Nzoia,Kiminini,Kiminini,"PLOT 241, LANE 16, OUTERING",04 Dec 2026,pending,Data Science,Cohort1,Eng. Anthony Wanyonyi,EdTech,On Hold
TECH-000997,MUTHAA MICAH OJWANG,36003419,+254 704-272-72,muthaa.ojwang@hotmail.com,2005-12-24,male,Meru,Igembe Central,Athiru Gaiti,"Plot 40, Lane 5, Uhuru",14 Jan 2024,I,Cybersecurity,Cohort 1,Eng. Brian Mulwa,EdTech,Active
TECH-000998,WAMALWA DEBORAH MWANGI,68602595,+254 786-111-05,wamalwa.mwangi@gmail.com,1972-02-25,female,Nairobi,Dagoretti North,Kilimani,"Plot 435, Lane 20, Parklands",2024-11-20,A,AI/ML,Cohort 3,Prof. Obadiah Mwania,IoT,Active
TECH-000999,FLORA KIMMUTAI,15 126 026,+254 765-024-80,flora.kimutai@gmail.com,1977-10-21,male,Nairobi,Lang'ata,Karen,"Plot 64, Lane 7, Karen",29 Oct 2024,I,Mobile Development,Cohort 2,Dr. Joy Kaloki,E-Commerce,Withdrawn
TECH-001000,ann alice wambui,77372346,+254 114-777-50,ann.wambui@gmail.com,1987-02-22,female,Kilifi,Malindi,Malindi Town,"Plot 139, Lane 20, Kileleshwa",27/10/2024,A,Cybersecurity,Cohort 3,Dr. Grace Wanjiku,IoT,Withdrawn
TECH-001001,adhiambo joel kenga,66-844-852,+254 102-040-81,adhiambo.kenga@gmail.com,1976-07-15,male,Mombasa County,Jomvu,Mikindani,NA,NA,A,NULL,Cohort 3,Prof. Catherine Chepkorir,EdTech,Withdrawn
TECH-001002,anna kibathi,28894885,+254 778-681-00,anna.kibathi@gmail.com,1990-08-26,male,Uasin Gishu,Kesses,Tulwet/Chuiyat,"Plot 394, Lane 10, Westlands",2025-01-20,I,DevOps,Cohort 2,Eng. Micah Kioko,E-Commerce,Active
TECH-001003,nanjala mitei,71985395,25475765432,nanjala.mitei@hotmail.com,1997-11-10,male,Kakamega,Butere,Marama West,"Plot 20, Lane 18, Ruiru",12-Aug-2024,I,Data Science,Cohort 2,Prof. Kevin Muriuki,E-Commerce,On Hold
TECH-001004,martha nekesa,75413577 ,+254 114-391-50,martha.nekesa@gmail.com,1993-04-04,female,Trans Nzoia,Endebess,Chepchoina,"House 438, Ruiru Avenue, Kiambu Road",2024-05-06,I,AI/ML,Cohort 1,Eng. Gilbert Mutisya,E-Commerce,On Hold
TECH-001005,miriam matoke,11951278,+254 711-326-54,NULL,1998-12-06,female,Kisumu,Kisumu Central,Shauri Moyo,"Plot 161, Lane 7, Lavington",27/04/2024,A,Cybersecurity,Cohort 1,Eng. Peter Ochieng,IoT,Active
TECH-001006,NAHUM RACHEL OKELLO,33851205,+254 116-825-34,nahum.okello@hotmail.com,1991-09-09,female,Kisumu,Nyakach,North Nyakach,"Plot 148, Lane 4, Tom Mboya",13-Oct-2025,A,Cloud Computing,Cohort 3,Dr. Mary Akinyi,EdTech,Completed
TECH-001007,nabea benjamin githua,45144127,+254 799-053-56,nabea.githua@gmail.com,1980-05-21,female,Kisumu,Muhoroni,Chemelil,"Plot 368, Lane 13, Likoni",2026-07-09,I,DevOps,Cohort 3,Prof. Catherine Chepkorir,E-Commerce,Withdrawn
TECH-001008,wangari edith jepkoech,48373096,+254 792-915-69,wangari.jepkoech@hotmail.com,1989-04-02,female,Machakos,Machakos Town,Kalama,"Plot 139, Lane 12, Langata",05-29-2024,A,Cloud Computing,Cohort 3,Eng. Gilbert Mutisya,AgriTech,Withdrawn
TECH-001009,OWUOR JOY GICHUKI,77576650,+254 736-544-81,owuor.gichuki@gmail.com,2004-11-05,female,Kisumu,Nyando,Kobura,"House 321, Ngong Road Avenue, Outering",05/11/2025,A,AI/ML,Cohort 2,Prof. Moses Muthoka,E-Commerce,Withdrawn
TECH-001010,MUENI NAISULA KATUA,34518599,+254 734-565-89,mueni.katua@hotmail.com,NULL,female,Kilifi,NA,Tezo,"House 68, Limuru Road, Thika",2024-10-01,I,Mobile Development,NA,Eng. Isaac Mutua,HealthTech,Active
TECH-001011,NASERIAN MUAMA,11630877,+254 737-823-16,naserian.muema@yahoo.com,1981-04-05,male,Kakamega,Mumias West,West Wanga,"House 115, Kenyatta Avenue, Ngong",2025-10-10,A,Cybersecurity,Cohort 2,Eng. Isaac Mutua,AgriTech,Withdrawn
TECH-001012,KIOKO NGENO,88699165,+254 118-312-29,kioko.ngeno@gmail.com,1955-11-25,male,Mombasa,Nyali,Kongowea,"House 102, Kiambu Road Road, Lenana",2025-04-19,I,Data Science,Cohort 1,Eng. John Wekesa,HealthTech,Completed
TECH-001013,ODHIAMBO CHEET,89627368,+254 772-549-97,odhiambo.chebet@gmail.com,1968-10-25,male,Nairobi,Dagoretti South,Riruta,"Plot 265, Lane 11, Kasarani",2024-05-03,A,Data Engineering,Cohort 2,Prof. Robert Kamau,Logistics,Completed
TECH-001014,charity chpkwony,58660985,+254 786-551-47,charity.chepkwony@gmail.com,1999-12-10,female,Mombasa,Kisauni,Mtopanga,"House 35, Mombasa Road Road, Ruiru",05/11/2026,A,AI/ML,Cohort 2,Eng. Anne Momanyi,HealthTech,Active
TECH-001015,OKOTH BETT,52039919,+254 739-263-01,okoth.bett@yahoo.com,1985-03-13,female,NA,NA,Kholera,"Plot 120, Lane 15, Likoni",04-21-2024,I,NULL,Cohort 1,Dr. Jonah Kasina,AgriTech,Active
TECH-001016,agnes chepngeno,80491768,+254 722-658-55,agnes.chepngeno@gmail.com,1979-07-03,male,Nairobi,Lang'ata,South C,"House 362, River Road Drive, Mugumo",19-10-2025,I,Cloud Computing,Cohort 1,Dr. Daniel Musyoka,AgriTech,Completed
TECH-001017,KALOKI KOECH,33000256,+254 105-761-63,kaloki.koech@gmail.com,1950-10-10,male,Bomet,Chepalungu,Nyongores,"Plot 127, Lane 3, Argwings Kodhek",2026-07-08,A,AI/ML,Cohort 2,Eng. Ezekiel Mumo,EdTech,On Hold
TECH-001018,MUKHWANA KEMEI,45 214 814,+254 795-839-00,mukhwana.kemei@gmail.com,1967-04-08,female,Nyeri,Tetu,Aguthi/Gaaki,"Plot 129, Lane 11, Kenyatta",17-Nov-2025,A,Software Engineering,Cohort 1,Dr. Aaron Nduku,Fintech,On Hold
TECH-001019,RONALD WAMBUI ONSONGO,22587924,+254 775-743-12,ronald.onsongo@yahoo.com,1990-05-27,male,Kakamega,NA,Marama North,"Plot 109, Lane 12, Limuru",NA,,Mobile Development,Cohort 1,Prof. Isaiah Kasina,AgriTech,On Hold
TECH-001020,florence kagwe,89726979,+254 116-627-73,florence.kagwe@outlook.com,1996-06-18,female,Nairobi,Lang'ata,Nairobi West,"Plot 92, Lane 13, Likoni",26-Oct-26,NULL,Data Science,Cohort 1,Prof. Esther Ondieki,HealthTech,Active
TECH-001021,JANE ALICE KINYUA,34260309,+254 738-126-17,NULL,1999-06-16,female,Bomet,Sotik,Rongena/Manaret,"Plot 99, Lane 20, River Road",05-Sep-2026,A,Mobile Development,Cohort 3,Eng. John Wekesa,Fintech,Withdrawn
TECH-001022,awiti mutwiri,96251321,072 529 391,awiti_mutwiri@gmail.com,1997-02-19,female,Nairobi,Lang'ata,South C,Plot 406 Lane 15 Kikuyu,31-Aug-25,I,DevOps,COHORT 1,Dr. Daniel Musyoka,Clean Energy,On Hold
TECH-001023,nyaboke kangogo,16606138,+254 735-200-55,nyaboke.kangogo@yahoo.com,1977-07-27,male,Bomet,Konoin,Embomos,"House 299, Westlands Drive, Lavington",08/05/2025,I,AI/ML,Cohort 2,Eng. Elijah Mwania,E-Commerce,Active
TECH-001024,KIPCHIRCHIR SIGEI,71334237,+254 116-647-72,kipchirchir.sigei@hotmail.com,1975-10-17,female,Nairobi,Kibra,Makina,"Plot 22, Lane 2, Jogoo",15-May-24,A,Data Science,Cohort 1,Eng. Anne Momanyi,AgriTech,On Hold
TECH-001025,leah saiddimu,13619039,+254 753-160-99,leah.saidimu@yahoo.com,1990-10-14,male,Bungoma,Kabuchai,Bwake/Luuya,"Plot 166, Lane 17, Ruaraka",05-Mar-24,I,Cybersecurity,Cohort 2,Prof. Catherine Chepkorir,Clean Energy,Active
TECH-001026,elizabeth kosgei,26345515,+254 749-262-63,elizabeth.kosgei@gmail.com,1980-07-01,female,KAKAMEGA,LUGARI,LWANDETI,"Plot 448, Lane 4, Parklands",12 Mar 2025,A,Cloud Computing,Cohort 2,Prof. David Kiprotich,Fintech,Completed
TECH-001027,elizabeth sarah omondi,96-791-517,+254 763-041-89,elizabeth.omondi@gmail.com,,female,Kiambu,Ruiru,Gatong'ora,"Plot 306, Lane 10, Karen",11/08/2026,A,Data Science,Cohort 2,Prof. James Mwangi,IoT,Withdrawn
TECH-001028,NAMUKHULA MWRIGI,71623610,+254 729-454-86,namukhula.mwirigi@yahoo.com,1973-10-26,female,Bomet,Konoin,Chepchabs,"Plot 234, Lane 12, Kileleshwa",09 Mar 2026,I,Cloud Computing,Cohort 3,Dr. Daniel Musyoka,Logistics,On Hold
TECH-001029,kipsang nabwire,88445646,+254 725-505-21,kipsang.nabwire@gmail.com,1993-11-22,female,Nairobi,Dagoretti South,Waithaka,"House 254, Mombasa Road Avenue, Parklands",04-12-2026,I,DevOps,Cohort 1,Prof. Esther Ondieki,Fintech,Withdrawn
TECH-001030,ATIENO ATHMAN,NA,+254 702-398-53,atieno.athman@gmail.com,1970-01-28,female,Kiambu,Kiambu,Ndumberi,"House 441, Thika Superhighway Street, Mugumo",21/03/2024,I,Cloud Computing,Cohort 1,Prof. Kevin Muriuki,HealthTech,Completed
TECH-001031,ONDIEKI KATHURE ONGAYA,88298796,+254 703-208-88,ondieki.ongaya@gmail.com,1989-10-11,female,Kiambu,Kiambu,Kihara,"Plot 231, Lane 4, Mombasa Road",06-Feb-2024,A,Software Engineering,Cohort 2,Dr. Grace Wanjiku,EdTech,On Hold
TECH-001032,DANIEL KARANJA,41908888,+254 117-024-62,daniel.karanja@outlook.com,1979-06-18,male,Bungoma,Sirisia,Lwandanyi,"House 404, Lavington Road, Lavington",26/06/2024,A,Cloud Computing,Cohort 3,Dr. Collins Mwania,IoT,Active
TECH-001033,WANGECI KARIUKI,15776720,+25479182405,wangeci.kariuki@gmail.com,1982-09-06,male,Nairobi,Dagoretti South,Uthiru,"House 109, Athi River Road, Langata",2026-08-13,I,Cloud Computing,Cohort 2,Eng. Anne Momanyi,IoT,On Hold
TECH-001034,KARIUKI NALIAKA,64387805,+254 119-786-93,kariuki.naliaka@outlook.com,1993-05-03,male,Nairobi,Kibra,Lindi,"House 213, Ngong Road Street, Lavington",2025-09-18,A,Data Engineering,NA,Dr. Joy Kaloki,HealthTech,Active
TECH-001035,philemon kamotho,NULL,+254 767-134-74,philemon.kamotho@outlook.com,1997-10-24,female,Trans Nzoia,Cherangany,Motosi,"Plot 296, Lane 13, Westlands",08/05/2024,I,Cybersecurity,Cohort 1,Dr. Collins Mwania,EdTech,Withdrawn
TECH-001036,GEORGE NAFULA,74059068,+254 736-881-09,george.nafula@yahoo.com,1994-04-08,female,Trans Nzoia,Kiminini,Kiminini,"House 415, Limuru Road, Ruaraka",14-02-2026,A,Cloud Computing,Cohort 2,Prof. Isaiah Kasina,HealthTech,On Hold
TECH-001037,gakunyi awiti,46190360,+254 763-766-08,gakunyi.awiti@gmail.com,1989-12-18,female,Kiambu,Ruiru,Gatong'ora,"Plot 216, Lane 16, Outering",2026-04-20,I,Software Engineering,Cohort 3,Dr. Lucy Otieno,HealthTech,On Hold
TECH-001038,florence deborah wambui,28699996 ,+254 745-869-53,florence.wambui@yahoo.com,1985-11-03,male,Kiambu,Limuru,Limuru Central,"Plot 378, Lane 4, Kasarani",07-Oct-2026,A,AI/ML,Cohort 1,Eng. Ezekiel Mumo,AgriTech,Withdrawn
TECH-001039,atieno okello,58285562,+254 732-485-28,atieno.okello@gmail.com,NULL,male,,Endebess,Chepchoina,"Plot 201, Lane 16, Parklands",26/08/2025,A,Data Science,Cohort 3,Dr. Aaron Nduku,HealthTech,Completed
TECH-001040,kilonzo wamuyu,43402877,+254 728-275-74,kilonzo.wamuyu@gmail.com,1976-05-09,male,Turkana,Turkana East,Kapedo/Napeitom,"Plot 422, Lane 14, Kiambu",04-02-2024,A,Data Science,Cohort 2,Eng. Anne Momanyi,Clean Energy,Active
TECH-001041,KAGWIRIA NGANGA,29199495,+254 744-602-43,kagwirianganga@outlook.com,22/04/1984,Male,NA,Kaloleni,Mwanamwinga,"House 42, Jogoo St, Limuru",10-02-2025,Active,NA,Cohort 03,Dr. Jonah Kasina,AgriTech,Active
TECH-001042,CHEBET KANAMPIU,21085814,+254 786-540-94,chebet.kanampiu@outlook.com,1976-10-09,male,NAIROBI,NA,WAITHAKA,"Plot 195, Lane 5, Lavington",12-Apr-2025,A,Cybersecurity,Cohort 3,Prof. James Mwangi,IoT,Withdrawn
TECH-001043,jane sarah ndegwa,25851419,+254 718-889-00,jane.ndegwa@gmail.com,1969-12-06,female,Nakuru,Molo,Elburgon,"House 372, Westlands Road, Kilimani",28 Dec 2025,I,AI/ML,Cohort 2,Prof. David Kiprotich,IoT,On Hold
TECH-001044,naserian kanampiu,99466466,+254 722-414-40,naserian.kanampiu@outlook.com,1955-09-13,female,NULL,Limuru,Limuru Central,"Plot 478, Lane 12, Thika Superhighway",2025-11-23,I,Data Engineering,Cohort 2,Dr. Joel Muthoka,Clean Energy,On Hold
TECH-001045,atieno mutune,30839000,+254 112-927-66,atieno.mutune@outlook.com,1977-05-14,male,Kisumu,Kisumu West,North Kisumu,"Plot 303, Lane 5, Likoni",08-05-2025,A,Cybersecurity,Cohort 1,Dr. Mary Akinyi,Logistics,On Hold
TECH-001046,KAMAU KINYUA,56594543,+254 763-355-70,kamau96@gmail.com,1956-03-14,male,MOMBASA,Kisauni,Mwakirunge,"Plot 229, Ln 18, Waiyaki",10/20/2026,active,DevOps,cohort 1,Eng. Ezekiel Mumo,Logistics,Completed
TECH-001047,bridget towtet,84286913,+254 113-020-20,bridget.towett@hotmail.com,1968-10-11,male,Mombasa,Kisauni,Mtopanga,"House 15, Langata Street, Kangundo",19/09/2024,A,Data Engineering,Cohort 2,Eng. Faith Nashipae,Clean Energy,Completed
TECH-001048,kemunto chepkorir,59498486,+254 714-119-91,kemunto.chepkorir@gmail.com,1967-05-02,male,Nairobi,Kibra,Sarang'ombe,"Plot 223, Lane 9, Ngong Road",2025-10-15,A,NA,Cohort 1,Prof. Robert Kamau,EdTech,Withdrawn
TECH-001049,MUTHONI KVIUVA,44065587,+254 789-682-50,muthoni.kivuva@yahoo.com,1987-06-08,male,Nairobi County,Kibra,Sarang'ombe,"Plot 86, Lane 10, Kenyatta",09-10-2026,A,Data Engineering,Cohort 3,Eng. Isaac Mutua,Clean Energy,On Hold
TECH-001050,VICTOR NDUNAD,86 964 296,+254 119-214-20,v.ndunda@hotmail.com,1983-12-22,Female,Trans Nzoia,Kwanza,Keiyo,Plot393Lane15Ruaraka,29-Sep-2025,pending,Software Engineering,Cohort  3,Dr. Mary Akinyi,EdTech,Withdrawn
TECH-001051,wamalwa mwagi,27169894,+254 767-459-18,wamalwa.mwangi@yahoo.com,1970-02-10,female,Uasin Gishu,Soy,Moi's Bridge,"Plot 429, Lane 5, Langata",22-01-2024,I,Data Science,Cohort 1,Prof. Isaiah Kasina,Fintech,Completed
TECH-001052,anyango kipkemoi,76604568,+254 783-370-55,anyango.kipkemoi@outlook.com,2000-01-15,male,Nairobi,Westlands,Parklands,"House 373, Kitisuru Road, Kikuyu",13-Oct-26,I,Cloud Computing,Cohort 2,Prof. Isaiah Kasina,EdTech,Withdrawn
TECH-001053,thomas kimuati,86279469,+254 773-711-22,thomas.kimutai@outlook.com,1951-07-22,female,Bungoma,Kanduyi,West Sang'alo,"Plot 120, Lane 13, Uhuru",09 Jun 2026,A,Cybersecurity,Cohort 3,Prof. Victor Kioko,IoT,Completed
TECH-001054,adhiambo samuel mutisya,91630214,+254 102-148-81,adhiambo.mutisya@gmail.com,1984-03-22,male,Nyeri,Nyeri Town,Kiganjo/Mathari,"Plot 298, Lane 13, Mombasa Road",01/17/2025,A,Cybersecurity,Cohort 2,Dr. Collins Mwania,HealthTech,Completed
TECH-001055,KIPNGETICH NABWIRE,60984196,+254 108-472-63,NULL,1978-12-06,male,NAIROBI,WESTLANDS,KITISURU,"House 320, Kenyatta Drive, Moi Avenue",23-06-2026,A,Data Science,Cohort 1,Eng. Martin Kasina,Fintech,Active
TECH-001056,"KANGOGO, CHEPKIRUI JOSEPH",93582589,+254 732-233-86,chepkirui.kangogo@gmail.com,1984-09-06,male,Turkana,Turkana South,Kapedo/Napeitom,"House 396, Tom Mboya Avenue, Kiambu Road",12/25/2025,A,Mobile Development,Cohort 2,Prof. David Kiprotich,Logistics,Completed
TECH-001057,NANJALA MARGARET NABEA,66772359,+254 793-413-92,nanjala.nabea@gmail.com,1970-08-21,female,Nairobi,Lang'ata,Mugumu-ini,"House 79, Kitisuru Road, Waiyaki",15 May 2026,A,Mobile Development,Cohort 3,Dr. Harun Mwikali,Clean Energy,Completed
TECH-001058,lenguro ongeri,22425993,+254 745-578-29,lenguro.ongeri@gmail.com,1969-03-27,male,Bomet County,Konoin,Chepchabs,"House 280, Athi River Avenue, Waiyaki",20-04-2024,I,Mobile Development,Cohort 2,Prof. Esther Ondieki,EdTech,Completed
TECH-001059,muthaa gilbert lubanga,40971850,+254 792-732-27,muthaa.lubanga@outlook.com,1991-08-21,male,Mombasa,Nyali,Mkomani,"House 291, Mugumo Drive, Moi Avenue",25-01-2026,A,Data Science,Cohort 1,Prof. Mercy Nduku,EdTech,Withdrawn
TECH-001060,wafula namukhula musila,83904042,+254 758-612-39,NULL,1967-09-16,M,Nakuru,NULL,Kiptagich,"Plot 278, Ln 1, Ngong Rd",25-08-2026,Pending,,Cohort  1,Prof. Obadiah Mwania,EdTech,On Hold
TECH-001061,CECILIA NAOMI NZIOKA,60993199,+254 756-872-12,cecilia.nzioka@yahoo.com,1994-09-28,male,Mombasa,Changamwe,Miritini,"Plot 369, Lane 5, Uhuru",2025-12-12,I,Data Engineering,Cohort 1,Dr. Sarah Mutua,E-Commerce,Active
TECH-001062,PAUL JONATHAN GACHERU,92788466,+254 707-940-23,paul.gacheru@yahoo.com,1972-12-12,female,Bungoma,Kimilili,Kimilili,"Plot 325, Lane 4, Ngong",20261216,I,DevOps,Cohort 2,Dr. Grace Wanjiku,Fintech,Completed
TECH-001063,mercy waitehra,81995285,+254 754-909-92,mercy.waithera@gmail.com,2004-12-19,male,Bungoma,Webuye East,Ndivisi,"House 186, Waiyaki Road, Ruaraka",23/11/2024,A,AI/ML,Cohort 2,Prof. James Mwangi,E-Commerce,Active
TECH-001064,nafula aoko mwania,81014138,078261177,nafula.mwania@gmail.com,1950-11-09,male,Kiambu,Limuru,Ndeiya,"House 220, Waiyaki Avenue, Lenana",09/19/2026,A,AI/ML,Cohort 1,Dr. Michael Gitonga,Logistics,On Hold
TECH-001065,leshan waithera,37154707,+254 775-567-74,leshan.waithera@gmail.com,1983-04-03,male,Kiambu,Kikuyu,Sigona,"Plot 53, Lane 7, Kangundo",16-Aug-2024,I,Cybersecurity,Cohort 2,Eng. Anne Momanyi,IoT,Withdrawn
TECH-001066,ombati silas onsongo,38265460,+254 786-460-08,ombati.onsongo@gmail.com,1961-02-09,male,Uasin Gishu,Kesses,Cheptiret/Kipchamo,"Plot 262, Lane 19, Mombasa Road",19-Jun-2025,I,Data Engineering,Cohort 3,Dr. Sarah Mutua,Fintech,Active
TECH-001067,EUNICE AWITI KAMAU,91140766,+254 747-147-59,eunice.kamau@gmail.com,1991-11-06,female,NULL,Lang'ata,Nairobi West,"House 437, Kilimani Drive, Waiyaki",NULL,I,Mobile Development,Cohort 2,Dr. Grace Wanjiku,IoT,Active
TECH-001068,MERCY LESHAN,10354523,+254 118-695-91,mercy.leshan@yahoo.com,2001-11-21,female,Kilifi,Kilifi South,Mwarakaya,"Plot 74, Lane 11, Likoni",23-Jan-2025,I,Cybersecurity,Cohort 1,Dr. Michael Gitonga,Fintech,Withdrawn
TECH-001069,oduya luabnga,47889634,0792-103-39,oduya.lubanga@gmail.com,1995-05-11,male,Kisumu,Kisumu East,Nyalenda 'A',"Plot 217, Lane 5, Kiambu Road",04-10-2024,A,DevOps,Cohort 1,Eng. Amos Nduku,Clean Energy,On Hold
TECH-001070,silas osebe,90004656,+254 775-806-37,silas.osebe@yahoo.com,1982-05-01,male,Kisumu,Kisumu East,Nyalenda 'A',"Plot 201, Lane 8, Kilimani",09/19/2024,A,Data Engineering,Cohort 3,Eng. Anthony Wanyonyi,Logistics,Completed
TECH-001071,gitonga moraa ogero,11638822,+254 111-374-91,gitonga.ogero@yahoo.com,1997-05-16,female,Kilifi,Ganze,Jaribuni,"House 416, Kitisuru Street, Ruiru",20250420,A,Cybersecurity,Cohort 3,Dr. Lucy Otieno,E-Commerce,On Hold
TECH-001072,CHERONO MCHARO,14494343,+254 733-043-70,cherono.mcharo@gmail.com,1983-04-21,female,Nairobi,Dagoretti South,Ngando,"House 259, Juja Drive, Likoni",20-Jan-2025,I,Data Science,Cohort 3,Prof. Isaiah Kasina,Clean Energy,Withdrawn
TECH-001073,pauline kiprop,50983865,+254 765-609-54,pauline.kiprop@gmail.com,1995-08-03,female,TRANS NZOIA,Kiminini,Waitaluk,"Plot 350, Lane 20, Mugumo",31-08-2026,I,Data Science,Cohort 2,Prof. Robert Kiema,HealthTech,On Hold
TECH-001074,MICHAEL MWENDE NAFULA,30833313,+254 754-877-54,michael.nafula@yahoo.com,1970-10-06,male,Turkana,Turkana North,Kaikor,"House 41, Waiyaki Avenue, Jogoo",14-10-2025,I,Cybersecurity,Cohort 3,Prof. Esther Ondieki,Logistics,On Hold
TECH-001075,mulwa omar,77505434,+254 737-028-94,mulwa.omar@hotmail.com,1998-11-27,male,Kilifi,Kilifi South,Mtepeni,"Plot 89, Lane 15, Lavington",2024-06-01,A,Cloud Computing,Cohort 3,Eng. Faith Nashipae,EdTech,Active
TECH-001076,simiyu olella,14713027,+254 734-198-85,simiyu.olela@hotmail.com,1988-02-17,male,Mombasa,Likoni,Likoni,"Plot 263, Lane 8, Argwings Kodhek",20250823,I,Data Science,Cohort 2,Eng. Anthony Wanyonyi,Logistics,Active
TECH-001077,LYDIA IRENE SALIM,NA,+254 107-504-03,l.salim@hotmail.com,07-Mar-1966,Female,Kilifi,Kilifi South,Junju,"plot 350, lane 5, parklands",20240915,INACTIVE,Mobile Development,COHORT 1,Dr. Harun Mwikali,AgriTech,Completed
TECH-001078,JONAH JEPKORIR MUTHOKA,75845066,+254 789-601-07,jonah.muthoka@outlook.com,1990-02-11,female,Mombasa,Likoni,Bofu,"Plot 71, Lane 3, Ruiru",12-01-2024,A,Cybersecurity,Cohort 2,Eng. Peter Ochieng,Clean Energy,Completed
TECH-001079,anna awino oduya,76510566,+254 102-568-76,anna.oduya@hotmail.com,24-05-1993,MALE,,Tigania East,Kiguchwa,NA,2024-12-28,pending,Cloud Computing,Cohort 02,Prof. Robert Kiema,Logistics,On Hold
TECH-001080,mwirigi muema,53 555 317,+254 778-330-64,mwirigi.muema@hotmail.com,1996-04-18,male,Bungoma,Webuye East,Maraka,"House 400, River Road Drive, Argwings Kodhek",01 Feb 2025,A,Cybersecurity,Cohort 2,Eng. Anthony Wanyonyi,E-Commerce,On Hold
TECH-001081,onditi ndkuu,82003695,+254 707-649-94,onditi.nduku@yahoo.com,1957-08-15,male,Uasin Gishu,Ainabkoi,Kaptagat,"Plot 455, Lane 20, Argwings Kodhek",09-Jan-26,I,Cloud Computing,Cohort 3,Dr. Lucy Otieno,IoT,On Hold
TECH-001082,WAMBUGU CYNTHIA WAFULA,26634072,+254 795-437-80,wambugu.wafula@outlook.com,1976-05-09,female,Meru,Central Imenti,Gatimbi,"House 8, Kileleshwa Avenue, Ngong Road",21-May-2025,A,Cloud Computing,Cohort 2,Dr. Grace Wanjiku,Clean Energy,On Hold
TECH-001083,okello kasina,18175303,+254 117-585-76,okello@hotmail.com,2000-01-10,Male,Meru,Igembe South,Mau/Antuamburi,"plot 446, lane 1, jogoo",30-Jul-2024,active,Cloud Computing,COHORT-01,Eng. John Wekesa,HealthTech,Active
TECH-001084,kipchirchir kevin gitonga,94788471,+254 108-568-13,kipchirchir.gitonga@gmail.com,1980-11-26,female,Nairobi,Lang'ata,Karen,"House 469, Westlands Street, Ngong",28/05/2025,I,AI/ML,Cohort 2,Prof. Mercy Nduku,Clean Energy,Completed
TECH-001085,OKELLO HABAKKUK MOHAMED,33179292,+254 747-596-27,okello.mohamed@hotmail.com,2000-12-08,male,Nairobi,Dagoretti South,Riruta,"House 273, Tom Mboya Avenue, Athi River",15 Aug 2026,A,Cloud Computing,Cohort 1,Dr. Joy Kaloki,IoT,Active
TECH-001086,esther esther karanja,78835811,+254 787-509-93,esther.karanja@hotmail.com,1967-03-11,female,Nakuru,Kuresoi North,Kamara,"House 439, Waiyaki Drive, Kasarani",2024-07-01,I,Software Engineering,Cohort 1,Dr. Daniel Musyoka,Clean Energy,Active
TECH-001087,RUTH NABWIRE MWAURA,77638590,+254 798-631-98,ruth.mwaura@hotmail.com,1978-02-03,male,Kakamega,Shinyalu,Isukha Central,"House 115, Lenana Drive, Tom Mboya",2024-11-04,A,AI/ML,Cohort 1,Dr. Aaron Nduku,IoT,Withdrawn
TECH-001088,victor auma,50205857,+254 102-312-16,victor.auma@gmail.com,1951-09-20,male,Machakos,Mavoko,Athi River,"House 466, Westlands Road, Kangundo",2026-08-04,A,,Cohort 2,Dr. Daniel Musyoka,IoT,Completed
TECH-001089,moraa esther kemei,74209943 ,+254 119-532-48,m.kemei@gmail.com,27-09-1995,FEMALE,Turkana,Turkana North,Kaikor,"PLOT 116, LANE 14, KASARANI",16/06/2026,Inactive,DevOps,Cohort 01,Prof. David Kiprotich,Fintech,Active
TECH-001090,kagendo kipaati,64070291,+254 117-268-91,kagendo.kipaati@outlook.com,1981-10-19,female,Nakuru,Nakuru Town East,Kivumbini,"House 329, Mombasa Road Drive, Garden Estate",04-Mar-2026,A,AI/ML,Cohort 1,Dr. Jeremiah Kioko,E-Commerce,Completed
TECH-001091,WANJIRU GICHUUR,17334310,+254 109-171-26,wanjiru.gichuru@outlook.com,1989-12-03,female,Meru,Tigania East,Thangatha,"Plot 146, Lane 7, Kitisuru",27-Feb-26,I,AI/ML,Cohort 3,Prof. Catherine Chepkorir,HealthTech,Active
TECH-001092,rweria okoth nduku,42056846 ,+254 789-269-25,rweria.nduku@hotmail.com,2002-05-20,female,,Turkana East,Lokichar,NA,02/09/2024,I,,Cohort 3,Eng. Isaac Mutua,AgriTech,On Hold
TECH-001093,AWUOR KIVUVA,18153331,076 596 751,awuor.kivuva@gmail.com,1994-04-01,female,Kakamega,Khwisero,Kisa West,"Plot 48, Lane 4, Kikuyu",2025-10-31,A,Cloud Computing,Cohort 2,Dr. Aaron Nduku,Fintech,Active
TECH-001094,I. A. JUMA,25978403,+254 759-706-00,isaiah.juma@gmail.com,2001-06-19,male,Uasin Gishu County,Ainabkoi,Kaptagat,"Plot 459, Lane 11, Mombasa Road",05-May-2024,I,Mobile Development,Cohort 2,Dr. Sarah Mutua,Fintech,Active
TECH-001095,MARGARET MARTHA GITONGA,58573820,+254 772-156-76,margaret@outlook.com,08 May 1990,Male,Trans Nzoia,Kwanza,Kwanza,"House 139, Kilimani Rd, Langata",30/11/2026,active,Data Science,Cohort 02,Prof. Victor Kioko,Clean Energy,Completed
TECH-001096,RONALD ONDIEKI NJOROGE,42659117,+254 114-922-03,ronald.njoroge@gmail.com,1984-07-08,male,Bungoma,Kimilili,Maeni,"House 321, Argwings Kodhek Drive, Juja",11/07/2024,A,Cybersecurity,Cohort 1,Prof. Robert Kiema,AgriTech,On Hold
TECH-001097,CHEPKIRUI KAMAU,83745996,+254 779-891-69,chepkirui.kamau@hotmail.com,1999-05-27,female,Meru,Buuri,Kibirichia,"House 339, Kangundo Road, Kitisuru",12 Apr 2024,I,AI/ML,Cohort 2,Eng. Martin Kasina,EdTech,On Hold
TECH-001098,HARUN  MARETE,72071682,+254 119-537-15,harun.marete@gmail.com,1989-05-19,male,Meru,North Imenti,Mweronkanga,"House 410, Karen Avenue, Ngong Road",28-03-2024,A,DevOps,Cohort 3,Eng. Peter Ochieng,E-Commerce,On Hold
TECH-001099,MARTHA AIWTI,57365168,+254 756-105-11,martha.awiti@outlook.com,1951-03-15,female,Kiambu,Kiambu,Riabai,"Plot 96, Lane 20, Kiambu",2026-10-16,A,Cybersecurity,Cohort 3,Dr. Harun Mwikali,Fintech,Completed
TECH-001100,MORAA CHEBET,24649741,+254 792-340-00,moraa.chebet@gmail.com,1987-07-27,female,Bungoma,Kabuchai,Kabuchai/Chwele,"House 41, Limuru Road, Uhuru",2024-03-25,A,DevOps,Cohort 1,Prof. David Kiprotich,AgriTech,Completed
TECH-001101,ERICK NAFULA,62-831-328,+254 769-631-80,erick.nafula@gmail.com,1976-04-27,male,Nairobi,Lang'ata,Karen,"Plot 137, Lane 14, Kilimani",2026-10-08,I,Software Engineering,Cohort 1,Prof. Kevin Muriuki,EdTech,Active
TECH-001102,charity timothy waithera,14542798,+254 706-463-06,charity.waithera@gmail.com,1988-05-20,male,Kakamega,Mumias East,Malaha/Isongo/Masindi,"House 186, Kikuyu Road, Kileleshwa",2026-05-22,A,AI/ML,Cohort 2,Dr. Harun Mwikali,Fintech,Withdrawn
TECH-001103,PRISCILLA MARETE KEMEI,76460815,+254 732-793-37,priscilla.kemei@outlook.com,1981-10-10,female,Meru,Igembe Central,Athiru Gaiti,"Plot 379, Lane 8, Kangundo",11/22/2026,I,Software Engineering,Cohort 1,Prof. Kevin Muriuki,HealthTech,Completed
TECH-001104,ANYANGO CHEPKOECH BARASA,74318409 ,+254 774-305-75,anyango.barasa@gmail.com,1957-10-26,male,Kisumu,Kisumu West,West Kisumu,"House 117, Uhuru Street, Athi River",16-May-24,I,Cybersecurity,Cohort 1,Eng. Martin Kasina,AgriTech,On Hold
TECH-001105,ongeri musyymi,24277696,+254 714-406-38,ongeri.musyimi@outlook.com,1982-05-21,female,Nairobi,Dagoretti North,Kileleshwa,"Plot 28, Lane 18, Kikuyu",07-04-2026,A,DevOps,Cohort 3,Prof. Esther Ondieki,IoT,Completed
TECH-001106,KIPKORIR MCHARO,89989525,+254 117-821-58,kipkorir.mcharo@outlook.com,1991-11-02,female,Nakuru,Nakuru Town West,Kaptembwo,"Plot 20, Lane 16, Kiambu Road",25/07/2024,A,Cybersecurity,Cohort 3,Eng. Brian Mulwa,IoT,Withdrawn
TECH-001107,elijah nasimiyu,56379398,+254 717-604-07,NULL,1996-11-23,female,MERU,IGEMBE CENTRAL,ATHIRU GAITI,"House 411, Jogoo Drive, Ruaraka",10-Jun-24,I,Software Engineering,Cohort 1,Dr. Joel Muthoka,AgriTech,On Hold
TECH-001108,wangeci george kiprono,10-925-764,+254 758-276-96,NA,1987-03-21,F,Nairobi,Lang'ata,Mugumu-ini,"plot 202, lane 17, lenana",20250906,Active,Mobile Development,cohort 3,Dr. Sarah Mutua,EdTech,Active
TECH-001109,SAMUEL MWANIA,18-115-148,+254 771-893-34,samuel.mwania@yahoo.com,1971-02-06,female,Uasin Gishu,Turbo,Kiplombe,"Plot 292, Lane 7, Karen",,A,Data Engineering,Cohort 1,Eng. Martin Kasina,Fintech,On Hold
TECH-001110,mercy kamandde,28241849,+254 778-993-01,mercy.kamande@gmail.com,1993-02-11,male,Mombasa,Nyali,Mkomani,"House 352, Athi River Drive, Waiyaki",2024-05-02,A,Data Engineering,Cohort 3,Eng. John Wekesa,Logistics,On Hold
TECH-001111,KINYA MUTNE,25103503,+254 105-336-72,kinya.mutune@gmail.com,1981-10-21,male,Nairobi,Dagoretti South,Ngando,"Plot 320, Lane 2, Juja",2026-03-25,A,Software Engineering,Cohort 2,Prof. Esther Ondieki,E-Commerce,On Hold
TECH-001112,aaron kamotho,,+254 111-589-69,aaron.kamotho@outlook.com,2000-02-14,male,Nairobi,Kasarani,Ruai,"Plot 428, Lane 7, Kangundo",20240809,I,Mobile Development,Cohort 3,Eng. John Wekesa,Fintech,Completed
TECH-001113,KIPRONO MUTUNEE,68066393,+254 117 517 37,kiprono_mutune@yahoo.com,16/10/1992,FEMALE,Kiambu,Kabete,Nyathuna,House 97 Karen Drive Thika Superhighway,16-10-2025,I,Software Engineering,COHORT 3,Prof. Victor Kioko,Logistics,Withdrawn
TECH-001114,KIPKEMBOI MUTHURI OMONDI,9395-9277,+254 738-826-37,kipkemboi.omondi@outlook.com,1989-06-05,male,Bomet,Sotik,Ndanai/Abosi,"House 227, Westlands Avenue, Lavington",16/10/2025,I,DevOps,Cohort 3,Dr. Grace Wanjiku,IoT,Active
TECH-001115,OWUOR ACHIENG KAGWE,32959320,+254 797-716-57,owuor.kagwe@outlook.com,1973-05-07,female,Nairobi,Lang'ata,South C,"Plot 317, Lane 13, Ruaraka",07/02/2024,I,Cloud Computing,Cohort 3,Prof. Victor Kioko,HealthTech,Completed
TECH-001116,OWUOR GITONGA,90224792,+254 117-593-71,owuor.gitonga@gmail.com,1984-05-15,male,Nairobi,Kibra,Laini Saba,"Plot 462, Lane 1, Kileleshwa",10/12/2024,A,Mobile Development,Cohort 3,Dr. Daniel Musyoka,AgriTech,Active
TECH-001117,GITHINJI SAIDIMU,51367965,+254 768-325-22,githinji.saidimu@hotmail.com,1968-08-09,male,Nairobi,Dagoretti South,Uthiru,"House 155, Ngong Road, Karen",20250528,A,Software Engineering,Cohort 2,Prof. Kevin Muriuki,Fintech,Active
TECH-001118,MUEMA GITHINJI OMONDI,15699847,+254 702-941-06,muema.omondi@gmail.com,1951-12-17,male,Kakamega,Shinyalu,Isukha West,"Plot 466, Lane 20, Lavington",27-Jul-2025,A,AI/ML,Cohort 1,Eng. Anne Momanyi,E-Commerce,Withdrawn
TECH-001119,caroline wachira tsuma,90547120,+254 723-088-93,caroline.tsuma@outlook.com,1962-01-23,male,Uasin Gishu,Ainabkoi,Kapsoya,"House 372, Kitisuru Road, Athi River",20241128,A,Cloud Computing,Cohort 1,Eng. John Wekesa,AgriTech,Withdrawn
TECH-001120,chebet momanyi,12919231,+254 779-485-30,chebet.momanyi@yahoo.com,1985-12-13,female,MOMBASA,Jomvu,Miritini,"House 253, Thika Superhighway Drive, Garden Estate",22-Sep-2025,A,AI/ML,Cohort 3,Eng. Ezekiel Mumo,EdTech,Completed
TECH-001121,BENJAMIN CHEPKIRUI, 19576043,+254 781-091-07,benjamin.chepkirui@gmail.com,2006-04-26,female,Mombasa,Changamwe,Airport,"Plot 217, Lane 12, Mombasa Road",03/09/2026,I,Data Science,Cohort 3,Prof. David Kiprotich,Logistics,Completed
TECH-001122,KIPROP LESHAN,79651607,+254 732-370-15,kiprop.leshan@gmail.com,1984-02-05,female,Bungoma,Webuye West,Sitikho,"Plot 89, Lane 2, Ngong",01/03/2026,A,Cybersecurity,Cohort 1,Prof. Daniel Mutisya,Logistics,Active
TECH-001123,ALICE WAIRIMU ODHIAMBO,85887403,+254 789-980-62,alice.odhiambo@gmail.com,1991-08-26,female,,Westlands,NA,"House 189, River Road Road, Athi River",06/10/2026,I,Software Engineering,,Eng. Ezekiel Mumo,EdTech,Active
TECH-001124,KIPKEMBOI MWIKAALI,1762-5072,+254 741-126-88,kipkemboi.mwikali@gmail.com,1981-02-02,female,Nairobi,Dagoretti North,Kilimani,"Plot 314, Lane 2, Langata",08/03/2026,I,Mobile Development,Cohort 3,Dr. Grace Wanjiku,E-Commerce,Withdrawn
TECH-001125,MARGARET FLORA MWIRIGI,75796428,+254 756-771-44,margaret.mwirigi@gmail.com,2003-06-16,male,Bomet,Chepalungu,Nyongores,"Plot 213, Lane 18, Ruiru",24 Dec 2026,NA,Software Engineering,Cohort 3,Prof. James Mwangi,Clean Energy,Withdrawn
TECH-001126,ROBERT ODHIAMBO MUSALIA,3363-0872,+254 727-747-21,robert.musalia@gmail.com,2000-08-27,male,Kilifi,Ganze,Sokoke,"Plot 55, Lane 2, Ruaraka",25 Apr 2025,A,Data Science,Cohort 2,Prof. Obadiah Mwania,Fintech,Completed
TECH-001127,malachi cherono,69-002-986,+254 783-150-64,NULL,1989-02-14,male,NULL,Malindi,Shella,"House 193, Kikuyu Road, Thika",27/04/2025,NULL,Cloud Computing,Cohort 3,Prof. James Mwangi,EdTech,On Hold
TECH-001128,WANYONYI  HAGGAI  JEBET,1108-3382,010 760 772,wanyonyi.jebet@gmail.com,1966-01-03,female,Turkana,Loima,Loima,"Plot 95, Lane 14, Kiambu",20260111,A,DevOps,Cohort 3,Dr. Joel Muthoka,IoT,On Hold
TECH-001129,allan chepkwsony,4846-2628,25410971498,a.chepkwony@outlook.com,1997-01-14,female,Meru,IgembeCentral,Athiru Gaiti,"House 206, Athi River Road, Argwings Kodhek",2026-01-11,I,Data Science,Cohort 1,Eng. Gilbert Mutisya,AgriTech,Withdrawn
TECH-001130,kipkorir judy wekesa,60 204 030,+254 755-469-12,kipkorirwekesa@gmail.com,1995-11-02,female,Nairobi,Lang'ata,Mugumu-ini,"Plot 478, Lane 16, Mombasa Road",09-Aug-2024,A,AI/ML,Cohort 3,Eng. Anne Momanyi,AgriTech,On Hold
TECH-001131,J. M. MITEI,20136881 ,+254 718-949-93,jepchumba.mitei@gmail.com,1971-10-04,female,Kiambu,Kabete,Muguga,"Plot 265, Lane 4, Kikuyu",09/04/2024,A,Mobile Development,Cohort 2,Prof. Mercy Nduku,Clean Energy,On Hold
TECH-001132,mutua kipkech,40-676-127,+25470872321,kipkoechmutua@gmail.com,1968-08-05,female,Nakuru,Kuresoi South,Keringet,"Plot 68, Lane 16, Kitisuru",29-12-2025,A,Data Science,Cohort 3,Dr. Joy Kaloki,EdTech,Withdrawn
TECH-001133,K. NYAMBANE, 63690535,+254 759 055 98,kiprotich.nyambane@gmail.com,1970-08-18,female,,Ainabkoi,Kaptagat,"House 151, Ngong Avenue, Kiambu Road",02-07-2024,A,AI/ML,Cohort 1,Eng. Martin Kasina,Fintech,Active
TECH-001134,kimani paul hassan,56675977 ,0729-839-53,kimani.hassan@gmail.com,1994-03-15,male,Meru,Igembe Central,Akachiu,"Plot 344, Lane 18, Karen",2024-01-11,A,Data Engineering,Cohort 3,Eng. Ezekiel Mumo,Fintech,On Hold
TECH-001135,KIMANI KAGWIRIA OMONDI,50545587,+254 772-516-70,kimani_omondi@gmail.com,1974-11-02,female,Nyeri,Nyeri Town,Kiganjo/Mathari,"House 110, Lenana Street, Moi Avenue",03/04/2024,I,Cybersecurity,Cohort 1,Dr. Joy Kaloki,HealthTech,On Hold
TECH-001136,wanjiru ogero,17170147,+254 114-417-24,wanjiruogero@outlook.com,1981-10-18,female,Mombasa,Changamwe,Chaani,"Plot 134, Lane 2, Jogoo",06/24/2026,A,AI/ML,Cohort 3,Eng. Martin Kasina,Fintech,Withdrawn
TECH-001137,ZEPHANIAH  NJOROGE  KAMANDE, 14866710,+254 755-397-50,zephaniah.kamande@outlook.com,NULL,female,Meru,Tigania East,Mikinduri,"House 102, Kangundo Street, Jogoo",07 Apr 2024,A,Cybersecurity,Cohort 2,Prof. Robert Kamau,EdTech,Withdrawn
TECH-001138,wafula omondi,89984645 ,254 701 034 85,wafula.omondi@outlook.com,1988-02-28,male,Nairobi,Kasarani,Njiru,"Plot 228, Lane 6, Uhuru",10-11-2025,A,AI/ML,Cohort 1,Prof. Victor Kioko,AgriTech,Withdrawn
TECH-001139,MARGARET GACHERU,68997676,+254 113-472-97,m.g@outlook.com,2001-04-01,female,Trans Nzoia,Endebess,Endebess,"Plot 83, Lane 17, River Road",NA,NULL,Software Engineering,Cohort 1,Dr. Jonah Kasina,E-Commerce,Withdrawn
TECH-001140,wangari edith jepkoech,48373096,+254 798-271-60,wangari.jepkoech@hotmail.com,1989-04-02,female,Machakos,Machakos Town,Kalama,"House 264, Moi Avenue Road, Ruaraka",05-29-2024,A,Cloud Computing,Cohort 3,Eng. Gilbert Mutisya,AgriTech,Withdrawn
TECH-001141,leshan gitonga,15-843-117,0725-493-76,leshan.gitonga@hotmail.com,1998-10-24,female,Machakos,Machakos Town,Kalama,"Plot 86, Lane 8, Garden Estate",02-06-2025,I,Software Engineering,Cohort 2,Prof. David Kiprotich,E-Commerce,Active
TECH-001142,JEPCHUMBA MITEI,20136881 ,0718-949-93,jepchumba60@gmail.com,1971-10-04,female,Kiambu,Kabete,Muguga,"Plot 265, Lane 4, Kikuyu",09/04/2024,A,Mobile Development,Cohort 2,Prof. Mercy Nduku,Clean Energy,On Hold
TECH-001143,musalia caroline, 64047337,+25475111112,caroline.musalia@gmail.com,1993-01-19,female,Nyeri,Nyeri Town,Ruring'u,"Plot 432, Lane 3, Waiyaki",02-22-2024,A,AI/ML,Cohort 1,Eng. Anne Momanyi,HealthTech,On Hold
TECH-001144,opiyo musalia,23488183 ,+254 733 320 90,opiyo.musalia@yahoo.com,2001-04-02,female,Nyeri,Mukurweini,Rugi,"Plot 245, Lane 7, Mugumo",2026-02-28,A,DevOps,Cohort 2,Dr. Joy Kaloki,EdTech,Completed
TECH-001145,MUKAMI JEBED,2769-7461,254 764 707 76,m@gmail.com,14/02/1999,Female,Nakuru,Nakuru Town West,Kapkures,"house 349, uhuru road, kikuyu",09/09/2025,INACTIVE,Cybersecurity,Cohort 01,Dr. Lucy Otieno,IoT,Withdrawn
TECH-001146,"ONSONGO, MUTUA ROSE",72458202 ,+254 712-168-46,mutua.onsongo@gmail.com,1970-09-03,female,Nakuru,Molo,Marioshoni,"House 34, River Road Street, Limuru",21-04-2026,A,Cloud Computing,Cohort 1,Eng. Amos Nduku,HealthTech,On Hold
TECH-001147,GEORGE BRIAN MBUTHIA,72768816,+254 719-407-37,georgembuthia@gmail.com,1968-03-16,male,Kakamega,Matungu,Kholera,"House 249, Parklands Street, Limuru",13-Oct-25,I,DevOps,Cohort 1,Eng. Anne Momanyi,IoT,Withdrawn
TECH-001148,aaron tuwett,9933-8984,0752-923-00,aaron.towett@hotmail.com,1972-01-21,female,Meru,Buuri,Kisima,"House 73, Kangundo Drive, Juja",28/06/2024,I,Cloud Computing,Cohort 2,Eng. Martin Kasina,Fintech,On Hold
TECH-001149,CAROLINE WACHIRA NEKESA,50546917,+254 739-823-47,caroline.nekesa@gmail.com,1994-06-02,male,KIAMBU,KIKUYU,NACHU,"Plot 174, Lane 11, River Road",04/08/2025,A,Mobile Development,Cohort 3,Eng. John Wekesa,EdTech,Completed
TECH-001150,WAIRIMU KIVUVA,92-509-986,+254 781-007-59,wairimu.kivuva@gmail.com,1993-11-13,male,Nairobi,Kibra,Laini Saba,"House 247, Lenana Road, Athi River",25-Mar-2025,I,Cloud Computing,Cohort 3,Dr. Joy Kaloki,AgriTech,Active
TECH-001151,"wambugu, onsongo george",32046483,+254 787-446-02,onsongo.wambugu@outlook.com,1968-06-04,male,Uasin Gishu,Ainabkoi,Ainabkoi/Olare,"House 355, Jogoo Road, Argwings Kodhek",07/13/2026,A,Mobile Development,Cohort 3,Eng. Martin Kasina,Clean Energy,Active
TECH-001152,NJOROGE KIHKIA,9118-1404,254 113 588 30,njoroge@yahoo.com,1991-08-15,male,Kisumu,Muhoroni,Muhoroni/Koru,"House 178, Mombasa Road Avenue, Athi River",05/28/2026,A,Mobile Development,Cohort 3,Eng. Peter Ochieng,EdTech,Completed
TECH-001153,SARAH KAMOTOH,94271736,+254 765-612-75,sarah.kamotho@yahoo.com,1981-11-16,female,Nyeri,Tetu,Wamagana,"Plot 231, Lane 2, Limuru",20240705,I,AI/ML,Cohort 2,Eng. Anne Momanyi,Logistics,Withdrawn
TECH-001154,rose langat,71410640 ,25473548324,rose_langat@gmail.com,2002-07-24,male,Kiambu,Limuru,Limuru Central,"House 329, Kasarani Road, Thika Superhighway",03-26-2025,A,AI/ML,Cohort 2,Prof. Robert Kiema,E-Commerce,Withdrawn
TECH-001155,AKINYI MUDAI,42 835 306,0719.966.20,akinyi_mutai@yahoo.com,1973-11-26,female,Mombasa,Changamwe,Chaani,"Plot 343, Lane 18, Ruaraka",2025-05-25,A,Software Engineering,Cohort 3,Eng. Brian Mulwa,Logistics,Completed
TECH-001156,ODHIAMBO TOWWETT,77 551 168,+254 721 113 95,o.t@gmail.com,2000-08-18,male,Meru,Tigania East,NA,"Plot 364, Lane 6, Waiyaki",2026-02-18,A,Data Science,Cohort 3,Dr. Aaron Nduku,Clean Energy,Withdrawn
TECH-001157,jane kikpoech,70346785 ,010631174,jane_kipkoech@gmail.com,1988-09-13,male,Nakuru,Kuresoi North,Kamara,"Plot 89, Lane 14, Kileleshwa",20251121,A,Software Engineering,Cohort 2,Prof. David Kiprotich,Logistics,On Hold
TECH-001158,NAISULA  KARIUKI, 39930875,25470304176,naisula.kariuki@gmail.com,1982-06-19,female,Uasin Gishu,Moiben,Sergoit,"House 6, Juja Avenue, Kikuyu",04/01/2025,I,Data Engineering,Cohort 1,Eng. Micah Kioko,Logistics,On Hold
TECH-001159,NDUKU KIPNGETICH,67011369,+254 791-574-87,nduku.kipngetich@gmail.com,1952-06-07,male,NAIROBI,Lang'ata,Nairobi West,"Plot 43, Lane 19, Juja",11-Oct-2025,I,AI/ML,Cohort 3,Eng. Micah Kioko,AgriTech,On Hold
TECH-001160,LOIS GIHURU,46 990 787,0728-404-18,gichurulois@gmail.com,1973-09-10,male,,Turbo,Kiplombe,"House 366, Kenyatta Drive, Moi Avenue",04/01/2025,A,,Cohort 3,Dr. Collins Mwania,Fintech,Withdrawn
TECH-001161,SYOMBUA ALEXANDER WABOMBA,68379988,+254 746-045-96,syombua69@gmail.com,1970-05-28,male,Nairobi,Lang'ata,Nyayo Highrise,"Plot 428, Lane 16, Argwings Kodhek",2024-05-22,I,Cybersecurity,Cohort 2,Eng. Gilbert Mutisya,Clean Energy,Active
TECH-001162,NJOROGE EZEKIEL MUTUA,70819026,+254 726-585-93,njoroge.mutua@hotmail.com,1994-02-04,female,Kiambu,Lari,Kamburu,"Plot 141, Lane 1, Tom Mboya",03/02/2025,I,Cybersecurity,Cohort 3,Dr. Sarah Mutua,IoT,Withdrawn
TECH-001163,MUTHAA LBANGA, 40971850,079273227,lubangamuthaa@outlook.com,1991-08-21,male,Mombasa,Nyali,Mkomani,"House 291, Mugumo Drive, Moi Avenue",25-01-2026,A,Data Science,Cohort 1,Prof. Mercy Nduku,EdTech,Withdrawn
TECH-001164,t. r. opiyo,60 564 531,0793-347-51,teresa.opiyo@hotmail.com,1968-10-09,female,Bungoma,Webuye West,Matulo,"Plot 277, Lane 19, Mugumo",2025-06-25,I,Cloud Computing,Cohort 1,Dr. Aaron Nduku,AgriTech,On Hold
TECH-001165,OWUOR GITONGA,90224792,+254 117-593-71,owuor.gitonga@gmail.com,1984-05-15,male,Nairobi,Kibra,Laini Saba,"Plot 462, Lane 1, Kileleshwa",10/12/2024,A,Mobile Development,Cohort 3,Dr. Daniel Musyoka,AgriTech,Active
TECH-001166,KARANJA ESTHER ESTHER,78 835 811,078750993,esther.karanja@hotmail.com,1967-03-11,female,Nakuru,Kuresoi North,Kamara,"House 439, Waiyaki Drive, Kasarani",2024-07-01,I,Software Engineering,Cohort 1,Dr. Daniel Musyoka,Clean Energy,Active
TECH-001167,mutisya kirotich,30513743 ,072 650 263,mutisya13@yahoo.com,06-15-2005,Male,Kakamega,Mumias West,Musanda,"Plot 122, Lane 14, Limuru",02/09/2024,Active,Data Engineering,Cohort 03,Dr. Mary Akinyi,Fintech,On Hold
TECH-001168,nashipae keney,2013-5658,+25476369155,nashipae61@outlook.com,1999-08-04,male,Uasin Gishu,Moiben,Sergoit,"Plot 65, Lane 5, Likoni",28-Nov-2024,A,Cloud Computing,Cohort 3,Prof. Victor Kioko,Clean Energy,Active
TECH-001169,AWITI ISAIAH KAMAU,77431786,+254 107-218-31,a.k@hotmail.com,1987-11-18,male,Nairobi,Dagoretti South,Ngando,"Plot 32, Lane 4, Argwings Kodhek",24-11-2026,A,Data Science,Cohort 3,Eng. John Wekesa,HealthTech,Withdrawn
TECH-001170,philemon kamoth,4272-4072,076713474,pkamotho@outlook.com,1997-10-24,female,Trans Nzoia,Cherangany,Motosi,"Plot 296, Lane 13, Westlands",08/05/2024,I,Cybersecurity,Cohort 1,Dr. Collins Mwania,EdTech,Withdrawn
TECH-001171,deborah awiti,33535297,+254 764-217-27,deborah.awiti@gmail.com,23-Jan-81,M,BOMET,BOMET CENTRAL,MUTARAKWA,"Plot 309, Ln 20, Kikuyu",02-03-2025,A,Data Science,COHORT 3,Eng. Martin Kasina,Clean Energy,Active
TECH-001172,jebiwott njorogee,57 535 503,072123511,jnjoroge67@gmail.com,03-07-1985,FEMALE,Machakos,Mavoko,Athi River,"Plot 424, Lane 2, Garden Estate",26-07-2026,inactive,Data Engineering,Cohort  1,Eng. Gilbert Mutisya,Fintech,Completed
TECH-001173,kanana muniori,62386745,+254 765-165-95,kananamunyori@gmail.com,01-15-1958,F,Uasin Gishu,Kesses,,"Plot 428, Ln 20, Kasarani",07-Apr-2024,,AI/ML,C-1,Eng. Faith Nashipae,Logistics,On Hold
TECH-001174,OWUOR MOKUA,9964-6907,079959597,owuor.mokua@gmail.com,1983-09-13,female,Kiambu,Ruiru,Kiuu,"House 424, Westlands Road, Kiambu Road",20/05/2026,I,Cybersecurity,Cohort 2,Prof. Mercy Nduku,Clean Energy,Completed
TECH-001175,"awiti, deborah",33-535-297,254 764 217 27,deborah.awiti@gmail.com,23-Jan-81,M,BOMET,BOMET CENTRAL,MUTARAKWA,"Plot 309, Ln 20, Kikuyu",02-03-2025,A,Data Science,COHORT 3,Eng. Martin Kasina,Clean Energy,Active
TECH-001176,WAMALWA GITONRGA,8001-9294,+25476379678,wamalwa.gitonga@yahoo.com,1975-07-19,male,Trans Nzoia,Kiminini,Hospital,"House 200, Likoni Drive, Ngong",08-11-2026,I,DevOps,Cohort 2,Prof. Daniel Mutisya,Clean Energy,Active
TECH-001177,KEVIN WEKESA,21646351,+254 782-909-88,kevin.wekesa@gmail.com,2005-07-25,female,Kilifi,Magarini,Sabaki,"House 124, Ruaraka Road, Waiyaki",2025-12-30,I,Mobile Development,Cohort 3,Prof. Robert Kamau,Logistics,On Hold
TECH-001178,KIPNGETICH NAPWIRE,60-984-196,+254 108-472-63,NULL,1978-12-06,male,NAIROBI,WESTLANDS,KITISURU,"House 320, Kenyatta Drive, Moi Avenue",23-06-2026,A,Data Science,Cohort 1,Eng. Martin Kasina,Fintech,Active
TECH-001179,ISAIAH OWOOR,92455201,+254 701-343-91,owuorisaiah@gmail.com,1996-09-08,male,Bungoma,Webuye West,Bokoli,"House 95, Mugumo Road, Athi River",2026-08-05,A,Software Engineering,Cohort 2,Dr. Allan Mumo,Logistics,Active
TECH-001180,JEBIWOTT NJOOROGE,57535503,+254 721-235-11,jnjoroge@gmail.com,03-07-1985,FEMALE,Machakos,Mavoko,Athi River,"Plot 424, Lane 2, Garden Estate",26-07-2026,inactive,Data Engineering,Cohort  1,Eng. Gilbert Mutisya,Fintech,Completed
TECH-001181,naliaka kariuki,64 387 805,254 119 786 93,kariuki.naliaka@outlook.com,1993-05-03,male,Nairobi,Kibra,Lindi,"House 213, Ngong Road Street, Lavington",2025-09-18,A,Data Engineering,NA,Dr. Joy Kaloki,HealthTech,Active
TECH-001182,margaret ndegwa, 37735363,+254 742 196 06,margaret.ndegwa@gmail.com,1953-02-13,female,Kisumu,Nyakach,Central Nyakach,"Plot 40, Lane 16, Likoni",2024-06-07,I,Data Engineering,Cohort 2,Eng. Anne Momanyi,AgriTech,On Hold
TECH-001183,AUMA KAGNOGO,24 651 096,011155161,auma.kangogo@gmail.com,1990-08-13,female,Turkana,Turkana South,Lobokat,"House 369, Ngong Avenue, Thika",NA,I,,Cohort 1,Dr. Grace Wanjiku,E-Commerce,Withdrawn
TECH-001184,kipngetich cherotich nabea,19971406,+254 731-083-80,kipngetich.nabea@gmail.com,1972-01-10,male,Nakuru,Kuresoi South,Amalo,"Plot 140, Lane 10, Mugumo",27-08-2025,A,AI/ML,Cohort 1,Eng. Anthony Wanyonyi,E-Commerce,On Hold
TECH-001185,anyango kipkemui, 76604568,0783.370.55,akipkemoi@outlook.com,2000-01-15,male,Nairobi,Westlands,Parklands,"House 373, Kitisuru Road, Kikuyu",13-Oct-26,I,Cloud Computing,Cohort 2,Prof. Isaiah Kasina,EdTech,Withdrawn
TECH-001186,gitobu kamande, 85614882,+25477703399,gitobu64@yahoo.com,1990-01-04,male,Kisumu,Seme,North Seme,"Plot 420, Lane 15, Moi Avenue",13-01-2026,A,Data Science,Cohort 3,Eng. Isaac Mutua,Clean Energy,On Hold
TECH-001187,judy kiprotick,5205-7523,+254 735-344-39,judy37@gmail.com,1975-09-06,female,Nyeri,Nyeri Town,Kamakwa/Mukaro,"House 339, Ruaraka Drive, Karen",2024-04-14,I,Cybersecurity,Cohort 3,Prof. Mercy Nduku,Logistics,On Hold
TECH-001188,waithera hassan,90 267 569,0711-480-85,w.h@gmail.com,1983-07-09,male,Nyeri,NA,Chinga,"House 108, Mombasa Road Drive, Kenyatta",09-Nov-2026,I,Mobile Development,Cohort 3,Dr. Jeremiah Kioko,EdTech,Withdrawn
TECH-001189,gitobu kamande,85-614-882,0777.033.99,gitobu@yahoo.com,1990-01-04,male,Kisumu,Seme,North Seme,"Plot 420, Lane 15, Moi Avenue",13-01-2026,A,Data Science,Cohort 3,Eng. Isaac Mutua,Clean Energy,On Hold
TECH-001190,RIMBERIA OMAR,22388317,+254 756-792-24,r.o@yahoo.com,1970-09-21,male,Kakamega,Lugari,NULL,"Plot 383, Lane 17, Ngong Road",20240420,A,Cybersecurity,Cohort 3,Dr. Harun Mwikali,E-Commerce,Completed
TECH-001191,muriuki cecilia jebet,82041503,+254 717-950-97,muriuki_jebet@hotmail.com,1993-04-10,male,Nairobi,Lang'ata,Mugumu-ini,"House 94, Kangundo Avenue, River Road",20250725,I,Data Science,Cohort 3,Prof. Robert Kamau,EdTech,Withdrawn
TECH-001192,wachira jonah sigei,92-147-935,+254 717-576-58,wachira.sigei@outlook.com,1985-09-08,male,Kiambu,Lari,Kinale,"Plot 260, Lane 7, Kasarani",2025-02-18,I,DevOps,Cohort 2,Prof. Catherine Chepkorir,Logistics,Withdrawn
TECH-001193,atieno atmhan, 70692728,+254 702-398-53,atienoathman@gmail.com,1970-01-28,female,Kiambu,Kiambu,Ndumberi,"House 441, Thika Superhighway Street, Mugumo",21/03/2024,I,Cloud Computing,Cohort 1,Prof. Kevin Muriuki,HealthTech,Completed
TECH-001194,MERCY KEMEI,49353426,+254 744-699-61,mercy_kemei@gmail.com,1981-10-01,female,Nairobi,Westlands,Kangemi,"House 439, Garden Estate Avenue, Ruiru",2024-03-24,I,Data Engineering,Cohort 3,Prof. Victor Kioko,Fintech,Active
TECH-001195,"SIGEI, SIMON MWANIA", 97389730,+25411496418,simon.sigei@yahoo.com,1982-01-12,female,Mombasa,Mvita,Mji wa Kale,"Plot 232, Lane 15, Limuru",23-06-2026,I,Data Science,Cohort 1,Dr. Jonah Kasina,Fintech,Active
TECH-001196,alice michael gitau, 48226449,0103.435.41,alice.gitau@gmail.com,1978-10-04,male,Trans Nzoia,Saboti,Tuwani,"House 297, Moi Avenue Street, Ngong Road",28-Nov-2026,I,Data Engineering,Cohort 2,Dr. Harun Mwikali,HealthTech,On Hold
TECH-001197,CHERONO SIGETI,8614-0861,0735-708-72,cheronosigei@yahoo.com,05/11/1989,FEMALE,Kiambu,Ruiru,Gatong'ora,Plot152Lane18RiverRd,2025-10-02,Active,Cybersecurity,Cohort  1,Eng. Ezekiel Mumo,AgriTech,Completed
TECH-001198,JEPCHUMBA KEMEI,50511614,+254 786-064-81,jepchumba.kemei@gmail.com,1980-10-28,male,Nakuru,Molo,Elburgon,"Plot 285, Lane 9, Lavington",2026-12-24,A,Cybersecurity,Cohort 3,Dr. Joel Muthoka,Clean Energy,On Hold
TECH-001199,c. k. kioko,76738801 ,0792-505-42,cynthia.kioko@gmail.com,1983-12-23,male,Kisumu,Nyando,Kabonyo/Kanyagwal,"House 310, Tom Mboya Road, Kilimani",30/04/2026,A,Data Science,Cohort 3,Eng. Anthony Wanyonyi,Fintech,Withdrawn
TECH-001200,RUTH ONSONGO,46545801,+254 746-903-90,onsongoruth@yahoo.com,1964-01-23,male,Machakos,Matungulu,Matungulu West,"Plot 129, Lane 15, Mombasa Road",30-Apr-24,A,DevOps,Cohort 2,Eng. Peter Ochieng,E-Commerce,Withdrawn
TECH-001201,MUTHONI KVIUVA,44065587,+254 787-887-38,mkivuva@yahoo.com,1987-06-08,male,Nairobi County,Kibra,Sarang'ombe,"Plot 178, Lane 11, Kenyatta",09-10-2026,A,Data Engineering,Cohort 3,Eng. Isaac Mutua,Clean Energy,On Hold
TECH-001202,robert wachira,31193066,+254 721-319-87,robert.wachira@gmail.com,1975-05-18,male,Nakuru,Gilgil,Mbaruk/Eburu,"Plot 285, Lane 4, Ngong",2026-01-10,A,Cybersecurity,Cohort 3,Eng. Ezekiel Mumo,Logistics,Active
TECH-001203,"BETT, GATHONI",71-524-281,072 589 739,gathoni.bett@gmail.com,2003-05-21,male,Machakos,Machakos Town,Mutituni,"Plot 406, Lane 20, Parklands",17-01-2024,I,Mobile Development,Cohort 1,Eng. Peter Ochieng,Logistics,Completed
TECH-001204,"auma, janet benjamin",87 241 350,25475310888,janet.auma@gmail.com,1985-08-24,male,BOMET,Chepalungu,Nyongores,"Plot 480, Lane 8, Kiambu Road",30/10/2024,A,AI/ML,Cohort 3,Dr. Mary Akinyi,AgriTech,On Hold
TECH-001205,CHRISTOPHER KAMOTOHO,55-299-368,079 385 719,christopherkamotho@outlook.com,1990-10-10,female,MACHAKOS,Mavoko,Kinanie,"House 443, Kitisuru Avenue, Outering",04-Jan-2026,A,Data Science,Cohort 2,Dr. Sarah Mutua,EdTech,On Hold
TECH-001206,caroline nekeesa,50-546-917,+254 739-823-47,carolinenekesa@gmail.com,1994-06-02,male,KIAMBU,KIKUYU,NACHU,"Plot 174, Lane 11, River Road",04/08/2025,A,Mobile Development,Cohort 3,Eng. John Wekesa,EdTech,Completed
TECH-001207,JOEL KIMANI,94759650,+254 724-550-27,joel.kimani@yahoo.com,1972-02-20,female,Nairobi,Dagoretti South,Riruta,"Plot 190, Lane 16, Thika",20260810,I,DevOps,Cohort 3,Eng. Martin Kasina,EdTech,Completed
TECH-001208,"wachira, wairimu rweria",15-021-097,254 704 071 16,wairimu.wachira@outlook.com,1986-10-15,female,Kakamega,Matungu,Khalaba,"Plot 180, Lane 14, Juja",10/01/2026,I,Data Science,Cohort 1,Eng. Ezekiel Mumo,Fintech,On Hold
TECH-001209,B. N. NJUGUNA,13 254 023,254 737 622 33,beatrice.njuguna@outlook.com,1985-02-27,female,Bungoma,Webuye West,Matulo,"House 331, Thika Road, Ruaraka",28/04/2024,I,Software Engineering,Cohort 2,Dr. Joy Kaloki,Clean Energy,Completed
TECH-001210,musyimi john, 53305731,25470984832,john55@hotmail.com,1980-02-23,Female,Mombasa,Kisauni,Mtopanga,"Plot 443, Lane 15, Kasarani",04-Oct-26,Pending,Cloud Computing,Cohort 03,Prof. Obadiah Mwania,AgriTech,Active
TECH-001211,martha nekesa,7541-3577,011 439 150,martha.nekesa@gmail.com,1993-04-04,female,Trans Nzoia,Endebess,Chepchoina,"House 438, Ruiru Avenue, Kiambu Road",2024-05-06,I,AI/ML,Cohort 1,Eng. Gilbert Mutisya,E-Commerce,On Hold
TECH-001212,ongeri mutheu joel,81309530 ,25475924317,mutheu.ongeri@hotmail.com,1992-07-11,male,KIAMBU,LARI,KIJABE,"Plot 148, Lane 17, Likoni",05/23/2024,A,Cybersecurity,Cohort 2,Prof. Robert Kiema,E-Commerce,Completed
TECH-001213,SHARON NANJALE,35 520 607,079275895,nanjalasharon@hotmail.com,01-May-95,female,Machakos,Mavoko,Athi River,Plot 466 Lane 20 Parklands,10-29-2026,active,Mobile Development,cohort 3,Prof. Kevin Muriuki,AgriTech,On Hold
TECH-001214,simon mwaniia,99716761,+254 765-425-84,simon.mwania@gmail.com,2003-07-12,male,Nakuru,Nakuru Town West,Barut,"House 1, Langata Avenue, Mombasa Road",20240302,I,Mobile Development,Cohort 3,Eng. Anthony Wanyonyi,E-Commerce,Completed
TECH-001215,MUTISYA KIPROTIHC, 30513743,0726.502.63,mutisya49@yahoo.com,06-15-2005,Male,Kakamega,Mumias West,Musanda,"Plot 122, Lane 14, Limuru",02/09/2024,Active,Data Engineering,Cohort 03,Dr. Mary Akinyi,Fintech,On Hold
TECH-001216,githua achieng,88 960 861,0702.120.18,agithua@gmail.com,07/18/2003,FEMALE,Nairobi,Dagoretti North,Kawangware,"plot 87, lane 19, ngong road",25/11/2026,I,AI/ML,Cohort  3,Eng. Anthony Wanyonyi,Clean Energy,Completed
TECH-001217,GEORGE JEPKOECH, 18979224,+254 756 074 12,george.jepkoech@hotmail.com,1990-07-23,female,Kakamega,Butere,Marama South,"House 306, Mombasa Road Drive, Karen",05-09-2025,A,Cybersecurity,Cohort 1,Dr. Harun Mwikali,HealthTech,Completed
TECH-001218,edward  stephen  ombati,7017-3215,011557420,e.ombati@hotmail.com,1981-06-15,M,,Ruiru,Kahawa Wendani,Plot453Lane13Thika,NA,NA,Cloud Computing,Cohort 01,Dr. Jonah Kasina,Clean Energy,Active
TECH-001219,ANYANGO ONSONGO, 99309976,25411469262,anyango.onsongo@yahoo.com,1967-10-05,female,Mombasa,Mvita,Tononoka,"House 425, Limuru Street, Kilimani",11-09-2024,I,AI/ML,Cohort 1,Eng. Brian Mulwa,Clean Energy,On Hold
TECH-001220,MBAKA REBECCA MWOROA,6310-1260,+254 774-850-61,mbaka.mworoa@hotmail.com,1966-02-11,female,Kiambu,Kabete,Kabete,"House 307, Mombasa Road Drive, Ngong",20-Apr-2026,I,Software Engineering,Cohort 1,Prof. James Mwangi,EdTech,Completed
TECH-001221,AKINYI KOEH,43866730 ,076 453 854,a.koech@yahoo.com,1956-05-06,female,Nakuru,NA,Marioshoni,"House 153, Juja Road, Kiambu Road",23/12/2025,,AI/ML,Cohort 2,Dr. Aaron Nduku,EdTech,On Hold
TECH-001222,ODUYA EDWARD KAMAU,96974887,+254 786-656-43,oduya.kamau@gmail.com,1996-04-17,female,Nyeri,Nyeri Town,Kamakwa/Mukaro,"Plot 171, Lane 19, Tom Mboya",11/10/2024,A,Software Engineering,Cohort 2,Dr. Sarah Mutua,Logistics,On Hold
TECH-001223,S. G. LUBANGA,46160937 ,0115.370.17,senteu.lubanga@yahoo.com,1997-07-24,male,Mombasa,Likoni,Bofu,"Plot 406, Lane 10, Outering",20260530,,DevOps,NA,Eng. Anthony Wanyonyi,E-Commerce,Withdrawn
TECH-001224,BETT GATHONI,7152-4281,+254 725-897-39,gathoni.bett@gmail.com,2003-05-21,male,Machakos,Machakos Town,Mutituni,"Plot 406, Lane 20, Parklands",17-01-2024,I,Mobile Development,Cohort 1,Eng. Peter Ochieng,Logistics,Completed
TECH-001225,wangeci nnajala,73841910,+254 785-017-09,wang@hotmail.com,04/25/1992,M,NA,Ikolomani,Idakho East,"Plot 231, Lane 4, Outering",20261227,pending,Cybersecurity,Cohort 02,Prof. James Mwangi,EdTech,Completed
TECH-001226,MWIRIGI KIPNGETIICH,16774455 ,+25472341175,mwirigi_kipngetich@gmail.com,1993-05-25,male,Kisumu,Seme,West Seme,"House 98, Kasarani Drive, Lenana",01-Jul-2025,A,Cybersecurity,Cohort 2,Eng. John Wekesa,Fintech,On Hold
TECH-001227,kipngetich cherotich nabea,19971406,+254 731-083-80,kipngetich_nabea@gmail.com,1972-01-10,male,Nakuru,Kuresoi South,Amalo,"House 101, Jogoo Avenue, Mugumo",27-08-2025,A,AI/ML,Cohort 1,Eng. Anthony Wanyonyi,E-Commerce,On Hold
TECH-001228,f. r. osebe,41809725 ,25477114397,faith.osebe@yahoo.com,NULL,male,NULL,Kapseret,Ngeria,,2024-04-24,A,Mobile Development,Cohort 1,Prof. James Mwangi,EdTech,On Hold
TECH-001229,wafula omodi,8998-4645,254 701 034 85,wafulaomondi@outlook.com,1988-02-28,male,Nairobi,Kasarani,Njiru,"Plot 228, Lane 6, Uhuru",10-11-2025,A,AI/ML,Cohort 1,Prof. Victor Kioko,AgriTech,Withdrawn
TECH-001230,otieno kipchirchir kathure,85251775 ,0704.701.88,kipchirchir.otieno@hotmail.com,1995-02-21,female,Trans Nzoia,Cherangany,Kaplamai,"Plot 405, Lane 6, Moi Avenue",20-Dec-2026,I,Data Science,Cohort 2,Dr. Jonah Kasina,IoT,On Hold
TECH-001231,matoke miriam, 11951278,071 132 654,NULL,1998-12-06,female,Kisumu,Kisumu Central,Shauri Moyo,"Plot 161, Lane 7, Lavington",27/04/2024,A,Cybersecurity,Cohort 1,Eng. Peter Ochieng,IoT,Active
TECH-001232,C. K. NJOROGE, 47173534,254 708 652 44,cynthia.njoroge@outlook.com,1998-01-03,female,Trans Nzoia,Endebess,Chepchoina,"House 78, Athi River Drive, Kilimani",28-06-2025,I,DevOps,Cohort 3,Prof. Robert Kamau,E-Commerce,Completed
TECH-001233,a. kebaso, 78782838,0791.469.82,amos.kebaso@gmail.com,1974-02-02,male,Nyeri,Kieni,Gatarakwa,"House 306, Mugumo Avenue, Kiambu Road",13-09-2024,I,Software Engineering,Cohort 2,Eng. Anne Momanyi,EdTech,Completed
TECH-001234,KILONZO ONONDI,20548786 ,0792.713.19,kilonzo_omondi@gmail.com,1999-04-27,male,Mombasa,Mvita,Tononoka,"Plot 254, Lane 12, Athi River",21-Aug-26,I,Cybersecurity,Cohort 3,Dr. Collins Mwania,Fintech,Completed
TECH-001235,ODHIAMBO MWIKALI TOWETT,77551168,+254 721-113-95,odhiambo.towett@gmail.com,2000-08-18,male,Meru,Tigania East,NA,"Plot 364, Lane 6, Waiyaki",2026-02-18,A,Data Science,Cohort 3,Dr. Aaron Nduku,Clean Energy,Withdrawn
TECH-001236,VERONICA KANAU,3228-0888,+254 773-956-77,v.kamau@outlook.com,1998-12-17,female,Meru,CentralImenti,Mwangathia,"House 291, Lenana Drive, Langata",2026-07-24,A,Data Science,Cohort 3,Prof. Robert Kamau,Fintech,Active
TECH-001237,"mwikali, kipkemboi cherotich",17-625-072,+254 741-126-88,kipkemboi.mwikali@gmail.com,1981-02-02,female,Nairobi,Dagoretti North,Kilimani,"Plot 314, Lane 2, Langata",08/03/2026,I,Mobile Development,Cohort 3,Dr. Grace Wanjiku,E-Commerce,Withdrawn
TECH-001238,kinyua kech,74 492 536,25476903357,kkoech@yahoo.com,1982-07-03,male,Kisumu,Kisumu Central,Market Milimani,"Plot 376, Lane 9, Kiambu Road",12/30/2026,I,Cybersecurity,Cohort 2,Dr. Lucy Otieno,E-Commerce,On Hold
TECH-001239,john kiprotich mukhwana,52137942,+254 738-566-03,j.mukhwana@gmail.com,1990-03-28,male,Machakos,Matungulu,Matungulu East,"Plot 377, Lane 3, Jogoo",30-08-2025,A,Mobile Development,Cohort 2,Eng. Anthony Wanyonyi,Clean Energy,Withdrawn
TECH-001240,muthuri gitonga,58384994,+254 731-335-81,muthuri.gitonga@gmail.com,1995-12-15,male,KIAMBU,Githunguri,NA,NA,20241216,A,Data Science,Cohort 3,Dr. Michael Gitonga,E-Commerce,Withdrawn
TECH-001241,anthony wangary, 72505408,0762.835.24,a.w@hotmail.com,1965-02-25,female,Nyeri,Nyeri Town,Kiganjo/Mathari,"Plot 411, Lane 9, Ngong",24/07/2024,I,Data Science,Cohort 3,Dr. Allan Mumo,Clean Energy,On Hold
TECH-001242,moraa otien,6813-6765,0713-070-36,moraa.otieno@yahoo.com,1977-01-05,female,Kisumu,Muhoroni,Ombeyi,"Plot 104, Lane 16, Mugumo",2024-12-29,A,AI/ML,Cohort 3,Eng. Martin Kasina,AgriTech,Active
TECH-001243,nabwire rimberia,34566728,254 112 923 19,nabwire.rimberia@gmail.com,1969-10-21,female,Nakuru,Nakuru Town West,Rhoda,"Plot 232, Lane 17, Outering",08-01-2026,A,Cloud Computing,Cohort 2,Prof. Robert Kamau,Clean Energy,On Hold
TECH-001244,atieno okello,58285562,+254 732-485-28,okelloatieno@gmail.com,NULL,male,,Endebess,Chepchoina,"House 200, Kitisuru Avenue, Garden Estate",26/08/2025,A,Data Science,Cohort 3,Dr. Aaron Nduku,HealthTech,Completed
TECH-001245,faith wngari,23873812,+254 722-770-62,faith.wangari@hotmail.com,1971-04-21,female,Meru,Igembe South,Athiru Gaiti,"Plot 146, Lane 12, Mombasa Road",20250731,I,Cloud Computing,Cohort 3,Eng. Martin Kasina,Logistics,Active
TECH-001246,REBECCA KTER,56590046 ,0764-297-00,r53@gmail.com,1987-11-18,male,Nairobi,Dagoretti South,Mutuini,"PLOT 235, LANE 8, TOM MBOYA",30-12-2024,I,Data Engineering,COHORT-03,Eng. Micah Kioko,HealthTech,On Hold
TECH-001247,LILIAN OKOTH MUSYOKA,62920955,+254 117-623-86,lilian.musyoka@outlook.com,1990-04-25,male,Kilifi,Rabai,Rabai/Kisurutini,"House 349, Thika Superhighway Avenue, Athi River",14/10/2025,I,Mobile Development,Cohort 1,Eng. Amos Nduku,Clean Energy,Withdrawn
TECH-001248,muthoni gikonyo,37402375,+254 757-575-94,m.gikonyo@outlook.com,1989-07-05,male,Machakos,Matungulu,Matungulu North,"House 368, Garden Estate Road, Parklands",2025-01-04,I,Cloud Computing,Cohort 3,Prof. Robert Kamau,E-Commerce,Withdrawn
TECH-001249,MUTUA KIPROP GIKONYO,11523452,+254 723-620-02,m.g@hotmail.com,1990-12-09,female,Kiambu,Ruiru,Kahawa Wendani,"House 395, Ngong Road, Uhuru",14-03-2024,I,Cybersecurity,Cohort 2,Eng. John Wekesa,HealthTech,Completed
TECH-001250,momanyi mokkua, 96194417,0112-481-48,mmokua@hotmail.com,1987-06-02,male,Nairobi,Dagoretti South,Mutuini,"Plot 208, Lane 18, Ruaraka",24-Sep-2024,I,Data Science,Cohort 3,Eng. Gilbert Mutisya,AgriTech,Withdrawn
TECH-001251,GITONGA OJERO,11 638 822,25411137491,gitonga63@yahoo.com,1997-05-16,female,Kilifi,Ganze,Jaribuni,"House 416, Kitisuru Street, Ruiru",20250420,A,Cybersecurity,Cohort 3,Dr. Lucy Otieno,E-Commerce,On Hold
TECH-001252,"kioko, kipngetich nyambura",80899398 ,+25478909749,NA,2001-04-19,male,NAIROBI,KASARANI,KASARANI,"House 61, Athi River Road, Moi Avenue",2024-07-16,A,Cloud Computing,Cohort 3,Dr. Harun Mwikali,HealthTech,On Hold
TECH-001253,WANGECI CHERUIYOT,74535895,+254 733-308-74,wangeci_cheruiyot@outlook.com,1978-06-27,male,Kiambu County,Kikuyu,Nachu,"Plot 440, Lane 10, Kilimani",2024-06-06,ACTIVE,Software Engineering,COHORT 3,Prof. Esther Ondieki,IoT,Withdrawn
TECH-001254,muthuri gitonga,58384994,+254 731-335-81,mgitonga@gmail.com,1995-12-15,male,KIAMBU,Githunguri,NA,"Plot 88, Lane 10, Mombasa Road",20241216,A,Data Science,Cohort 3,Dr. Michael Gitonga,E-Commerce,Withdrawn
TECH-001255,M. WANGARI,7325-2068,073198143,muriuki.wangari@hotmail.com,1998-01-27,male,Kilifi,Rabai,Rabai/Kisurutini,"House 208, Juja Avenue, Uhuru",20241214,I,Cybersecurity,Cohort 3,Eng. Isaac Mutua,HealthTech,On Hold
TECH-001256,owuor kengaa,86 471 037,+25474863112,kengaowuor@gmail.com,1975-03-13,male,Kiambu,Limuru,Ndeiya,,2026-10-06,A,Mobile Development,NA,Prof. Robert Kamau,EdTech,Completed
TECH-001257,rose mokua, 18024377,25474951089,rose.mokua@gmail.com,NA,male,MERU,SOUTH IMENTI,ABOGETA WEST,,09/02/2026,NULL,Data Science,Cohort 2,Prof. David Kiprotich,Clean Energy,On Hold
TECH-001258,joel nyambura kipchirchir,1154-6923,0101-689-70,joel.kipchirchir@yahoo.com,1997-04-07,female,Turkana,Turkana South,Kaputir,"Plot 411, Lane 6, Juja",10 May 2024,A,Software Engineering,Cohort 1,Prof. Robert Kamau,Logistics,Completed
TECH-001259,m. g. mburu, 60671655,070950946,martin.mburu@yahoo.com,1998-04-03,male,Kiambu,Ruiru,Gatong'ora,"Plot 98, Lane 5, Parklands",2026-01-23,A,Data Science,Cohort 3,Dr. Sarah Mutua,Logistics,Withdrawn
TECH-001260,okello kasima,18 175 303,25411758576,okello80@hotmail.com,2000-01-10,Male,Meru,Igembe South,Mau/Antuamburi,"plot 446, lane 1, jogoo",30-Jul-2024,active,Cloud Computing,COHORT-01,Eng. John Wekesa,HealthTech,Active
TECH-001261,ONSONGO NICHOLAS WAMUYU,44436835,+254 722-992-66,onsongowamuyu@gmail.com,1981-02-24,male,Mombasa,Nyali,Frere Town,"House 16, Karen Drive, Kitisuru",NA,NA,Data Science,Cohort 3,Prof. Kevin Muriuki,HealthTech,On Hold
TECH-001262,m. k. nanjala, 53380330,073 783 476,mwikali.nanjala@hotmail.com,1994-06-25,female,Machakos,Matungulu,Tala,"Plot 438, Lane 15, Moi Avenue",09/11/2025,I,Cloud Computing,Cohort 1,Eng. Martin Kasina,Clean Energy,Completed
TECH-001263,edith achieeng,31-958-106,0109.554.99,edith_achieng@yahoo.com,1971-06-24,male,Kilifi,Kilifi South,Chasimba,"Plot 68, Lane 13, Juja",2026-09-02,A,Data Engineering,Cohort 3,Prof. David Kiprotich,Fintech,Withdrawn
TECH-001264,benjamin chekpirui,19 576 043,25478109107,bchepkirui@gmail.com,2006-04-26,female,Mombasa,Changamwe,Airport,"Plot 217, Lane 12, Mombasa Road",03/09/2026,I,Data Science,Cohort 3,Prof. David Kiprotich,Logistics,Completed
TECH-001265,LANGAT AARON,40-930-568,+254 766 248 67,aaron.langat@gmail.com,1995-05-22,female,Nakuru,Kuresoi South,Amalo,"House 477, Kitisuru Street, River Road",07-Nov-2026,I,Cybersecurity,Cohort 3,Eng. Micah Kioko,AgriTech,Active
TECH-001266,ERICK ELIZABETH ROTICH,60850210,+254 111-464-10,erick@gmail.com,11-May-01,F,Meru,South Imenti,Abogeta West,"House 29, Parklands Ave, Thika",24-09-2026,Pending,Data Science,Cohort-3,Eng. Peter Ochieng,Clean Energy,Withdrawn
TECH-001267,gakii korss,38218853 ,254 109 759 22,NA,1964-08-22,female,Mombasa,Kisauni,Mtopanga,"House 437, Mombasa Road Avenue, Waiyaki",2026-02-24,A,Data Engineering,Cohort 2,Prof. Esther Ondieki,Fintech,Active
TECH-001268,kinya gikonyo,52977271,+254 704-037-26,k.g@gmail.com,1952-01-13,MALE,Mombasa,Likoni,Likoni,Plot 138 Lane 5 Thika,2025-12-05,active,Cybersecurity,cohort 3,Dr. Jonah Kasina,AgriTech,Withdrawn
TECH-001269,ONDIEKI MARTIN MARY,34 914 143,071 530 846,martin.ondieki@gmail.com,1997-11-09,female,Meru,Tigania East,Muthara,"House 223, Kitisuru Avenue, Juja",25-Apr-2026,I,Cybersecurity,Cohort 2,Dr. Jeremiah Kioko,Fintech,On Hold
TECH-001270,KILONZO OMOINDI,20 548 786,0792-713-19,komondi@gmail.com,1999-04-27,male,Mombasa,Mvita,Tononoka,"Plot 254, Lane 12, Athi River",21-Aug-26,I,Cybersecurity,Cohort 3,Dr. Collins Mwania,Fintech,Completed
TECH-001271,martha lengurao,85253501 ,+254 766 012 94,martha@gmail.com,1966-01-09,female,Machakos,Yatta,Ndalani,"Plot 322, Lane 14, Athi River",28-10-2024,I,Cloud Computing,Cohort 1,Eng. Ezekiel Mumo,Logistics,Withdrawn
TECH-001272,ANN WAMBUUI,NA,+254 117-721-04,a.wambui@gmail.com,1980-12-16,male,NYERI,Othaya,Ngaru,"Plot 290, Lane 12, Outering",24/07/2025,A,Cybersecurity,Cohort 2,Dr. Allan Mumo,EdTech,On Hold
TECH-001273,MBAKA BENJAMIN MWIRIGI,78387472,+254 731-860-38,mbaka.mwirigi@yahoo.com,2002-10-21,male,Kiambu,Limuru,Limuru Central,,15 Oct 2026,A,Software Engineering,Cohort 2,Eng. Anne Momanyi,E-Commerce,Completed
TECH-001274,NABWIRE NALIAKA MURIUKI,53-771-746,071338025,nabwire.muriuki@outlook.com,2004-05-02,male,Uasin Gishu,Soy,Kapkures,"Plot 411, Lane 8, Tom Mboya",14-Feb-2025,I,Data Engineering,Cohort 3,Dr. Jeremiah Kioko,IoT,Active
TECH-001275,ELIZABETH KARNAJA,5498-8861,0797.915.67,elizabeth_karanja@hotmail.com,1988-12-02,female,Kakamega,Butere,Marama South,"House 61, Mombasa Road Street, Kikuyu",2025-10-22,A,Data Engineering,Cohort 2,Dr. Harun Mwikali,Clean Energy,Active
TECH-001276,HANNAH MUEAM,92-720-952,0775-267-17,hmuema@gmail.com,1986-10-13,male,Kisumu,Nyakach,South West Nyakach,"Plot 35, Lane 15, Kasarani",20261110,I,Cybersecurity,Cohort 2,Dr. Daniel Musyoka,E-Commerce,On Hold
TECH-001277,agnes musaila,76597184 ,0732-300-01,amusalia@hotmail.com,1977-06-16,female,Kiambu,Ruiru,Kahawa Wendani,"Plot 448, Lane 17, Ngong",2026-12-23,A,Cloud Computing,Cohort 2,Eng. Elijah Mwania,E-Commerce,On Hold
TECH-001278,GEORGE GICHRUU,89 811 209,+254 753 163 51,ggichuru@gmail.com,1998-04-28,female,Bomet,Konoin,Embomos,"House 124, Kitisuru Drive, Ruiru",20261117,A,Software Engineering,Cohort 1,Dr. Allan Mumo,EdTech,Completed
TECH-001279,isaac naliaka hassan,62-019-290,+25472433821,isaac.hassan@outlook.com,1999-05-27,female,Machakos,Matungulu,Matungulu West,"Plot 37, Lane 19, Kasarani",2025-01-08,A,Data Science,Cohort 3,Dr. Daniel Musyoka,AgriTech,On Hold
TECH-001280,naserian kanampiu,99466466,+254 726-996-83,naseriankanampiu@outlook.com,1955-09-13,female,NULL,Limuru,Limuru Central,"Plot 179, Lane 13, Outering",2025-11-23,I,Data Engineering,Cohort 2,Dr. Joel Muthoka,Clean Energy,On Hold
TECH-001281,mercy kamandde,28241849,+254 778-993-01,mercy.kamande@gmail.com,1993-02-11,male,Mombasa,Nyali,Mkomani,"House 352, Athi River Drive, Waiyaki",2024-05-02,A,Data Engineering,Cohort 3,Eng. John Wekesa,Logistics,On Hold
TECH-001282,rose achieng musyimi,64914054 ,010 623 557,rose.musyimi@gmail.com,1982-03-23,male,Kakamega,Shinyalu,Isukha North,"Plot 299, Lane 17, Kangundo",13 Jul 2026,I,Software Engineering,Cohort 3,Prof. Robert Kiema,IoT,On Hold
TECH-001283,atieno kathure wanjiku,8659-9891,+254 771-483-01,kathure.atieno@hotmail.com,NULL,male,Uasin Gishu,Turbo,Tapsagoi,"Plot 187, Lane 13, Kikuyu",2025-06-22,A,Cloud Computing,Cohort 1,Prof. Daniel Mutisya,E-Commerce,Active
TECH-001284,ROSE AWITI MITEI,60012498,+254 752-917-52,rose.mitei@gmail.com,1982-07-23,female,Nyeri,Othaya,Iria-ini,"House 96, Mombasa Road Street, Outering",15-04-2025,I,Cybersecurity,Cohort 2,Prof. Isaiah Kasina,HealthTech,On Hold
TECH-001285,AARON MUMO WAMBUGU,70752010,+254 702-084-28,aaron.wambugu@gmail.com,1981-06-14,female,Kiambu,Kabete,Nyathuna,"Plot 381, Lane 12, Mombasa Road",2025-06-15,A,DevOps,Cohort 3,Prof. Robert Kamau,HealthTech,On Hold
TECH-001286,N. R. OKELLO,33 851 205,011682534,nahum.okello@hotmail.com,1991-09-09,female,Kisumu,Nyakach,North Nyakach,"Plot 148, Lane 4, Tom Mboya",13-Oct-2025,A,Cloud Computing,Cohort 3,Dr. Mary Akinyi,EdTech,Completed
TECH-001287,HARUN ACINYI,1491-8680,0753-426-06,hakinyi@gmail.com,1971-02-17,female,Kiambu,Kiambu,Ting'ang'a,"House 423, Ngong Street, Moi Avenue",01/04/2026,I,Data Engineering,Cohort 1,Prof. James Mwangi,E-Commerce,On Hold
TECH-001288,G. NEKESA, 69566993,+25477118105,NA,NA,female,Kilifi,Kilifi South,Chasimba,"House 142, Kilimani Avenue, Parklands",2025-08-17,,Software Engineering,Cohort 1,Prof. Esther Ondieki,Fintech,Completed
TECH-001289,"kaimenyi, gakii florence",60-857-535,+25478640123,gakii.kaimenyi@outlook.com,1971-09-11,female,Bungoma,Sirisia,Namwela,"Plot 182, Lane 12, Waiyaki",NULL,I,Software Engineering,Cohort 1,Prof. Victor Kioko,IoT,On Hold
TECH-001290,"mutua, kinya", 42292892,0799-349-63,k.mutua@outlook.com,1962-01-28,male,Nairobi,Dagoretti North,Kileleshwa,"House 4, Langata Drive, Mugumo",28/06/2026,A,Software Engineering,Cohort 1,Prof. David Kiprotich,Logistics,Active
TECH-001291,z. b. mwangolo,53-634-616,0731-840-89,zechariah.mwangolo@gmail.com,1985-12-20,male,Kakamega,Shinyalu,Isukha North,"Plot 349, Lane 11, Juja",17/03/2026,I,Cloud Computing,Cohort 1,Dr. Joy Kaloki,Clean Energy,Active
TECH-001292,silas hannah chebet,20599735,+254 799-549-83,silas.chebet@gmail.com,1984-10-25,female,NAKURU,NAKURU TOWN EAST,FLAMINGO,"House 444, Mombasa Road Street, Waiyaki",28-10-2025,A,Data Science,Cohort 2,Eng. Amos Nduku,E-Commerce,Withdrawn
TECH-001293,monica wekesa, 31744118,0733-972-28,monica.wekesa@gmail.com,1990-03-18,female,Uasin Gishu,Ainabkoi,Kapsoya,"House 231, River Road Street, Kenyatta",20250501,I,Cloud Computing,Cohort 2,Eng. Martin Kasina,AgriTech,Withdrawn
TECH-001294,RIMBERIA OKELLO KOECH,48065927,+254 722-656-29,r.koech@gmail.com,1988-12-16,male,Nakuru,Molo,Elburgon,"Plot 471, Lane 15, Lavington",11-08-2025,A,Cloud Computing,Cohort 2,Eng. Anne Momanyi,AgriTech,Completed
TECH-001295,jepchumba mwikali,49585077,+254 738-363-17,jepchumba73@hotmail.com,1995-04-16,male,Nairobi,Dagoretti North,Gatina,"House 322, Ngong Street, Karen",07-04-2025,A,Cybersecurity,Cohort 3,Prof. Robert Kiema,E-Commerce,On Hold
TECH-001296,opiyo mwani,93-410-225,+254 105 945 81,opiyo.mwania@gmail.com,1998-10-16,female,Nairobi,Westlands,Kitisuru,"Plot 460, Lane 4, Ngong Road",20241104,A,DevOps,Cohort 3,Prof. Robert Kiema,Fintech,Completed
TECH-001297,KAGWE MUMO,36-971-737,074 794 650,m.k@gmail.com,1992-08-10,male,Kakamega,Ikolomani,Idakho Central,"House 478, Tom Mboya Street, Kiambu Road",27/07/2026,I,Cloud Computing,Cohort 1,Dr. Jeremiah Kioko,HealthTech,Withdrawn
TECH-001298,"WABOMBA, JOSEPH CYNTHIA",44-625-815,0778.953.36,joseph.wabomba@gmail.com,1997-02-20,female,Trans Nzoia,Endebess,Matumbei,"House 456, Karen Avenue, Likoni",11/12/2024,A,Software Engineering,Cohort 1,Eng. Faith Nashipae,E-Commerce,Withdrawn
TECH-001299,WAIRIMU WACHRIA, 15021097,254 704 071 16,wairimu.wachira@outlook.com,1986-10-15,female,Kakamega,Matungu,Khalaba,"Plot 180, Lane 14, Juja",10/01/2026,I,Data Science,Cohort 1,Eng. Ezekiel Mumo,Fintech,On Hold
TECH-001300,ODHIAMBO NAMUKHLUA,52-549-710,25410648467,odhiambo_namukhula@gmail.com,1998-01-01,male,Meru,North Imenti,Mweronkanga,"House 173, Athi River Street, Athi River",2024-01-21,I,Cloud Computing,Cohort 1,Prof. David Kiprotich,Logistics,Completed
TECH-001301,ELIJAH NASIMYU,56379398 ,071760407,NULL,1996-11-23,female,MERU,IGEMBE CENTRAL,ATHIRU GAITI,"House 411, Jogoo Drive, Ruaraka",10-Jun-24,I,Software Engineering,Cohort 1,Dr. Joel Muthoka,AgriTech,On Hold
TECH-001302,naserian musila,48662280,+254 111-869-23,n.m@hotmail.com,1965-11-07,male,Trans Nzoia,Endebess,Chepchoina,"Plot 456, Lane 16, Kiambu Road",2024-03-08,I,Data Engineering,Cohort 2,Prof. Daniel Mutisya,AgriTech,Completed
TECH-001303,janet auuma, 87241350,075310888,janet@gmail.com,1985-08-24,male,BOMET,Chepalungu,Nyongores,"Plot 480, Lane 8, Kiambu Road",30/10/2024,A,AI/ML,Cohort 3,Dr. Mary Akinyi,AgriTech,On Hold
TECH-001304,john musyimmi,84 541 703,+254 714-830-87,john15@hotmail.com,1995-07-06,F,Kiambu,NULL,Githunguri,Plot 163 Lane 17 Ngong,24-Nov-2026,I,Cybersecurity,C-1,Eng. Peter Ochieng,E-Commerce,Completed
TECH-001305,jeremiah kanana tsuma,71523036,+254 728-968-22,j.t@gmail.com,09/01/1988,Male,Kiambu,Ruiru,Gatong'ora,"Plot 248, Lane 19, Kangundo",2026-09-22,inactive,Data Science,Cohort  2,Prof. Kevin Muriuki,IoT,Withdrawn
TECH-001306,O. MAINGI,22330471 ,074692680,okello.maingi@gmail.com,1984-02-18,male,Trans Nzoia,Cherangany,Makutano,"Plot 332, Lane 4, Parklands",18/10/2024,I,AI/ML,Cohort 2,Dr. Daniel Musyoka,IoT,On Hold
TECH-001307,MUTWIRI BETT,9153-6470,+254 737-881-39,mutwiri.bett@gmail.com,1953-10-13,male,Kiambu,Limuru,Ndeiya,"Plot 131, Lane 2, Waiyaki",02/05/2024,A,Cybersecurity,Cohort 3,Prof. Esther Ondieki,Fintech,Withdrawn
TECH-001308,NICHOLAS KENEI,26947996,+254 708-793-81,nicholas.kenei@hotmail.com,1983-12-24,male,Mombasa,Mvita,Mji wa Kale,"Plot 431, Lane 5, Juja",18/05/2026,I,Cybersecurity,Cohort 2,Eng. Anthony Wanyonyi,EdTech,Completed
TECH-001309,SIMIYU WANAGRI,6005-7264,25411809253,simiyu20@gmail.com,1966-10-09,male,Bomet,Bomet East,Merigi,"House 72, Limuru Street, Karen",31-12-2024,I,Cloud Computing,Cohort 3,Eng. John Wekesa,EdTech,On Hold
TECH-001310,faith ouor, 19492547,074888769,faith.owuor@gmail.com,2002-12-06,female,Kilifi,Rabai,Mwawesa,"Plot 314, Lane 9, Mugumo",22 Jul 2024,A,Mobile Development,Cohort 3,Dr. Jeremiah Kioko,E-Commerce,Withdrawn
TECH-001311,diana mwikali,57778592,+254 101-301-79,diana.mwikali@outlook.com,2001-07-16,male,Machakos County,Machakos Town,Machakos Central,"House 204, Ruaraka Street, Kangundo",28 Jan 2026,I,Mobile Development,Cohort 1,Prof. Obadiah Mwania,AgriTech,Completed
TECH-001312,TIMOTHY ROSE MUTHAMA,70-665-647,+254 769-576-06,muthamatimothy@outlook.com,1987-03-12,female,Turkana,Loima,Loima,"Plot 76, Lane 8, Likoni",10/04/2026,A,AI/ML,Cohort 2,Eng. Isaac Mutua,Fintech,Completed
TECH-001313,MURIUKI KIPROP,14492483,+254 118-169-11,muriuki.kiprop@yahoo.com,1991-02-24,female,Bungoma,Sirisia,Lwandanyi,"Plot 462, Lane 9, Kilimani",2026-08-10,A,Cybersecurity,Cohort 1,Prof. Catherine Chepkorir,HealthTech,Active
TECH-001314,janet momanyi,21477571,+254 707-186-09,janetmomanyi@gmail.com,2001-12-11,M,Kilifi,Ganze,Bamba,Plot312Lane13Kangundo,2026-04-09,pending,Cybersecurity,COHORT 1,Dr. Mary Akinyi,Fintech,Completed
TECH-001315,mbaka mwirigii, 78387472,0731-860-38,mbakamwirigi@yahoo.com,2002-10-21,male,Kiambu,Limuru,Limuru Central,,15 Oct 2026,A,Software Engineering,Cohort 2,Eng. Anne Momanyi,E-Commerce,Completed
TECH-001316,nekesa agnes leshan,89722688,+254 776-497-42,nleshan@yahoo.com,25/02/1991,MALE,Kiambu,Limuru,Limuru Central,Plot 298 Lane 2 Lenana,23-Dec-2024,A,Data Engineering,Cohort-3,Dr. Grace Wanjiku,Logistics,Completed
TECH-001317,JUDY WAIHERA,87-657-839,010 989 121,judy@gmail.com,1969-10-12,female,Kiambu,Kiambu,Riabai,"Plot 58, Lane 2, Uhuru",14-07-2025,I,Mobile Development,Cohort 1,Eng. Brian Mulwa,Fintech,On Hold
TECH-001318,NAOMI GRACE KAIMENYI,69715793,+254 777-287-09,naomi@yahoo.com,1956-04-26,female,Kakamega,Matungu,Koyonzo,"Plot 141, Lane 3, Kangundo",2024-10-20,A,Cybersecurity,Cohort 1,Prof. Esther Ondieki,EdTech,Completed
TECH-001319,bett daniel,57019856 ,077520260,daniel.bett@gmail.com,1959-06-06,female,Nairobi,Kasarani,Clay City,"House 302, Mugumo Road, Likoni",18-Feb-2026,I,Data Science,Cohort 1,Dr. Michael Gitonga,EdTech,Withdrawn
TECH-001320,chepkorir juuma,51262331 ,0723-200-34,chepkorir_juma@gmail.com,2000-02-03,male,Nairobi,Lang'ata,South C,"Plot 56, Lane 17, Ngong",2024-01-23,I,Cloud Computing,Cohort 1,Prof. Victor Kioko,Fintech,Active
TECH-001321,chebet momanyi,12919231,+254 773-697-73,chebet@yahoo.com,1985-12-13,female,MOMBASA,Jomvu,Miritini,"Plot 170, Lane 6, Kitisuru",22-Sep-2025,A,AI/ML,Cohort 3,Eng. Ezekiel Mumo,EdTech,Completed
TECH-001322,MARGARET MWIRII, 75796428,075677144,margaret.mwirigi@gmail.com,2003-06-16,male,Bomet,Chepalungu,Nyongores,"Plot 213, Lane 18, Ruiru",24 Dec 2026,NA,Software Engineering,Cohort 3,Prof. James Mwangi,Clean Energy,Withdrawn
TECH-001323,RIMBERIA OMAR,22388317,+254 759-931-63,rimberia.omar@yahoo.com,1970-09-21,male,Kakamega,Lugari,NULL,"Plot 56, Lane 17, Mugumo",20240420,A,Cybersecurity,Cohort 3,Dr. Harun Mwikali,E-Commerce,Completed
TECH-001324,brenda gilbert gitobu,20999047,+254 771-150-87,brenda_gitobu@hotmail.com,1974-05-11,female,Kilifi,Magarini,Gongoni,"House 156, Mombasa Road Road, Garden Estate",2025-11-25,A,Mobile Development,Cohort 3,Prof. Esther Ondieki,HealthTech,Completed
TECH-001325,SILAS OSEEB,90 004 656,077580637,silas.osebe@yahoo.com,1982-05-01,male,Kisumu,Kisumu East,Nyalenda 'A',"Plot 201, Lane 8, Kilimani",09/19/2024,A,Data Engineering,Cohort 3,Eng. Anthony Wanyonyi,Logistics,Completed
TECH-001326,MWANIA MWANGI,28148594,+254 103-642-02,NA,1986-01-01,female,Nyeri,Kieni,Mwiyogo/Endarasha,"House 107, Argwings Kodhek Drive, Kangundo",2024-04-26,A,Data Science,Cohort 1,Prof. Catherine Chepkorir,Logistics,Withdrawn
TECH-001327,anna kibathi,28894885,+254 777-913-58,kibathianna@gmail.com,1990-08-26,male,Uasin Gishu,Kesses,Tulwet/Chuiyat,"Plot 321, Lane 13, Kiambu",2025-01-20,I,DevOps,Cohort 2,Eng. Micah Kioko,E-Commerce,Active
TECH-001328,KINYA MUTUA,42292892,+254 799-349-63,kinya.mutua@outlook.com,1962-01-28,male,Nairobi,Dagoretti North,Kileleshwa,"House 4, Langata Drive, Mugumo",28/06/2026,A,Software Engineering,Cohort 1,Prof. David Kiprotich,Logistics,Active
TECH-001329,wairimu rweria wachira,15021097,+254 704-876-71,wairimu_wachira@outlook.com,1986-10-15,female,Kakamega,Matungu,Khalaba,"House 250, Kileleshwa Avenue, Tom Mboya",10/01/2026,I,Data Science,Cohort 1,Eng. Ezekiel Mumo,Fintech,On Hold
TECH-001330,n. situma,6279-4884,0112-940-48,nokun@gmail.com,1984-04-13,female,Uasin Gishu,Kapseret,Ngeria,"House 126, Kangundo Road, Argwings Kodhek",24-01-2024,A,Data Science,Cohort 1,Dr. Lucy Otieno,Logistics,Withdrawn
TECH-001331,"situma, nokun",62-794-884,254 112 940 48,nokun.situma@gmail.com,1984-04-13,female,Uasin Gishu,Kapseret,Ngeria,"House 126, Kangundo Road, Argwings Kodhek",24-01-2024,A,Data Science,Cohort 1,Dr. Lucy Otieno,Logistics,Withdrawn
TECH-001332,"gichuru, wanjiru achieng",17334310 ,+254 109-171-26,wanjiru.gichuru@outlook.com,1989-12-03,female,Meru,Tigania East,Thangatha,"Plot 146, Lane 7, Kitisuru",27-Feb-26,I,AI/ML,Cohort 3,Prof. Catherine Chepkorir,HealthTech,Active
TECH-001333,COLLINS NICHOLAS MWAKIDEU,77191418,+254 708-273-77,collins.mwakideu@outlook.com,1970-01-25,male,Nairobi,Kibra,Sarang'ombe,"Plot 27, Lane 17, Ruaraka",28-Mar-2025,I,Data Engineering,Cohort 2,Eng. Faith Nashipae,AgriTech,On Hold
TECH-001334,RONALD ONDIEKI NJOROGE,42659117,+254 114-922-03,ronald.njoroge@gmail.com,1984-07-08,male,Bungoma,Kimilili,Maeni,"House 321, Argwings Kodhek Drive, Juja",11/07/2024,A,Cybersecurity,Cohort 1,Prof. Robert Kiema,AgriTech,On Hold
TECH-001335,nahum mwamburri,79553479,+254 724-900-88,nahum.mwamburi@yahoo.com,2000-12-25,male,Nakuru,Kuresoi North,Sirikwa,"Plot 126, Lane 17, Garden Estate",05 Dec 2025,I,Data Engineering,Cohort 3,Prof. Kevin Muriuki,EdTech,Active
TECH-001336,kioko tsuma,41858513,+254 113-276-80,kioko.tsuma@hotmail.com,1983-01-06,male,TRANS NZOIA,ENDEBESS,MATUMBEI,"Plot 266, Lane 3, Juja",22-Aug-2024,I,AI/ML,Cohort 1,Prof. James Mwangi,EdTech,Withdrawn
TECH-001337,stephen mworoa mwangolo,97371709,+254 767-566-14,stephen_mwangolo@outlook.com,09-Jan-2005,Female,Kilifi,Kilifi South,Junju,"Plot 399, Ln 4, Garden Estate",12/28/2024,pending,Software Engineering,Cohort 03,Dr. Jonah Kasina,E-Commerce,Active
TECH-001338,joseph  ombati, 69372702,0794-112-17,joseph.ombati@gmail.com,1980-04-02,female,Nairobi,Dagoretti North,Kileleshwa,"Plot 384, Lane 11, Likoni",09-Dec-2024,A,AI/ML,Cohort 3,Dr. Jeremiah Kioko,Fintech,Withdrawn
TECH-001339,R. MAINA,61 696 348,+25474362921,robert.maina@gmail.com,1993-07-22,male,Nairobi,Dagoretti South,Mutuini,"House 43, Kilimani Drive, Outering",15/11/2026,A,Cloud Computing,Cohort 2,Dr. Daniel Musyoka,Logistics,Withdrawn
TECH-001340,lenguro  mbuthia,6535-3136,254 764 942 06,lenguro.mbuthia@gmail.com,2002-01-07,female,Kakamega,Mumias West,Mutema,"Plot 203, Lane 1, Waiyaki",NULL,A,Software Engineering,Cohort 1,Eng. Faith Nashipae,HealthTech,Withdrawn
TECH-001341,MORAA OMAR,14 511 005,+25471182326,moraa.omar@yahoo.com,02/08/1969,F,Machakos,Kathiani,Mitaboni,House 324 Thika Superhighway Drive Kiambu Road,02/20/2026,Pending,Mobile Development,Cohort1,Prof. Daniel Mutisya,IoT,On Hold
TECH-001342,gladys wanjala,12273686,+254 702-755-15,gladys.wanjala@yahoo.com,1963-10-07,female,Uasin Gishu,Turbo,Ngenyilel,"House 411, Tom Mboya Drive, Waiyaki",09/03/2024,A,AI/ML,Cohort 1,Eng. John Wekesa,Fintech,On Hold
TECH-001343,KEMEI MERCY,49-353-426,074553570,mercy.kemei@gmail.com,1981-10-01,female,Nairobi,Westlands,Kangemi,"Plot 447, Lane 17, Waiyaki",2024-03-24,I,Data Engineering,Cohort 3,Prof. Victor Kioko,Fintech,Active
TECH-001344,WAMBUI NALIKA,42 904 667,011 975 604,w.naliaka@yahoo.com,1979-09-10,female,Mombasa County,Nyali,Ziwa la Ng'ombe,"Plot 378, Lane 11, Lavington",17/12/2025,I,Software Engineering,Cohort 3,Eng. Ezekiel Mumo,AgriTech,Completed
TECH-001345,KIMANI WANGECI NAMUKHULA,3840-3396,254 727 939 65,wangeci.kimani@yahoo.com,1983-09-09,female,Trans Nzoia,Saboti,Saboti,"Plot 37, Lane 9, Kangundo",28-03-2024,A,Data Science,Cohort 1,Prof. Robert Kiema,E-Commerce,Withdrawn
TECH-001346,a. kibathi,28 894 885,0778-681-00,anna.kibathi@gmail.com,1990-08-26,male,Uasin Gishu,Kesses,Tulwet/Chuiyat,"Plot 394, Lane 10, Westlands",2025-01-20,I,DevOps,Cohort 2,Eng. Micah Kioko,E-Commerce,Active
TECH-001347,simon wakhira,72 220 991,0721.643.87,wachirasimon@outlook.com,1983-09-10,female,Kiambu,Kiambu,Riabai,"Plot 144, Lane 1, Mombasa Road",19-Feb-24,A,AI/ML,Cohort 1,Eng. Elijah Mwania,EdTech,On Hold
TECH-001348,MOMANYI MUKHWAANA,58 229 521,073301251,momanyi30@yahoo.com,1954-11-05,male,Kakamega,NULL,NULL,"House 26, Karen Street, Ruiru",05/06/2026,A,Software Engineering,NA,Prof. Kevin Muriuki,E-Commerce,Active
TECH-001349,o. maingi,22330471 ,074692680,omaingi@gmail.com,1984-02-18,male,Trans Nzoia,Cherangany,Makutano,"Plot 332, Lane 4, Parklands",18/10/2024,I,AI/ML,Cohort 2,Dr. Daniel Musyoka,IoT,On Hold
TECH-001350,agnes chepngeno,80491768,+254 722-658-55,agnes.chepngeno@gmail.com,1979-07-03,male,Nairobi,Lang'ata,South C,"House 362, River Road Drive, Mugumo",19-10-2025,I,Cloud Computing,Cohort 1,Dr. Daniel Musyoka,AgriTech,Completed
TECH-001351,AUMA WAANYONYI,55-324-613,0761-804-72,a.w@gmail.com,1978-12-10,male,Nairobi,Kibra,Woodley,"Plot 323, Lane 11, Lenana",20260112,I,Software Engineering,Cohort 1,Dr. Mary Akinyi,EdTech,Withdrawn
TECH-001352,auma  muthama,80517332 ,+25473292800,auma.muthama@yahoo.com,1960-09-18,female,Kakamega,Khwisero,Kisa East,"Plot 170, Lane 7, Ngong Road",2026-06-04,I,Data Science,Cohort 2,Prof. Kevin Muriuki,E-Commerce,Active
TECH-001353,RWERIA OKOTH NDUKU,42 056 846,0789-269-25,rweria.nduku@hotmail.com,2002-05-20,female,,Turkana East,Lokichar,NA,02/09/2024,I,,Cohort 3,Eng. Isaac Mutua,AgriTech,On Hold
TECH-001354,ISAAC NALIAKA HASSAN,62019290,+254 721-984-88,isaac.hassan@outlook.com,1999-05-27,female,Machakos,Matungulu,Matungulu West,"Plot 342, Lane 1, Kiambu Road",2025-01-08,A,Data Science,Cohort 3,Dr. Daniel Musyoka,AgriTech,On Hold
TECH-001355,kilonzo kivuv,6738-5857,0106.683.04,kilonzokivuva@yahoo.com,2002-07-25,female,Turkana,Turkana East,Lokichar,"Plot 425, Lane 8, Ngong Road",22-03-2026,A,Software Engineering,Cohort 1,Eng. Gilbert Mutisya,Logistics,Completed
TECH-001356,KAGENDO LOIS OKOTH,21970652,+254 705-129-12,k.o@gmail.com,1982-11-25,female,Nakuru,Molo,Marioshoni,"House 451, Lenana Street, Outering",2026-06-10,A,Mobile Development,Cohort 1,Eng. Isaac Mutua,IoT,Completed
TECH-001357,MUSALIA CAROLINE,6404-7337,0751.111.12,caroline.musalia@gmail.com,1993-01-19,female,Nyeri,Nyeri Town,Ruring'u,"Plot 432, Lane 3, Waiyaki",02-22-2024,A,AI/ML,Cohort 1,Eng. Anne Momanyi,HealthTech,On Hold
TECH-001358,AGNES KAMAAU, 94856640,011200717,a.k@gmail.com,1984-11-04,female,Kilifi County,Rabai,Rabai/Kisurutini,"House 390, Limuru Road, Limuru",20251120,I,AI/ML,Cohort 2,Dr. Joel Muthoka,EdTech,Withdrawn
TECH-001359,CAROLINE TUSMA,90-547-120,+254 723 088 93,caroline@outlook.com,1962-01-23,male,Uasin Gishu,Ainabkoi,Kapsoya,"House 372, Kitisuru Road, Athi River",20241128,A,Cloud Computing,Cohort 1,Eng. John Wekesa,AgriTech,Withdrawn
TECH-001360,mwirigi momanyi wamalwa,78040572,+254 755-743-48,mwirigi.wamalwa@hotmail.com,1956-03-13,female,Kilifi,NA,Shella,"House 215, Kitisuru Avenue, Kileleshwa",2026-09-11,I,DevOps,Cohort 3,Dr. Daniel Musyoka,EdTech,Completed
TECH-001361,VERONICA KANAU,3228-0888,+254 776-787-83,veronica15@outlook.com,1998-12-17,female,Meru,CentralImenti,Mwangathia,"House 34, Karen Road, Ngong Road",2026-07-24,A,Data Science,Cohort 3,Prof. Robert Kamau,Fintech,Active
TECH-001362,BEATRICE KIBTAHI,5434-3467,+254 721-039-74,beatrice.kibathi@gmail.com,1999-10-03,female,Uasin Gishu,Soy,Segero/Barsombe,"Plot 222, Lane 11, River Road",05-08-2024,I,Software Engineering,Cohort 3,Dr. Sarah Mutua,IoT,Withdrawn
TECH-001363,kemunto kenei,57560131,+254 711-217-59,kemunto.kenei@yahoo.com,1992-12-07,male,Bomet,Bomet Central,Mutarakwa,"House 267, River Road Avenue, River Road",24-02-2026,I,AI/ML,Cohort 1,Eng. John Wekesa,E-Commerce,Completed
TECH-001364,joseph adoyo waithera,46102405,+254 107-709-09,joseph.waithera@hotmail.com,1987-02-16,male,Nairobi,Dagoretti North,Kileleshwa,"Plot 344, Lane 4, Kitisuru",21-Sep-25,A,AI/ML,Cohort 1,Dr. Collins Mwania,IoT,Completed
TECH-001365,GRACE NEKESA,69566993,+254 779-018-58,NA,NA,female,Kilifi,Kilifi South,Chasimba,"Plot 119, Lane 12, Outering",2025-08-17,,Software Engineering,Cohort 1,Prof. Esther Ondieki,Fintech,Completed
TECH-001366,KIMEU ACHIENG,78-234-708,25479153510,achiengkimeu@outlook.com,2001-10-01,male,Kisumu,Kisumu West,,"House 322, Likoni Avenue, Parklands",NULL,I,NULL,Cohort 3,Dr. Daniel Musyoka,E-Commerce,Active
TECH-001367,alice ockieng,79 467 412,0708.151.82,a.ochieng@hotmail.com,NA,female,NA,Khwisero,Kisa East,"Plot 6, Lane 10, Waiyaki",24-Apr-26,NULL,Mobile Development,Cohort 3,Eng. Elijah Mwania,Clean Energy,Active
TECH-001368,mumo kagwe,36-971-737,074794650,mumo.kagwe@gmail.com,1992-08-10,male,Kakamega,Ikolomani,Idakho Central,"House 478, Tom Mboya Street, Kiambu Road",27/07/2026,I,Cloud Computing,Cohort 1,Dr. Jeremiah Kioko,HealthTech,Withdrawn
TECH-001369,senteu grace lubanga,46 160 937,0115-370-17,senteu.lubanga@yahoo.com,1997-07-24,male,Mombasa,Likoni,Bofu,"Plot 406, Lane 10, Outering",20260530,,DevOps,NA,Eng. Anthony Wanyonyi,E-Commerce,Withdrawn
TECH-001370,jebet kagew,17522634 ,+254 777 684 44,jebet_kagwe@outlook.com,1997-05-28,male,Kiambu,Lari,Kinale,"House 460, Ngong Road Avenue, Kiambu Road",2024-12-25,A,AI/ML,Cohort 1,Dr. Lucy Otieno,Clean Energy,Active
TECH-001371,jeremiah mtuai, 97024584,071 647 167,mutaijeremiah@outlook.com,1990-03-13,male,Nairobi,Kasarani,Mwiki,"Plot 134, Lane 10, Kiambu",2026-01-02,I,AI/ML,Cohort 2,Dr. Grace Wanjiku,IoT,Withdrawn
TECH-001372,rebecca jeebet,77666154 ,+254 754-127-54,jebetrebecca@outlook.com,1994-04-09,male,Kakamega,Matungu,NULL,"House 289, Moi Avenue Road, Parklands",01 Jun 2026,A,Software Engineering,NA,Eng. Micah Kioko,E-Commerce,Active
TECH-001373,NYAMBURA OCHIANG,2032-4372,0787.966.78,nyambura.ochieng@gmail.com,1966-05-04,female,KIAMBU,,NACHU,"House 198, Jogoo Road, Kangundo",2024-12-25,,Cloud Computing,Cohort 1,Dr. Grace Wanjiku,AgriTech,On Hold
TECH-001374,j. m. achieng, 25861239,+254 769 107 69,judith.achieng@outlook.com,1976-04-22,male,Uasin Gishu,Kapseret,Ngeria,"Plot 322, Lane 7, Karen",06-Sep-2026,I,Data Science,Cohort 1,Eng. Micah Kioko,E-Commerce,Active
TECH-001375,muthaa gilbert lubanga,40971850,+254 792-732-27,muthaa.lubanga@outlook.com,1991-08-21,male,Mombasa,Nyali,Mkomani,"House 291, Mugumo Drive, Moi Avenue",25-01-2026,A,Data Science,Cohort 1,Prof. Mercy Nduku,EdTech,Withdrawn
TECH-001376,zechariah mutua nzioka,NA,+254 787-518-52,zechariah.nzioka@outlook.com,NA,female,Mombasa,Changamwe,Changamwe,"Plot 454, Lane 12, Kenyatta",20250205,I,AI/ML,NA,Dr. Daniel Musyoka,IoT,Withdrawn
TECH-001377,MUSYOKA NJOROGEREBECCA,61159757,+254 792-002-72,musyoka.njoroge@gmail.com,1953-11-10,female,Turkana,Turkana Central,Lodwar Township,"Plot 244, Lane 17, Ngong",01/19/2025,A,Data Engineering,Cohort 1,Eng. Amos Nduku,IoT,On Hold
TECH-001378,KHAEMBA KIPSANG,18990534,+254 794-035-57,NA,NA,male,Kakamega,Lugari,Lugari,"Plot 129, Lane 16, Limuru",2024-05-31,A,AI/ML,Cohort 1,Eng. Micah Kioko,HealthTech,Active
TECH-001379,thomas kimuati,86279469,+254 773-711-22,thomas.kimutai@outlook.com,1951-07-22,female,Bungoma,Kanduyi,West Sang'alo,"Plot 120, Lane 13, Uhuru",09 Jun 2026,A,Cybersecurity,Cohort 3,Prof. Victor Kioko,IoT,Completed
TECH-001380,joshua ndega,9750-6740,+254 114-474-82,ndegwajoshua@gmail.com,08 Dec 1952,M,TURKANA,TURKANA CENTRAL,KALOKOL,"Plot 438, Lane 17, Langata",06-Feb-2025,inactive,Mobile Development,cohort 1,Prof. James Mwangi,Fintech,Withdrawn
TECH-001381,naisula barasa,44887843,+254 733-385-34,naisula.barasa@outlook.com,1996-05-06,female,Nakuru,NA,Gilgil,"Plot 361, Lane 9, Jogoo",2025-12-27,A,,Cohort 1,Prof. Kevin Muriuki,Clean Energy,Withdrawn
TECH-001382,lenguro ongeri,22425993,+254 745-578-29,l.ongeri@gmail.com,1969-03-27,male,Bomet County,Konoin,Chepchabs,"House 92, Outering Road, River Road",20-04-2024,I,Mobile Development,Cohort 2,Prof. Esther Ondieki,EdTech,Completed
TECH-001383,k. omondi, 20548786,25479271319,kilonzo.omondi@gmail.com,1999-04-27,male,Mombasa,Mvita,Tononoka,"Plot 254, Lane 12, Athi River",21-Aug-26,I,Cybersecurity,Cohort 3,Dr. Collins Mwania,Fintech,Completed
TECH-001384,BRIAN WAMUYU,36 358 707,25410716537,bwamuyu@yahoo.com,1997-05-22,female,Kakamega,Shinyalu,Isukha North,"Plot 343, Lane 2, Kangundo",2026-04-04,I,Software Engineering,Cohort 1,Eng. Micah Kioko,Logistics,On Hold
TECH-001385,w. hassan,79865892 ,+254 747 655 95,w.h@gmail.com,1969-04-17,female,Kiambu,Kiambu,Kihara,"House 434, Thika Avenue, Moi Avenue",2024-02-22,I,Data Engineering,Cohort 2,Dr. Grace Wanjiku,EdTech,Completed
TECH-001386,GRACE MUTWIRI,81 393 856,078513332,grace.mutwiri@outlook.com,NULL,male,Bungoma,,West Sang'alo,"Plot 194, Lane 1, Uhuru",2026-07-16,NULL,Cloud Computing,Cohort 1,Prof. Mercy Nduku,AgriTech,Withdrawn
TECH-001387,paul mohaned,90836216 ,+254 787 171 41,pmohamed@gmail.com,1978-12-09,female,Uasin Gishu,Turbo,Tapsagoi,"Plot 129, Lane 16, Kilimani",2026-12-19,I,Software Engineering,Cohort 2,Eng. Anthony Wanyonyi,Logistics,Completed
TECH-001388,chepkirui kagew,90632613 ,+254 781-539-96,kagwechepkirui@gmail.com,1974-08-22,male,Nakuru,Kuresoi North,Sirikwa,"Plot 127, Lane 7, Ruaraka",2024-04-23,I,Mobile Development,Cohort 3,Prof. Kevin Muriuki,EdTech,Withdrawn
TECH-001389,agnes  njuguna,62027391 ,073318964,agnes.njuguna@hotmail.com,2000-10-21,female,Turkana,Turkana North,Kaeris,"House 281, Kiambu Road, Waiyaki",07-04-2024,I,Data Science,Cohort 1,Dr. Lucy Otieno,Clean Energy,Withdrawn
TECH-001390,NAOMI GRACE KAIMENYI,69715793,+254 777-287-09,naomi.kaimenyi@yahoo.com,1956-04-26,female,Kakamega,Matungu,Koyonzo,"Plot 240, Lane 5, Ngong Road",2024-10-20,A,Cybersecurity,Cohort 1,Prof. Esther Ondieki,EdTech,Completed
TECH-001391,RIMBERIA FLORA KILONZO,63-687-857,+25477728565,rimberia.kilonzo@yahoo.com,1989-11-19,FEMALE,Kilifi,Ganze,Jaribuni,"Plot 265, Ln 1, Kenyatta",2024-08-05,Pending,Data Engineering,Cohort  2,Eng. Amos Nduku,E-Commerce,Completed
TECH-001392,deborah awii, 33535297,+25476421727,awitideborah@gmail.com,23-Jan-81,M,BOMET,BOMET CENTRAL,MUTARAKWA,"Plot 309, Ln 20, Kikuyu",02-03-2025,A,Data Science,COHORT 3,Eng. Martin Kasina,Clean Energy,Active
TECH-001393,G. WANJALA, 12273686,+254 702 755 15,gladys48@yahoo.com,1963-10-07,female,Uasin Gishu,Turbo,Ngenyilel,"House 411, Tom Mboya Drive, Waiyaki",09/03/2024,A,AI/ML,Cohort 1,Eng. John Wekesa,Fintech,On Hold
TECH-001394,momanyi murkhwana, 58229521,073301251,mukhwanamomanyi@yahoo.com,1954-11-05,male,Kakamega,NULL,NULL,"House 26, Karen Street, Ruiru",05/06/2026,A,Software Engineering,NA,Prof. Kevin Muriuki,E-Commerce,Active
TECH-001395,SENTEU DEBORAH PAULINE,99390140 ,0731-548-56,deborah.senteu@outlook.com,1988-11-09,male,Machakos,Matungulu,Kyeleni,"House 242, Uhuru Drive, River Road",2025-12-29,I,Data Engineering,Cohort 3,Eng. John Wekesa,AgriTech,Active
TECH-001396,ONSONGO NICHOLAS WAMUYU,44436835,+254 727-936-64,onsongo.wamuyu@gmail.com,1981-02-24,male,Mombasa,Nyali,Frere Town,"Plot 410, Lane 9, Kikuyu",NA,NA,Data Science,Cohort 3,Prof. Kevin Muriuki,HealthTech,On Hold
TECH-001397,muriuki jebeet,8204-1503,+254 715 056 95,muriuki96@hotmail.com,1993-04-10,male,Nairobi,Lang'ata,Mugumu-ini,"House 55, Waiyaki Road, Likoni",20250725,I,Data Science,Cohort 3,Prof. Robert Kamau,EdTech,Withdrawn
TECH-001398,"KIPKORIR, OJWANG",4216-0084,25410262043,o.kipkorir@outlook.com,12/14/2006,MALE,Trans Nzoia,Kiminini,Kiminini,"PLOT 241, LANE 16, OUTERING",04 Dec 2026,pending,Data Science,Cohort1,Eng. Anthony Wanyonyi,EdTech,On Hold
TECH-001399,s. d. kiprop,92-229-647,011 400 232,syokau.kiprop@gmail.com,1987-07-06,male,Machakos,Masinga,Ekalakala,"House 237, Ngong Road Drive, Uhuru",2026-07-08,A,Cybersecurity,Cohort 2,Dr. Mary Akinyi,EdTech,Completed
TECH-001400,MARGARET KOECH,45611439 ,+25411974811,NULL,1998-10-17,male,Kiambu,Kabete,,"Plot 136, Lane 9, Athi River",31/05/2025,I,Cloud Computing,NULL,Prof. David Kiprotich,HealthTech,Withdrawn
TECH-001401,christopher adoyo kivuva,58913280,+254 116-475-59,christopher.kivuva@yahoo.com,1966-07-01,female,Bungoma,Kimilili,Maeni,"Plot 60, Lane 8, Jogoo",2024-08-12,A,Software Engineering,Cohort 3,Eng. Faith Nashipae,HealthTech,Withdrawn
TECH-001402,KIMEU MUGOO,2434-6289,+254 721 756 71,kimeu@gmail.com,2000-01-10,male,Kiambu,Ruiru,Kahawa Sukari,"Plot 270, Lane 3, Kiambu Road",23 May 2025,I,Cybersecurity,Cohort 2,Prof. Robert Kamau,Logistics,Active
TECH-001403,"kipkemoi, zephaniah",7941-5978,+254 117 567 70,zephaniah.kipkemoi@hotmail.com,1992-07-21,female,NULL,Bumula,Kabula,"Plot 347, Lane 18, Ruaraka",01 Feb 2024,A,AI/ML,Cohort 2,Dr. Aaron Nduku,Fintech,Active
TECH-001404,agnes awino,72135687,+254 739-651-01,awinoagnes@outlook.com,10/14/1983,FEMALE,Trans Nzoia,Saboti,Tuwani,"plot 362, lane 20, ruiru",20251130,pending,Cloud Computing,COHORT 1,Eng. Peter Ochieng,EdTech,Completed
TECH-001405,LOIS KIMUTAI, 21071555,25472477537,kimutailois@gmail.com,1975-01-09,Female,Machakos,Machakos Town,Mutituni,"House 386, Thika Superhighway Road, Lenana",02/12/2024,inactive,Cybersecurity,C-1,Dr. Allan Mumo,Clean Energy,Completed
TECH-001406,alice  mercy  musyoka,21-409-636,074 361 673,alice.musyoka@gmail.com,1990-08-03,female,Nairobi,Kibra,Laini Saba,"Plot 174, Lane 11, Waiyaki",2026-08-30,A,Cloud Computing,Cohort 3,Dr. Joy Kaloki,Clean Energy,On Hold
TECH-001407,AARON LANGET,4093-0568,0766-248-67,alangat@gmail.com,1995-05-22,female,Nakuru,Kuresoi South,Amalo,"House 477, Kitisuru Street, River Road",07-Nov-2026,I,Cybersecurity,Cohort 3,Eng. Micah Kioko,AgriTech,Active
TECH-001408,HARUN KIAREI,3742-5725,+254 115 196 96,hkiarie@gmail.com,1969-01-17,male,Machakos,Yatta,Katangi,"House 401, Mombasa Road Street, Kenyatta",2025-10-13,A,Data Science,Cohort 3,Prof. Obadiah Mwania,HealthTech,Active
TECH-001409,MUTHOKA AMOS WAITHERA,9375-7881,079988185,muthoka.waithera@outlook.com,1982-06-06,female,Kakamega,Mumias East,Malaha/Isongo/Masindi,"Plot 468, Lane 17, Athi River",20/03/2025,A,Cybersecurity,Cohort 3,Prof. Kevin Muriuki,HealthTech,Completed
TECH-001410,CECILIA NDUNDDA,26 497 914,0784.154.51,,1983-01-12,female,Nairobi,Westlands,,"Plot 313, Lane 7, Kitisuru",06/03/2025,A,Cybersecurity,Cohort 1,Dr. Grace Wanjiku,EdTech,On Hold
TECH-001411,FLORENCE WANBUI,28699996 ,25474586953,florence@yahoo.com,1985-11-03,male,Kiambu,Limuru,Limuru Central,"Plot 378, Lane 4, Kasarani",07-Oct-2026,A,AI/ML,Cohort 1,Eng. Ezekiel Mumo,AgriTech,Withdrawn
TECH-001412,K. M. SALIM,1385-6812,+254 715-696-56,kwamboka@yahoo.com,1978-11-02,female,Nairobi,Dagoretti North,Kilimani,"House 353, Kitisuru Avenue, Moi Avenue",25/08/2024,A,AI/ML,Cohort 1,Prof. Robert Kamau,E-Commerce,Withdrawn
TECH-001413,N. J. MARETE,64 739 517,25476463915,ndunge.marete@outlook.com,1996-01-03,female,Kiambu,Kabete,Gitaru,"House 330, Moi Avenue Drive, Langata",2024-08-09,I,AI/ML,Cohort 3,Dr. Jeremiah Kioko,EdTech,On Hold
TECH-001414,gilbert mworao,7159-6905,0712.078.19,gilbert42@gmail.com,1990-12-18,female,Nakuru,Molo,Marioshoni,"House 432, Westlands Road, Kangundo",05 Apr 2024,I,Data Engineering,Cohort 3,Dr. Joy Kaloki,Fintech,On Hold
TECH-001415,H. D. CHEPKORIR,54431754 ,+25477263846,habakkuk.chepkorir@gmail.com,1971-03-25,female,Nairobi,Westlands,Parklands,"Plot 146, Lane 5, Kikuyu",04-Jun-24,A,Cloud Computing,Cohort 2,Eng. Ezekiel Mumo,HealthTech,Active
TECH-001416,OKELLO MAINNGI,22330471 ,074692680,okello_maingi@gmail.com,1984-02-18,male,Trans Nzoia,Cherangany,Makutano,"Plot 332, Lane 4, Parklands",18/10/2024,I,AI/ML,Cohort 2,Dr. Daniel Musyoka,IoT,On Hold
TECH-001417,AUMA NAABWIRE,52-943-014,25479350876,anabwire@outlook.com,1973-11-22,male,Bomet,Konoin,Embomos,"Plot 459, Lane 2, Karen",11/03/2024,I,Data Engineering,Cohort 3,Prof. Robert Kiema,IoT,On Hold
TECH-001418,KIPKEMBOI WADADA,82494405,+254 718-403-82,k.wadada@hotmail.com,1992-03-13,female,Kakamega,Mumias East,Malaha/Isongo/Masindi,"Plot 206, Lane 20, Kitisuru",2025-10-07,I,Mobile Development,Cohort 1,Prof. David Kiprotich,Logistics,Withdrawn
TECH-001419,JEBET KAGW,17 522 634,+25477768444,jebet_kagwe@outlook.com,1997-05-28,male,Kiambu,Lari,Kinale,"House 460, Ngong Road Avenue, Kiambu Road",2024-12-25,A,AI/ML,Cohort 1,Dr. Lucy Otieno,Clean Energy,Active
TECH-001420,KAGWIRIA RTICH,98-996-499,254 115 002 63,kagwiria@gmail.com,1964-02-27,male,Uasin Gishu County,Moiben,Moiben,"House 338, Kiambu Avenue, Kiambu Road",16-May-24,I,Software Engineering,Cohort 1,Dr. Lucy Otieno,EdTech,On Hold
TECH-001421,CHERONO KIPSANGG,31-566-119,+254 104-648-40,cherono.kipsang@outlook.com,1996-07-11,female,Kiambu,Limuru,Limuru Central,"Plot 236, Lane 6, Kileleshwa",2025-01-05,I,Software Engineering,Cohort 3,Eng. Peter Ochieng,Logistics,Active
TECH-001422,GITHINJI SAAIDIMU,5136-7965,+25476832522,githinji21@hotmail.com,1968-08-09,male,Nairobi,Dagoretti South,Uthiru,"House 155, Ngong Road, Karen",20250528,A,Software Engineering,Cohort 2,Prof. Kevin Muriuki,Fintech,Active
TECH-001423,JEREMIAH KIVVUVA,94650851,+254 799-317-57,jeremiah.kivuva@yahoo.com,1995-06-27,female,Nakuru,Bahati,Dundori,"House 374, Kiambu Road Drive, Mombasa Road",06-17-2026,I,Cloud Computing,Cohort 2,Dr. Grace Wanjiku,Logistics,Completed
TECH-001424,"salim, kwamboka mugo",13-856-812,25471569656,kwamboka.salim@yahoo.com,1978-11-02,female,Nairobi,Dagoretti North,Kilimani,"House 353, Kitisuru Avenue, Moi Avenue",25/08/2024,A,AI/ML,Cohort 1,Prof. Robert Kamau,E-Commerce,Withdrawn
TECH-001425,KINYA MUTNE,25103503,+254 102-640-76,kmutune@gmail.com,1981-10-21,male,Nairobi,Dagoretti South,Ngando,"Plot 405, Lane 4, Kiambu",2026-03-25,A,Software Engineering,Cohort 2,Prof. Esther Ondieki,E-Commerce,On Hold
TECH-001426,ACHIENG MUSYOKA,46956334,,achieng.musyoka@gmail.com,1982-05-13,male,Kiambu,Limuru,Limuru Central,NA,29-03-2025,A,Data Engineering,Cohort 1,Dr. Collins Mwania,EdTech,Active
TECH-001427,anna koech,94742358,+254 788-988-64,anna.koech@outlook.com,1959-09-08,female,NAKURU,NAIVASHA,MAIELLA,"Plot 384, Lane 3, Argwings Kodhek",2026-07-11,A,DevOps,Cohort 3,Prof. Daniel Mutisya,AgriTech,Completed
TECH-001428,STEPHEN MWANGOLO,82487952,+254 747-666-614,stephenmwangolo@gmail.com,09-Jan-2005,F,Kilifi,Kilifi South,Junju,"House 10, Garden Estate Street, Limuru",27/11/2026,pending,Software Engineering,C-3,Dr. Jonah Kasina,E-Commerce,Active
TECH-001429,KWAMBOKA AWITI WANGARI,98296241,+254 766-008-75,kwamboka.wangari@outlook.com,1977-05-18,female,Trans Nzoia,Kiminini,Kiminini,"Plot 223, Lane 3, River Road",21-10-2025,A,Mobile Development,Cohort 1,Eng. Ezekiel Mumo,Logistics,Withdrawn
TECH-001430,MALACHI GITHUA,66350698,+254 713-369-72,malachi.githua@outlook.com,1994-05-03,female,Bungoma,Kabuchai,West Nalondo,"Plot 341, Lane 17, Kangundo",11 Oct 2026,A,Cybersecurity,Cohort 2,Prof. Daniel Mutisya,EdTech,Active
TECH-001431,LESHAN NASHIPAE GITONGA,86-349-400,+254 725-874-10,leshan.gitonga@gmail.com,1998-10-24,female,Kiambu,Githunguri,Ngewa,"House 197, Waiyaki Drive, Ruiru",08/16/2024,A,Software Engineering,Cohort 2,Prof. David Kiprotich,E-Commerce,Active
TECH-001432,daniel awuor,60141505,+254 732-353-70,daniel.awuor@outlook.com,1971-10-15,female,Nairobi,Westlands,Kangemi,"Plot 85, Lane 3, Juja",05/18/2026,I,Cloud Computing,Cohort 1,Eng. Brian Mulwa,EdTech,Active
TECH-001433,MWIRIGI KANGOGO,78975350,+254 103-335-08,mwirigi.kangogo@gmail.com,1967-07-10,male,Machakos,Matungulu,Matungulu North,"Plot 233, Lane 7, Athi River",2026-05-31,A,Data Science,Cohort 1,Prof. Obadiah Mwania,HealthTech,Active
TECH-001434,kimani jepkoech,61088189,+254 741-117-751,kimani.jepkoech@yahoo.com,1963-09-27,female,Kilifi County,Kilifi North,Mnarani,"Plot 167, Lane 1, Kikuyu",17 Aug 2025,I,AI/ML,Cohort 1,Dr. Jeremiah Kioko,Fintech,Active
TECH-001435,wairimu kangogo,57687231,,wairimu.kangogo@gmail.com,1985-02-23,male,Bungoma,Kanduyi,,NA,09/13/2024,I,Cybersecurity,Cohort 2,Eng. Amos Nduku,Logistics,Completed
TECH-001436,GRACE KAMOTHO,47999914,+254 702-149-18,NULL,2001-08-07,female,NULL,Bomet Central,Chesoen,"Plot 359, Lane 1, Ruaraka",06 May 2026,I,Cybersecurity,,Prof. Victor Kioko,Logistics,On Hold
TECH-001437,MUTISYA MUTUA,10007006,+254 741-058-737,mutisya.mutua@yahoo.com,1985-06-18,female,Trans Nzoia,Saboti,Tuwani,"House 448, Garden Estate Street, Kikuyu",17-12-2024,A,AI/ML,Cohort 3,Dr. Grace Wanjiku,Fintech,Active
TECH-001438,RACHEL LOIS MBAKA,66570615,+254 703-695-81,rachel.mbaka@gmail.com,1958-05-14,female,Uasin Gishu,Moiben,Kimumu,"Plot 115, Lane 2, Kangundo",03/03/2024,A,Cybersecurity,Cohort 2,Prof. Robert Kiema,Logistics,Active
TECH-001439,KIOKO NGENO,99604318,+254 741-181-229,kioko.ngeno@yahoo.com,1955-11-25,male,Mombasa,Nyali,Kongowea,"House 226, Mugumo Street, Kitisuru",23/09/2025,A,Data Science,Cohort 1,Eng. John Wekesa,HealthTech,Completed
TECH-001440,matthew michael kipkirui,55172380,+254 784-963-32,matthew.kipkirui@gmail.com,1997-07-05,female,Kiambu,Lari,Nyanduma,"Plot 246, Lane 10, Kileleshwa",27/02/2024,A,Mobile Development,Cohort 3,Dr. Grace Wanjiku,HealthTech,On Hold
TECH-001441,akinyi chepkwony,46905311,+254 741-172-756,akinyi.chepkwony@yahoo.com,04-01-1989,Female,Nakuru,Kuresoi North,Sirikwa,"HOUSE 357, PARKLANDS ROAD, LANGATA",04-Oct-2024,Inactive,AI/ML,COHORT-02,Dr. Mary Akinyi,HealthTech,Completed
TECH-001442,CHRISTOPHER KIVUVA,51116069,+254 116-276-71,christopher.kivuva@gmail.com,1966-07-01,female,Bungoma,NA,Maeni,NA,13-07-2024,I,Software Engineering,Cohort 3,Eng. Faith Nashipae,HealthTech,Withdrawn
TECH-001443,MICHAEL NAFULA,48578393,+254 747-587-754,michael.nafula@gmail.com,1970-10-06,male,Turkana,Turkana North,Kaikor,NA,2026-12-03,A,Cybersecurity,Cohort 3,Prof. Esther Ondieki,Logistics,On Hold
TECH-001444,MONICA MWAKISHA,99252654,+254 742-272-58,monica.mwakisha@yahoo.com,1983-10-28,female,Kiambu,Lari,Kamburu,"House 13, Westlands Drive, Lavington",2026-02-06,I,Mobile Development,Cohort 2,Prof. Robert Kamau,E-Commerce,Withdrawn
TECH-001445,NOKUN CHEPKIRUI,11 054 778,+254 111-193-88,nokun.chepkirui@gmail.com,1972-07-15,male,MACHAKOS,MAVOKO,ATHI RIVER,"House 223, Kangundo Drive, Westlands",28/10/2026,I,Data Engineering,Cohort 3,Dr. Collins Mwania,Fintech,Active
TECH-001446,muriuki jebet,87418243,NA,muriuki.jebet@gmail.com,1993-04-10,male,,Lang'ata,Mugumu-ini,"Plot 373, Lane 16, Karen",28-04-2024,,Data Science,Cohort 3,Prof. Robert Kamau,EdTech,Withdrawn
TECH-001447,SENTEU LUBANGA,86945070,+254 111-778-65,senteu.lubanga@yahoo.com,1997-07-24,male,Mombasa,Likoni,Bofu,"House 269, Kikuyu Road, Thika",10-01-2026,I,DevOps,Cohort 3,Eng. Anthony Wanyonyi,E-Commerce,Withdrawn
TECH-001448,kamau jepkoech,60692333,+254 116-977-07,kamau.jepkoech@gmail.com,1976-11-04,male,Bungoma,Kabuchai,West Nalondo,"House 454, Ruiru Avenue, Outering",16/03/2024,A,Data Science,Cohort 3,Prof. Isaiah Kasina,HealthTech,On Hold
TECH-001449,FAITH GAKUNYI BAYA,40890295,+254 738-102-61,faith.baya@yahoo.com,1997-09-19,male,Uasin Gishu,Kapseret,Megun,"Plot 55, Lane 2, Uhuru",12/10/2024,I,Cybersecurity,Cohort 1,Dr. Joy Kaloki,EdTech,On Hold
TECH-001450,simon faith mwania,25800699,+254 762-712-55,simon.mwania@yahoo.com,2003-07-12,male,Bomet,Konoin,Kimulot,"Plot 308, Lane 9, Westlands",2026-07-27,A,Mobile Development,Cohort 3,Eng. Anthony Wanyonyi,E-Commerce,Completed
TECH-001451,thomas mutheu kiprop,90940728,+254 764-575-62,thomas.kiprop@gmail.com,1979-01-14,male,Kiambu,Limuru,Limuru East,"House 48, Mombasa Road Street, Karen",09-23-2024,I,Software Engineering,Cohort 2,Prof. Kevin Muriuki,AgriTech,On Hold
TECH-001452,LILIAN ACHIENG,54686964,+254 749-921-45,NA,1982-11-27,male,Bomet,Konoin,,"Plot 163, Lane 18, Kangundo",2025-05-08,I,Software Engineering,Cohort 3,Prof. David Kiprotich,HealthTech,Completed
TECH-001453,PRISCILLA KASINA KIOKO,43937112,+254 773-772-29,priscilla.kioko@outlook.com,,male,Kakamega,Shinyalu,,NA,10/29/2025,A,Software Engineering,Cohort 1,Prof. Isaiah Kasina,E-Commerce,Active
TECH-001454,hannah mwamburi,91205578,+254 763-557-32,hannah.mwamburi@yahoo.com,1981-12-01,female,Machakos,Machakos Town,Mutituni,"Plot 372, Lane 17, Athi River",20260613,A,Data Science,Cohort 3,Prof. Victor Kioko,Logistics,On Hold
TECH-001455,awino mogaka,74311549,+254 747-359-313,awino.mogaka@yahoo.com,1985-10-15,female,Turkana,Turkana Central,Kalokol,"House 241, Jogoo Drive, Westlands",22-Nov-2026,I,Software Engineering,Cohort 2,Eng. Ezekiel Mumo,AgriTech,Active
TECH-001456,MERCY KIMEU LESHAN,51163776,+254 119-290-73,m.l@hotmail.com,21 Nov 2001,FEMALE,Kilifi,Kilifi South,Mwarakaya,"Plot 355, Lane 9, Langata",2024-10-17,inactive,Cybersecurity,Cohort1,Dr. Michael Gitonga,Fintech,Withdrawn
TECH-001457,auma ngeno,80742471,+254 747-985-526,auma.ngeno@yahoo.com,1987-07-05,female,Nyeri,Kieni,Naromoru/Kiamathaga,NULL,03/06/2024,A,Data Engineering,Cohort 1,Prof. Catherine Chepkorir,Logistics,On Hold
TECH-001458,JOHN RIMBERIA,60092297,+254 723-956-64,john.rimberia@gmail.com,2003-07-10,female,Nairobi,Lang'ata,Mugumu-ini,"Plot 171, Lane 6, Lenana",12/14/2026,I,Data Science,Cohort 2,Eng. Anthony Wanyonyi,AgriTech,On Hold
TECH-001459,NDINDA WEKESA GICHURU,58867283,+254 779-635-56,ndindagichuru@gmail.com,1953-08-06,female,Bomet,Konoin,Kimulot,"plot 381, lane 14, lavington",20260905,Active,Data Engineering,Cohort2,Prof. Daniel Mutisya,IoT,On Hold
TECH-001460,KIPKIRUI ROTICH,35036388,+254 777-873-35,kipkiruirotich@outlook.com,1998-04-06,F,Nairobi,Dagoretti North,,NA,11/20/2024,Inactive,Data Science,NULL,Eng. Elijah Mwania,EdTech,Completed
TECH-001461,MUTWIRI AWINO,73676233,+254 793-289-30,mutwiri.awino@outlook.com,1993-01-17,male,Kilifi,Kilifi South,Shimo la Tewa,"Plot 288, Lane 4, Mugumo",15-06-2024,I,Data Engineering,Cohort 2,Dr. Michael Gitonga,IoT,Withdrawn
TECH-001462,MWANGI MUEMA,91185948,+254 781-496-94,mwangi.muema@gmail.com,1955-12-15,male,Kisumu,Nyakach,South West Nyakach,"House 314, Mugumo Drive, Westlands",10-Aug-2026,I,Software Engineering,Cohort 2,Eng. Micah Kioko,HealthTech,Withdrawn
TECH-001463,KIPCHIRCHIR SIGEI,20304523,+254 112-055-09,kipchirchir.sigei@gmail.com,1975-10-17,female,Nairobi,Kibra,Makina,"Plot 109, Lane 18, Likoni",08-04-2026,I,Data Science,Cohort 1,Eng. Anne Momanyi,AgriTech,On Hold
TECH-001464,JOSEPH WAITHERA,98302627,+254 101-616-52,joseph.waithera@yahoo.com,1987-02-16,male,Bungoma,Webuye East,Ndivisi,"Plot 443, Lane 6, Juja",20260712,I,AI/ML,Cohort 1,Dr. Collins Mwania,IoT,Completed
TECH-001465,SARAH MOMANYI NALIAKA,68215804,+254 717-545-76,sarah.naliaka@gmail.com,1966-10-24,male,Nairobi,Dagoretti South,Ngando,"House 217, Juja Road, Langata",18/12/2025,I,Mobile Development,Cohort 2,Dr. Sarah Mutua,HealthTech,Active
TECH-001466,ACHIENG GITHUA,53849922,+254 747-062-018,achieng.githua@gmail.com,2003-07-18,male,Nairobi,Dagoretti North,Kawangware,"Plot 155, Lane 5, Kikuyu",06/14/2024,A,AI/ML,Cohort 3,Eng. Anthony Wanyonyi,Clean Energy,Completed
TECH-001467,FLORENCE KIPKOECH,22448154,+254 119-786-94,florence.kipkoech@yahoo.com,1950-11-10,female,Kisumu,Nyakach,West Nyakach,"Plot 380, Lane 6, Thika",16/02/2025,I,DevOps,Cohort 3,Eng. Elijah Mwania,AgriTech,On Hold
TECH-001468,naisula wamuyu,72456895,,naisula.wamuyu@hotmail.com,1966-07-24,female,Uasin Gishu,Turbo,Kiplombe,"Plot 239, Lane 13, Garden Estate",24-05-2024,A,AI/ML,Cohort 2,Dr. Mary Akinyi,Fintech,Completed
TECH-001469,kariuki towett,36960960,+254 703-668-06,kariuki.towett@gmail.com,1967-09-17,female,Nairobi,Kasarani,Clay City,"House 69, Langata Avenue, Ruaraka",11-03-2025,NULL,Data Engineering,Cohort 2,Prof. Esther Ondieki,IoT,Active
TECH-001470,EUNICE JEBET KAMOTHO,83164162,+254 729-869-79,eunice.kamotho@yahoo.com,1988-08-02,male,Kilifi,Kaloleni,Kaloleni,"House 33, Kenyatta Avenue, Lenana",26-10-2025,A,Software Engineering,Cohort 3,Eng. Amos Nduku,Fintech,Active
TECH-001471,ombati awino,57722889,+254 751-966-47,ombati.awino@yahoo.com,NULL,male,Nairobi,Dagoretti South,Uthiru,"House 395, Kiambu Street, Kikuyu",NA,A,Cloud Computing,Cohort 3,Prof. Mercy Nduku,HealthTech,Completed
TECH-001472,ann masinde,38 980 263,+254 741-040-962,ann.masinde@gmail.com,1960-09-19,male,Mombasa,Jomvu,Mikindani,"Plot 378, Lane 17, Kitisuru",28-Jun-2025,I,Data Science,Cohort 2,Eng. Isaac Mutua,AgriTech,Completed
TECH-001473,martin mburu,95603541,+254 747-070-946,martin.mburu@yahoo.com,1998-04-03,male,Kiambu,Ruiru,Gatong'ora,"House 293, Likoni Drive, Kiambu Road",24-Mar-2025,I,Data Science,Cohort 3,Dr. Sarah Mutua,Logistics,Withdrawn
TECH-001474,KIPNGETICH KIOKO,71185217,+254 747-859-749,kipngetich.kioko@yahoo.com,2001-04-19,male,Nairobi,Kasarani,Kasarani,"Plot 477, Lane 1, Uhuru",07-Oct-2024,I,Cloud Computing,Cohort 3,Dr. Harun Mwikali,HealthTech,On Hold
TECH-001475,EDWARD OMBATI,16062787,+254 117-408-77,edward.ombati@gmail.com,1981-06-15,female,Kiambu,Ruiru,Kahawa Wendani,"Plot 14, Lane 18, Karen",03-Jun-2025,A,Cloud Computing,Cohort 1,Dr. Jonah Kasina,Clean Energy,Active
TECH-001476,vincent muthoka,94383876,+254 747-958-206,vincent.muthoka@outlook.com,1994-08-01,male,Kiambu,Limuru,Ndeiya,"Plot 407, Lane 12, Thika",10-Oct-2025,A,Cloud Computing,Cohort 3,Eng. Brian Mulwa,HealthTech,Withdrawn
TECH-001477,WAITHERA HASSAN,78495539,+254 747-118-085,waithera.hassan@yahoo.com,1983-07-09,male,Nyeri,Othaya,Chinga,"Plot 117, Lane 19, Mombasa Road",16/02/2026,I,Mobile Development,Cohort 3,Dr. Jeremiah Kioko,EdTech,Withdrawn
TECH-001478,AWITI BARASA,17466483,+254 107-012-29,awiti.barasa@hotmail.com,1986-01-12,male,Nairobi,Lang'ata,Karen,"House 321, Kiambu Road Drive, Westlands",26-May-2026,I,Cloud Computing,Cohort 3,Prof. James Mwangi,IoT,Withdrawn
TECH-001479,muthaa kipkemoi,81655725,+254 779-915-21,muthaa.kipkemoi@gmail.com,1999-05-15,male,Nairobi,Dagoretti North,Gatina,"Plot 166, Lane 4, Argwings Kodhek",12/07/2024,I,Mobile Development,Cohort 3,Eng. Ezekiel Mumo,Logistics,Withdrawn
TECH-001480,rweria mutai,83425866,+254 748-238-12,rweria.mutai@yahoo.com,1978-12-15,male,Uasin Gishu,Ainabkoi,Kaptagat,"House 331, Kilimani Road, Thika",29/01/2024,I,Data Engineering,Cohort 3,Prof. Daniel Mutisya,HealthTech,Completed
TECH-001481,MUTUA MWENDE MUSALIA,33752814,+254 104-932-83,mutua.musalia@gmail.com,2001-02-05,female,BUNGOMA,SIRISIA,MALAKISI/SOUTH KULISIRU,"House 84, Mombasa Road Avenue, Garden Estate",16-Sep-25,I,Data Science,Cohort 3,Dr. Sarah Mutua,HealthTech,On Hold
TECH-001482,muriuki towett,40 806 582,+254 741-054-558,muriuki.towett@outlook.com,2006-05-11,female,Nyeri,Nyeri Town,Kamakwa/Mukaro,"Plot 160, Lane 5, Outering",03/07/2024,A,Data Engineering,Cohort 1,Eng. Isaac Mutua,Fintech,On Hold
TECH-001483,ONDIEKI GICHURU,74867683,+254 792-137-19,o.gichuru@gmail.com,02/04/1964,M,Nairobi,Dagoretti South,Mutuini,"House 387, Kileleshwa Ave, Langata",17-11-2024,active,Data Science,Cohort  1,Dr. Collins Mwania,Fintech,Active
TECH-001484,kiprotich kipkirui nyambane,92722443,+254 753-508-27,kiprotich.nyambane@gmail.com,,female,Uasin Gishu,Ainabkoi,Kaptagat,"Plot 428, Lane 14, Limuru",12-02-2024,NA,AI/ML,Cohort 1,Eng. Martin Kasina,Fintech,Active
TECH-001485,syombua wairimu,69778859,+254 712-948-05,syombua.wairimu@gmail.com,1988-04-01,female,Nakuru,Molo,Marioshoni,NULL,20240120,A,Data Science,Cohort 3,Dr. Joel Muthoka,AgriTech,Completed
TECH-001486,gakii kaimenyi,32557434,+254 782-995-67,gakii.kaimenyi@hotmail.com,1971-09-11,female,Bungoma,Sirisia,,"Plot 97, Lane 10, Langata",NA,A,Software Engineering,Cohort 1,Prof. Victor Kioko,IoT,On Hold
TECH-001487,KIMEU MWANGOLO,31593756,+254 791-687-16,kimeu.mwangolo@yahoo.com,1973-09-27,female,Trans Nzoia,Kiminini,Waitaluk,"Plot 57, Lane 10, Argwings Kodhek",14/03/2026,I,Cloud Computing,Cohort 2,Prof. Catherine Chepkorir,IoT,Completed
TECH-001488,MUTHOKA BRIDGET BARASA,45-829-356,+254 114-306-40,muthoka.barasa@gmail.com,1993-03-22,female,Kiambu,Kiambu,Ndumberi,"House 196, Thika Road, Westlands",2025-06-25,A,DevOps,Cohort 1,Dr. Sarah Mutua,AgriTech,On Hold
TECH-001489,CAROLINE JEKPORIR,66949565,+254 772-421-82,caroline.jepkorir@gmail.com,1980-01-12,male,Kilifi,Kaloleni,Kaloleni,"House 422, Uhuru Street, Kilimani",2025-02-23,I,Cloud Computing,Cohort 1,Eng. Gilbert Mutisya,Clean Energy,On Hold
TECH-001490,bosibori gitonga,36385702,,bosibori.gitonga@gmail.com,1993-03-23,female,Kakamega,Butere,Marama Central,"Plot 189, Lane 5, Kiambu",03/02/2024,A,Data Engineering,Cohort 1,Eng. Gilbert Mutisya,E-Commerce,On Hold
TECH-001491,harun mwirigi,62000761,+254 115-598-67,harun.mwirigi@outlook.com,1976-03-11,male,Nyeri,Mukurweini,Mukurwe-ini West,"House 358, Jogoo Avenue, Kitisuru",2024-02-29,A,Cybersecurity,Cohort 2,Prof. Victor Kioko,E-Commerce,Withdrawn
TECH-001492,BRIDGET KIPKEMBOI,68605272,+254 747-715-380,bridget.kipkemboi@outlook.com,1990-09-06,female,Kiambu,Lari,Kijabe,"House 219, Thika Avenue, Parklands",2025-09-13,A,AI/ML,Cohort 2,Eng. Peter Ochieng,HealthTech,On Hold
TECH-001493,benjamin mutinda,62045578,+254 741-018-352,benjamin.mutinda@hotmail.com,1984-07-12,female,Mombasa,Changamwe,Miritini,"Plot 252, Lane 6, Ngong",2026-10-28,I,Software Engineering,Cohort 1,Eng. Elijah Mwania,HealthTech,Active
TECH-001494,aaron langat,17773588,+254 747-664-867,aaron.langat@gmail.com,1995-05-22,female,Nakuru,Kuresoi South,Amalo,"Plot 111, Lane 17, Jogoo",17 Aug 2024,I,Cybersecurity,Cohort 3,Eng. Micah Kioko,AgriTech,Active
TECH-001495,CHEPNGENO KEVIN JUMA,20488005,+254 704-446-15,chepngeno.juma@yahoo.com,,male,Meru,Igembe North,Antubetwe Kiongo,"Plot 413, Lane 12, Kenyatta",17 Mar 2024,,Cloud Computing,Cohort 2,Prof. Mercy Nduku,EdTech,Completed
TECH-001496,kamau kipkemboi,37888719,+254 117-247-33,kamau.kipkemboi@yahoo.com,1977-10-10,female,Machakos,Yatta,Ikombe,"House 403, Ngong Drive, Parklands",13/11/2024,I,Data Science,Cohort 1,Prof. Catherine Chepkorir,Clean Energy,Withdrawn
TECH-001497,GATHONI MUTWIRI,25392722,+254 747-749-700,gathoni.mutwiri@gmail.com,1999-04-07,male,Kiambu,Kabete,Kabete,"Plot 138, Lane 17, Ngong",23/03/2024,A,Software Engineering,Cohort 3,Dr. Joel Muthoka,IoT,Active
TECH-001498,mumo mitei,52773636,+254 723-850-92,mumo.mitei@yahoo.com,2001-09-22,male,Meru,Tigania East,Kiguchwa,"Plot 459, Lane 7, Parklands",18/01/2025,I,Software Engineering,Cohort 1,Eng. Anthony Wanyonyi,Logistics,Withdrawn
TECH-001499,ochieng mcharo,53186791,+254 747-551-457,ochieng.mcharo@yahoo.com,1953-02-28,female,Bungoma,Kimilili,Kamukuywa,"Plot 221, Lane 18, Ngong Road",27-05-2025,A,Software Engineering,Cohort 1,Eng. Gilbert Mutisya,IoT,On Hold
TECH-001500,VICTOR NGENO,26088812,+254 741-194-070,vngeno@yahoo.com,03-Jan-1988,FEMALE,Nairobi,Dagoretti North,Gatina,"house 23, mugumo road, westlands",2026-02-09,A,DevOps,Cohort1,Eng. Micah Kioko,Logistics,Withdrawn
