beneficiary_id,full_name,national_id_no,mobile_number,email,dob,gender,county,sub_county,ward,address,enrollment_date,status,household_size,employment_status,monthly_income,support_type,beneficiary_category
PLUS-000001,catherine mudai,51593222,254 705 091 11,catherine.mutai@yahoo.com,1974-04-15,FEMALE,Mombasa,Likoni,,"Plot 431, Lane 16, Kilimani",Unknown,active,4,Retired,19000,Business Grant,Widow
PLUS-000002,haggai kemei,22553839,254 786 152 89,haggai.kemei@gmail.com,1959-07-25,FEMALE,Nakuru,Nakuru Town East,Kivumbini,"Plot 172, Lane 5, Mombasa Road",2025-11-06,active,5,Employed,34000,Business Grant,Youth
PLUS-000003,auma naliaka namukhula,47871627,Not Provided,namukhulaauma@hotmail.com,04-Aug-1990,F,Nairobi,Westlands,Kitisuru,"plot 28, lane 5, mombasa road",01/13/2024,inactive,4,Self-Employed,16500,Food Support,Youth
PLUS-000004,gilbert mutwiri,19160128,254 788 987 15,gilbert.mutwiri@yahoo.com,1962-07-24,FEMALE,Trans Nzoia,Endebess,Matumbei,"House 400, Kiambu Road Street, Mombasa Road",2025-08-18,inactive,3,Employed,48000,Cash Transfer,Widow
PLUS-000005,micah mwrania,17134621,254 773 858 30,micahmwania@hotmail.com,07-07-1999,M,Nakuru,Molo,Elburgon,"PLOT 312, LANE 14, THIKA SUPERHIGHWAY",2026-04-13,pending,6,Retired,48000,Medical Cover,Elderly
PLUS-000006,kimani saidimu,50216471,254 754 585 87,kimani.saidimu@gmail.com,1964-10-19,MALE,Nyeri,Mathira,Magutu,"Plot 345, Lane 5, Ruiru",2026-01-08,active,2,Employed,5000,Education Support,Youth
PLUS-000007,rimberia nioka,12782247,+254 798 979 15,rimberia.nzioka@yahoo.com,1991-04-24,FEMALE,Kilifi,Rabai,Kambe/Ribe,"Plot 162, Lane 2, River Road",2023-09-22,active,5,Retired,76500,Business Grant,Elderly
PLUS-000008,simiyu mumo wangari,60057264,254 118 092 53,simiyu.wangari@gmail.com,1966-10-09,MALE,Bomet,Bomet East,Merigi,"House 72, Limuru Street, Karen",30/06/2025,active,3,Employed,35500,Business Grant,PWD
PLUS-000009,ombati anthony mwirigi,65 767 719,254 793 934 15,ombati.mwirigi@yahoo.com,2000-09-13,FEMALE,Meru,Tigania East,Thangatha,"House 278, Westlands Avenue, Kangundo",01 Dec 2024,inactive,1,Retired,62000,Education Support,Orphan
PLUS-000010,micah thomas ndunge,80647142,254 107 374 30,Unknown,2004-08-18,FEMALE,Bungoma,Kabuchai,Bwake/Luuya,"House 111, Outering Road, Langata",,Unknown,1,Employed,29000,Medical Cover,Vulnerable
PLUS-000011,c. j. gitonga,32185945,254 773 009 31,caroline.gitonga@gmail.com,1982-08-05,FEMALE,Bomet,Konoin,Embomos,"Plot 78, Lane 19, Juja",2025-12-21,active,4,Employed,137000,Medical Cover,PWD
PLUS-000012,muthuri salim,10292428,254 729 155 65,muthuri.salim@yahoo.com,1984-12-26,FEMALE,Bungoma,Kimilili,Kibingei,"Plot 373, Lane 3, Uhuru",20 May 2025,pending,4,Student,9000,Business Grant,Youth
PLUS-000013,brenda trsuma,35100154,254 737 391 50,brenda.tsuma@outlook.com,1993-11-05,FEMALE,Kakamega,Shinyalu,Isukha North,"House 149, Limuru Drive, Thika Superhighway",25-Dec-2024,inactive,3,Employed,9500,Business Grant,Youth
PLUS-000014,onsongo mutua,99175850,254 756 895 76,onsongo.mutua@outlook.com,1976-04-09,MALE,Kiambu,Kiambu,Kihara,"Plot 167, Lane 4, Kasarani",18-Mar-23,active,6,Self-Employed,60500,Cash Transfer,Elderly
PLUS-000015,nicholas kenei,26947996,Not Provided,nicholas.kenei@hotmail.com,1983-12-24,MALE,Mombasa,Mvita,Mji wa Kale,"Plot 431, Lane 5, Juja",Not Provided,inactive,,Unemployed,70500,Business Grant,Orphan
PLUS-000016,wamalwa simon bett,29438830,254 721 787 51,wamalwa.bett@gmail.com,2004-01-10,MALE,Kiambu,Githunguri,Githiga,"Plot 376, Lane 17, Mombasa Road",25-07-2025,pending,5,Retired,72500,Food Support,Vulnerable
PLUS-000017,beatrice naisula njuguna,13 254 023,+25473762233,beatrice.njuguna@outlook.com,1985-02-27,FEMALE,Bungoma,Webuye West,Matulo,"Plot 40, Lane 14, Parklands",23-05-2023,inactive,2,Unemployed,17500,Education Support,Widow
PLUS-000018,aaron langat,40930568,254 766 248 67,aaron.langat@gmail.com,1995-05-22,FEMALE,Nakuru,Kuresoi South,Amalo,"House 477, Kitisuru Street, River Road",03-Jan-2023,pending,4,Self-Employed,47000,Business Grant,PWD
PLUS-000019,lois opiyo,46598410,254 705 269 62,lois.opiyo@gmail.com,1979-05-09,MALE,Mombasa,Mvita,Tononoka,"Plot 116, Lane 11, Langata",22-06-2024,active,3,Retired,33500,Education Support,Orphan
PLUS-000020,gathoni mutisya macharia,31216439,254 118 901 57,gathoni.macharia@outlook.com,1992-11-05,MALE,Trans Nzoia,Cherangany,Kaplamai,"House 145, Outering Drive, Ruiru",2023-08-01,active,3,Employed,19000,Cash Transfer,Youth
PLUS-000021,wachira ondieki wanyoike,12674689,254 786 012 07,wachira.wanyoike@gmail.com,1957-03-11,FEMALE,Meru,North Imenti,Mweronkanga,"House 301, Kitisuru Street, Kiambu",07 May 2023,inactive,1,Unemployed,43000,Medical Cover,Elderly
PLUS-000022,chepkirui rose jepkorir,72878778,254 767 220 33,chepkirui.jepkorir@outlook.com,1990-03-27,FEMALE,Kakamega,Butere,Marama South,"House 461, Tom Mboya Drive, Kitisuru",2026-03-28,inactive,8,Unemployed,17000,Education Support,Vulnerable
PLUS-000023,jacqueline naliaka,15598844,254 748 706 78,jacqueline.naliaka@hotmail.com,1998-10-27,MALE,KIAMBU,KIKUYU,KIKUYU,"House 359, Kangundo Drive, Likoni",31/12/2026,inactive,3,Self-Employed,30500,Food Support,Widow
PLUS-000024,kilonzo omomdi,20548786,+254 792-713-19,kilonzo.omondi@gmail.com,1999-04-27,MALE,Mombasa,Mvita,Tononoka,"Plot 254, Lane 12, Athi River",04-08-2023,pending,1,Retired,12500,Cash Transfer,Youth
PLUS-000025,ann jebaet,15971136,254 752 188 96,ann.jebet@gmail.com,2000-01-08,MALE,Trans Nzoia,Kiminini,Hospital,"Plot 161, Lane 5, Likoni",17-09-2026,active,5,Employed,42500,Cash Transfer,Vulnerable
PLUS-000026,opiyo musalia,23488183,254 733 320 90,opiyo.musalia@yahoo.com,,FEMALE,Nyeri,Mukurweini,Rugi,"Plot 245, Lane 7, Mugumo",20-Sep-2026,active,Unknown,Student,30500,Food Support,Youth
PLUS-000027,gathoni awino,58-344-299,254 731 013 23,gathoni.awino@hotmail.com,1966-12-26,FEMALE,Uasin Gishu,Turbo,Kiplombe,"House 110, River Road Road, Argwings Kodhek",04-Feb-2024,inactive,2,Self-Employed,22000,Medical Cover,Widow
PLUS-000028,beatrice kimani kibathi,54343467,254 721 039 74,beatrice.kibathi@gmail.com,1999-10-03,FEMALE,UASIN GISHU,SOY,SEGERO/BARSOMBE,"Plot 141, Lane 5, Kiambu Road",28-Jan-2024,active,3,Employed,63000,Medical Cover,Youth
PLUS-000029,awuor rotichjudy,73913779,254 788 630 24,awuorrotich@gmail.com,1951-08-26,M,Machakos,Masinga,Muthesya,Plot 333 Lane 11 Jogoo,10-11-2026,Pending,4,Employed,30000,Education Support,Widow
PLUS-000030,priscilla catherine odhiambo,46260563,Not Provided,priscilla.odhiambo@gmail.com,1958-03-09,FEMALE,Mombasa,Changamwe,Airport,"Plot 80, Lane 13, Tom Mboya",01-06-2024,active,,Unemployed,13500,Education Support,Orphan
PLUS-000031,caroline gilbert kebaso,56678696,254 703 311 40,caroline.kebaso@yahoo.com,1990-12-28,MALE,,Not Provided,Malakisi/South Kulisiru,"Plot 219, Lane 1, Ngong",11-06-2025,pending,6,Unknown,46500,Cash Transfer,Youth
PLUS-000032,agnes kamau,49311181,254 768 160 37,agnes_kamau@yahoo.com,05 Aug 1977,MALE,Nakuru,Naivasha,Biashara-Naivasha,"HOUSE 245, KILELESHWA DRIVE, OUTERING",05-29-2023,A,3,Student,31000,Education Support,Youth
PLUS-000033,kathure wanjiku atieno,86599891,254 771 483 01,kathure.atieno@hotmail.com,1985-01-05,MALE,Uasin Gishu,Turbo,Tapsagoi,"Plot 187, Lane 13, Kikuyu",23/08/2026,pending,3,Retired,18500,Business Grant,Youth
PLUS-000034,victor ronoo,33875260,Not Provided,victor.rono@yahoo.com,,MALE,,Seme,West Seme,"Plot 287, Lane 5, Kiambu Road",2024-05-01,active,6,Retired,20500,Medical Cover,Vulnerable
PLUS-000035,adhiambo jebet cherono,63096404,Unknown,adhiambo.cherono@gmail.com,1987-10-09,MALE,Kiambu County,,Limuru Central,"Plot 19, Lane 4, Athi River",12/08/2024,active,1,Unemployed,40500,Food Support,Vulnerable
PLUS-000036,leshan kaloki hassan,21206698,254 777 715 59,leshan.hassan@gmail.com,1975-06-15,FEMALE,Nakuru,Gilgil,Murindat,"Plot 21, Lane 11, River Road",05/12/2025,active,7,Self-Employed,35000,Food Support,Orphan
PLUS-000037,atieno kipkoec,21489788,254 783 379 21,atieno.kipkoech@gmail.com,1988-10-25,FEMALE,Nairobi,Dagoretti South,Uthiru,"Plot 392, Lane 1, Karen",Unknown,active,,Unemployed,,Medical Cover,Vulnerable
PLUS-000038,mwangi oseko,39029725,+25473795093,mwangi.oseko@gmail.com,1988-04-16,FEMALE,Mombasa,Nyali,Frere Town,"Plot 437, Lane 17, Kikuyu",2025-05-29,inactive,3,Unemployed,24500,Food Support,Vulnerable
PLUS-000039,pauline wanjohi,16194289,254 705 514 43,pauline.wanjohi@gmail.com,1973-07-15,FEMALE,Nakuru,Naivasha,Maai Mahiu,"House 371, Parklands Road, Waiyaki",03/06/2023,active,2,Employed,48500,Education Support,PWD
PLUS-000040,chepkirui kamau,83745996,254 779 891 69,chepkirui.kamau@hotmail.com,1999-05-27,FEMALE,Meru,Buuri,Kibirichia,"House 339, Kangundo Road, Kitisuru",2026-05-01,inactive,3,Self-Employed,,Food Support,Vulnerable
PLUS-000041,kiprotich simon koech,84262472,254 716 292 41,kiprotich.koech@gmail.com,1992-09-07,FEMALE,Nairobi,Kasarani,Mwiki,"House 376, Kitisuru Street, Ngong",2023-06-03,pending,4,Employed,78000,Food Support,Youth
PLUS-000042,alice kipsang,66255243,254 745 821 14,alice.kipsang@hotmail.com,1968-02-25,MALE,Kakamega,Lugari,Not Provided,"Plot 102, Lane 10, Jogoo",Not Provided,inactive,3,Unemployed,45000,Cash Transfer,PWD
PLUS-000043,wachira githinji,38162314,254 117 930 58,wachiragithinji@yahoo.com,1991-07-06,Male,Kiambu,Lari,Kijabe,House451KikuyuStreetLenana,20260702,A,2,Employed,71500,Cash Transfer,PWD
PLUS-000044,jonathan agnes kenei,12827313,254 789 076 91,jonathan.kenei@outlook.com,1998-03-01,MALE,Bomet,Sotik,Ndanai/Abosi,"Plot 275, Lane 16, Kangundo",01-06-2025,inactive,3,Retired,13500,Food Support,Elderly
PLUS-000045,awiti syombua barasa,20854852,254 103 004 55,awiti.barasa@gmail.com,1986-01-12,MALE,Nairobi,Lang'ata,Karen,"Plot 192, Lane 18, Kangundo",10-Apr-2023,inactive,5,Student,81000,Food Support,Vulnerable
PLUS-000046,kilonzo wamuyu,43 402 877,254 728 275 74,kilonzo.wamuyu@gmail.com,1976-05-09,MALE,Turkana,Turkana East,Kapedo/Napeitom,"Plot 422, Lane 14, Kiambu",20-May-25,pending,7,Self-Employed,52500,Education Support,Vulnerable
PLUS-000047,ombati brian chepkorir,70463012,Not Provided,ombati.chepkorir@outlook.com,Not Provided,MALE,Kiambu,Kabete,Muguga,"Plot 431, Lane 9, Limuru",04-13-2026,active,4,Student,18000,Food Support,PWD
PLUS-000048,chepkorir mcharo,23427820,254 747 496 09,chepkorir.mcharo@gmail.com,1991-06-20,FEMALE,Machakos,Kangundo,Kangundo Central,"Plot 309, Lane 7, Westlands",05/16/2023,active,3,Student,14000,Medical Cover,PWD
PLUS-000049,gitonga awiti cherono,77571186,254 702 194 70,gitonga.cherono@outlook.com,1992-07-02,FEMALE,Nairobi,Kasarani,Kasarani,"Plot 346, Lane 12, Lenana",13 Mar 2026,inactive,9,Retired,24000,Cash Transfer,Vulnerable
PLUS-000050,mwikali kipkorir awino,79932036,254 782 588 28,mwikali.awino@hotmail.com,1983-08-04,FEMALE,Kiambu,Kikuyu,Sigona,"House 308, Tom Mboya Avenue, Likoni",30/12/2023,pending,6,Student,21000,Medical Cover,Widow
PLUS-000051,lenguro ongeri,Unknown,254 745 578 29,lenguro.ongeri@gmail.com,1969-03-27,MALE,Bomet,Konoin,Chepchabs,"House 280, Athi River Avenue, Waiyaki",2023-08-05,active,5,Self-Employed,11000,Business Grant,Vulnerable
PLUS-000052,elizabeth kenga,73698335,254 742 522 00,elizabeth.kenga@yahoo.com,1977-08-13,MALE,Machakos,,Ndalani,"Plot 327, Lane 14, Kasarani",21/08/2024,inactive,5,Retired,75000,Food Support,Widow
PLUS-000053,wabomba kipkirui wadada, 16777558,254 756 604 37,wabomba.wadada@gmail.com,2003-11-16,FEMALE,Bungoma,Mt. Elgon,Elgon,"Plot 69, Lane 6, Argwings Kodhek",08-05-2023,pending,3,Employed,39000,Education Support,Elderly
PLUS-000054,rebecca mwendwa,80650431,254 751 877 34,rebeccamwendwa@yahoo.com,02/26/1990,female,Kakamega,Mumias East,Malaha/Isongo/Masindi,"Plot 422, Lane 16, Likoni",2023-01-21,ACTIVE,5,Retired,92500,Medical Cover,Youth
PLUS-000055,kamau mwania,92450997,254 709 307 58,kamau.mwania@outlook.com,1965-01-20,FEMALE,Bungoma,Webuye West,Matulo,"Plot 360, Lane 1, Waiyaki",11-01-2026,pending,3,Self-Employed,86000,Medical Cover,Elderly
PLUS-000056,teresa kasina,51964629,254 704 032 08,teresa.kasina@gmail.com,1988-07-17,MALE,Kilifi,Malindi,Malindi Town,"Plot 450, Lane 7, Athi River",13-May-2023,active,2,Employed,19000,Medical Cover,Orphan
PLUS-000057,kipkorir mwikali wachira,53699242,254 755 119 21,k.w@yahoo.com,1947-12-06,FEMALE,Kiambu,Kabete,Gitaru,"Plot 270, Lane 10, Moi Avenue",08-05-2023,pending,1,Student,18000,Education Support,Elderly
PLUS-000058,kebaso bett,3870-3415,254 745 197 80,kebaso.bett@yahoo.com,1997-06-07,MALE,Kisumu,Nyakach,South West Nyakach,"Plot 478, Lane 19, Garden Estate",23 Jul 2023,active,7,Unemployed,106000,Cash Transfer,PWD
PLUS-000059,ndunge  naisula  maina,41713949,254 767 767 58,ndunge.maina@gmail.com,1990-06-04,MALE,Kisumu,Not Provided,Kaloleni,"House 12, Karen Street, Parklands",2026-03-31,pending,6,Unknown,25500,Business Grant,Elderly
PLUS-000060,mugo wairimu mutisya,93828732,254 782 127 07,mugo.mutisya@yahoo.com,1960-10-28,FEMALE,Nyeri,Nyeri Town,Ruring'u,"House 409, Kiambu Road Road, Ruiru",22/02/2026,pending,8,Unemployed,8000,Education Support,Youth
PLUS-000061,moraa haggai kimutai,90 481 646,254 783 254 57,moraa.kimutai@outlook.com,1983-04-17,MALE,Uasin Gishu County,Kesses,Taratai,"House 314, Kilimani Drive, Thika Superhighway",11-Oct-2026,active,9,Employed,40500,Cash Transfer,Youth
PLUS-000062,martin m. ondieki,34-914-143,254 715 308 46,martin.ondieki@gmail.com,Not Provided,FEMALE,Meru,Tigania East,Muthara,"House 223, Kitisuru Avenue, Juja",04/04/2024,pending,2,Unemployed,64500,Cash Transfer,PWD
PLUS-000063,bridget nalieka, 91335378,254 745 368 09,bridget.naliaka@gmail.com,1991-01-14,FEMALE,Nairobi,Kibra,Sarang'ombe,"Plot 472, Lane 10, Athi River",2023-09-15,pending,4,Student,15000,Medical Cover,Vulnerable
PLUS-000064,kwamboka katua,41758221,254 712 824 50,k.k@hotmail.com,2003-02-02,Female,Uasin Gishu,Soy,Moi's Bridge,"Plot 391, Ln 1, Juja",29-05-2023,inactive,4,Student,39500,Education Support,Youth
PLUS-000065,alice wairimu odhiambo,85887403,254 789 980 62,alice.odhiambo@gmail.com,1991-08-26,FEMALE,Nairobi,Westlands,Mountain View,"House 189, River Road Road, Athi River",2026-01-06,active,2,Student,28500,Medical Cover,PWD
PLUS-000066,brenda olela,89 453 898,254 759 328 28,brenda.olela@gmail.com,2002-01-14,MALE,Mombasa,Kisauni,Mjambere,"Plot 259, Lane 9, Kikuyu",14-05-2024,inactive,4,Self-Employed,32500,Education Support,Vulnerable
PLUS-000067,chepkirui joel akinyi,41 208 729,254 116 138 80,chepkirui.akinyi@hotmail.com,1998-11-10,MALE,Meru,Igembe South,Athiru Gaiti,"Plot 225, Lane 16, Lavington",05/30/2025,pending,3,Employed,35500,Medical Cover,Widow
PLUS-000068,thomas kimutai,54952046,254 105 520 01,thomas.kimutai@gmail.com,2003-07-28,MALE,Nairobi,Dagoretti South,Mutuini,"Plot 429, Lane 17, Jogoo",01/07/2024,active,4,Retired,62000,Medical Cover,Youth
PLUS-000069,dorothy mutisya kagwe,20867677,254 112 073 21,dorothy.kagwe@gmail.com,,FEMALE,Mombasa,Nyali,Kongowea,"Plot 338, Lane 4, Ngong Road",Unknown,active,5,Retired,31500,Cash Transfer,Orphan
PLUS-000070,nabea rose wamalwa,11101134,254 731 945 78,nabea.wamalwa@gmail.com,1976-05-26,MALE,Unknown,Webuye East,Ndivisi,"House 42, Lavington Street, Ngong Road",2023-06-03,inactive,4,Student,33000,Cash Transfer,Vulnerable
PLUS-000071,kevin kipeati,59079312,254 734 611 34,kevin.kipaati@yahoo.com,2006-03-09,FEMALE,Trans Nzoia,Kwanza,Keiyo,"House 184, Kangundo Road, Tom Mboya",07/07/2025,pending,2,Self-Employed,46000,Business Grant,Widow
PLUS-000072,judy oching,53298009,0738-639-17,,1972-10-21,FEMALE,Machakos,Yatta,Kithimani,"House 243, Thika Superhighway Avenue, Garden Estate",2023-11-19,active,2,Student,31000,Cash Transfer,Elderly
PLUS-000073,wanjiru oseko,46278860,254 747 168 14,wanjiru.oseko@gmail.com,Unknown,MALE,Not Provided,Ainabkoi,Kapsoya,"House 353, Parklands Street, Kiambu Road",14-Aug-2026,active,3,Retired,8500,Medical Cover,PWD
PLUS-000074,dennis ongeri,30039564,254 714 472 69,dennis.ongeri@gmail.com,2005-12-18,FEMALE,Kiambu,Githunguri,Githiga,"House 208, Ruaraka Drive, Kiambu Road",30-07-2025,pending,1,Student,19500,Education Support,Vulnerable
PLUS-000075,silas muema,38844653,254 778 581 60,smuema@outlook.com,11-Apr-61,Female,Bungoma,Bumula,Kabula,"Plot 306, Ln 6, Argwings Kodhek",20230513,Active,3,Self-Employed,7500,Education Support,Vulnerable
PLUS-000076,nicholas kariuki,84500200,254 722 292 21,nicholas.kariuki@gmail.com,1975-09-03,FEMALE,Nakuru County,Kuresoi North,Nyota,"Plot 73, Lane 8, Outering",2025-11-13,inactive,3,Unemployed,22000,Cash Transfer,PWD
PLUS-000077,evelyn muriuki kenei,73175517,+25477777274,evelyn.kenei@yahoo.com,Unknown,FEMALE,Machakos,Not Provided,Mua,"Plot 118, Lane 8, Garden Estate",2026-12-19,pending,2,Retired,22000,Medical Cover,Youth
PLUS-000078,mwamburi hannah jepchumba,Unknown,254 762 647 08,hannah.mwamburi@hotmail.com,1981-12-01,FEMALE,Machakos,Machakos Town,Mutituni,"House 354, Langata Drive, Kikuyu",11/11/2024,inactive,6,Unemployed,24500,Business Grant,PWD
PLUS-000079,aoko mwakisha,34219451,254 737 597 37,a.mwakisha@gmail.com,22/07/1962,Male,Nyeri,Mathira,Ruguru,House230NgongRdAvenueKasarani,27-Aug-24,inactive,4,Unemployed,23000,Business Grant,Orphan
PLUS-000080,kioko mungai,37438725,254 793 428 96,kioko.mungai@gmail.com,1967-01-24,FEMALE,Bomet,Chepalungu,Nyongores,"House 442, Athi River Road, Likoni",01-06-2026,inactive,3,Self-Employed,27000,Medical Cover,Youth
PLUS-000081,nduku muema,58624291,254 763 485 65,nduku.muema@yahoo.com,1983-06-08,FEMALE,Machakos,Matungulu,Kyeleni,"Plot 472, Lane 14, Argwings Kodhek",02-10-2026,pending,3,Student,84500,Business Grant,Vulnerable
PLUS-000082,salim onsongo habakkuk,53043124,254 782 078 91,onsongo.salim@hotmail.com,1983-11-10,MALE,Uasin Gishu,Turbo,Huruma,"Plot 210, Lane 14, Ngong",21-08-2024,pending,3,Employed,40500,Medical Cover,PWD
PLUS-000083,jepchumba kagwe,90233459,254 785 707 50,jkagwe@yahoo.com,10-Nov-04,FEMALE,Machakos,Kathiani,Upper Kaewa/Iveti,House 312 Westlands Road River Road,23-09-2025,pending,5,Self-Employed,31000,Cash Transfer,PWD
PLUS-000084,micah kinyua,44296775,254 764 686 04,micah.kinyua@gmail.com,1999-03-17,FEMALE,Meru,South Imenti,Abogeta East,"Plot 319, Lane 2, Ngong Road",03-07-2024,inactive,5,Student,21500,Education Support,Youth
PLUS-000085,ochieng kaimenyi,70104994,254 731 770 87,ochieng.kaimenyi@gmail.com,2004-02-13,FEMALE,BOMET,KONOIN,Unknown,"Plot 458, Lane 18, Langata",Not Provided,pending,2,Employed,Unknown,Education Support,PWD
PLUS-000086,"chepngeno, charity",47684709,254 116 161 39,charity.chepngeno@gmail.com,1968-10-10,MALE,Nairobi,Lang'ata,Nyayo Highrise,"Plot 1, Lane 12, Langata",13/06/2026,pending,2,Unemployed,11000,Medical Cover,Orphan
PLUS-000087,george nafula,74059068,254 736 881 09,george.nafula@yahoo.com,1994-04-08,FEMALE,Trans Nzoia,Kiminini,Not Provided,"House 415, Limuru Road, Ruaraka",Not Provided,active,Unknown,Employed,53500,Food Support,Vulnerable
PLUS-000088,florence mutwiri nasimiyu,88733055,254 731 046 26,florence.nasimiyu@gmail.com,1969-01-07,FEMALE,Trans Nzoia,Endebess,Endebess,"Plot 25, Lane 5, Moi Avenue",28 Jul 2023,inactive,7,Self-Employed,18000,Cash Transfer,Widow
PLUS-000089,jeremiah hannah kivuva,94650751,254 799 317 57,jeremiah.kivuva@yahoo.com,1995-06-27,FEMALE,NAKURU,BAHATI,DUNDORI,"House 374, Kiambu Road Drive, Mombasa Road",2024-03-22,inactive,10,Self-Employed,13000,Medical Cover,Youth
PLUS-000090,kimeu maingi,91370652 ,254 756 436 77,kimeu.maingi@gmail.com,2005-09-22,FEMALE,Uasin Gishu,Soy,Segero/Barsombe,"Plot 123, Lane 2, Kileleshwa",Not Provided,inactive,10,Retired,77000,Education Support,Elderly
PLUS-000091,n. n. ndegwa,32723062,254 118 699 11,nabea.ndegwa@gmail.com,1995-01-15,MALE,Mombasa,Likoni,Likoni,"House 265, Ruaraka Drive, Argwings Kodhek",26/05/2026,inactive,3,Unemployed,22000,Cash Transfer,PWD
PLUS-000092,cynthia gichuki,95115329,011423192,cynthia.gichuki@yahoo.com,2001-02-24,MALE,Turkana,Turkana South,Kalamon,"House 413, Parklands Street, Kilimani",31/01/2025,active,6,Employed,31000,Cash Transfer,Youth
PLUS-000093,kipkemoi mutinda,91989541,254 766 400 30,kipkemoi.mutinda@gmail.com,1960-03-16,MALE,Kakamega,Mumias East,Lusheya/Lubinu,"Plot 319, Lane 5, Mombasa Road",2024-09-26,active,8,Unemployed,11500,Cash Transfer,Widow
PLUS-000094,erick olela,49345327,,erick.olela@yahoo.com,1966-05-07,MALE,Kakamega,Lugari,Unknown,"House 214, Kenyatta Drive, Kileleshwa",,pending,9,Employed,24000,Cash Transfer,Youth
PLUS-000095,kerubo njuguna nganga,32907135,254 757 393 46,kerubo.nganga@gmail.com,1976-08-14,FEMALE,Uasin Gishu,Ainabkoi,Kapsoya,"Plot 290, Lane 17, Argwings Kodhek",11-06-2026,inactive,3,Self-Employed,15000,Education Support,Vulnerable
PLUS-000096,martin stephen mwendwa,48709538,254 711 087 39,martinmwendwa@gmail.com,17 Mar 1974,M,Bomet,Konoin,Embomos,"PLOT 250, LANE 10, WAIYAKI",13-12-2026,ACTIVE,4,Unemployed,66000,Cash Transfer,Orphan
PLUS-000097,silas kaimeyni,78175036,254 703 688 18,silas.kaimenyi@outlook.com,1986-06-07,FEMALE,Nakuru County,Rongai,Menengai West,"Plot 217, Lane 9, River Road",2023-08-02,inactive,2,Self-Employed,10500,Cash Transfer,PWD
PLUS-000098,simon jepkech,96-643-468,254 786 527 60,sjepkoech@hotmail.com,20-Dec-1976,M,Machakos,Kathiani,Upper Kaewa/Iveti,Plot126Lane20Ruiru,28-02-2026,inactive,3,Unemployed,7000,Education Support,PWD
PLUS-000099,harun mutua kiarie,37425725,254 115 196 96,harun.kiarie@gmail.com,1969-01-17,MALE,Machakos,Yatta,Katangi,"House 401, Mombasa Road Street, Kenyatta",16-Jun-2024,inactive,6,Self-Employed,123500,Business Grant,Elderly
PLUS-000100,ojwang mutua wangari,36911168,254 726 953 79,Not Provided,1966-06-03,FEMALE,Nairobi,Kasarani,Kasarani,"Plot 6, Lane 14, Lenana",Not Provided,pending,2,,15000,Education Support,Orphan
PLUS-000101,moses robert chepkirui,47334460,254 715 544 79,moses.chepkirui@gmail.com,1964-07-24,MALE,Kakamega,Ikolomani,Idakho East,"Plot 351, Lane 13, Karen",19-03-2024,inactive,4,Retired,25500,Medical Cover,Widow
PLUS-000102,anthony saliim,38292455,254 706 765 48,anthony.salim@gmail.com,1959-11-08,FEMALE,Nairobi,Lang'ata,Nairobi West,"House 436, Karen Drive, Thika",2024-08-25,inactive,2,Student,69500,Education Support,Youth
PLUS-000103,bridget kiprono,41665325,254 775 817 28,bridget.kiprono@gmail.com,1993-12-09,MALE,Uasin Gishu,Kapseret,Ngeria,"Plot 466, Lane 9, Ngong",08-08-2024,active,7,Self-Employed,29500,Business Grant,Widow
PLUS-000104,kwamboka micah simiyu,61144210,254 794 346 95,k.simiyu@gmail.com,03-01-1965,MALE,Machakos,Masinga,Muthesya,Unknown,2024-09-22,Inactive,1,Self-Employed,20000,Food Support,Elderly
PLUS-000105,collins kipchumba,20835155,254 773 800 39,collins.kipchumba@yahoo.com,2000-01-04,FEMALE,Meru,Igembe South,Nkondi,"House 354, Garden Estate Street, Kangundo",09-Dec-2026,pending,9,Student,57000,Education Support,Youth
PLUS-000106,senteu naliaka lubanga,48309461,254 111 354 67,senteu.lubanga@outlook.com,1997-06-08,MALE,Nakuru,,,"Plot 456, Lane 7, River Road",26/04/2023,pending,4,Unemployed,31500,Food Support,Vulnerable
PLUS-000107,ruth onsongo,46545801,254 746 903 90,ruth.onsongo@yahoo.com,1964-01-23,MALE,Nairobi,Dagoretti North,Kileleshwa,"Plot 203, Lane 18, Athi River",19/02/2025,inactive,8,Student,18500,Food Support,Orphan
PLUS-000108,marete kosgei,56462427,254 793 345 23,marete.kosgei@hotmail.com,1997-09-03,FEMALE,Kisumu,Kisumu Central,Nyalenda 'B',"Plot 330, Lane 8, Jogoo",08/03/2023,active,8,Unemployed,93500,Food Support,PWD
PLUS-000109,mutua okello,33392072,254 759 887 04,mutua.okello@yahoo.com,1985-05-04,FEMALE,Nairobi,Kasarani,Mwiki,"House 174, Tom Mboya Avenue, Ruiru",03-06-2026,inactive,4,Self-Employed,84500,Food Support,Elderly
PLUS-000110,moraa wabomba,67742815,254 776 738 33,moraa.wabomba@outlook.com,1985-07-14,MALE,Unknown,Igembe Central,,"Plot 205, Lane 3, Argwings Kodhek",,active,5,Retired,10500,Education Support,Orphan
PLUS-000111,veronica githua,43800407,254 788 269 03,veronica.githua@gmail.com,1987-12-07,MALE,Nakuru,Rongai,Visoi,"Plot 104, Lane 1, Ngong",06-12-2023,inactive,5,Unemployed,27500,Medical Cover,Orphan
PLUS-000112,grace wanjala,97108374,254 103 280 73,grace.wanjala@yahoo.com,1978-08-11,FEMALE,Nyeri,Mukurweini,Rugi,"Plot 198, Lane 9, Limuru",2025-03-26,pending,3,Employed,44000,Education Support,Widow
PLUS-000113,ruth kioko,78189543,254 756 697 93,ruth.kioko@gmail.com,1987-07-19,MALE,Kakamega,Ikolomani,Idakho North,"Plot 165, Lane 14, Mugumo",2026-04-16,pending,1,Employed,70500,Cash Transfer,PWD
PLUS-000114,rweria kipsang maina,90102255,254 767 505 66,rweria.maina@hotmail.com,1977-12-10,MALE,,Dagoretti South,Uthiru,"Plot 341, Lane 5, Westlands",09/08/2026,pending,Not Provided,Retired,31000,Cash Transfer,Elderly
PLUS-000115,chepkoech marete,1001-6145,254 701 205 36,,1992-07-28,MALE,Nairobi,Kibra,Laini Saba,"Plot 339, Lane 7, Mugumo",,active,Unknown,Unemployed,35000,Cash Transfer,Elderly
PLUS-000116,john otieno,82914021,254 705 714 69,john.otieno@gmail.com,1975-12-12,FEMALE,Kiambu,Kiambu,Kihara,"Plot 56, Lane 16, Ruiru",11-04-2024,pending,4,Retired,17500,Food Support,Vulnerable
PLUS-000117,wambui mulnadi,41897383,254 111 505 25,wambui_mulandi@gmail.com,20051019,Male,Nairobi,Lang'ata,Mugumu-ini,"Plot 60, Lane 15, Thika Superhighway",08-Aug-2025,INACTIVE,1,Employed,20500,Medical Cover,Widow
PLUS-000118,mutua nduinda,28282183,254 786 259 67,mutua.ndunda@gmail.com,1989-05-23,MALE,Nairobi,Kibra,Lindi,"Plot 144, Lane 17, Kiambu",21-08-2023,inactive,1,Unemployed,16000,Cash Transfer,Vulnerable
PLUS-000119,joseph cheronoo,39-450-832,254 773 570 89,joseph.cherono@yahoo.com,1976-12-01,MALE,KIAMBU,Kiambu,Riabai,"House 274, Ngong Road Road, Kasarani",11-19-2024,active,5,Self-Employed,16500,Food Support,Widow
PLUS-000120,muriuki simiyu,Not Provided,254 722 006 92,m.s@yahoo.com,05/25/1992,Male,Kisumu,Muhoroni,Ombeyi,Plot 340 Lane 5 Kilimani,12/27/2025,I,1,Self-Employed,37000,Cash Transfer,PWD
PLUS-000121,kariuki baya,62193650,254 781 981 57,kariuki.baya@hotmail.com,1973-08-16,MALE,Machakos,Matungulu,Matungulu West,"House 318, Langata Avenue, Mugumo",2026-06-29,active,6,Employed,58500,Medical Cover,Vulnerable
PLUS-000122,nyambura vincent langat,98451307,254 703 945 59,nyambura.langat@gmail.com,Not Provided,FEMALE,Trans Nzoia,,Hospital,"Plot 350, Lane 16, Kiambu",01/29/2024,Unknown,3,Retired,34000,Business Grant,PWD
PLUS-000123,irene ronald kaimenyi,27627784,254 704 532 66,irene.kaimenyi@outlook.com,1983-03-17,FEMALE,Kakamega,Mumias West,Etenje,"House 173, Thika Superhighway Street, Moi Avenue",05-09-2025,inactive,2,Self-Employed,30000,Business Grant,Orphan
PLUS-000124,nasimiyu janet awuor,98826024,254 749 482 18,nasimiyu.awuor@gmail.com,2001-06-08,FEMALE,Nairobi,Dagoretti South,Waithaka,"Plot 315, Lane 14, Waiyaki",18-08-2025,active,5,Unemployed,28500,Medical Cover,Vulnerable
PLUS-000125,okoth kimeu tsuma,47171787,254 717 024 85,okoth.tsuma@gmail.com,1985-12-01,MALE,Kakamega,Khwisero,Kisa East,"Plot 2, Lane 17, Limuru",29/10/2025,pending,4,Self-Employed,64500,Food Support,Orphan
PLUS-000126,kipkemboi momanyi,60-455-763,254 117 548 92,kipkemboi.momanyi@gmail.com,1999-06-24,FEMALE,Kiambu,Lari,Kijabe,"House 10, Thika Superhighway Avenue, Kenyatta",20241206,active,3,Employed,56500,Education Support,Orphan
PLUS-000127,aoko njoroge,93415939,254 772 554 83,Not Provided,Unknown,MALE,Kisumu,Kisumu East,Kolwa East,"House 50, Kileleshwa Road, Lavington",12/19/2025,pending,1,Self-Employed,17000,Cash Transfer,Widow
PLUS-000128,micah collins mukhwana,42400492,0735-582-86,micah.mukhwana@gmail.com,1955-04-11,FEMALE,Not Provided,Subukia,Kabazi,"Plot 235, Lane 5, Lenana",28/12/2026,inactive,6,Self-Employed,,Food Support,Widow
PLUS-000129,jonathan keneei,88380820,254 101 383 82,jonathan.kenei@gmail.com,Unknown,FEMALE,Unknown,Limuru,Limuru East,"Plot 131, Lane 5, Lenana",17-Jun-2025,active,2,Student,55000,Education Support,Orphan
PLUS-000130,rose achieng musyimi,64914054,254 106 235 57,rose.musyimi@gmail.com,1982-03-23,MALE,,Shinyalu,Not Provided,"Plot 299, Lane 17, Kangundo",01/05/2024,pending,Unknown,Unemployed,116000,Food Support,Youth
PLUS-000131,n. mulandi,23756993,+25479464678,ndunge.mulandi@gmail.com,1999-05-26,MALE,Kilifi,Malindi,Shella,"House 337, Juja Road, Kasarani",30/08/2024,pending,1,Unemployed,43000,Food Support,PWD
PLUS-000132,kipkemboi chepkirui mwakisha,38554192,254 782 202 95,kipkemboi.mwakisha@gmail.com,1987-05-20,MALE,Nyeri,Tetu,Not Provided,,2026-02-09,inactive,4,Not Provided,31500,Business Grant,Widow
PLUS-000133,kinya isaac kioko,76183001,254 732 694 09,kinya.kioko@outlook.com,2001-10-11,FEMALE,Kiambu,Githunguri,Ngewa,"Plot 458, Lane 19, Kikuyu",06-29-2025,inactive,2,Self-Employed,109000,Business Grant,Orphan
PLUS-000134,achieng opiyo githinji,58294486,254 794 181 32,achieng.githinji@outlook.com,1989-03-23,FEMALE,Turkana,Turkana West,Letea,"Plot 263, Lane 15, Lenana",16-Dec-2023,active,3,Student,40500,Medical Cover,Elderly
PLUS-000135,judy mungai,12135165,254 751 068 67,judy.mungai@hotmail.com,1988-09-23,MALE,Uasin Gishu,Soy,Segero/Barsombe,"Plot 301, Lane 17, Ngong Road",29 Jun 2026,active,1,Unemployed,162000,Medical Cover,Elderly
PLUS-000136,nabwire kimutai,10853065,254 722 232 18,nabwire.kimutai@hotmail.com,1977-05-22,MALE,Kilifi,Kaloleni,Mwanamwinga,"Plot 290, Lane 6, Kileleshwa",18-01-2026,pending,11,Student,24000,Medical Cover,Vulnerable
PLUS-000137,nahum aoko munyao,96025578,254 108 848 98,nahum.munyao@gmail.com,1985-11-03,MALE,Uasin Gishu,Ainabkoi,Kapsoya,"House 96, Limuru Drive, Jogoo",08-29-2026,inactive,3,Employed,42000,Business Grant,PWD
PLUS-000138,onditi maingi,51940537,254 722 910 38,onditi.maingi@gmail.com,1998-11-15,MALE,Uasin Gishu,Kesses,Cheptiret/Kipchamo,"House 61, Tom Mboya Drive, Lavington",06-Nov-2026,inactive,2,Student,85500,Cash Transfer,Orphan
PLUS-000139,gakunyi mwakisha,68719406,254 103 970 07,gakunyi.mwakisha@outlook.com,1993-02-03,FEMALE,Kilifi,Kilifi North,Tezo,"Plot 54, Lane 20, Likoni",09-Sep-2023,inactive,4,Student,45000,Business Grant,Orphan
PLUS-000140,wachira simiysu,74554953,254 757 722 80,wachira.simiyu@gmail.com,2005-07-03,MALE,Kiambu,Ruiru,Kahawa Sukari,"House 141, Langata Avenue, Ngong",06/01/2026,pending,5,Employed,31500,Medical Cover,Vulnerable
PLUS-000141,zechariah mutua nzioka,48785862,254 787 518 52,zechariah.nzioka@outlook.com,1986-09-14,FEMALE,Mombasa,Changamwe,Changamwe,"Plot 454, Lane 12, Kenyatta",25-Dec-2023,inactive,2,Self-Employed,138500,Education Support,Elderly
PLUS-000142,esther simiyu,55049676,254 113 386 67,esther.simiyu@yahoo.com,1996-01-18,FEMALE,Bomet,Konoin,Boito,"House 317, Mombasa Road Street, Thika",06 Aug 2026,inactive,3,Retired,10000,Medical Cover,Vulnerable
PLUS-000143,jebet mutwiri ndunda,40438156,254 774 899 67,jebet.ndunda@yahoo.com,1957-06-10,male,Mombasa,Jomvu,Mikindani,"plot 147, lane 6, kasarani",08/10/2026,Pending,7,Unknown,65000,Food Support,Elderly
PLUS-000144,nanjala mutwiri kipchumba,,254 764 552 65,Not Provided,2001-03-27,FEMALE,Nairobi,Kibra,Laini Saba,"Plot 326, Lane 19, Garden Estate",30 Jan 2026,,5,Self-Employed,18500,Cash Transfer,Vulnerable
PLUS-000145,daniel muthuri,75910139,254 114 512 39,daniel.muthuri@gmail.com,1986-11-21,MALE,Machakos,Kangundo,Kangundo North,"House 7, Lavington Street, Waiyaki",31 Jan 2024,pending,8,Unemployed,13500,Food Support,PWD
PLUS-000146,kanampiu kinyue,2098-5043,254 739 971 79,k.kinyua@gmail.com,2001-05-16,MALE,Kiambu County,Limuru,Bibirioni,"Plot 306, Lane 11, Ruiru",11-Jan-25,active,2,Student,23500,Education Support,Vulnerable
PLUS-000147,wekesa mabka,89646079,254 731 879 63,wekesa.mbaka@gmail.com,1976-12-27,MALE,Kisumu,Kisumu West,South West Kisumu,"Plot 211, Lane 11, Kenyatta",30/06/2025,active,5,Unemployed,91000,Food Support,PWD
PLUS-000148,w. mwendwa,70053039,254 113 034 96,wairimu.mwendwa@gmail.com,1999-09-24,FEMALE,Trans Nzoia,Endebess,,"House 120, Lavington Road, Karen",Not Provided,active,Not Provided,Retired,22500,Business Grant,Youth
PLUS-000149,muthuri maina leshan,83362808,254 744 042 44,muthuri.leshan@outlook.com,1976-06-24,FEMALE,Machakos,Masinga,Muthesya,"Plot 72, Lane 15, Outering",31/01/2024,active,5,Employed,Not Provided,Business Grant,Orphan
PLUS-000150,judith chepkorir githua,89648700,254 109 187 64,judith.githua@gmail.com,1968-03-15,MALE,KIAMBU,LARI,KAMBURU,"Plot 130, Lane 17, Kilimani",15/09/2023,inactive,5,Employed,49500,Food Support,Vulnerable
PLUS-000151,habakkuk dorothy chepkorir,54-431-754,254 772 638 46,habakkuk.chepkorir@gmail.com,1971-03-25,FEMALE,Nairobi,Westlands,Parklands,"Plot 146, Lane 5, Kikuyu",20251001,active,8,Retired,17000,Medical Cover,Youth
PLUS-000152,marete senteu,79523642,Not Provided,Unknown,Not Provided,Female,Kilifi,Malindi,Jilore,"PLOT 78, LANE 6, THIKA",22-Sep-2024,INACTIVE,5,Retired,15500,Food Support,PWD
PLUS-000153,edith achieng,31958106,254 109 554 99,edith.achieng@yahoo.com,1971-06-24,MALE,Kilifi,Kilifi South,Chasimba,Not Provided,09-20-2026,pending,,Employed,122000,Medical Cover,Elderly
PLUS-000154,philemon moaka,Unknown,254 721 007 51,philemon.mogaka@yahoo.com,2004-04-21,MALE,Meru,South Imenti,Nkuene,"Plot 81, Lane 19, Westlands",22/11/2026,inactive,4,Student,52500,Food Support,PWD
PLUS-000155,ruth kagwe,91037151,254 102 303 26,ruth.kagwe@gmail.com,1973-03-20,MALE,Nyeri,Othaya,Ngaru,"Plot 208, Lane 18, Ngong",04/08/2023,inactive,4,Retired,36500,Medical Cover,Youth
PLUS-000156,mogaka musala,43091057,254 768 664 69,mogaka.musalia@yahoo.com,1956-05-01,MALE,Machakos,Unknown,,Unknown,20230830,active,9,Employed,34000,Business Grant,Elderly
PLUS-000157,wangari wanjala,95667481,,wangari.wanjala@gmail.com,1967-06-20,FEMALE,Trans Nzoia,Saboti,Machewa,"Plot 174, Lane 9, Athi River",,inactive,7,Retired,Unknown,Business Grant,Youth
PLUS-000158,mworoa musyimi,45831935,254 782 502 08,mworoa.musyimi@gmail.com,1987-01-06,FEMALE,Nyeri,Unknown,Mukurwe-ini West,"House 108, Kangundo Drive, Tom Mboya",06-06-2023,pending,Not Provided,Employed,26500,Business Grant,PWD
PLUS-000159,chepngeno  mulwa,18037525,,Not Provided,Not Provided,MALE,Trans Nzoia,Kiminini,Nabiswa,"Plot 355, Lane 11, Kasarani",26-Nov-2026,pending,1,Retired,43000,Cash Transfer,Elderly
PLUS-000160,masinde saalim,49707312,254 101 103 88,Unknown,2004-02-16,MALE,Kakamega,Ikolomani,Idakho South,"Plot 245, Lane 20, Ruaraka",11-18-2024,active,Unknown,Unknown,11000,Cash Transfer,Youth
PLUS-000161,opiyo grace awuor,40563463,254 725 138 39,opiyo.awuor@yahoo.com,1981-09-21,MALE,Nakuru,Molo,Turi,"Plot 272, Lane 9, Moi Avenue",22/05/2026,active,3,Employed,20000,Education Support,Vulnerable
PLUS-000162,atieno kipkirui gichuru,57277284,254 102 627 53,atieno.gichuru@gmail.com,1981-12-25,FEMALE,Nakuru,Kuresoi South,Amalo,"Plot 396, Lane 8, Athi River",2023-02-10,inactive,4,Retired,22000,Medical Cover,Vulnerable
PLUS-000163,gathoni bett,71524281,254 725 897 39,gathoni.bett@gmail.com,2003-05-21,MALE,Machakos,Machakos Town,Mutituni,"Plot 406, Lane 20, Parklands",01/03/2025,pending,6,Unemployed,93000,Medical Cover,Elderly
PLUS-000164,gichuru githua,79805302,+254 746 890 58,gichuru.githua@hotmail.com,2001-02-07,FEMALE,Machakos,Yatta,Kithimani,"House 41, Lenana Avenue, Juja",12-11-2026,active,3,Self-Employed,18000,Food Support,Orphan
PLUS-000165,kimani nasimiyu kinya,51-575-089,254 767 237 79,nasimiyu.kimani@gmail.com,1999-10-17,MALE,Kilifi,Malindi,Kakuyuni,"House 397, Kilimani Drive, Kangundo",2024-01-06,inactive,7,Retired,52000,Business Grant,PWD
PLUS-000166,anna musyoka,60524625,254 111 100 16,anna.musyoka@hotmail.com,1959-05-08,MALE,Kakamega,Shinyalu,Isukha West,"House 201, Mugumo Avenue, Kikuyu",12-Aug-2025,active,6,Self-Employed,140500,Food Support,Widow
PLUS-000167,ondieki wambui okello,69082766,254 799 469 51,ondieki.okello@gmail.com,1985-05-21,MALE,Kiambu,Kikuyu,Sigona,"Plot 203, Lane 5, Kileleshwa",29-Jun-2023,pending,9,Employed,17500,Medical Cover,Elderly
PLUS-000168,ndinda florence situma,69-843-840,+25470182160,ndinda.situma@yahoo.com,2003-05-22,FEMALE,Kisumu,Nyakach,Central Nyakach,"Plot 209, Lane 12, Kitisuru",2024-02-26,pending,3,Self-Employed,22500,Education Support,PWD
PLUS-000169,cherono nahum mungai,46797799,254 785 772 09,cherono.mungai@gmail.com,1994-10-03,FEMALE,Trans Nzoia,Cherangany,Cherangany/Suwerwa,"Plot 192, Lane 18, Ngong Road",2024-08-07,active,4,Unemployed,31500,Medical Cover,PWD
PLUS-000170,kebaso njoroge,41523901,254 797 267 47,kebaso.njoroge@gmail.com,2001-01-10,FEMALE,Nakuru,KuresoiNorth,Nyota,"Plot 226, Lane 4, Likoni",04-Dec-24,active,3,Employed,10500,Medical Cover,Youth
PLUS-000171,rose ruth adoyo,39 398 504,254 762 132 51,,1984-07-06,FEMALE,Bungoma,Kabuchai,,"Plot 251, Lane 2, Waiyaki",19-Dec-26,inactive,2,,87000,Education Support,Vulnerable
PLUS-000172,emily irene mukhwana,76739837,+254 732 449 22,emily.mukhwana@yahoo.com,1993-09-09,MALE,Bungoma,Webuye West,Matulo,"House 462, Kangundo Drive, Kileleshwa",2026-06-19,pending,2,Retired,52500,Cash Transfer,Orphan
PLUS-000173,ombati ochieng,25952450,254 713 564 41,ombati.ochieng@outlook.com,1999-05-18,MALE,Machakos,Machakos Town,Machakos Central,"Plot 245, Lane 4, Moi Avenue",25/08/2025,active,4,Self-Employed,16000,Business Grant,Elderly
PLUS-000174,onyango kiohika,2333-0923,254 111 064 54,onyango.kihika@gmail.com,1983-08-12,MALE,Nairobi,Westlands,Kitisuru,"Plot 283, Lane 10, Mombasa Road",06/10/2025,active,7,Self-Employed,32500,Business Grant,Vulnerable
PLUS-000175,kilonzo korir,39096346,254 744 754 43,kilonzo78@outlook.com,21-04-1991,FEMALE,Kakamega,Khwisero,Kisa West,"House 55, Kasarani Avenue, Westlands",02/02/2026,INACTIVE,5,Employed,18000,Education Support,PWD
PLUS-000176,kipkorir wachia,62731823,254 778 894 10,kipkorir.wachira@yahoo.com,1972-05-26,MALE,Kakamega,Mumias West,West Wanga,"House 293, Parklands Drive, Kangundo",28/08/2026,active,11,Student,16000,Education Support,Youth
PLUS-000177,anna gikonyo,37868462,254 774 232 84,anna.gikonyo@gmail.com,1955-11-10,FEMALE,Kilifi,Malindi,Shella,"House 428, Lavington Street, Karen",01/21/2025,active,10,Self-Employed,42500,Cash Transfer,Orphan
PLUS-000178,kerubo wamuyu,71631699,254 761 265 64,kerubo.wamuyu@outlook.com,1954-11-22,FEMALE,Nakuru,Nakuru Town West,London,"House 292, Likoni Road, Garden Estate",2026-09-17,inactive,3,Student,50000,Education Support,Youth
PLUS-000179,kevin mulandi,79509204,254 103 427 42,kevin.mulandi@outlook.com,2000-02-04,MALE,Mombasa,Likoni,Bofu,"Plot 465, Lane 15, Thika Superhighway",04-11-2023,pending,6,Unemployed,10500,Medical Cover,Orphan
PLUS-000180,chebet odhiambo deborah,89627368,254 772 549 97,odhiambo.chebet@gmail.com,1968-10-25,MALE,Nairobi,DagorettiSouth,Riruta,"House 234, Karen Road, Juja",2023-11-14,inactive,2,Self-Employed,48000,Food Support,Vulnerable
PLUS-000181,mwangi kerubo,70 081 394,254 115 633 95,kerubo.mwangi@gmail.com,1965-12-18,FEMALE,Nairobi,Westlands,Kangemi,"Plot 449, Lane 1, Ngong Road",15-Jul-2023,inactive,4,Self-Employed,16000,Business Grant,Elderly
PLUS-000182,wachira ntegwa,35 849 313,254 761 463 70,wachira.ndegwa@gmail.com,1988-08-03,FEMALE,Kiambu,Lari,Kijabe,"Plot 274, Lane 13, Lavington",19/04/2026,pending,2,Unemployed,23500,Cash Transfer,Widow
PLUS-000183,wanjiru mbaka juma,60267929,254 767 300 11,wanjiru.juma@gmail.com,1978-05-07,FEMALE,Kiambu,Kabete,Kabete,"Plot 235, Lane 12, Ngong Road",31-Oct-2023,active,4,Employed,9500,Medical Cover,Elderly
PLUS-000184,auma masinde,61378412,254 764 488 13,auma.masinde@hotmail.com,1997-03-15,MALE,Nairobi,DagorettiNorth,Kileleshwa,"Plot 56, Lane 14, Ruaraka",14-May-2025,pending,4,Employed,61000,Business Grant,Youth
PLUS-000185,kipkemoi omra,38186515,254 108 808 72,kipkemoi.omar@yahoo.com,1983-12-15,MALE,Bungoma,Kimilili,Kibingei,"House 231, Thika Road, Kenyatta",2023-08-21,active,3,Unemployed,47000,Cash Transfer,Elderly
PLUS-000186,musyoka nduku,63287172,254 732 802 56,musyoka.nduku@hotmail.com,1980-05-17,FEMALE,Mombasa,Kisauni,Bamburi,"House 456, Kiambu Road Drive, Ngong Road",12-08-2023,active,3,Unemployed,18500,Food Support,Widow
PLUS-000187,daniel onditi gacheru,18 537 725,254 799 641 17,daniel.gacheru@gmail.com,1965-02-19,FEMALE,Bomet,Chepalungu,Kongasis,"Plot 232, Lane 12, Lenana",23-Feb-2023,pending,2,Unknown,34000,Cash Transfer,Vulnerable
PLUS-000188,awuor onditi tsuma,60890181,254 737 325 35,awuor74@yahoo.com,1990-12-14,Female,Meru,Igembe Central,Kiegoi,"PLOT 129, LANE 19, LIKONI",12-Jan-2023,INACTIVE,4,Retired,32500,Cash Transfer,Widow
PLUS-000189,zechariah sigei,18158813,254 706 389 86,zechariah.sigei@gmail.com,1988-02-05,FEMALE,Machakos,Kangundo,Kangundo Central,"Plot 144, Lane 4, Ruaraka",19-Feb-2025,inactive,3,Unemployed,22000,Education Support,Vulnerable
PLUS-000190,flora nziuka,47628190,254 744 322 47,flora.nzioka@gmail.com,1973-01-21,MALE,Nakuru,Kuresoi South,Amalo,"Plot 239, Lane 13, Thika Superhighway",10/12/2025,pending,2,Retired,69000,Food Support,Widow
PLUS-000191,awuor chebet ndegwa,55562227 ,076 807 053,awuor.ndegwa@yahoo.com,1967-10-24,FEMALE,Kakamega,Shinyalu,Isukha West,"Plot 223, Lane 19, Mombasa Road",08-12-2025,pending,2,Unemployed,8000,Medical Cover,PWD
PLUS-000192,kemunto kenei,57560131,254 711 217 59,kemunto.kenei@yahoo.com,1992-12-07,MALE,Kilifi,Malindi,Malindi Town,"House 267, River Road Avenue, River Road",20250705,Unknown,4,Employed,74000,Medical Cover,Elderly
PLUS-000193,veronica margaret kamau,32280888,254 776 344 27,veronica.kamau@outlook.com,1998-12-17,FEMALE,Meru,Central Imenti,Mwangathia,"House 109, Ngong Road Drive, Ruaraka",08-11-2023,active,4,Retired,18000,Cash Transfer,Vulnerable
PLUS-000194,jonah nduku koech,53558017,Not Provided,jonah.koech@gmail.com,1950-06-06,MALE,Kakamega,Lugari,Chekalini,Not Provided,27-09-2025,active,4,Student,8000,Education Support,PWD
PLUS-000195,gitobu katua,52459428,073 462 912,gitobu.katua@hotmail.com,1984-04-12,FEMALE,MERU,IGEMBE CENTRAL,KIEGOI,"Plot 107, Lane 20, Tom Mboya",14-Feb-2025,inactive,4,Employed,200000,Cash Transfer,PWD
PLUS-000196,muthoka wamalwa,90824141,254 739 607 77,,1988-02-22,MALE,Bomet,Konoin,,"Plot 325, Lane 14, Thika Superhighway",28/04/2024,pending,4,Self-Employed,51500,Cash Transfer,Elderly
PLUS-000197,anyango chepkoech barasa,74318409,254 774 305 75,anyango.barasa@gmail.com,1957-10-26,MALE,Kisumu,Kisumu West,West Kisumu,"House 117, Uhuru Street, Athi River",27-09-2026,pending,3,Employed,38500,Cash Transfer,PWD
PLUS-000198,wangeci oduya nanjala,73841911,254 784 080 14,wangeci.nanjala@gmail.com,1992-04-25,MALE,Kiambu,Limuru,Limuru Central,"House 113, Kenyatta Drive, Thika Superhighway",20240328,active,1,Self-Employed,15000,Medical Cover,Vulnerable
PLUS-000199,wambui musila,99543733,254 745 845 69,wambui.musila@gmail.com,1983-10-25,MALE,Kisumu,Kisumu Central,Shauri Moyo,"House 29, Juja Street, Kangundo",Unknown,active,Unknown,Unemployed,31500,Education Support,Vulnerable
PLUS-000200,nicholas jeremiah kamau,18815479,254 105 362 45,nicholas.kamau@gmail.com,1993-05-18,MALE,Kisumu,Nyando,Kobura,"Plot 337, Lane 17, Kilimani",21/02/2026,active,5,Unemployed,10000,Education Support,PWD
PLUS-000201,jepchumba mwikali,49585077,254 734 128 65,jepchumba.mwikali@hotmail.com,1995-04-16,MALE,Nairobi,Dagoretti North,Gatina,"House 23, Ngong Avenue, Ruiru",28 Jan 2025,pending,2,Self-Employed,56500,Food Support,PWD
PLUS-000202,faith oduya ongeri,79886887,254 116 045 89,faith.ongeri@gmail.com,1982-02-02,FEMALE,Nairobi,Lang'ata,Nyayo Highrise,"Plot 74, Lane 14, Waiyaki",05/02/2024,pending,7,Employed,131000,Education Support,PWD
PLUS-000203,david kilonzo,83206688,254 753 589 07,david.kilonzo@gmail.com,1985-11-19,FEMALE,Bungoma,Kabuchai,Bwake/Luuya,"House 205, Limuru Road, Tom Mboya",2026-03-24,inactive,2,Student,78500,Education Support,Widow
PLUS-000204,patrick senteu otieno,14305217,254 114 064 00,patrickotieno@hotmail.com,28-04-1962,F,Kakamega,Mumias West,Mutema,House 421 Lavington Street Garden Estate,19-May-2023,Active,6,Unemployed,12500,Medical Cover,Youth
PLUS-000205,kipchirchir nabea namukhula,45488502,254 719 744 89,kipchirchir.namukhula@outlook.com,1989-07-02,FEMALE,Kisumu,Seme,West Seme,"Plot 306, Lane 1, Outering",18-Jul-26,pending,7,Student,44500,Business Grant,Youth
PLUS-000206,rose wadada,82978165,254 712 003 67,rose.wadada@gmail.com,1984-05-19,FEMALE,Kiambu,Ruiru,Kahawa Wendani,"Plot 158, Lane 16, Kiambu Road",06/19/2026,pending,7,Retired,66000,Cash Transfer,Youth
PLUS-000207,nyambura ochieng,20324372,254 787 966 78,nyambura.ochieng@gmail.com,Not Provided,FEMALE,Kiambu,Kikuyu,Nachu,,25 Oct 2023,,5,Retired,31000,Education Support,PWD
PLUS-000208,kimeu omar,78238599,254 733 873 28,kimeu.omar@gmail.com,1995-09-13,MALE,Kiambu,Ruiru,Gatong'ora,"Plot 312, Lane 8, Tom Mboya",02/02/2023,inactive,5,Unemployed,37500,Medical Cover,Elderly
PLUS-000209,gichuru mwamburi,67327320,254 722 197 29,gichuru.mwamburi@hotmail.com,1995-08-09,MALE,Unknown,Kanduyi,West Sang'alo,"Plot 215, Lane 3, Parklands",2026-03-08,Not Provided,3,Employed,84000,Medical Cover,PWD
PLUS-000210,jebiwott kemei,46799123,254 743 325 59,jebiwott.kemei@gmail.com,2003-08-18,FEMALE,Bungoma,Webuye East,Ndivisi,"House 347, Kangundo Street, Kenyatta",16 Feb 2023,inactive,5,Self-Employed,11500,Education Support,Vulnerable
PLUS-000211,kimeu ongeri,77953970,254 735 677 97,kimeu.ongeri@hotmail.com,1998-02-24,MALE,Nyeri,Mathira,Konyu,"Plot 75, Lane 1, Parklands",02/04/2026,active,6,Self-Employed,200000,Cash Transfer,Vulnerable
PLUS-000212,wanjiru kmaotho,22740257,254 764 649 64,wanjiru.kamotho@gmail.com,1998-01-13,MALE,Meru,IgembeCentral,Antubochiu,"House 234, Argwings Kodhek Road, Lavington",06-Feb-2026,pending,7,Employed,70500,Education Support,Youth
PLUS-000213,jacqueline munyao,50253181,254 724 668 82,jacqueline.munyao@outlook.com,1954-10-11,FEMALE,Kiambu,Kiambu,Ndumberi,"House 441, Kitisuru Avenue, Likoni",2026-08-14,pending,6,Unemployed,26500,Cash Transfer,Widow
PLUS-000214,muriuki achieng owuor,84711718,+25473857131,muriuki.owuor@outlook.com,1964-07-02,MALE,Meru,Tigania West,Kianjai,"House 480, River Road Road, Ngong",03/10/2025,active,5,Retired,34500,Education Support,Elderly
PLUS-000215,mutua harun kipkoech,40676127,254 708 723 21,mutua.kipkoech@gmail.com,,FEMALE,Nakuru,Kuresoi South,Keringet,"Plot 68, Lane 16, Kitisuru",2024-01-15,inactive,Not Provided,Self-Employed,9500,Food Support,Vulnerable
PLUS-000216,nanjala musalia,68152649,254 799 233 90,nanjala.musalia@hotmail.com,1988-01-14,FEMALE,Mombasa,Mvita,Mji wa Kale,"Plot 404, Lane 19, Ngong Road",28-09-2023,pending,2,Employed,19500,Business Grant,Vulnerable
PLUS-000217,martha cheruiyot,45545064,254 795 501 62,martha.cheruiyot@gmail.com,1977-02-15,FEMALE,Kilifi,Magarini,Gongoni,"Plot 73, Lane 12, Tom Mboya",2024-07-28,inactive,5,Unemployed,79500,Business Grant,Orphan
PLUS-000218,thomas chbet,17266411,254 117 163 09,thomas.chebet@hotmail.com,2006-01-09,MALE,Nairobi,Kasarani,Kamulu,"Plot 202, Lane 3, Ngong Road",15-Jun-24,active,4,Retired,43500,Cash Transfer,Widow
PLUS-000219,moraa okello gichuki,14708370,254 758 309 08,moraa.gichuki@gmail.com,1968-11-16,MALE,Bomet,Konoin,Boito,"House 261, Thika Road, Limuru",25-Jul-26,active,3,Employed,55000,Food Support,Widow
PLUS-000220,isaiah wamalwa,87112395,254 759 713 15,isaiah.wamalwa@yahoo.com,1977-06-21,MALE,Kiambu,Limuru,Ndeiya,"House 308, Argwings Kodhek Drive, Ngong Road",2024-01-11,active,4,Self-Employed,24500,Education Support,Orphan
PLUS-000221,anyango kipkoech mulwa,83018930,254 102 374 22,anyango.mulwa@gmail.com,1974-10-01,MALE,Turkana,Loima,Lokiriama/Lorengippi,"Plot 90, Lane 3, Thika Superhighway",09/02/2025,active,4,Self-Employed,59000,Food Support,Elderly
PLUS-000222,mutisya kiprotich,30513743,254 726 502 63,mutisya.kiprotich@hotmail.com,2005-06-15,FEMALE,Kilifi,Magarini,Marafa,"Plot 122, Lane 14, Limuru",20251218,Not Provided,,Not Provided,41500,Education Support,Widow
PLUS-000223,owuor awitri,84379601,254 746 099 02,owuor.awiti@yahoo.com,1996-03-16,MALE,Kiambu,Lari,Kijabe,"House 428, Mugumo Street, Kilimani",2023-01-23,active,3,Student,Unknown,Food Support,Orphan
PLUS-000224,grace kasina chepngeno,95347156,254 787 878 92,grace@gmail.com,1991-09-21,F,Kakamega,Mumias East,Lusheya/Lubinu,House169KilimaniStreetUhuru,03/27/2026,Pending,3,Self-Employed,21000,Education Support,PWD
PLUS-000225,mercy odhiambo,50833796,254 727 607 85,mercy.odhiambo@gmail.com,1958-08-26,FEMALE,Meru,Igembe South,Nkondi,"House 10, Ruaraka Drive, Jogoo",15-Aug-2023,pending,1,Retired,34500,Cash Transfer,Orphan
PLUS-000226,faith beatrice baya,63709252,254 117 423 49,f.baya@outlook.com,Not Provided,male,Nyeri,Tetu,Dedan Kimathi,"PLOT 311, LANE 5, MOMBASA ROAD",,,2,Employed,53500,Education Support,Youth
PLUS-000227,wafula muumo,77177290,254 111 396 60,wafula.mumo@gmail.com,1993-09-12,MALE,Bungoma,Sirisia,Namwela,"House 207, Outering Road, Uhuru",2025-10-19,inactive,4,Unemployed,27500,Education Support,Elderly
PLUS-000228,kaimenyi kenga,52112003,254 769 336 68,kaimenyi.kenga@gmail.com,1981-02-07,MALE,Bungoma,Webuye West,Matulo,"Plot 127, Lane 19, River Road",2023-12-27,active,3,Unemployed,44000,Food Support,Youth
PLUS-000229,mogaka athman,75515175,254 793 221 74,mogaka.athman@hotmail.com,1989-01-17,MALE,Uasin Gishu,Moiben,Kimumu,"House 180, Lavington Avenue, Tom Mboya",30-09-2026,active,10,Unemployed,15000,Cash Transfer,Widow
PLUS-000230,mutinda njuguna,63415303,254 784 004 04,mutinda.njuguna@yahoo.com,1978-12-13,FEMALE,Nairobi,Kibra,Sarang'ombe,"Plot 43, Lane 17, Jogoo",03-Dec-2026,inactive,2,Self-Employed,12500,Cash Transfer,Elderly
PLUS-000231,flora musila,41071321,254 758 633 34,flora82@outlook.com,1993-01-19,MALE,Kiambu,Kiambu,Ting'ang'a,"Plot 78, Lane 19, Westlands",2024-08-09,active,6,Student,25000,Education Support,Orphan
PLUS-000232,priscilla judith mokua,12770043,254 116 543 10,priscilla.mokua@gmail.com,,FEMALE,Unknown,Kathiani,Mitaboni,"Plot 360, Lane 16, River Road",2024-08-08,inactive,,Employed,36500,Business Grant,Vulnerable
PLUS-000233,nyambura ndunda,24272571,254 788 718 89,nyambura.ndunda@outlook.com,1955-03-16,MALE,Bungoma,Kimilili,Kimilili,"Plot 246, Lane 2, Ngong Road",2024-07-19,pending,2,Retired,8500,Education Support,Elderly
PLUS-000234,erick roitich,60850210,254 111 464 10,erick.rotich@yahoo.com,2001-05-11,FEMALE,Meru,South Imenti,Abogeta West,"House 29, Parklands Avenue, Thika",06-03-2023,pending,3,Self-Employed,31000,Education Support,Elderly
PLUS-000235,nabwire murioki,53771746,254 713 380 25,nabwire.muriuki@outlook.com,2004-05-02,MALE,Uasin Gishu,Soy,Kapkures,"Plot 411, Lane 8, Tom Mboya",2026-08-13,pending,5,Unemployed,38500,Food Support,Elderly
PLUS-000236,jane mulandi,40540451,254 117 600 60,jane.mulandi@outlook.com,2002-04-04,MALE,Not Provided,Igembe North,Ntunene,"Plot 18, Lane 3, Ngong Road",10-04-2025,pending,10,Employed,200000,Medical Cover,Vulnerable
PLUS-000237,kaimenyi akinyi kipkoech,68353816,0754.157.10,kaimenyi.kipkoech@outlook.com,1989-03-20,MALE,Nairobi,Westlands,Mountain View,"House 38, Uhuru Road, River Road",2023-01-01,pending,2,Employed,20000,Business Grant,Vulnerable
PLUS-000238,awiti mogaka,83676377,254 745 986 47,awiti.mogaka@outlook.com,1999-03-17,FEMALE,Machakos,Mavoko,Athi River,"Plot 192, Lane 3, Westlands",09 Aug 2025,pending,4,Unemployed,39000,Cash Transfer,Vulnerable
PLUS-000239,kaloki neesa,46419627,254 749 300 04,kaloki.nekesa@hotmail.com,2003-07-03,MALE,Nyeri,Mukurweini,Rugi,"House 27, Thika Drive, Thika",03-02-2024,active,4,Unemployed,7000,Business Grant,Vulnerable
PLUS-000240,agnes khaemba nganga,62025032,254 734 649 69,agnes.nganga@gmail.com,02-Jul-95,Male,Nairobi,Lang'ata,South C,"Plot 331, Lane 6, River Road",12-Apr-2026,Inactive,2,Employed,45000,Education Support,Youth
PLUS-000241,oduya edward kamau,96974887,0786-656-43,oduya.kamau@gmail.com,1996-04-17,FEMALE,Nyeri,Nyeri Town,Kamakwa/Mukaro,"Plot 171, Lane 19, Tom Mboya",2026-01-21,pending,3,Self-Employed,9500,Food Support,Vulnerable
PLUS-000242,mumo kagwe,3697-1737,254 747 946 50,mumo.kagwe@gmail.com,Unknown,MALE,Unknown,Ikolomani,Idakho Central,"House 478, Tom Mboya Street, Kiambu Road",2026-07-08,Unknown,4,Student,65000,Cash Transfer,Orphan
PLUS-000243,thomas kiprop,87420166,254 768 650 40,thomas.kiprop@gmail.com,1979-01-14,MALE,Kiambu,Unknown,Limuru East,"House 396, Argwings Kodhek Street, Kitisuru",2026-07-19,pending,2,Retired,55000,Business Grant,Youth
PLUS-000244,martin gakii mburu,60671655,254 709 509 46,martin.mburu@yahoo.com,1998-04-03,MALE,Kiambu,Ruiru,Gatong'ora,"Plot 98, Lane 5, Parklands",20230822,inactive,3,Retired,15500,Food Support,PWD
PLUS-000245,patrickwafula,79325387,254 768 002 65,patrick.wafula@outlook.com,1997-08-27,FEMALE,Nairobi,Lang'ata,Mugumu-ini,"House 465, Outering Avenue, Kenyatta",29/07/2026,pending,4,Unknown,Not Provided,Business Grant,Youth
PLUS-000246,jeremiah mutai,97024584,254 716 471 67,jeremiah.mutai@outlook.com,1990-03-13,MALE,NAIROBI,KASARANI,MWIKI,"Plot 134, Lane 10, Kiambu",07-03-2024,active,3,Self-Employed,23000,Business Grant,PWD
PLUS-000247,k. osebe,48468887,Unknown,kinya.osebe@gmail.com,2002-04-25,MALE,Kisumu,Kisumu Central,Nyalenda 'B',"Plot 443, Lane 18, Garden Estate",04-Aug-2026,inactive,5,Unknown,82000,Medical Cover,Widow
PLUS-000248,cecilia wanyoike,61944504,254 709 980 48,cecilia.wanyoike@gmail.com,1987-08-20,MALE,Bungoma,Webuye East,Maraka,"House 212, Waiyaki Road, Kangundo",01-17-2023,inactive,2,Unemployed,31500,Education Support,PWD
PLUS-000249,kamau njoroge atieno,38-410-379,254 106 983 90,kamau.atieno@gmail.com,1964-05-05,FEMALE,Nakuru,Kuresoi South,Keringet,"Plot 397, Lane 18, Moi Avenue",23/03/2026,pending,4,Self-Employed,24000,Medical Cover,Youth
PLUS-000250,nabea mwangi,Not Provided,254 779 351 11,nabea.mwangi@gmail.com,1988-08-11,MALE,Nakuru,Nakuru Town East,Biashara,"House 139, Kiambu Drive, Parklands",20240822,inactive,6,Self-Employed,168500,Food Support,Elderly
PLUS-000251,syombua ogero,10341866,254 714 047 44,s.o@gmail.com,1968-04-28,MALE,Kisumu,Kisumu East,Nyalenda 'A',"Plot 443, Lane 10, Kangundo",09-Jan-2026,pending,2,Self-Employed,83500,Food Support,Vulnerable
PLUS-000252,mark njeri mcharo,19999329,254 747 940 27,mark.mcharo@yahoo.com,1989-01-04,FEMALE,Nairobi,Lang'ata,Nairobi West,"Plot 467, Lane 7, Karen",2025-12-15,pending,9,Student,200000,Education Support,Orphan
PLUS-000253,victor kinyua,16531664,254 114 957 27,victor.kinyua@outlook.com,1963-04-07,FEMALE,Nairobi,Lang'ata,Karen,"Plot 421, Lane 3, Ngong Road",2025-06-26,inactive,2,Retired,11500,Food Support,Widow
PLUS-000254,wanjiru mutua,10852813,254 799 684 54,wanjiru.mutua@gmail.com,2004-03-09,FEMALE,Nyeri,Mukurweini,Mukurwe-ini West,"House 335, Kasarani Avenue, Athi River",28-Dec-2026,inactive,4,Self-Employed,32000,Business Grant,PWD
PLUS-000255,kamau nnjala,92761466,254 119 965 36,kamau.nanjala@gmail.com,1972-07-17,MALE,Kiambu,Kabete,Nyathuna,"House 451, Kitisuru Road, Lavington",14-Aug-2025,active,12,Employed,200000,Medical Cover,PWD
PLUS-000256,mueni mbaka,30947020,254 715 506 51,mueni.mbaka@outlook.com,2001-12-08,FEMALE,NAKURU,BAHATI,BAHATI,"Plot 235, Lane 8, Lenana",29-07-2024,pending,3,Retired,14000,Business Grant,Orphan
PLUS-000257,isaac kasina,51101764,254 746 672 34,isaac.kasina@gmail.com,1974-05-07,MALE,Machakos,Machakos Town,Kalama,"Plot 411, Lane 12, River Road",22-08-2023,active,2,Student,81500,Cash Transfer,Orphan
PLUS-000258,james kamau,77350535,254 752 717 74,james.kamau@yahoo.com,1983-01-08,FEMALE,Bungoma County,Kanduyi,West Sang'alo,"House 26, Juja Street, Ruaraka",13/03/2023,inactive,4,Retired,134000,Food Support,PWD
PLUS-000259,awuor okoth,14053301,254 777 710 77,okoth.awuor@outlook.com,1960-10-16,FEMALE,Kisumu,Muhoroni,Muhoroni/Koru,"Plot 480, Lane 5, Thika",24-12-2023,active,2,Employed,34000,Food Support,Youth
PLUS-000260,ongeri mohamed,36970791,254 766 536 55,ongeri.mohamed@hotmail.com,1959-03-22,MALE,Kiambu,Kabete,Kabete,"House 72, Kiambu Road Drive, Ruaraka",09 Jul 2023,pending,3,Retired,42500,Business Grant,Youth
PLUS-000261,muthoni gikonyo,37402375,254 757 575 94,muthoni.gikonyo@outlook.com,1989-07-05,MALE,Machakos,,Matungulu North,Not Provided,30/01/2026,pending,1,Student,109500,Cash Transfer,Orphan
PLUS-000262,nasimiyu mitei,31168076,254 116 918 05,nasimiyu.mitei@outlook.com,1962-01-07,FEMALE,Kakamega,Khwisero,Kisa North,"House 79, Tom Mboya Avenue, Langata",2024-10-28,active,3,Employed,20000,Business Grant,Orphan
PLUS-000263,martin onegeri,67735664,,martin.ongeri@outlook.com,1974-12-14,FEMALE,Kisumu,Kisumu East,Unknown,"House 75, Garden Estate Avenue, Lenana",01-11-2024,Unknown,8,Employed,40500,Education Support,Widow
PLUS-000264,gitobu isaiah gitonga,45668202,254 715 119 80,gitobu@gmail.com,08-07-1959,FEMALE,Nairobi,Dagoretti South,Riruta,Plot 247 Lane 4 Juja,24/06/2025,Pending,2,Unemployed,112000,Cash Transfer,PWD
PLUS-000265,moraa ongaya,42304973,254 709 085 97,moraa.ongaya@yahoo.com,2002-06-25,FEMALE,Kakamega,Butere,Marama Central,"Plot 63, Lane 2, Garden Estate",2023-04-14,pending,3,Employed,48500,Food Support,Orphan
PLUS-000266,agnes salim,15932500,254 749 987 36,agnes.salim@outlook.com,2006-08-21,FEMALE,Nyeri,Othaya,Iria-ini,"House 10, Argwings Kodhek Road, Parklands",22/05/2023,inactive,3,Retired,20500,Cash Transfer,Orphan
PLUS-000267,amos mwirigi karanja,84003335,254 114 465 14,amos.karanja@gmail.com,1951-07-19,FEMALE,Meru,Igembe North,Antubetwe Kiongo,"House 457, Lavington Drive, Ngong Road",20240622,pending,5,Retired,20000,Business Grant,Vulnerable
PLUS-000268,wambui beatrice maingi,61617675,254 736 785 48,wambui.maingi@yahoo.com,1953-12-12,MALE,Kisumu,Muhoroni,Muhoroni/Koru,"Plot 410, Lane 13, Thika Superhighway",2025-02-07,inactive,3,Student,23000,Business Grant,Vulnerable
PLUS-000269,wanyonyi haggai jebet,11083382,254 107 607 72,wanyonyi.jebet@gmail.com,1966-01-03,FEMALE,Turkana,Loima,Loima,"Plot 95, Lane 14, Kiambu",02-Dec-2024,pending,5,Student,15000,Food Support,Youth
PLUS-000270,agnes kathure wabomba,18178128,254 763 873 66,agnes.wabomba@yahoo.com,1970-08-14,MALE,Kisumu,Seme,West Seme,"Plot 373, Lane 17, Kiambu",07/09/2023,inactive,3,Retired,73000,Education Support,Widow
PLUS-000271,jebiwott adhiambo mutisya,,+25472586097,jebiwott.mutisya@outlook.com,1989-02-06,FEMALE,Bungoma,Kabuchai,Mukuyuni,"Plot 231, Lane 15, Kiambu Road",20-Oct-2023,pending,3,Employed,81500,Education Support,Youth
PLUS-000272,simon nabea kenga,29886386,254 101 776 27,simon.kenga@gmail.com,1952-01-15,MALE,Machakos,,Tala,"Plot 340, Lane 10, Uhuru",2024-11-15,active,5,Student,16500,Cash Transfer,Youth
PLUS-000273,rebecca omar,78683307,254 718 944 96,rebecca.omar@gmail.com,1971-08-16,FEMALE,Trans Nzoia,Endebess,Matumbei,"Plot 393, Lane 1, Athi River",,Unknown,2,Retired,5000,Food Support,Widow
PLUS-000274,nanjala teresa ndunda,86149917,254 798 310 72,nanjala.ndunda@outlook.com,1989-11-12,MALE,Meru,Tigania West,Akithi,"House 230, Argwings Kodhek Avenue, Kileleshwa",07/02/2026,inactive,5,Retired,37000,Medical Cover,Orphan
PLUS-000275,kinyua koech,74492536,254 769 033 57,kinyua.koech@yahoo.com,1982-07-03,MALE,Kisumu,Kisumu Central,Market Milimani,"Plot 376, Lane 9, Kiambu Road",2023-01-07,active,3,Student,10000,Education Support,Elderly
PLUS-000276,agnes kamau,94856640,254 112 007 17,agnes.kamau@gmail.com,1984-11-04,FEMALE,Kilifi,Rabai,Rabai/Kisurutini,"House 390, Limuru Road, Limuru",16/10/2023,pending,5,Retired,64500,Education Support,Elderly
PLUS-000277,"jepkoech, priscilla kipsang",37762436,0719-515-47,priscilla.jepkoech@yahoo.com,1955-02-21,FEMALE,Kakamega,Butere,Marama North,"House 191, Kasarani Drive, Langata",2023-08-09,active,4,Student,85000,Food Support,Elderly
PLUS-000278,elizabeth momanyi,93620256,254 732 828 29,elizabeth.momanyi@hotmail.com,Unknown,FEMALE,Bomet,Sotik,Ndanai/Abosi,"House 330, Ngong Road Avenue, Ruiru",05/11/2024,inactive,Unknown,Unemployed,27500,Medical Cover,Youth
PLUS-000279,daniel kinya mutua,38434784,254 775 841 37,daniel.mutua@gmail.com,1993-10-06,MALE,Meru,Tigania East,Muthara,"Plot 164, Lane 5, Ngong",2025-07-07,pending,4,Student,26500,Cash Transfer,PWD
PLUS-000280,adhiambo barnabas kinya,58537393,254 111 691 61,adhiambo.kinya@gmail.com,1975-09-04,FEMALE,Not Provided,Kasarani,Kamulu,"Plot 75, Lane 6, Lenana",01-03-2025,active,,Retired,16500,Cash Transfer,PWD
PLUS-000281,nahum mulandi,67 601 447,254 792 087 22,nahum.mulandi@gmail.com,1991-04-26,MALE,Kilifi,Kilifi North,Kibarani,"Plot 444, Lane 13, Kiambu Road",30-08-2025,inactive,2,Student,79500,Medical Cover,Orphan
PLUS-000282,achieng kipsangmusyoka,76977281,254 751 032 87,achieng.kipsang@outlook.com,1976-11-14,MALE,Kiambu,Lari,Kijabe,"Plot 7, Lane 17, Ngong Road",2024-02-22,pending,7,Self-Employed,21000,Cash Transfer,Widow
PLUS-000283,maina senteu,88536501,254 768 414 27,maina.senteu@outlook.com,2002-07-13,FEMALE,Mombasa,Changamwe,Airport,"House 223, Likoni Road, Likoni",2024-03-05,inactive,9,Self-Employed,23500,Food Support,PWD
PLUS-000284,syombua wangari,65459928,254 799 333 17,syombua@gmail.com,06/05/2005,M,Machakos,Kathiani,Lower Kaewa/Iveti,Plot217Lane3Kilimani,20261012,inactive,4,Unemployed,56000,Cash Transfer,Vulnerable
PLUS-000285,jonathan emily jepkorir,14478997,254 703 919 80,jonathan.jepkorir@gmail.com,1979-07-28,FEMALE,Kisumu,Kisumu East,Nyalenda 'A',"House 104, Kitisuru Road, Kiambu Road",03/21/2024,inactive,5,Student,56000,Medical Cover,Orphan
PLUS-000286,cynthia simon chepkorir,14306243,254 789 370 55,cynthia.chepkorir@gmail.com,1973-06-21,MALE,Nairobi,Westlands,Kitisuru,"Plot 273, Lane 17, Ruiru",20230609,active,1,Student,30500,Food Support,Youth
PLUS-000287,simon timothy rotich,60782359,254 733 757 54,s.r@gmail.com,10/26/1977,female,Machakos,Kathiani,Upper Kaewa/Iveti,"plot 212, lane 3, jogoo",03-06-2026,INACTIVE,5,Self-Employed,17000,Medical Cover,Vulnerable
PLUS-000288,margaret m. gitonga,5857-3820,254 772 156 76,margaret.gitonga@gmail.com,,FEMALE,Trans Nzoia,Kwanza,,"House 139, Kilimani Road, Langata",Unknown,inactive,8,Retired,20000,Medical Cover,Vulnerable
PLUS-000289,ondieki osenko,34996513,254 758 873 91,ondieki.oseko@yahoo.com,1993-04-23,MALE,Mombasa,Mvita,Mji wa Kale,"Plot 355, Lane 5, Kasarani",04-Jun-2026,pending,5,Self-Employed,23000,Food Support,Elderly
PLUS-000290,philemon onyango,58182841,254 717 630 76,philemon.onyango@gmail.com,1983-06-08,MALE,Machakos,Machakos Town,Machakos Central,"House 153, Ngong Road, Kasarani",16/12/2025,pending,5,Student,8000,Food Support,Widow
PLUS-000291,anthony martin wangari,72505408,254 762 835 24,anthony.wangari@hotmail.com,1965-02-25,FEMALE,Nyeri,Nyeri Town,Kiganjo/Mathari,"Plot 1, Lane 13, Ruiru",01/06/2025,inactive,4,Employed,32500,Medical Cover,PWD
PLUS-000292,wachira tsuma,31043077 ,254 107 136 85,wachira.tsuma@gmail.com,1997-06-01,MALE,Kakamega,Mumias East,East Wanga,"House 200, Athi River Avenue, Thika",04/02/2023,active,4,Employed,25500,Business Grant,Orphan
PLUS-000293,jebet nekesa otieno,87034382,254 788 588 64,jebet.otieno@gmail.com,1973-04-08,FEMALE,Kiambu,Lari,Kinale,"House 359, Limuru Drive, Kileleshwa",2023-03-10,inactive,4,Retired,74500,Cash Transfer,Widow
PLUS-000294,rachel mutune,66934872,254 724 258 08,rachel.mutune@outlook.com,1980-09-17,FEMALE,Meru,Buuri,Ruiri/Rwarera,"House 480, River Road Street, Kikuyu",03/03/2025,active,2,Student,64500,Cash Transfer,Youth
PLUS-000295,judith kikorir,86299547,254 704 001 22,judith.kipkorir@gmail.com,1998-09-11,MALE,Nairobi,Lang'ata,Nairobi West,"Plot 255, Lane 17, Ruaraka",14/09/2025,pending,2,Student,48500,Business Grant,Youth
PLUS-000296,gathoni mutwrii,97978959,254 776 497 00,gathoni.mutwiri@gmail.com,1999-04-07,MALE,Kiambu,Kabete,Kabete,"House 92, Ngong Avenue, Kileleshwa",12/24/2024,inactive,5,Employed,124500,Food Support,Widow
PLUS-000297,kipkemboi alli,42854392,254 751 378 75,kipkemboi.ali@gmail.com,1997-04-21,FEMALE,Machakos,Mavoko,Kinanie,"Plot 153, Lane 15, Westlands",12/20/2026,active,2,Employed,38500,Medical Cover,Widow
PLUS-000298,mumo njeri musalia,30847169,254 102 049 88,mumo.musalia@outlook.com,1988-10-10,MALE,Nakuru,Rongai,Solai,"Plot 111, Lane 8, Kikuyu",2024-11-16,pending,4,Retired,17000,Business Grant,Youth
PLUS-000299,dennis mumo,46389263,254 716 520 65,dennis_mumo@yahoo.com,20/03/2001,female,Kiambu,Kikuyu,Kinoo,"house 327, tom mboya road, jogoo",2023-07-02,inactive,1,Unemployed,20000,Business Grant,PWD
PLUS-000300,samuel kaloki omar,89714295,254 753 674 73,samuel.omar@gmail.com,1970-06-10,FEMALE,Nairobi,Westlands,Mountain View,"Plot 335, Lane 16, Ngong",29-09-2024,inactive,5,Unemployed,47500,Medical Cover,Orphan
PLUS-000301,nabwire wafula kihika,32645646,254 714 813 77,nabwire.kihika@hotmail.com,1988-07-04,MALE,Kiambu,Unknown,Limuru East,"House 388, Jogoo Drive, Jogoo",03/12/2023,Not Provided,4,Not Provided,29500,Cash Transfer,PWD
PLUS-000302,gathoni chepkirui,18524087,254 794 564 93,gathoni.chepkirui@outlook.com,1970-05-20,FEMALE,Kisumu,Kisumu Central,Kaloleni,"House 381, Garden Estate Street, Outering",06-Sep-26,inactive,4,Retired,38000,Cash Transfer,Orphan
PLUS-000303,esther mwania,35431755,254 763 077 32,esther.mwania@hotmail.com,1997-07-21,FEMALE,Uasin Gishu,Not Provided,Not Provided,"House 377, Waiyaki Road, Westlands",22/11/2023,pending,6,Unemployed,7500,Food Support,Vulnerable
PLUS-000304,chepkirui mwirigi momanyi,29024449,254 721 051 87,chepkirui.momanyi@gmail.com,1977-12-02,FEMALE,Kakamega,Mumias West,Mutema,"House 222, Langata Avenue, Thika Superhighway",21-May-25,active,6,Retired,38000,Cash Transfer,Elderly
PLUS-000305,muthoka muenyori,50827124,254 774 147 52,muthoka.munyori@gmail.com,1976-06-13,MALE,Turkana,Turkana South,Katilu,"Plot 397, Lane 5, Outering",2023-02-05,active,9,Retired,12000,Cash Transfer,Orphan
PLUS-000306,jane wadada,83508869,254 722 158 28,jane.wadada@gmail.com,1990-05-20,FEMALE,Meru,North Imenti,Kithirune,"House 295, Argwings Kodhek Road, Kenyatta",31-Aug-25,inactive,3,Self-Employed,73000,Business Grant,Widow
PLUS-000307,catherine mworoa,85127595,254 108 287 35,catherine.mworoa@gmail.com,Not Provided,MALE,BOMET,KONOIN,MOGOGOSIEK,Not Provided,23-12-2026,active,5,Retired,62000,Education Support,Widow
PLUS-000308,akinyi isaiah mutai,42835306,+254 719 966 20,akinyi.mutai@yahoo.com,1973-11-26,FEMALE,Mombasa,Changamwe,Chaani,"Plot 343, Lane 18, Ruaraka",11 Jan 2024,pending,5,Self-Employed,39500,Education Support,Youth
PLUS-000309,nasimiyu korir,18579673,254 721 240 52,nasimiyu82@outlook.com,12-05-2001,Male,Machakos,Not Provided,Muthesya,"HOUSE 455, KASARANI AVENUE, THIKA",2026-10-03,ACTIVE,4,Student,25000,Business Grant,Vulnerable
PLUS-000310,moraa habakkuk maingi,86828416,254 737 344 47,moraamaingi@hotmail.com,22-Jul-71,FEMALE,Nakuru,Bahati,Kabatini,"PLOT 225, LANE 9, KENYATTA",04-10-2024,Active,4,Retired,5000,Education Support,Orphan
PLUS-000311,sharon wamalwra,11099317,254 705 801 27,sharon.wamalwa@gmail.com,2005-10-25,MALE,Kiambu,Kiambu,Kihara,"House 469, Juja Street, Langata",10/15/2025,inactive,1,Self-Employed,34000,Medical Cover,Widow
PLUS-000312,kasina owuor kanampiu,70317901,254 721 353 99,kasina.kanampiu@hotmail.com,1987-10-27,FEMALE,Nyeri,Mukurweini,Mukurwe-ini West,"Plot 59, Lane 11, Kitisuru",27-Feb-2024,Unknown,8,Unemployed,39500,Cash Transfer,Vulnerable
PLUS-000313,elizabeth sarah omondi,96791517,254 763 041 89,elizabethomondi@gmail.com,1995-06-01,male,Kiambu,Ruiru,Gatong'ora,,Unknown,ACTIVE,5,Employed,73500,Cash Transfer,PWD
PLUS-000314,nyambane kene,13145430,254 735 836 80,nyambane.kenei@gmail.com,1987-07-17,FEMALE,Kakamega,Khwisero,Kisa East,"House 330, Westlands Street, Tom Mboya",11 Dec 2024,inactive,4,Employed,57000,Education Support,Elderly
PLUS-000315,nanjala margaret nabea,66772359,254 793 413 92,Not Provided,1970-08-21,FEMALE,Nairobi,Lang'ata,Mugumu-ini,Not Provided,26/10/2023,Not Provided,7,Retired,20000,Cash Transfer,Orphan
PLUS-000316,ann koech,47248849,254 745 882 13,ann.koech@gmail.com,1996-04-09,FEMALE,Kiambu,Kiambu,Riabai,"House 342, Athi River Drive, Waiyaki",2026-06-25,active,3,Unemployed,33500,Medical Cover,Youth
PLUS-000317,otieno esther namukhula,31-914-709,254 711 682 64,otieno.namukhula@gmail.com,1998-07-01,FEMALE,Mombasa,Nyali,Mkomani,"Plot 394, Lane 9, Garden Estate",02/08/2024,pending,2,Employed,68500,Business Grant,Elderly
PLUS-000318,barnabas naliaka,7422-0011,254 734 400 65,barnabas.naliaka@gmail.com,1982-04-23,FEMALE,Turkana,Turkana West,Lopur,"Plot 325, Lane 20, Kitisuru",04/01/2026,inactive,4,Unemployed,14500,Education Support,Vulnerable
PLUS-000319,mwangi mwakideu,83691032,254 759 224 80,,,FEMALE,,Kangundo,Kangundo East,"House 110, Ngong Street, Thika",29 Jul 2026,pending,5,Unemployed,69000,Education Support,Youth
PLUS-000320,muthaa namukhula kipkemoi,44-845-000,254 779 481 71,muthaa.kipkemoi@yahoo.com,1999-05-15,MALE,Nairobi,Dagoretti North,Gatina,"Plot 243, Lane 2, Likoni",2024-06-27,active,1,Retired,32500,Medical Cover,Widow
PLUS-000321,kipsang simon nanjala,68361406,254 115 406 12,kipsang.nanjala@gmail.com,2006-07-09,MALE,Nairobi,Lang'ata,Mugumu-ini,"Plot 239, Lane 14, Limuru",13-Nov-2023,inactive,4,Student,81000,Medical Cover,Widow
PLUS-000322,kipchumba masinde,93403051,254 775 286 26,kipchumba.masinde@hotmail.com,1995-05-26,MALE,Uasin Gishu,Ainabkoi,Racecourse,"Plot 297, Lane 7, Limuru",02-10-2026,active,9,Self-Employed,58500,Food Support,Elderly
PLUS-000323,nekesa wamalwa,41891276,254 114 322 85,nekesa.wamalwa@gmail.com,1974-10-26,FEMALE,Nakuru,Subukia,Subukia,"Plot 8, Lane 8, Limuru",2025-04-27,pending,6,Employed,28000,Medical Cover,Youth
PLUS-000324,rimberia kaimenyi kinya,13680680,254 112 496 00,rimberia.kinya@gmail.com,1983-04-02,MALE,Machakos,Mavoko,Kinanie,"Plot 266, Lane 17, Waiyaki",13-Feb-2025,inactive,2,Employed,24000,Food Support,Youth
PLUS-000325,martin zephaniah kasina,11-502-307,254 798 332 03,martin.kasina@yahoo.com,1979-07-27,FEMALE,Nakuru,Bahati,Bahati,"Plot 238, Lane 19, Mugumo",04/11/2025,active,4,Student,19500,Food Support,Orphan
PLUS-000326,kimani wachira mutua,67937221,254 105 846 80,kimani.mutua@gmail.com,1999-11-04,FEMALE,Kiambu,Kiambu,Ndumberi,"House 159, Karen Drive, Kenyatta",16/03/2026,inactive,4,Self-Employed,21500,Food Support,Widow
PLUS-000327,jonah wayoike,25457874,+254 725-171-43,jonah.wanyoike@gmail.com,1989-04-06,MALE,NAIROBI,Kasarani,Kamulu,"House 239, Athi River Street, Likoni",2025-09-09,active,7,Self-Employed,173000,Food Support,Vulnerable
PLUS-000328,naliaka hannah mugo,43296039,0706.339.17,naliaka.mugo@gmail.com,2000-03-09,FEMALE,Kakamega,Ikolomani,Idakho Central,"Plot 335, Lane 15, Garden Estate",20250926,inactive,4,Student,168500,Food Support,Widow
PLUS-000329,silas nasimiyu,18958209,254 118 618 30,silas.nasimiyu@outlook.com,1991-09-04,FEMALE,Turkana,Turkana North,Kaeris,"Plot 210, Lane 9, Kiambu Road",27-Aug-2026,,10,Student,8500,Food Support,Orphan
PLUS-000330,leah kilonzo simiyu,73156467,254 751 146 01,leah.simiyu@yahoo.com,1991-02-15,FEMALE,Nakuru,Bahati,Kiamaina,"Plot 76, Lane 9, Langata",04-01-2024,active,2,Self-Employed,77500,Business Grant,Vulnerable
PLUS-000331,mwania gichuru,69686509,254 762 582 66,mwania.gichuru@hotmail.com,1956-08-06,MALE,Kakamega,Shinyalu,Isukha South,"Plot 368, Lane 17, Kasarani",2023-08-16,inactive,7,Self-Employed,29500,Business Grant,PWD
PLUS-000332,jebiwott nafula koech,20135745,254 789 191 89,jebiwott.koech@yahoo.com,,MALE,Machakos,Yatta,Matuu,"House 418, Ngong Road Road, Ngong",2024-10-08,inactive,,Not Provided,5000,Cash Transfer,Vulnerable
PLUS-000333,anna onsongo,87525372,254 707 754 14,anna.onsongo@gmail.com,02-Sep-99,Male,Nairobi,Lang'ata,South C,House23KangundoStreetKenyatta,2023-06-04,active,4,Retired,42500,Medical Cover,Elderly
PLUS-000334,wambui baya,49514786,254 716 386 25,wambui.baya@gmail.com,1999-06-09,MALE,Kisumu,Nyakach,West Nyakach,"Plot 90, Lane 2, Juja",14 Jan 2024,inactive,3,Unemployed,41500,Education Support,Orphan
PLUS-000335,nashipae kinyua lubanga,31-883-041,254 734 049 94,nashipaelubanga@gmail.com,2002-11-15,F,Bomet,Chepalungu,Chebunyo,"House 258, Lavington Rd, Kileleshwa",02/11/2023,Inactive,7,Student,13500,Business Grant,Elderly
PLUS-000336,mwende kiumtai,68606757,254 722 562 50,mwende.kimutai@yahoo.com,1994-12-26,FEMALE,Kakamega,Mumias East,East Wanga,"Plot 214, Lane 15, Jogoo",2026-07-29,inactive,5,Student,41000,Medical Cover,Youth
PLUS-000337,matthew muttune,58066313,254 764 607 77,matthew.mutune@gmail.com,1969-05-07,MALE,Kilifi,Ganze,Ganze,"House 390, Kilimani Road, Kitisuru",Unknown,pending,5,,20500,Cash Transfer,Orphan
PLUS-000338,joseph mbaka,90524080,Unknown,Not Provided,1961-11-08,FEMALE,Nairobi,Dagoretti South,Riruta,"House 192, Garden Estate Road, Thika Superhighway",2024-08-11,pending,4,Not Provided,32000,Food Support,Orphan
PLUS-000339,christopher matoke,11123267,254 756 691 15,christopher.matoke@yahoo.com,1972-10-14,MALE,Mombasa,Nyali,Kongowea,"Plot 292, Lane 9, Ruaraka",20-Jan-26,active,4,Retired,5000,Medical Cover,Vulnerable
PLUS-000340,mutisya kipngetich,95190598,254 729 251 00,m.k@gmail.com,1965-12-11,Female,Kakamega,Lugari,Manda/Shivanga,"House 99, Kasarani Avenue, Likoni",08/03/2023,inactive,3,Student,13500,Medical Cover,Orphan
PLUS-000341,diana chebet keter,60 556 251,254 724 595 44,diana.keter@yahoo.com,1971-10-16,FEMALE,MOMBASA,KISAUNI,MJAMBERE,"Plot 459, Lane 12, Thika",07-Jul-2026,active,3,Retired,15500,Business Grant,Orphan
PLUS-000342,isaiah ruth keter,64643199,254 711 733 01,isaiah.keter@hotmail.com,1993-03-23,FEMALE,Nairobi,Dagoretti North,Kilimani,"Plot 337, Lane 20, Kitisuru",20240823,pending,6,Self-Employed,34000,Education Support,Youth
PLUS-000343,emily baya,32894591,254 109 077 80,emily.baya@gmail.com,1990-05-23,MALE,Mombasa,Nyali,Frere Town,"House 344, Parklands Avenue, Kikuyu",2025-12-25,active,8,Unemployed,40500,Education Support,Youth
PLUS-000344,flora mbutiha,51570260,254 781 470 33,flora.mbuthia@gmail.com,1999-06-23,FEMALE,Bomet,Sotik,Kapletundo,"House 320, Kasarani Street, Kikuyu",2023-01-17,active,2,Student,83000,Food Support,Widow
PLUS-000345,faith mburou,Not Provided,254 727 405 35,faith.mburu@gmail.com,1980-08-04,MALE,Nyeri,Othaya,Karima,"House 144, Garden Estate Avenue, Kasarani",2024-02-26,inactive,3,Student,31000,Education Support,Widow
PLUS-000346,marete bosibori anyango,69193036,254 113 307 35,marete.anyango@gmail.com,1972-12-01,FEMALE,Bungoma,Not Provided,East Sang'alo,"House 56, Outering Drive, Kasarani",2025-01-04,Not Provided,5,Unknown,39500,Cash Transfer,Widow
PLUS-000347,alice nganga,14665196,+254 775 163 85,alice.nganga@gmail.com,2005-01-17,FEMALE,Kiambu,Lari,Kamburu,"Plot 414, Lane 7, Outering",08/07/2024,pending,3,Unemployed,20500,Business Grant,Elderly
PLUS-000348,esther baya,24131536,254 796 519 45,esther.baya@yahoo.com,2005-08-15,MALE,Mombasa,Changamwe,Changamwe,"Plot 11, Lane 19, Langata",22-May-2023,active,4,Retired,21000,Education Support,Widow
PLUS-000349,onyango githinji,53300586,254 737 154 81,onyango.githinji@outlook.com,1997-10-02,FEMALE,Bungoma,Kimilili,Kamukuywa,"Plot 166, Lane 13, Garden Estate",2025-07-28,inactive,4,Self-Employed,5000,Medical Cover,Orphan
PLUS-000350,jepkoech onyango olela,75817532,254 757 703 61,jepkoech.olela@gmail.com,1990-11-10,FEMALE,Trans Nzoia,Kiminini,Sirende,"House 448, Karen Drive, Kilimani",15-Mar-2023,active,4,Retired,45000,Business Grant,Vulnerable
PLUS-000351,kemunto mukami njoroge,54044033,254 784 151 69,kemunto.njoroge@gmail.com,1970-10-10,MALE,Kisumu,Kisumu Central,Market Milimani,"House 115, Kiambu Street, Garden Estate",04 Aug 2023,pending,3,Student,5500,Business Grant,PWD
PLUS-000352,mogaka mutisya njuguna,14456047,254 767 384 57,mogaka.njuguna@hotmail.com,1960-09-17,FEMALE,Kilifi,Kaloleni,Kayafungo,"Plot 331, Lane 10, Moi Avenue",21-Jul-25,inactive,4,Unemployed,117500,Food Support,PWD
PLUS-000353,joy rweria maina,45152963,254 734 413 90,joy.maina@gmail.com,1989-01-03,FEMALE,Turkana,Turkana North,Kaikor,"Plot 204, Lane 1, Langata",06/11/2025,pending,4,Self-Employed,104500,Medical Cover,Vulnerable
PLUS-000354,patrick kiprotich macharia,88619356,254 747 043 75,patrick.macharia@gmail.com,1975-11-03,FEMALE,Bomet,Konoin,Embomos,"Plot 385, Lane 16, Thika Superhighway",09/04/2024,inactive,Not Provided,Employed,23000,Medical Cover,Orphan
PLUS-000355,robert maina,61696348,254 743 629 21,robert.maina@gmail.com,1993-07-22,MALE,Nairobi,Dagoretti South,Mutuini,"House 43, Kilimani Drive, Outering",15/06/2024,active,2,Student,16000,Food Support,Elderly
PLUS-000356,kiprotich kasina wamalwa,22343983,+25475842479,kiprotich.wamalwa@yahoo.com,1994-08-14,MALE,Mombasa,Nyali,Ziwa la Ng'ombe,"House 102, Kenyatta Avenue, Kikuyu",26-02-2024,inactive,4,Student,125500,Business Grant,Youth
PLUS-000357,joy mwwakideu,77699065,254 714 138 01,joy.mwakideu@yahoo.com,1985-03-06,MALE,Nakuru,Kuresoi North,Kamara,"Plot 263, Lane 19, Karen",11 Jul 2025,active,4,Unemployed,87500,Cash Transfer,Youth
PLUS-000358,elijah gitobu kanampiu,27375659,254 739 165 32,elijah.kanampiu@yahoo.com,1986-05-11,FEMALE,KILIFI,Ganze,Bamba,"Plot 384, Lane 1, Kangundo",07/10/2026,active,7,Self-Employed,27500,Education Support,Youth
PLUS-000359,gakunyi margaret mcharo,46793365,254 797 989 93,gakunyi.mcharo@yahoo.com,1998-07-09,MALE,Nairobi,Dagoretti South,Riruta,"House 302, Ruiru Road, Thika Superhighway",2025-01-03,active,3,Retired,44000,Education Support,PWD
PLUS-000360,wamalwa mwangi,72169894,254 767 459 18,wamalwa.mwangi@yahoo.com,1970-02-10,FEMALE,Uasin Gishu,Soy,Moi's Bridge,"Plot 429, Lane 5, Langata",04-01-2023,pending,2,Student,22000,Education Support,Elderly
PLUS-000361,jane kaimenyii,64730253,254 109 772 34,jane.kaimenyi@hotmail.com,1972-02-06,MALE,Nairobi,Dagoretti North,Kileleshwa,"Plot 327, Lane 17, Likoni",05-09-2025,active,1,Employed,34000,Cash Transfer,Widow
PLUS-000362,maina mwango,63685963,254 738 145 95,maina.mwango@gmail.com,1982-03-19,FEMALE,Nairobi,Dagoretti South,Riruta,"House 36, Mombasa Road Road, Kitisuru",06-Jun-2023,active,3,Student,103500,Medical Cover,Orphan
PLUS-000363,momanyi naliaka,80313876,254 717 453 90,momanyi.naliaka@gmail.com,1993-02-10,MALE,Nakuru,Gilgil,Gilgil,"House 440, Athi River Street, Kiambu Road",11/13/2023,inactive,5,Student,13000,Cash Transfer,Orphan
PLUS-000364,situma kimeu faith,74764506,254 726 119 94,kimeu.situma@outlook.com,,FEMALE,Machakos,Machakos Town,Machakos Central,"Plot 400, Lane 11, Parklands",24-08-2023,active,5,Unemployed,65000,Business Grant,Vulnerable
PLUS-000365,okello achieng khaemba,79211878,254 712 162 49,okello.khaemba@hotmail.com,1970-02-10,FEMALE,Nairobi,Dagoretti South,Mutuini,"House 162, Langata Drive, Limuru",11/05/2024,inactive,5,Retired,5000,Medical Cover,Vulnerable
PLUS-000366,chepngeno kiprop juma,54 422 964,254 708 548 24,chepngeno.juma@outlook.com,1995-04-13,MALE,Meru,Igembe North,Antubetwe Kiongo,"Plot 395, Lane 5, Athi River",10/07/2026,pending,5,Student,24000,Business Grant,Youth
PLUS-000367,peace mokua mitei,41322466,254 726 594 26,peace.mitei@gmail.com,1969-09-08,MALE,Trans Nzoia,Saboti,Kinyoro,"House 433, Westlands Road, Uhuru",2023-05-30,active,6,Self-Employed,12500,Education Support,Elderly
PLUS-000368,okoth ndunda,32493148,254 738 820 19,okoth.ndunda@gmail.com,2005-07-17,FEMALE,Kakamega,Butere,Marama Central,"Plot 280, Lane 14, Kangundo",18-04-2026,inactive,4,Self-Employed,30500,Cash Transfer,Widow
PLUS-000369,caroline mwakideu,84618453,254 116 933 79,caroline.mwakideu@gmail.com,1974-07-21,MALE,Meru,Igembe North,Antuamburi,"Plot 138, Lane 5, Jogoo",03-Jan-24,active,8,Self-Employed,190500,Cash Transfer,Youth
PLUS-000370,edith gacheru,40705520,254 753 202 15,edith.gacheru@gmail.com,1993-08-15,FEMALE,Bungoma County,Sirisia,Lwandanyi,"House 194, Athi River Avenue, Kileleshwa",2025-07-11,active,7,Self-Employed,24000,Medical Cover,Elderly
PLUS-000371,barnabas onsongo,65413506,254 113 597 54,barnabas.onsongo@yahoo.com,1991-08-03,FEMALE,Uasin Gishu,Kapseret,Ngeria,"House 236, Argwings Kodhek Street, Argwings Kodhek",2024-04-29,active,5,Retired,66000,Cash Transfer,PWD
PLUS-000372,beatrice mbaka kenga,15686390,254 118 208 32,beatrice.kenga@gmail.com,1980-05-11,MALE,Trans Nzoia,Endebess,Matumbei,"Plot 416, Lane 15, Kenyatta",10-25-2026,inactive,7,Unemployed,49000,Education Support,Elderly
PLUS-000373,alexander mwakideu,52097153,254 778 468 66,alexander.mwakideu@outlook.com,1976-02-23,FEMALE,Kiambu,Kiambu,Ndumberi,"Plot 469, Lane 8, Kilimani",12-Sep-2024,active,3,Unemployed,40000,Food Support,Youth
PLUS-000374,"kihika, amos",31034531,254 707 635 05,amos.kihika@outlook.com,1990-10-18,FEMALE,Nairobi,Kasarani,Mwiki,"House 124, Argwings Kodhek Avenue, Langata",26-May-2025,active,6,Unemployed,94500,Business Grant,PWD
PLUS-000375,kanana rimberia kiarie,17082790,254 763 433 12,kanana.kiarie@gmail.com,1996-08-07,MALE,Nairobi,Kasarani,Ruai,"House 149, Kileleshwa Road, River Road",04/14/2025,pending,7,Student,79000,Food Support,Vulnerable
PLUS-000376,monica lenguro,40564080,254 719 314 98,,1990-06-13,MALE,Nyeri,Mukurweini,Mukurwe-ini Central,Unknown,21-Oct-2024,Unknown,8,Retired,33500,Business Grant,PWD
PLUS-000377,mogaka robert mohamed,29263249,254 705 413 73,mohamedmogaka@yahoo.com,19/05/1998,Male,Kakamega,Lugari,Chekalini,"PLOT 384, LANE 18, TOM MBOYA",2023-08-11,Inactive,4,Retired,34500,Education Support,Widow
PLUS-000378,agnes njuguna,62027391,254 733 189 64,agnes.njuguna@hotmail.com,2000-10-21,FEMALE,Turkana,Turkana North,Kaeris,"House 281, Kiambu Road, Waiyaki",2023-08-16,inactive,8,Retired,5000,Medical Cover,PWD
PLUS-000379,teresa nudku,70680846,254 716 946 55,teresa.nduku@outlook.com,2001-02-05,FEMALE,Nakuru,Nakuru Town East,Kivumbini,"Plot 410, Lane 4, Kilimani",10-03-2025,inactive,5,Student,68000,Food Support,Widow
PLUS-000380,habakkuk kipngetich wanyonyi,75 343 668,254 118 435 34,habakkuk.wanyonyi@gmail.com,1998-09-22,MALE,Nairobi,Westlands,Mountain View,"Plot 181, Lane 1, Mombasa Road",2024-02-11,pending,6,Self-Employed,35500,Medical Cover,Widow
PLUS-000381,wambugu onsongo kaimenyi,82239027,254 115 424 64,wambugu.kaimenyi@gmail.com,1989-06-07,MALE,Kakamega,Shinyalu,Isukha West,"House 447, Kitisuru Street, Moi Avenue",26-Aug-2025,pending,3,Employed,58500,Medical Cover,Elderly
PLUS-000382,esther kebaso,49320205,254 754 950 44,,1981-07-08,FEMALE,Kiambu,Kikuyu,,"Plot 457, Lane 14, Kasarani",19-11-2024,pending,6,Retired,66500,Food Support,PWD
PLUS-000383,charity edward mwamburi,12421892,254 795 037 03,charity.mwamburi@gmail.com,1973-04-21,MALE,Kiambu,Lari,Kamburu,"Plot 31, Lane 19, Thika",20260420,inactive,4,Self-Employed,37000,Food Support,PWD
PLUS-000384,lydia irene salim,86703472,Not Provided,lydia.salim@gmail.com,1966-03-07,MALE,Kilifi,Kilifi South,,"Plot 350, Lane 5, Parklands",2024-06-09,pending,4,Retired,112500,Education Support,Vulnerable
PLUS-000385,muthaa faith rono,39783273,254 757 206 17,muthaa.rono@gmail.com,Unknown,MALE,Machakos,Yatta,Katangi,"Plot 23, Lane 13, Argwings Kodhek",11/08/2024,inactive,3,Employed,57500,Cash Transfer,Widow
PLUS-000386,kipngetich wafula,38710184,254 767 132 64,kipngetich.wafula@gmail.com,2004-08-07,FEMALE,Mombasa,Changamwe,Miritini,"Plot 322, Lane 14, Mombasa Road",2024-05-02,active,2,Employed,19500,Education Support,PWD
PLUS-000387,caroline namukhula,31800010,254 109 252 97,caroline.namukhula@hotmail.com,1990-01-07,FEMALE,Nairobi,Dagoretti North,Kileleshwa,"House 297, Moi Avenue Street, Tom Mboya",02/08/2025,inactive,1,Retired,47000,Education Support,Orphan
PLUS-000388,khaemba mwikali,83927501,254 739 633 05,,1994-10-16,FEMALE,Meru,Igembe South,Mau/Antuamburi,"Plot 281, Lane 5, Moi Avenue",29-Dec-2024,pending,2,Employed,46000,Food Support,Vulnerable
PLUS-000389,awuor kivuva,18153331,254 765 967 51,awuor.kivuva@gmail.com,1994-04-01,FEMALE,KAKAMEGA,Khwisero,Kisa West,"Plot 48, Lane 4, Kikuyu",08/04/2024,inactive,8,Retired,33000,Education Support,Youth
PLUS-000390,kagwiria naliaka macharia,10209894,254 761 425 27,kagwiria.macharia@hotmail.com,1974-02-24,MALE,Kilifi,Kilifi North,Tezo,"House 65, Lenana Avenue, Kiambu",01-03-2023,active,3,Student,45500,Cash Transfer,Youth
PLUS-000391,muriuki nabwire kihumba,29821491,254 116 295 32,muriuki.kihumba@gmail.com,1990-03-03,FEMALE,Kilifi,Kaloleni,Mariakani,"House 166, Kilimani Road, River Road",07-Apr-26,pending,2,Unemployed,123000,Business Grant,Vulnerable
PLUS-000392,kimeu isaiah rotich,25725946,254 747 063 14,k.r@hotmail.com,1967-04-15,FEMALE,Turkana,Turkana South,Lobokat,"house 243, jogoo drive, lenana",21-08-2025,inactive,7,Retired,15000,Food Support,Widow
PLUS-000393,nasimiyu andrew wanjala,70249712,254 767 614 75,nasimiyu.wanjala@gmail.com,1963-08-23,FEMALE,Nairobi,Dagoretti North,Kilimani,"Plot 304, Lane 15, Mugumo",2026-06-15,pending,7,Unemployed,33000,Education Support,PWD
PLUS-000394,chepkoech kiprono chepkirui,37921512,254 711 482 18,chepkoech.chepkirui@gmail.com,1969-12-21,FEMALE,Trans Nzoia,Kiminini,Sirende,"Plot 145, Lane 2, Garden Estate",24-04-2024,pending,6,Student,15500,Business Grant,Elderly
PLUS-000395,masinde leah kilonzo,57216333,254 734 597 93,m.kilonzo@outlook.com,01-10-1997,MALE,Kiambu,Kabete,Gitaru,"Plot 417, Ln 2, Moi Ave",06/02/2024,Active,3,Self-Employed,79000,Business Grant,Orphan
PLUS-000396,robert odhiambo musalia,33630872,254 727 747 21,robert.musalia@gmail.com,2000-08-27,MALE,Kakamega,Not Provided,Idakho Central,"Plot 55, Lane 2, Ruaraka",14-Nov-2024,active,5,Employed,41000,Medical Cover,Elderly
PLUS-000397,monica muema mwakisha,34 827 279,254 745 224 41,monica@gmail.com,28-Oct-1983,male,Kiambu,Lari,Kamburu,"House 317, Ngong Drive, Thika Superhighway",02-22-2026,Active,1,Unemployed,118000,Medical Cover,Orphan
PLUS-000398,naliaka kinya keter,40299882,254 772 593 46,naliaka.keter@hotmail.com,1954-04-11,MALE,Nyeri,Tetu,Dedan Kimathi,"Plot 304, Lane 5, Kitisuru",2023-10-07,inactive,3,Self-Employed,33500,Cash Transfer,Vulnerable
PLUS-000399,ronald senteu,49075648,254 745 361 62,ronald.senteu@outlook.com,1987-03-24,MALE,Nyeri,Othaya,Karima,"House 420, Mugumo Road, Likoni",24-Dec-2023,pending,3,Unemployed,27500,Education Support,Elderly
PLUS-000400,wanjiku aaron wachira,14484757,254 118 571 08,wanjiku.wachira@gmail.com,1976-12-22,MALE,KIAMBU,Githunguri,Githiga,"House 336, Kitisuru Drive, Lavington",14-01-2023,pending,10,Self-Employed,29000,Business Grant,Vulnerable
PLUS-000401,hannah kipsang,16962045,254 712 696 53,hannah.kipsang@gmail.com,2006-07-24,MALE,Kiambu,Limuru,Limuru Central,"Plot 219, Lane 11, Kilimani",2024-04-02,Not Provided,5,Self-Employed,12500,Cash Transfer,Vulnerable
PLUS-000402,kebaso ndunda,40718118,254 716 994 23,Unknown,1978-06-21,FEMALE,Not Provided,Matungu,Khalaba,"House 450, River Road Drive, Thika Superhighway",12-08-2023,inactive,5,Self-Employed,30000,Education Support,Vulnerable
PLUS-000403,jeremiah gitobu nanjala,85899286,254 763 773 93,jeremiah.nanjala@outlook.com,1986-05-26,FEMALE,Nairobi,Lang'ata,Karen,"Plot 448, Lane 5, Kasarani",2023-11-27,inactive,3,Self-Employed,77500,Education Support,Orphan
PLUS-000404,samuel akynyi,95121229,254 792 110 99,samuel.akinyi@hotmail.com,1993-03-10,FEMALE,Kiambu,Kiambu,Kihara,"Plot 280, Lane 11, Ruaraka",02-20-2023,active,3,Self-Employed,33500,Food Support,Widow
PLUS-000405,caroline ombati,41424136,254 773 266 45,caroline.ombati@hotmail.com,1995-10-26,MALE,Nairobi,Dagoretti South,Waithaka,"Plot 159, Lane 2, Ruaraka",05-28-2023,inactive,2,Employed,46000,Cash Transfer,Widow
PLUS-000406,daniel awiti,90677906,254 739 844 50,daniel.awiti@gmail.com,1982-12-17,MALE,MACHAKOS,MATUNGULU,MATUNGULU NORTH,"House 360, Kikuyu Drive, Mombasa Road",23-Nov-26,pending,4,Retired,26500,Food Support,Widow
PLUS-000407,ronald wambui onsongo,22587924,254 775 743 12,ronald.onsongo@yahoo.com,1990-05-27,MALE,Nakuru,Subukia,Kabazi,"Plot 109, Lane 12, Limuru",2024-06-04,pending,4,Employed,82500,Cash Transfer,Widow
PLUS-000408,faith stephen kipkemboi,99548878,254 717 561 64,faith.kipkemboi@gmail.com,1992-08-09,FEMALE,Trans Nzoia,Kiminini,Sirende,"House 65, Tom Mboya Street, Westlands",03-Oct-2026,pending,4,Employed,57000,Medical Cover,Youth
PLUS-000409,karanja kimani mbaka,56659686,254 717 560 35,kimani.karanja@gmail.com,1993-01-06,FEMALE,KIAMBU,Kikuyu,Sigona,"Plot 23, Lane 4, Ngong",2023-07-14,active,2,Student,76500,Food Support,Widow
PLUS-000410,judith madoke,69444048,254 712 111 06,judith.matoke@yahoo.com,1984-11-25,MALE,Nakuru,Bahati,Kabatini,"Plot 34, Lane 16, Kileleshwa",09/06/2023,inactive,6,Self-Employed,11500,Food Support,Widow
PLUS-000411,auma awino,25610550,254 777 149 98,auma.awino@outlook.com,1961-09-08,FEMALE,Machakos,Kangundo,Kangundo Central,"Plot 176, Lane 8, Mugumo",07-09-2025,inactive,1,Student,37500,Food Support,Widow
PLUS-000412,wangeci mwacideu,72365495,254 787 136 08,wangeci.mwakideu@outlook.com,1962-11-20,FEMALE,Nakuru,Subukia,Subukia,"Plot 306, Lane 11, River Road",13/09/2023,active,6,Self-Employed,25500,Business Grant,Youth
PLUS-000413,amos mbaka kibathi,62900471,254 731 556 13,amos.kibathi@gmail.com,1962-06-17,MALE,Kiambu,Kiambu,Riabai,"House 473, Limuru Street, Kasarani",05/06/2023,inactive,2,Unemployed,28000,Education Support,PWD
PLUS-000414,vincent lydia hassan,10502052,254 751 019 57,vincent.hassan@gmail.com,1998-03-27,FEMALE,Nakuru,Kuresoi North,Nyota,"House 394, Outering Drive, Thika Superhighway",17-06-2023,inactive,3,Retired,52500,Cash Transfer,Elderly
PLUS-000415,mukhwana agnes,34678331,254 762 010 45,a.m@gmail.com,20/10/1968,F,Trans Nzoia,Saboti,Saboti,"Plot 288, Lane 17, Westlands",2023-04-27,inactive,5,Student,31000,Education Support,Vulnerable
PLUS-000416,simon mvania,99716761,254 765 425 84,simon.mwania@gmail.com,2003-07-12,MALE,Nakuru,Nakuru Town West,Barut,"House 1, Langata Avenue, Mombasa Road",23/03/2023,pending,3,Retired,200000,Food Support,Orphan
PLUS-000417,timothy mwakideu,71791460,254 758 292 35,timothy.mwakideu@yahoo.com,1984-11-18,FEMALE,KAKAMEGA,Matungu,Kholera,"House 60, Waiyaki Drive, Ngong",13-Oct-2025,active,5,Employed,12500,Food Support,Vulnerable
PLUS-000418,akinyi barasa,49822568,Unknown,akinyi.barasa@gmail.com,2001-10-05,FEMALE,Kisumu,Kisumu West,West Kisumu,"Plot 320, Lane 5, Waiyaki",20240724,inactive,4,Self-Employed,Unknown,Business Grant,Elderly
PLUS-000419,ongeri nyambane otieno,Unknown,254 104 806 64,ongeri.otieno@hotmail.com,1986-09-24,FEMALE,TRANS NZOIA,SABOTI,TUWANI,"Plot 417, Lane 17, Karen",2025-11-04,active,3,Unemployed,30000,Cash Transfer,Widow
PLUS-000420,ndinda ochieng,94738725,254 759 517 03,ndinda.ochieng@outlook.com,1972-02-27,FEMALE,Bungoma,Kimilili,Kamukuywa,"Plot 220, Lane 20, Kilimani",18-Dec-2023,active,8,Employed,10500,Food Support,Youth
PLUS-000421,mary mark mwakisha,47549647,254 108 173 07,mary.mwakisha@gmail.com,2004-10-25,FEMALE,Kisumu,Kisumu West,North Kisumu,"Plot 397, Lane 1, Thika Superhighway",2026-03-24,active,5,Self-Employed,26500,Medical Cover,Youth
PLUS-000422,judith okoth,35444694,254 743 955 12,judith.okoth@yahoo.com,1975-10-22,MALE,Kisumu,Nyakach,South West Nyakach,"Plot 52, Lane 17, Kiambu",03-08-2025,inactive,1,Self-Employed,10500,Food Support,PWD
PLUS-000423,kimani onsongo njuguna,70875238,254 759 104 53,kimani.njuguna@hotmail.com,1980-12-05,MALE,Nyeri,Nyeri Town,Ruring'u,"Plot 133, Lane 20, Kiambu",2025-08-18,pending,4,Retired,45500,Food Support,Youth
PLUS-000424,"nyambane, kariuki",4730-9803,254 715 589 43,kariuki.nyambane@hotmail.com,1984-06-09,MALE,Kakamega,Shinyalu,Isukha South,"Plot 355, Lane 4, Ruaraka",2026-05-28,pending,4,Employed,64000,Food Support,Elderly
PLUS-000425,kipsang mworoa senteu,84 378 065,254 779 476 13,kipsang.senteu@hotmail.com,1964-09-24,MALE,Not Provided,Lang'ata,Nyayo Highrise,"Plot 208, Lane 7, Ruiru",,pending,5,Retired,Not Provided,Food Support,Elderly
PLUS-000426,aaron mitei,30036175,254 763 386 33,aaron.mitei@gmail.com,1972-09-19,MALE,Bungoma,Kimilili,Kamukuywa,Unknown,2026-02-01,pending,4,Unemployed,76500,Cash Transfer,Orphan
PLUS-000427,jebet mwaura,87881429,254 102 667 13,jebet.mwaura@outlook.com,Unknown,FEMALE,Kisumu,Seme,West Seme,"House 444, Kangundo Avenue, Ngong",2023-10-31,pending,7,Unemployed,Not Provided,Business Grant,PWD
PLUS-000428,isaiah kimeu ondieki,89761155,254 109 840 42,isaiah.ondieki@gmail.com,1974-11-10,MALE,Kakamega,Shinyalu,Isukha Central,"Plot 432, Lane 16, Kiambu",04-Jul-2023,inactive,6,Student,27000,Medical Cover,Vulnerable
PLUS-000429,thomas jepkoech,49761155,072993111,thomas.jepkoech@hotmail.com,1989-08-05,MALE,Kakamega,Mumias West,West Wanga,"Plot 14, Lane 1, Lenana",2024-12-10,active,2,Employed,20000,Education Support,Widow
PLUS-000430,githinji wanjohi,64002855,254 733 245 27,githinji.wanjohi@yahoo.com,1998-06-16,MALE,Mombasa,Likoni,Likoni,"Plot 53, Lane 14, Tom Mboya",06/26/2023,pending,2,Retired,32000,Education Support,Widow
PLUS-000431,ruth wekesa gacheru,97499117,254 794 365 75,ruth.gacheru@outlook.com,1962-06-06,FEMALE,Kakamega,Shinyalu,Isukha South,"Plot 162, Lane 5, Thika",08-Jul-2025,inactive,4,Unemployed,60000,Medical Cover,Orphan
PLUS-000432,matthew mitei,97540265,254 783 339 39,matthew.mitei@hotmail.com,1962-06-13,MALE,Kiambu,Kabete,Nyathuna,"Plot 63, Lane 18, Kitisuru",2023-05-01,active,5,Student,71500,Food Support,Youth
PLUS-000433,okoth leshan,72895019,254 762 454 50,okoth.leshan@gmail.com,1994-12-05,FEMALE,Bomet County,Bomet Central,Ndarawetta,"House 164, Kiambu Road Drive, Mugumo",23/07/2023,pending,1,Student,200000,Food Support,PWD
PLUS-000434,kipchumba agnes omondi,4515-1432,254 782 206 12,kipchumba.omondi@yahoo.com,2001-06-27,FEMALE,Machakos,Yatta,Katangi,"Plot 282, Lane 16, Juja",2025-12-21,active,3,Retired,36500,Cash Transfer,Elderly
PLUS-000435,deborah muriuki,41291228,254 795 617 44,deborah.muriuki@hotmail.com,2000-09-06,FEMALE,Nairobi,Westlands,Kangemi,"Plot 470, Lane 9, Kitisuru",2023-01-13,inactive,4,Employed,37000,Food Support,Widow
PLUS-000436,kathureawuor,61440401,254 724 387 24,kathure.awuor@gmail.com,2000-01-08,MALE,Nairobi,Lang'ata,Mugumu-ini,"Plot 430, Lane 9, Thika Superhighway",11-Jul-2026,active,1,Student,16000,Medical Cover,PWD
PLUS-000437,eunice mwirigi,19711151,254 797 314 75,eunice.mwirigi@hotmail.com,09/04/1980,Female,Mombasa,Mvita,Tononoka,House134WaiyakiRdGardenEstate,11-18-2023,Inactive,6,Retired,42500,Cash Transfer,Elderly
PLUS-000438,mwangi kerubo awuor,48333001,Unknown,mwangi.awuor@hotmail.com,1989-12-03,FEMALE,Nairobi,Westlands,Parklands,"House 13, Kangundo Street, Karen",25-07-2024,inactive,2,,24000,Food Support,Elderly
PLUS-000439,leshan veronica gitonga,15843117,254 725 493 76,leshan.gitonga@hotmail.com,1998-10-24,FEMALE,Machakos,Machakos Town,Kalama,"Plot 86, Lane 8, Garden Estate",25-Feb-2024,active,5,Retired,40500,Medical Cover,Youth
PLUS-000440,okello kasina,18-175-303,254 117 585 76,okello.kasina@hotmail.com,2000-01-10,FEMALE,Meru,Igembe South,Mau/Antuamburi,"Plot 446, Lane 1, Jogoo",2023-10-05,active,5,Unemployed,200000,Education Support,PWD
PLUS-000441,george keetr,78759020,254 749 840 27,george.keter@outlook.com,1981-09-21,MALE,,Ruiru,Kahawa Wendani,"House 364, Argwings Kodhek Street, Thika",25-Apr-2023,inactive,3,Unknown,Not Provided,Business Grant,Vulnerable
PLUS-000442,matthew cheruiyot,24069919,254 726 668 49,matthew.cheruiyot@yahoo.com,2004-01-27,FEMALE,Kisumu,Nyando,Kobura,"House 327, Thika Road, Juja",07/09/2023,inactive,1,Unemployed,71500,Business Grant,Vulnerable
PLUS-000443,kimeu emily njoroge,26195804,254 778 744 59,kimeu.njoroge@gmail.com,1994-06-11,MALE,Trans Nzoia,Cherangany,Sitatunga,"House 85, Parklands Drive, Ruiru",09/01/2025,inactive,2,Self-Employed,10500,Medical Cover,Orphan
PLUS-000444,chepkorir muthuri rotich,32395401,254 703 746 91,chepkorir.rotich@gmail.com,1990-04-03,MALE,Uasin Gishu,Kesses,Tulwet/Chuiyat,"Plot 69, Lane 9, Athi River",10/17/2025,inactive,3,Self-Employed,32000,Medical Cover,PWD
PLUS-000445,robert judy wandera,60968569,254 761 584 83,robert.wandera@gmail.com,2003-06-01,FEMALE,MOMBASA,Nyali,,"Plot 480, Lane 12, Lavington",14-Dec-2024,inactive,Unknown,Unemployed,29000,Medical Cover,Youth
PLUS-000446,aoko chebet,43903002,254 781 136 86,aoko.chebet@yahoo.com,1974-12-10,FEMALE,Kisumu County,Muhoroni,Masogo/Nyang'oma,"Plot 119, Lane 2, Ngong Road",20-11-2026,inactive,3,Unemployed,23500,Medical Cover,Orphan
PLUS-000447,anthony kinyua gikonyo,79630194,254 731 494 19,anthony.gikonyo@hotmail.com,1961-12-16,MALE,Uasin Gishu,Not Provided,Kimumu,"Plot 90, Lane 19, Parklands",Not Provided,active,Not Provided,Retired,100500,Cash Transfer,Orphan
PLUS-000448,kiprop florence maina,31246090,,kiprop.maina@gmail.com,1970-03-24,MALE,Machakos,Unknown,Muthwani,"Plot 293, Lane 14, Ngong",06-Jul-2023,inactive,5,Self-Employed,87500,Education Support,Orphan
PLUS-000449,syokau kipchumbba,95-120-667,254 774 530 07,syokau.kipchumba@hotmail.com,2003-04-18,FEMALE,Nairobi,Kasarani,Ruai,"Plot 474, Lane 8, Kileleshwa",02/03/2024,active,2,Self-Employed,83000,Education Support,Vulnerable
PLUS-000450,ochieng rimberia kebaso,49953071,+25474222854,ochieng.kebaso@gmail.com,1986-01-17,FEMALE,Bungoma,Kanduyi,Buokhwe,"Plot 76, Lane 8, Kiambu",20241205,active,4,Retired,22500,Medical Cover,Orphan
PLUS-000451,michael kipngetich gacheru, 70344473,Not Provided,michael.gacheru@outlook.com,1970-07-03,FEMALE,,Limuru,Bibirioni,"Plot 343, Lane 3, Ruaraka",2026-04-30,inactive,7,Retired,,Food Support,Youth
PLUS-000452,opiyo agnes mwaura,10036839,254 117 335 34,opiyo.mwaura@yahoo.com,1976-07-26,FEMALE,Bomet,Chepalungu,Sigour,"Plot 364, Lane 2, Kileleshwa",23-Jan-2026,pending,4,Student,45000,Business Grant,Widow
PLUS-000453,joshua mwinyi,,254 776 183 84,joshua.mwinyi@yahoo.com,1973-07-10,FEMALE,Machakos,Mavoko,Syokimau/Mulolongo,"Plot 300, Lane 5, Athi River",10-24-2024,pending,1,Self-Employed,92500,Medical Cover,Vulnerable
PLUS-000454,otieno waithera kipchirchir,50-615-055,254 786 713 85,otieno.kipchirchir@gmail.com,1984-11-15,FEMALE,Mombasa,Kisauni,Mjambere,"Plot 192, Lane 17, Outering",2026-11-07,inactive,2,Retired,200000,Business Grant,Vulnerable
PLUS-000455,wachira mwania,56624300,254 787 780 47,wachira.mwania@gmail.com,1993-01-01,MALE,Kisumu,Kisumu Central,Nyalenda 'B',"Plot 414, Lane 12, Likoni",Not Provided,pending,4,Retired,Unknown,Business Grant,Youth
PLUS-000456,ongeri musymi,24-277-696,254 714 406 38,ongeri.musyimi@outlook.com,1982-05-21,FEMALE,Nairobi,Dagoretti North,Kileleshwa,"Plot 28, Lane 18, Kikuyu",17-07-2024,active,3,Employed,74500,Cash Transfer,Orphan
PLUS-000457,zechariah mcharo,70640795,254 764 207 37,zechariah.mcharo@gmail.com,1959-07-07,MALE,Machakos,Kathiani,Kathiani Central,"Plot 208, Lane 16, Uhuru",17-Jun-25,inactive,6,Student,58500,Education Support,Orphan
PLUS-000458,muthaa habakkuk situma,12871038,254 117 483 25,msituma@gmail.com,1997-12-11,FEMALE,Nairobi,Westlands,Kangemi,House189KileleshwaDriveOutering,29/01/2023,ACTIVE,5,Self-Employed,29500,Food Support,Vulnerable
PLUS-000459,sarah naliaka,57 576 607,254 711 500 51,sarah.naliaka@outlook.com,1966-10-24,MALE,Nairobi,Dagoretti South,Ngando,"Plot 180, Lane 19, Langata",2026-02-14,pending,4,Employed,37000,Food Support,Youth
PLUS-000460,matthew nafula,89161407,254 752 746 84,matthew.nafula@outlook.com,1997-12-26,MALE,Kisumu,Muhoroni,Chemelil,"Plot 82, Lane 12, Waiyaki",16-Jun-2023,active,4,Retired,24500,Food Support,Youth
PLUS-000461,muthoni leshan masinde,26410285,254 744 999 66,muthoni.masinde@outlook.com,2006-08-11,MALE,Bungoma,Sirisia,Namwela,"Plot 43, Lane 14, Kangundo",03/05/2025,inactive,8,Self-Employed,28500,Medical Cover,Orphan
PLUS-000462,caroline mbuthia,30454694,254 116 793 58,caroline.mbuthia@gmail.com,1961-02-13,FEMALE,Kakamega,Lugari,Chekalini,"Plot 401, Lane 11, Outering",24-Jun-23,Unknown,Not Provided,Unknown,17500,Education Support,Orphan
PLUS-000463,rebecca wradada,89 042 306,254 787 340 88,rebecca.wadada@gmail.com,1966-07-03,FEMALE,Nyeri,Kieni,Thegu,"House 301, Ruiru Street, Lavington",03-26-2024,inactive,4,Self-Employed,16500,Business Grant,Youth
PLUS-000464,isaac ongaya,65632441,254 107 685 51,isaac.ongaya@yahoo.com,1977-03-26,MALE,Kilifi,Kaloleni,Mwanamwinga,"Plot 327, Lane 6, Kilimani",20231223,inactive,5,Self-Employed,50000,Medical Cover,Elderly
PLUS-000465,ongeri wambui,61901085,254 765 104 20,ongeri.wambui@hotmail.com,1971-10-13,FEMALE,Nairobi,Dagoretti North,Kileleshwa,"House 465, Waiyaki Road, Westlands",01/18/2026,active,6,Retired,39000,Medical Cover,Youth
PLUS-000466,margaret gacheru,68-997-676,254 111 889 84,margaret.gacheru@outlook.com,2001-04-01,FEMALE,Trans Nzoia,Endebess,Endebess,"House 167, Thika Drive, Kangundo",20-Jun-2023,inactive,2,Student,65500,Cash Transfer,Youth
PLUS-000467,timothy oseko,30858205,254 716 026 75,timothy.oseko@outlook.com,1990-10-18,FEMALE,Kisumu,Kisumu East,Nyalenda 'A',"Plot 120, Lane 14, Mugumo",2026-12-07,pending,10,Student,67000,Medical Cover,Vulnerable
PLUS-000468,judy christopher wairimu,67858606,254 744 267 67,judy.wairimu@outlook.com,1988-02-28,MALE,Nairobi,Dagoretti North,Kileleshwa,"Plot 25, Lane 6, River Road",03/07/2024,inactive,3,Student,8500,Education Support,Widow
PLUS-000469,omondi kioko kimani,27369493,254 776 519 98,omondi.kimani@hotmail.com,1996-03-09,MALE,Machakos,Kathiani,Mitaboni,"House 366, Ruaraka Avenue, Kileleshwa",03-15-2025,pending,4,Retired,20500,Medical Cover,Youth
PLUS-000470,thomas nabea,42180102,254 781 335 77,thomas.nabea@hotmail.com,1974-04-13,MALE,Bungoma,Kimilili,Kamukuywa,"House 171, Mombasa Road Street, Argwings Kodhek",10/03/2024,pending,7,Student,38500,Cash Transfer,PWD
PLUS-000471,kilonzo wafula githua,23 342 241,254 109 824 04,kilonzo.githua@hotmail.com,1959-05-01,MALE,Kiambu,Githunguri,Ikinu,"Plot 433, Lane 5, Mugumo",12/04/2023,active,3,Retired,24000,Medical Cover,Orphan
PLUS-000472,kiprono momanyi,Unknown,254 725 524 89,kiprono.momanyi@gmail.com,1994-01-06,MALE,Meru,Igembe South,Nkondi,"House 436, Thika Superhighway Avenue, Waiyaki",11/13/2024,active,7,Unemployed,17000,Business Grant,Widow
PLUS-000473,zechariah musila,65854454,254 723 490 88,zechariah.musila@gmail.com,1999-11-08,MALE,Nairobi,Lang'ata,Nairobi West,"Plot 142, Lane 1, River Road",02-04-2023,active,3,Employed,32500,Education Support,PWD
PLUS-000474,leshan mwango,45474823,254 721 286 99,leshan.mwango@outlook.com,1975-11-14,MALE,Nyeri,Unknown,Not Provided,"House 358, Outering Street, Kenyatta",24/04/2025,active,5,Self-Employed,31000,Education Support,Elderly
PLUS-000475,gitonga anyango,15850065,254 713 420 12,gitonga.anyango@hotmail.com,2005-08-10,FEMALE,Kiambu,Ruiru,Kiuu,"Plot 168, Lane 4, Karen",28/06/2023,pending,6,Student,47500,Medical Cover,PWD
PLUS-000476,brian syombua bett,33231328,254 715 449 81,brian.bett@gmail.com,1995-03-07,FEMALE,Mombasa,Changamwe,Miritini,"House 39, Garden Estate Street, Juja",09/05/2025,inactive,1,Self-Employed,44000,Medical Cover,Vulnerable
PLUS-000477,paul anyango,79176210,254 768 192 62,paul.anyango@gmail.com,1982-07-03,MALE,Kakamega,Lugari,Lugari,"House 395, Kangundo Road, Athi River",20230503,active,1,Student,10000,Education Support,Vulnerable
PLUS-000478,james onsongo,91170992,254 783 097 76,james.onsongo@outlook.com,2000-10-20,FEMALE,Nairobi,Kasarani,Unknown,"Plot 410, Lane 8, Thika Superhighway",,pending,7,Unknown,10000,Education Support,Vulnerable
PLUS-000479,kipkorir mwikali,68239787,254 726 605 75,kipkorir.mwikali@gmail.com,1999-08-24,MALE,Nakuru,Nakuru Town East,Kivumbini,"House 360, Juja Road, Langata",2026-01-23,inactive,8,Retired,50000,Business Grant,Widow
PLUS-000480,ojwang nyaboke musalia,66013532,254 737 007 27,ojwang.musalia@gmail.com,1993-06-15,MALE,Kisumu,Kisumu West,Central Kisumu,"Plot 442, Lane 17, Ngong",12-03-2023,inactive,7,Self-Employed,49500,Cash Transfer,PWD
PLUS-000481,waithera deborah kipaati,52139442,+254 754-614-19,waithera.kipaati@yahoo.com,1948-03-02,FEMALE,Nairobi,Westlands,Mountain View,"Plot 100, Lane 10, Westlands",11/12/2025,,3,Retired,Not Provided,Business Grant,Elderly
PLUS-000482,kevin onsongo,67 104 460,254 708 137 60,kevin.onsongo@gmail.com,1997-12-24,MALE,Mombasa,Likoni,Shika Adabu,"House 124, Thika Superhighway Street, Tom Mboya",2024-06-23,pending,3,Student,67500,Education Support,Youth
PLUS-000483,sharon kipchirchir,77 636 701,254 709 813 27,sharon.kipchirchir@gmail.com,1988-06-21,MALE,Bungoma,Kabuchai,Kabuchai/Chwele,"House 292, Kasarani Road, Mugumo",28-Aug-2024,active,4,Retired,23500,Education Support,Elderly
PLUS-000484,jepkorir omar,81833417,254 778 271 96,jepkorir@gmail.com,1958-06-19,MALE,Trans Nzoia,Cherangany,Motosi,"house 445, kilimani avenue, moi avenue",11/08/2025,Active,1,Self-Employed,8500,Food Support,Youth
PLUS-000485,kanampiu githinji,89541250,254 756 672 56,kanampiu.githinji@gmail.com,Not Provided,FEMALE,,Kilifi North,Kibarani,"Plot 124, Lane 8, Ruaraka",Unknown,pending,2,Self-Employed,35500,Food Support,Elderly
PLUS-000486,elizabeth githinji,58-518-736,254 115 510 02,elizabeth.githinji@hotmail.com,1986-01-25,MALE,Machakos,Kathiani,Upper Kaewa/Iveti,"Plot 73, Lane 13, Parklands",14 Jul 2025,inactive,5,Employed,20500,Education Support,PWD
PLUS-000487,cynthia jepkoech,85 272 184,254 796 369 77,jepkoechcynthia@yahoo.com,25/05/1978,FEMALE,Kiambu,Lari,Kamburu,"house 27, river road road, moi avenue",17-Oct-2023,I,6,Student,29000,Medical Cover,PWD
PLUS-000488,cherotich kibkemoi,42093745,254 798 725 27,cherotich.kipkemoi@gmail.com,1996-02-06,FEMALE,Nakuru,Subukia,Kabazi,"Plot 26, Lane 4, Westlands",17 Jul 2023,inactive,3,Student,61500,Education Support,Widow
PLUS-000489,edith mungai,13588414,254 762 362 56,edith.mungai@yahoo.com,1999-03-24,FEMALE,Kakamega,Butere,Marama North,"Plot 398, Lane 7, Langata",2026-08-17,active,4,Self-Employed,18000,Cash Transfer,Widow
PLUS-000490,syokau kivuva,78479889,254 744 531 50,syokau.kivuva@outlook.com,1970-10-15,FEMALE,Mombasa,Nyali,Mkomani,"Plot 75, Lane 3, Langata",26/08/2023,pending,6,Unemployed,5500,Cash Transfer,Youth
PLUS-000491,wafula omondi,89984645,254 701 034 85,wafula.omondi@outlook.com,Not Provided,MALE,Nairobi,Kasarani,Njiru,"House 325, Moi Avenue Drive, Kiambu",22-09-2026,inactive,11,Self-Employed,27500,Food Support,Widow
PLUS-000492,wafula muthoni wambui,43539303,254 705 957 35,wafula.wambui@gmail.com,1969-09-13,FEMALE,Kisumu,Nyakach,South West Nyakach,"Plot 275, Lane 15, Athi River",20240330,active,5,Student,40000,Medical Cover,PWD
PLUS-000493,nyaboke kipkorir,Not Provided,254 761 168 87,kipkorirnyaboke@gmail.com,19-09-1981,FEMALE,Unknown,Kisauni,Mjambere,Not Provided,2023-10-16,I,2,Employed,86500,Medical Cover,PWD
PLUS-000494,cecilia ndnda,26-497-914,254 784 154 51,cecilia.ndunda@gmail.com,Unknown,FEMALE,Nairobi,Westlands,Kangemi,"Plot 292, Lane 6, Kilimani",30-04-2023,pending,4,Employed,10000,Food Support,Vulnerable
PLUS-000495,jepkorir chepkroir,43382936,254 726 242 03,j.c@yahoo.com,02/11/1997,Female,Nairobi,Kasarani,Mwiki,"Plot 65, Lane 11, Kileleshwa",16-12-2023,active,8,Employed,14000,Education Support,Youth
PLUS-000496,jepkoech rono,80854964,254 115 521 20,jepkoech.rono@hotmail.com,1995-11-07,MALE,Nairobi,Lang'ata,Karen,"Plot 40, Lane 8, Kileleshwa",01-Jul-23,active,12,Self-Employed,5000,Medical Cover,Youth
PLUS-000497,mwende nyambane,37949530,254 118 180 51,mwende.nyambane@gmail.com,1961-04-21,MALE,Bungoma,Mt. Elgon,Kapkateny,"Plot 12, Lane 20, Lavington",17-04-2025,pending,1,Unemployed,75000,Food Support,Orphan
PLUS-000498,caroline musalia,64047337,254 751 111 12,caroline.musalia@gmail.com,1993-01-19,FEMALE,Nairobi,Kasarani,Clay City,"Plot 432, Lane 3, Waiyaki",23-10-2025,pending,6,Unemployed,49500,Cash Transfer,Youth
PLUS-000499,nanjala anyango,21860851,254 117 143 14,nanjala.anyango@gmail.com,2005-12-15,FEMALE,Nairobi,Westlands,Parklands,"House 221, Likoni Road, Tom Mboya",13 Jul 2026,inactive,5,Unemployed,101500,Education Support,Youth
PLUS-000500,moses cherono kaimenyi,97-521-058,254 702 961 90,moses.kaimenyi@gmail.com,1973-11-24,FEMALE,Machakos,Kathiani,Upper Kaewa/Iveti,"Plot 81, Lane 17, Kiambu Road",2025-06-11,inactive,2,Retired,109500,Medical Cover,Vulnerable
PLUS-000501,patrick pauline macharia,67612764,254 752 094 54,patrick.macharia@yahoo.com,1999-03-02,FEMALE,Nakuru,Rongai,Solai,"Plot 468, Lane 9, Kiambu Road",20250220,inactive,2,Retired,104500,Medical Cover,Vulnerable
PLUS-000502,mwende owuoar,21872464,254 793 085 26,mwende.owuor@gmail.com,1964-05-21,MALE,Nakuru,Kuresoi North,Sirikwa,"Plot 394, Lane 16, Mombasa Road",01-01-2025,pending,4,Student,70500,Education Support,Vulnerable
PLUS-000503,kimani chepkwony,54352810,254 778 645 53,Not Provided,1981-08-20,FEMALE,Kakamega,Butere,,"House 281, Thika Avenue, Kitisuru",04-Jan-2023,pending,3,Unknown,9500,Medical Cover,Elderly
PLUS-000504,naipanoi situma,23657675,254 764 198 66,naipanoi.situma@hotmail.com,1988-01-21,FEMALE,Meru,Igembe Central,Akachiu,"Plot 466, Lane 4, Langata",04-Mar-26,pending,1,Student,12000,Medical Cover,Widow
PLUS-000505,monica ngangaa,23384713,254 118 925 94,monica.nganga@gmail.com,1997-04-05,MALE,Kiambu,Kabete,Muguga,"Plot 364, Lane 7, Argwings Kodhek",2023-11-12,active,4,Self-Employed,24500,Education Support,Orphan
PLUS-000506,ann thomas rono,97016569,254 703 937 50,arono@gmail.com,1980-08-12,MALE,Nairobi,Kasarani,Njiru,"Plot 316, Lane 7, Lavington",17-02-2024,pending,12,Unemployed,47500,Food Support,Elderly
PLUS-000507,njuguna kemunto anyango,14737076,254 721 114 41,njuguna.anyango@gmail.com,1961-11-18,MALE,Bomet,Bomet Central,Silibwet Township,"Plot 118, Lane 11, Ruaraka",03-Sep-23,inactive,4,Employed,41500,Medical Cover,Elderly
PLUS-000508,paul mohamed,90836216,254 787 171 41,paul.mohamed@gmail.com,1978-12-09,FEMALE,Uasin Gishu,Turbo,Tapsagoi,"Plot 129, Lane 16, Kilimani",11-01-2024,active,5,Student,26500,Cash Transfer,Elderly
PLUS-000509,simon pauline oduya,62880140,254 726 266 58,simon.oduya@gmail.com,1970-10-13,FEMALE,Machakos,Yatta,Kithimani,"Plot 303, Lane 12, Lenana",12-12-2025,active,3,Unemployed,25500,Medical Cover,Youth
PLUS-000510,moses cherono kibathi,42454583,254 114 763 11,moses.kibathi@yahoo.com,1977-03-11,FEMALE,Meru,NorthImenti,Nyaki West,"House 117, Mombasa Road Drive, Mugumo",03/08/2023,inactive,1,Self-Employed,15500,Business Grant,Vulnerable
PLUS-000511,mugo adoyo,21276223,254 105 507 04,mugo.adoyo@gmail.com,1996-06-12,MALE,Kakamega,Ikolomani,Idakho North,"Plot 193, Lane 15, Juja",17-07-2024,active,1,Self-Employed,19500,Medical Cover,Orphan
PLUS-000512,jonathan anyango munyori,88071161,254 102 289 94,jonathan.munyori@outlook.com,1996-02-19,FEMALE,Mombasa,Likoni,Bofu,"Plot 232, Lane 14, Ruiru",07/02/2026,inactive,2,Self-Employed,24500,Business Grant,Youth
PLUS-000513,gladys jepkorir omondi,Unknown,254 796 285 39,gladys.omondi@gmail.com,1980-01-25,FEMALE,Meru,Buuri,Kiirua/Naari,"House 59, Uhuru Drive, Kitisuru",22/07/2024,active,3,Employed,200000,Medical Cover,PWD
PLUS-000514,charity masimde,71113260,254 733 881 18,charity.masinde@hotmail.com,1978-07-22,MALE,Kakamega,Shinyalu,Isukha West,"Plot 313, Lane 15, Kasarani",04-11-2026,pending,4,Employed,13000,Medical Cover,Widow
PLUS-000515,kiprop mutua,77804320,254 117 117 52,kiprop.mutua@gmail.com,1963-10-20,FEMALE,Nyeri,Nyeri Town,Rware,"House 284, Parklands Street, Kangundo",05-06-2024,inactive,3,Retired,22500,Education Support,Youth
PLUS-000516,charity samuel jebet,65673607,254 723 243 05,charity.jebet@gmail.com,1999-05-23,FEMALE,Turkana,Turkana North,Kaeris,"Plot 132, Lane 12, Tom Mboya",21/01/2023,pending,4,Student,98500,Food Support,Vulnerable
PLUS-000517,nasimiyu otieno senteu,73374043,254 786 206 28,n.s@gmail.com,Not Provided,F,Nairobi,Westlands,Parklands,House 96 Jogoo Street Karen,19/08/2026,pending,4,Self-Employed,61500,Business Grant,PWD
PLUS-000518,joshua kihumba,82910006,254 761 154 90,joshua.kihumba@gmail.com,1970-07-15,FEMALE,Kiambu,Limuru,Ndeiya,"Plot 458, Lane 13, Juja",18 Jun 2026,pending,2,Retired,Not Provided,Business Grant,Vulnerable
PLUS-000519,martha adoyo,83846845,0709.584.30,martha.adoyo@gmail.com,1964-08-27,FEMALE,Nairobi,Westlands,Mountain View,"Plot 64, Lane 4, Jogoo",23-03-2026,Unknown,,Not Provided,79000,Food Support,Orphan
PLUS-000520,nyambane mueni alice,95705986,254 712 465 08,mueni.nyambane@gmail.com,1979-12-04,FEMALE,Nakuru,Bahati,Kiamaina,"Plot 147, Lane 14, Athi River",03-04-2025,pending,3,Retired,65500,Education Support,Elderly
PLUS-000521,"momanyi, nokun",87169073,254 796 625 40,Not Provided,1963-11-11,FEMALE,Mombasa,Mvita,Unknown,"House 99, Jogoo Street, Tom Mboya",05-21-2025,,2,Retired,9000,Food Support,Orphan
PLUS-000522,wangari edith jepkoech,48373096,254 792 915 69,wangari.jepkoech@hotmail.com,1989-04-02,FEMALE,Machakos,Machakos Town,Kalama,"Plot 139, Lane 12, Langata",17-02-2024,active,2,Unemployed,9500,Medical Cover,Elderly
PLUS-000523,masinde kamenyi,57297700,254 744 303 17,masinde.kaimenyi@yahoo.com,1950-03-02,MALE,Kisumu,Kisumu Central,Kaloleni,"Plot 233, Lane 8, Westlands",25/07/2023,pending,9,Employed,200000,Food Support,Vulnerable
PLUS-000524,opiyo wambugu,32095445,254 703 137 95,opiyo.wambugu@yahoo.com,1996-08-11,FEMALE,Kiambu,Githunguri,Ngewa,"Plot 237, Lane 6, Kilimani",2025-04-20,pending,1,Unemployed,29000,Medical Cover,PWD
PLUS-000525,habakkuk wairimmu,29687397,254 111 043 21,habakkuk.wairimu@outlook.com,1999-09-16,FEMALE,Nyeri,Tetu,Aguthi/Gaaki,"Plot 366, Lane 17, Tom Mboya",05-11-2023,pending,3,Student,121500,Food Support,Elderly
PLUS-000526,awino nziuka,25264369,25477197564,awino.nzioka@gmail.com,1994-03-27,MALE,Machakos,Yatta,Kithimani,"Plot 51, Lane 11, Ngong",08-22-2024,inactive,2,Employed,45500,Cash Transfer,Widow
PLUS-000527,owuor gykonyo,32555403,254 114 878 96,owuor.gikonyo@yahoo.com,05-01-1999,female,Nairobi,Kasarani,Ruai,"HOUSE 9, TOM MBOYA ROAD, LIMURU",20250721,,2,Not Provided,10500,Food Support,Elderly
PLUS-000528,miriam matoke,11951278,254 711 326 54,miriam.matoke@gmail.com,1998-12-06,FEMALE,Kisumu,Kisumu Central,Shauri Moyo,"Plot 161, Lane 7, Lavington",01-31-2026,active,4,Self-Employed,23000,Education Support,PWD
PLUS-000529,onditi ndunda,44734935,254 114 734 54,onditindunda@yahoo.com,02-Jun-79,Female,Nairobi,Dagoretti South,Ngando,"HOUSE 340, KILIMANI STREET, RUARAKA",19-Jan-2024,A,3,Self-Employed,35500,Education Support,Youth
PLUS-000530,njeri mutwiri,30138834,254 757 210 78,mutwirinjeri@gmail.com,1989-02-04,Male,Mombasa,,Shika Adabu,"House 164, Kiambu Road Road, Ruiru",03/05/2024,active,7,Unemployed,30500,Cash Transfer,Widow
PLUS-000531,kimeu mburu,58765052,254 794 860 88,kimeu.mburu@gmail.com,1998-01-05,FEMALE,Uasin Gishu,Soy,Segero/Barsombe,"Plot 241, Lane 11, Waiyaki",01/12/2023,active,6,Employed,30500,Cash Transfer,Widow
PLUS-000532,alexander wambui,45616644,254 109 455 65,alexander.wambui@gmail.com,1962-03-05,MALE,Mombasa,Jomvu,Jomvu Kuu,"Plot 143, Lane 10, Mombasa Road",08/12/2025,active,8,Employed,18000,Medical Cover,Elderly
PLUS-000533,gakii florence kaimenyi,60857535,254 786 401 23,gakii.kaimenyi@outlook.com,1971-09-11,FEMALE,Bungoma,Sirisia,Namwela,"Plot 182, Lane 12, Waiyaki",25/06/2024,inactive,5,Retired,39000,Food Support,Vulnerable
PLUS-000534,naipanoi gladys muthama,98723204,254 741 955 63,naipanoi.muthama@yahoo.com,1981-07-12,MALE,Kiambu,Kiambu,Riabai,"Plot 135, Lane 9, Athi River",23/04/2026,pending,4,Student,44000,Business Grant,Orphan
PLUS-000535,agnes awino,62135687,254 739 651 01,agnes.awino@yahoo.com,1983-10-14,MALE,Trans Nzoia,Saboti,Tuwani,"Plot 362, Lane 20, Ruiru",08/14/2023,active,4,Retired,139000,Cash Transfer,Youth
PLUS-000536,isaiah kagwe,52582456,254 114 646 10,isaiah.kagwe@yahoo.com,1984-11-13,FEMALE,Machakos,Mavoko,Syokimau/Mulolongo,"House 476, Thika Superhighway Street, Kangundo",26-Nov-2025,active,7,Student,40500,Food Support,Vulnerable
PLUS-000537,mwende ali,54335867,254 114 405 36,mwende.ali@gmail.com,2002-06-16,FEMALE,Mombasa,Jomvu,Miritini,"Plot 261, Lane 4, Thika",20240317,active,3,Retired,6500,Food Support,Widow
PLUS-000538,beatrice chepkori,30528733,254 103 764 19,Not Provided,1967-08-13,MALE,Kisumu,Unknown,Awasi/Onjiko,"House 332, River Road Road, Ngong",02/03/2024,inactive,2,Employed,54500,Food Support,PWD
PLUS-000539,rimberia njuguna,3118-3862,254 742 471 00,rimberia.njuguna@gmail.com,1998-03-09,FEMALE,Turkana,Turkana East,Lokichar,"Plot 200, Lane 17, Ngong",2025-11-17,inactive,3,Employed,15000,Education Support,Elderly
PLUS-000540,ombati mulwa nyambane,58456843,254 786 237 47,ombati.nyambane@gmail.com,1983-05-23,MALE,Nairobi,Kasarani,Njiru,"Plot 50, Lane 11, Waiyaki",09/01/2025,active,4,Student,20500,Education Support,Vulnerable
PLUS-000541,chepkirui kagwe,62346547,254 703 187 93,chepkirui.kagwe@hotmail.com,2006-08-07,MALE,Kilifi,Malindi,Ganda,"Plot 459, Lane 6, Parklands",30-Dec-2024,pending,3,Retired,104500,Food Support,Vulnerable
PLUS-000542,silas rimberia sigei,62444122,254 102 201 46,Unknown,Not Provided,MALE,Mombasa County,Likoni,Bofu,"House 419, Parklands Drive, Thika Superhighway",31/12/2024,inactive,8,Self-Employed,29500,Business Grant,Vulnerable
PLUS-000543,kemunto kamande,71814219,254 107 801 89,kemunto.kamande@gmail.com,1984-12-04,MALE,Bungoma,Webuye East,Ndivisi,"Plot 344, Lane 9, Limuru",2024-10-05,inactive,5,Employed,8000,Business Grant,Widow
PLUS-000544,wanjiru kamotho,62654955,254 728 236 83,wanjiru.kamotho@yahoo.com,1994-08-10,FEMALE,Kiambu,Limuru,Limuru Central,"Plot 155, Lane 15, Kitisuru",2025-04-06,inactive,6,Student,38500,Cash Transfer,Orphan
PLUS-000545,kipkemoi rono,27554482,254 719 483 38,kipkemoi.rono@gmail.com,1974-04-02,FEMALE,UASIN GISHU,KESSES,RACECOURSE,"Plot 101, Lane 5, Jogoo",2026-06-04,inactive,1,Self-Employed,62000,Education Support,PWD
PLUS-000546,momanyi kiprono kenga,34282303,254 742 288 22,momanyi@yahoo.com,12-04-1981,Female,Meru,Not Provided,Antubetwe Kiongo,"PLOT 401, LANE 11, RUARAKA",30-Apr-2023,,Not Provided,Student,94500,Food Support,Elderly
PLUS-000547,samuel momanyi onyango,85306558,254 702 830 37,samuel.onyango@yahoo.com,1968-12-27,MALE,Kakamega County,Mumias West,Mutema,"House 166, Tom Mboya Road, Moi Avenue",01-25-2025,inactive,4,Self-Employed,39500,Business Grant,PWD
PLUS-000548,agnes kaloki ndunda,10996386,254 749 091 44,agnes.ndunda@yahoo.com,1979-11-13,FEMALE,Kilifi,Kilifi South,Mwarakaya,"Plot 302, Lane 18, Limuru",2024-08-20,inactive,2,Retired,28000,Medical Cover,Orphan
PLUS-000549,mogaka koech,65001524,254 784 130 19,mogaka.koech@yahoo.com,1984-08-07,MALE,Bomet,Bomet East,Chemaner,"Plot 351, Lane 19, Argwings Kodhek",20-Jan-2023,inactive,2,Employed,57000,Medical Cover,Orphan
PLUS-000550,wanjiru charity mutinda,12913715,254 794 642 71,wanjiru.mutinda@gmail.com,1975-09-26,FEMALE,Not Provided,Moiben,Kimumu,,23 Jan 2023,pending,1,Unemployed,Unknown,Cash Transfer,PWD
PLUS-000551,jonathan nyambane,80202733,254 733 432 55,jonathan.nyambane@yahoo.com,1976-05-20,MALE,Kisumu,Nyando,Kobura,"Plot 95, Lane 2, Moi Avenue",2023-06-11,active,4,Unemployed,23000,Education Support,Orphan
PLUS-000552,adhiambo joel kenga,66844852,254 102 040 81,adhiambo.kenga@gmail.com,1976-07-15,MALE,Mombasa,Jomvu,Mikindani,"House 3, Kitisuru Avenue, Outering",,pending,4,Not Provided,Not Provided,Education Support,Vulnerable
PLUS-000553,githinji aaron kimani,Unknown,254 762 573 75,githinji.kimani@gmail.com,1949-12-24,MALE,Machakos,Mavoko,Muthwani,"House 469, Moi Avenue Avenue, Likoni",04-12-2025,pending,3,Retired,37500,Cash Transfer,Orphan
PLUS-000554,kinyua mwinyi,40695523,254 119 629 67,kinyuamwinyi@gmail.com,07-16-1991,M,Nairobi,Dagoretti South,Riruta,"Plot 212, Ln 10, Kileleshwa",2025-02-24,A,4,Employed,35000,Business Grant,Elderly
PLUS-000555,kipkorir jonathan mwaura,42482494,254 105 632 25,kipkorir.mwaura@gmail.com,2003-04-20,MALE,Uasin Gishu,Kapseret,Ngeria,"Plot 103, Lane 12, Mugumo",2023-01-08,inactive,8,Student,102500,Cash Transfer,Widow
PLUS-000556,m. o. ndegwa,87636397,254 781 623 99,marete.ndegwa@gmail.com,1979-03-15,FEMALE,Meru,Igembe North,Antubetwe Kiongo,"Plot 210, Lane 18, Garden Estate",15/07/2025,inactive,3,Retired,51000,Medical Cover,PWD
PLUS-000557,victor musilaa,71195665,254 743 073 88,victor.musila@outlook.com,1973-03-11,MALE,Bomet,Sotik,Ndanai/Abosi,"Plot 245, Lane 11, Garden Estate",22-12-2024,pending,8,Retired,20000,Cash Transfer,Youth
PLUS-000558,lilian acheng,67022224,254 748 298 37,lilian.achieng@outlook.com,1982-11-27,MALE,Bomet,Konoin,Embomos,"Plot 195, Lane 7, Kileleshwa",01-03-2024,inactive,7,Self-Employed,5000,Education Support,Widow
PLUS-000559,kagwiria robert awuor,24-044-274,254 749 629 15,kagwiria.awuor@yahoo.com,1970-01-11,MALE,Meru,Tigania East,Muthara,"House 68, Kitisuru Avenue, Garden Estate",13 Dec 2025,pending,5,Student,77500,Medical Cover,Widow
PLUS-000560,okoth kilonzo,21056868,254 103 428 92,okoth.kilonzo@hotmail.com,1992-10-20,FEMALE,Nairobi,Lang'ata,Nyayo Highrise,"House 330, Argwings Kodhek Drive, Mombasa Road",01-Dec-2024,active,5,Student,32000,Medical Cover,Orphan
PLUS-000561,wabomba kipsang,72054715,254 773 398 26,wabomba.kipsang@outlook.com,1969-11-03,MALE,Kilifi,Malindi,Ganda,"Plot 69, Lane 12, Kangundo",20-04-2023,pending,3,Student,54500,Medical Cover,Vulnerable
PLUS-000562,wanjiru achieng gichuru,17334310,254 109 171 26,wanjiru.gichuru@outlook.com,1989-12-03,FEMALE,Meru,Tigania East,Thangatha,"Plot 146, Lane 7, Kitisuru",07-Jun-23,pending,4,Employed,20500,Education Support,Vulnerable
PLUS-000563,awiti mohamed,97518125,254 761 985 51,awiti.mohamed@outlook.com,1982-02-09,MALE,Bungoma,Kabuchai,Kabuchai/Chwele,"Plot 296, Lane 8, Lenana",13/11/2023,pending,5,Retired,28000,Business Grant,Orphan
PLUS-000564,susan jane osebe,31121184,254 104 348 96,susan.osebe@yahoo.com,1984-04-06,MALE,Kakamega County,Ikolomani,Idakho East,"Plot 422, Lane 19, Juja",08-Apr-25,pending,Unknown,Student,14000,Business Grant,Vulnerable
PLUS-000565,naisula mwikali kihika,12952658,254 731 391 95,naisula.kihika@gmail.com,1986-02-26,FEMALE,Nairobi,Lang'ata,Mugumu-ini,"House 341, Karen Road, Karen",16/06/2024,active,3,Self-Employed,25000,Cash Transfer,PWD
PLUS-000566,wafula thomas kasina,79250561,254 765 449 03,wafula.kasina@hotmail.com,1977-02-19,FEMALE,Kisumu,Nyakach,West Nyakach,"House 297, Juja Street, Argwings Kodhek",03-Apr-26,inactive,3,Retired,15500,Food Support,PWD
PLUS-000567,joel kamande,75525207,254 106 155 47,joel.kamande@yahoo.com,1981-01-08,MALE,Nairobi,Dagoretti North,Gatina,"House 346, Thika Road, Langata",2026-02-21,active,2,Unemployed,28000,Cash Transfer,Elderly
PLUS-000568,onyango bay,17773636,254 724 473 98,onyango.baya@hotmail.com,2006-12-08,MALE,Machakos,Matungulu,Kyeleni,"Plot 304, Lane 1, Juja",2023-07-03,inactive,4,Unemployed,53500,Cash Transfer,Orphan
PLUS-000569,anthony syokau jebet,74594778,254 757 291 55,anthony.jebet@yahoo.com,1988-04-05,FEMALE,Trans Nzoia,Kwanza,Kapomboi,"House 316, Kileleshwa Avenue, Kikuyu",10/03/2025,inactive,3,Unemployed,37000,Cash Transfer,Orphan
PLUS-000570,kathure kipkoech mwamburi,27028924,254 118 526 97,kathure.mwamburi@outlook.com,2004-03-19,MALE,Kiambu,Githunguri,Githiga,"House 466, Kileleshwa Road, Jogoo",26/08/2026,Not Provided,7,Not Provided,56500,Business Grant,Widow
PLUS-000571,elizabeth rono,38555376,254 799 815 21,elizabeth.rono@yahoo.com,2002-10-03,FEMALE,Nakuru,Molo,Marioshoni,"House 144, Thika Street, Garden Estate",11-28-2026,pending,3,Unemployed,30000,Food Support,Orphan
PLUS-000572,"kiprono, elijah achieng",74964934,254 783 026 33,elijah.kiprono@gmail.com,1999-07-27,FEMALE,Kiambu,Kiambu,Riabai,"Plot 260, Lane 4, Ngong Road",19-Apr-2024,active,4,Unemployed,31500,Education Support,Orphan
PLUS-000573,wairimu  mwangi,17000794,254 112 062 94,wairimu.mwangi@yahoo.com,1953-07-21,MALE,Kilifi,Malindi,Shella,"Plot 385, Lane 9, Kiambu",21-01-2024,pending,5,Retired,88000,Cash Transfer,Orphan
PLUS-000574,kebaso sarah mulwa,55238218,254 794 688 28,kebaso.mulwa@hotmail.com,1971-07-15,FEMALE,Trans Nzoia County,Kwanza,Bidii,"Plot 294, Lane 12, Kiambu",11-Sep-2025,pending,10,Retired,12000,Education Support,Elderly
PLUS-000575,kerubo awiti,92850903,254 104 768 31,kerubo.awiti@gmail.com,,MALE,Turkana,Turkana South,Unknown,Unknown,04 Apr 2026,pending,5,Employed,20000,Business Grant,Youth
PLUS-000576,n. simiyu,57 040 785,254 749 252 50,ndinda.simiyu@gmail.com,2006-12-14,FEMALE,Bomet,Bomet Central,Chesoen,"Plot 280, Lane 16, Argwings Kodhek",2026-07-06,pending,4,Employed,63000,Cash Transfer,PWD
PLUS-000577,rweria mark maingi,58561828,254 756 904 80,rweria.maingi@gmail.com,1980-01-14,MALE,Trans Nzoia,Endebess,Chepchoina,"House 113, Athi River Road, Kiambu",20231016,pending,4,Employed,67500,Education Support,PWD
PLUS-000578,mwangi mwania,60048429,254 767 430 12,mwangi.mwania@gmail.com,1999-07-26,MALE,Nairobi,Lang'ata,South C,"Plot 123, Lane 8, Thika",13/09/2026,pending,2,Unemployed,28000,Education Support,Widow
PLUS-000579,chepkorir lenguro,28082355,254 106 375 44,chepkorir.lenguro@gmail.com,1965-05-06,MALE,Mombasa,Nyali,Frere Town,,2026-02-15,inactive,3,Unemployed,39500,Education Support,Widow
PLUS-000580,awino jepkoech kipkorir,91786040,254 117 687 96,awino_kipkorir@outlook.com,03 Dec 1997,male,Nakuru,Kuresoi South,Tinet,"house 95, river road avenue, kitisuru",29-Sep-2025,Inactive,6,Unemployed,8500,Business Grant,Orphan
PLUS-000581,edward micah mutune,57887366,254 784 191 16,edward.mutune@yahoo.com,1972-06-17,MALE,Nyeri,Mathira,Kirimukuyu,"Plot 149, Lane 17, Jogoo",21-12-2023,pending,8,Employed,32500,Food Support,Vulnerable
PLUS-000582,ronald njroge,46259117,254 114 922 03,ronald.njoroge@gmail.com,1984-07-08,MALE,Bungoma,Kimilili,Maeni,"House 321, Argwings Kodhek Drive, Juja",10-Apr-24,pending,3,Self-Employed,60500,Education Support,Elderly
PLUS-000583,wanyonyi wachira,58798639,254 726 754 56,wanyonyi.wachira@gmail.com,1976-08-06,MALE,Nairobi,Dagoretti South,Uthiru,"House 66, Kiambu Road Avenue, Kilimani",2023-05-15,inactive,7,Unemployed,24000,Business Grant,PWD
PLUS-000584,wambui mokuua,33218937,254 724 110 42,wambui.mokua@yahoo.com,1983-11-18,FEMALE,Kisumu,Seme,Central Seme,"Plot 16, Lane 13, Tom Mboya",2023-02-23,inactive,2,Unemployed,85000,Food Support,Widow
PLUS-000585,caroline muthoka,47767869,254 703 780 17,caroline.muthoka@hotmail.com,2005-07-15,FEMALE,NAKURU,KURESOI SOUTH,TINET,"Plot 153, Lane 11, Ngong",2025-02-22,active,6,Retired,73000,Medical Cover,Youth
PLUS-000586,nanjala awiti,44078615,254 766 666 72,nanjala.awiti@hotmail.com,2005-12-18,MALE,Trans Nzoia,Kiminini,Nabiswa,"Plot 476, Lane 20, Kasarani",25-Aug-2023,pending,5,Unemployed,75500,Cash Transfer,Youth
PLUS-000587,isaiah haggai kipkorir,56673900,254 734 010 09,isaiah.kipkorir@yahoo.com,1967-08-26,MALE,Uasin Gishu,Turbo,Ngenyilel,"House 439, Outering Street, Athi River",08/04/2026,active,3,Self-Employed,78500,Medical Cover,Vulnerable
PLUS-000588,owuor kimuati,45-827-376,+254 747 774 24,owuor.kimutai@gmail.com,1966-04-04,FEMALE,Nairobi,Westlands,Parklands,"Plot 249, Lane 14, Athi River",2026-01-17,pending,2,Unemployed,25500,Business Grant,Elderly
PLUS-000589,simon chepkirui langat,69327432,254 799 064 87,simon.langat@gmail.com,1982-04-25,MALE,Kiambu,Githunguri,Githunguri,"House 175, Mugumo Avenue, Kiambu",2023-02-11,inactive,5,Unemployed,23000,Business Grant,Vulnerable
PLUS-000590,beatrice kebaso,43318451,254 739 712 79,beatrice.kebaso@gmail.com,1980-12-23,MALE,Kakamega,Lugari,Mautuma,"House 374, Lavington Drive, Kangundo",12 Dec 2023,active,2,Student,20000,Cash Transfer,Widow
PLUS-000591,haggai mwakisha,14881035,070259365,haggaimwakisha@hotmail.com,1985-02-10,F,Kiambu,Limuru,Limuru Central,"house 14, ruiru street, uhuru",26-Jan-2026,ACTIVE,1,Self-Employed,52000,Education Support,Widow
PLUS-000592,elijah kagendo lubanga,94515323,254 118 779 90,elijah.lubanga@hotmail.com,1991-03-08,MALE,Nakuru,Molo,Elburgon,"Plot 47, Lane 20, Limuru",2023-11-16,pending,1,Self-Employed,13500,Cash Transfer,Youth
PLUS-000593,syokau wafula njoroge,28774471,254 737 104 05,syokau.njoroge@gmail.com,1977-07-20,MALE,Mombasa,Jomvu,Jomvu Kuu,"House 182, Kiambu Road, Garden Estate",29/12/2024,inactive,3,Employed,39000,Medical Cover,PWD
PLUS-000594,mutua muema wamalwa,96207549,254 119 300 76,mutua.wamalwa@yahoo.com,2001-08-18,MALE,Trans Nzoia,Kwanza,Kwanza,"House 69, Outering Road, Kangundo",01 Oct 2024,active,8,Unemployed,79500,Cash Transfer,Youth
PLUS-000595,auma mburu,43 067 977,254 104 958 04,auma.mburu@gmail.com,1984-04-26,MALE,Meru,Tigania East,Karama,"House 220, Tom Mboya Drive, Kangundo",20251130,pending,6,Employed,16500,Food Support,Widow
PLUS-000596,ezekiel wamuyu,19068973,Not Provided,ezekiel.wamuyu@hotmail.com,1968-10-11,MALE,Kilifi,Rabai,Kambe/Ribe,"Plot 80, Lane 15, Ruiru",Not Provided,Not Provided,5,Self-Employed,30000,Food Support,PWD
PLUS-000597,ojwang ndunad,28150376,25411839692,ojwang.ndunda@gmail.com,Not Provided,MALE,Nakuru,Gilgil,Gilgil,"House 285, Limuru Road, Thika Superhighway",14/08/2026,active,3,Student,37500,Cash Transfer,Widow
PLUS-000598,jacqueline jacqueline jebet,91339562,254 731 074 82,Unknown,Unknown,MALE,Mombasa,Not Provided,Mikindani,"Plot 407, Lane 11, Kitisuru",22-Jan-2025,active,8,Retired,33000,Business Grant,PWD
PLUS-000599,r. j. macharia,64427645,254 768 282 59,rachel.macharia@outlook.com,1962-06-09,FEMALE,Mombasa,Changamwe,Miritini,"Plot 28, Lane 3, Langata",22-Feb-26,pending,12,Employed,65500,Cash Transfer,Orphan
PLUS-000600,ondieki ndegwa,60493921,254 777 656 00,ondieki.ndegwa@yahoo.com,1991-01-18,MALE,Kilifi,Kilifi North,Sokoni,"Plot 286, Lane 13, Kasarani",11-02-2025,inactive,3,Student,13500,Medical Cover,PWD
PLUS-000601,kipkirui moraa,65243280,254 727 617 06,moraa.kipkirui@gmail.com,1969-02-25,MALE,Meru,Tigania West,Athwana,"House 179, Mombasa Road Drive, Mombasa Road",15 Mar 2026,inactive,2,Unemployed,11000,Education Support,Youth
PLUS-000602,ruth kipchumba,57509988,254 762 893 46,ruth.kipchumba@hotmail.com,1985-08-22,FEMALE,Mombasa,Jomvu,Jomvu Kuu,"Plot 381, Lane 7, Thika Superhighway",15-Dec-2025,active,6,Self-Employed,8500,Cash Transfer,Vulnerable
PLUS-000603,auma mukhwana,73575916,254 116 138 23,auma.mukhwana@gmail.com,1971-12-19,FEMALE,Kiambu,Lari,Kijabe,"House 388, Tom Mboya Road, Outering",25 Mar 2024,pending,3,Student,58000,Medical Cover,PWD
PLUS-000604,nafula masinte,Not Provided,254 114 997 21,nafula.masinde@hotmail.com,1989-12-23,FEMALE,Uasin Gishu,Ainabkoi,Racecourse,"House 192, Lenana Street, Ruiru",04/25/2024,pending,6,Student,44000,Education Support,Widow
PLUS-000605,syombua onsongo,96605343,254 726 818 68,syombua.onsongo@gmail.com,1981-08-20,FEMALE,Nairobi,Dagoretti South,Mutuini,"House 100, Ruaraka Drive, Thika",28/09/2023,pending,3,Retired,14500,Cash Transfer,Elderly
PLUS-000606,andrew syokau musyoka,10455925,254 784 435 55,andrew.musyoka@gmail.com,1969-12-14,MALE,Bungoma,Kanduyi,Marakaru/Tuuti,"House 157, Langata Drive, Kangundo",10-05-2026,inactive,6,Retired,113500,Cash Transfer,Orphan
PLUS-000607,mark otieno mitei,20525655 ,254 767 937 56,mark.mitei@gmail.com,1961-05-22,FEMALE,Bungoma,Sirisia,Lwandanyi,"Plot 466, Lane 2, Karen",05/06/2026,inactive,2,Unemployed,18500,Food Support,Vulnerable
PLUS-000608,cynthia erick gitobu,77569898,254 109 123 27,cynthia.gitobu@gmail.com,1992-05-12,MALE,Mombasa,Kisauni,Mwakirunge,"House 221, Parklands Drive, River Road",2023-10-21,inactive,4,Unemployed,16000,Cash Transfer,PWD
PLUS-000609,jebet adoyo jepkoech,68 083 241,254 757 824 45,jebet.jepkoech@yahoo.com,,FEMALE,Kakamega,Ikolomani,Idakho East,"House 175, Ruaraka Road, Athi River",17-03-2026,Not Provided,5,Employed,12000,Medical Cover,PWD
PLUS-000610,mark chepngeno,60721412,254 768 940 57,mark.chepngeno@gmail.com,1978-09-24,MALE,Nakuru,Nakuru Town East,Menengai,"Plot 453, Lane 18, Tom Mboya",10-Jan-23,active,7,Employed,31000,Education Support,Widow
PLUS-000611,judy rotich,16625933,254 101 320 47,judy.rotich@gmail.com,,FEMALE,Not Provided,KisumuCentral,Kaloleni,"Plot 146, Lane 2, Parklands",02/09/2026,inactive,1,Retired,107000,Cash Transfer,Youth
PLUS-000612,ochieng mulandi,47532758,254 712 175 88,ochieng.mulandi@yahoo.com,1975-07-23,MALE,Nairobi,Lang'ata,Nyayo Highrise,"House 243, Limuru Drive, Parklands",29/03/2024,active,2,Employed,55500,Medical Cover,Vulnerable
PLUS-000613,thomas wanjoki,24569958,254 771 779 79,thomas.wanjohi@gmail.com,19/05/1988,MALE,NYERI,MATHIRA,RUGURU,"house 351, lenana drive, moi avenue",Not Provided,Inactive,10,Student,10000,Medical Cover,Youth
PLUS-000614,caroline jonathan mwikali,70404159,254 728 880 18,caroline.mwikali@outlook.com,2004-11-03,FEMALE,Machakos,Yatta,Katangi,"Plot 245, Lane 6, Ruaraka",16 Feb 2026,active,3,Unemployed,37000,Education Support,Vulnerable
PLUS-000615,chepkoech mutua mwakisha,45064728,254 118 348 15,cmwakisha@gmail.com,01/11/1993,FEMALE,Turkana,Turkana West,Kalobeyei,House 386 Kiambu Drive Ruaraka,19/09/2024,INACTIVE,3,Employed,179500,Cash Transfer,Elderly
PLUS-000616,brenda lashan,16 953 155,254 714 980 53,brenda.leshan@yahoo.com,1996-12-22,FEMALE,Nairobi,Kasarani,Ruai,"Plot 1, Lane 15, Ngong Road",2025-11-17,active,6,Student,74500,Cash Transfer,Elderly
PLUS-000617,judith osebe,21928391,254 717 670 83,judith.osebe@yahoo.com,1987-05-24,FEMALE,Kiambu,Kabete,Not Provided,"House 87, Waiyaki Road, Mugumo",2026-03-26,Not Provided,5,Unemployed,,Food Support,Youth
PLUS-000618,jeremiah wamuyu,28 785 946,254 775 561 68,jeremiah.wamuyu@yahoo.com,1982-08-06,FEMALE,Kiambu,Ruiru,Kiuu,"House 297, Kiambu Road Street, Ruiru",14-Nov-26,active,3,Self-Employed,81000,Education Support,Vulnerable
PLUS-000619,kipchumba ronald wandera,58389938,254 782 371 49,kipchumba.wandera@outlook.com,1998-05-23,FEMALE,Uasin Gishu,Soy,Ziwa,"House 10, Mombasa Road Drive, Ngong Road",27/09/2025,active,8,Unemployed,31000,Business Grant,Widow
PLUS-000620,esther wamuyu,58437433,254 108 393 43,esther.wamuyu@outlook.com,1953-06-21,MALE,Mombasa,Unknown,Tudor,"House 210, Likoni Road, Tom Mboya",01/11/2023,inactive,Not Provided,Employed,59000,Food Support,Elderly
PLUS-000621,habakkuk kipkemoi,34179644,254 796 290 77,habakkuk.kipkemoi@outlook.com,1960-01-16,MALE,Nairobi,Kasarani,Ruai,"House 384, Athi River Drive, Ruiru",04-30-2026,pending,1,Self-Employed,59500,Food Support,Vulnerable
PLUS-000622,wabomba katua,71389561,254 107 179 42,w.katua@gmail.com,24 Sep 1995,MALE,Nairobi,Lang'ata,Nyayo Highrise,"house 400, kangundo street, outering",01-16-2024,inactive,4,Retired,28000,Food Support,PWD
PLUS-000623,aoko kamande,90316913,254 794 559 60,aoko.kamande@yahoo.com,2001-03-09,FEMALE,Nairobi,Kasarani,Njiru,"House 433, Kasarani Road, Westlands",05-03-2025,inactive,3,Unknown,23500,Food Support,Elderly
PLUS-000624,kinyua wanyonyi,83012855,254 785 187 38,kinyua.wanyonyi@yahoo.com,2003-12-01,MALE,Machakos,Yatta,Katangi,"Plot 201, Lane 20, Kiambu",2025-08-18,inactive,4,Unemployed,8000,Education Support,Elderly
PLUS-000625,nabea sigei,98830506,254 732 498 65,nabea.sigei@outlook.com,1970-04-05,MALE,Not Provided,Dagoretti North,Gatina,"Plot 67, Lane 18, Kileleshwa",16-Sep-2026,pending,4,Employed,62000,Cash Transfer,Youth
PLUS-000626,agnes lubanga,23136524,254 715 467 07,agnes.lubanga@gmail.com,1997-10-27,FEMALE,Meru,Central Imenti,Kathonzweni,"Plot 13, Lane 17, Ruiru",22/05/2025,inactive,2,Retired,44500,Education Support,Elderly
PLUS-000627,gitonga kipchumba,89868447,254 764 315 02,gitonga.kipchumba@gmail.com,1978-12-06,FEMALE,Trans Nzoia,Kwanza,Kwanza,"Plot 326, Lane 11, Kenyatta",13-Dec-23,active,3,Self-Employed,28500,Education Support,Elderly
PLUS-000628,mwende kipchirchir hassan,26128324,254 117 699 68,mwende.hassan@yahoo.com,1983-09-22,FEMALE,Kilifi,Magarini,Garashi,"Plot 74, Lane 4, Mugumo",07-Jan-25,inactive,6,Student,13000,Food Support,Vulnerable
PLUS-000629,priscilla ndegwa,35144726,254 119 693 54,priscilla.ndegwa@gmail.com,1995-03-15,MALE,Nairobi,Dagoretti North,Kawangware,"Plot 136, Lane 16, Waiyaki",31/10/2025,pending,3,Self-Employed,20000,Medical Cover,Orphan
PLUS-000630,flora ojwang,,254 721 836 88,flora.ojwang@outlook.com,1976-03-13,FEMALE,Nairobi,Lang'ata,Nairobi West,"House 100, Westlands Avenue, Kenyatta",2025-10-27,inactive,3,Student,18000,Food Support,Vulnerable
PLUS-000631,thomas mukhwana kipkorir,45212476,254 106 132 61,thomas.kipkorir@yahoo.com,1980-10-13,MALE,Uasin Gishu,Moiben,Kimumu,"House 417, Athi River Avenue, Kikuyu",2026-09-30,inactive,3,Unemployed,22500,Food Support,Widow
PLUS-000632,khaemba mwangi keter,78572190,254 113 351 21,khaemba.keter@gmail.com,1969-12-13,FEMALE,Nakuru,Nakuru Town West,Rhoda,"House 326, Kangundo Drive, Kasarani",2026-02-02,inactive,5,Student,18500,Education Support,Youth
PLUS-000633,haggai musalia,29850853,076997859,haggai.musalia@gmail.com,1961-01-08,FEMALE,Kisumu,Muhoroni,Chemelil,"Plot 382, Lane 13, Karen",10/11/2026,inactive,5,Student,15000,Business Grant,Orphan
PLUS-000634,naomi kaymenyi,Unknown,254 777 287 09,naomi.kaimenyi@yahoo.com,1956-04-26,FEMALE,KAKAMEGA,Matungu,Koyonzo,"Plot 240, Lane 5, Ngong Road",2026-06-11,pending,3,Employed,53000,Cash Transfer,PWD
PLUS-000635,cynthia mwikeli,97146005,254 751 435 66,cynthia.mwikali@outlook.com,2001-07-02,MALE,Bomet,Konoin,Kimulot,"House 26, Athi River Drive, Jogoo",28-01-2026,pending,5,Unemployed,58000,Business Grant,Youth
PLUS-000636,kinyua muriuki, 65686049,254 109 521 88,kinyua.muriuki@gmail.com,2004-06-11,FEMALE,Kiambu,Lari,Kinale,"House 312, Moi Avenue Avenue, Langata",2023-10-05,pending,4,Self-Employed,15500,Food Support,Vulnerable
PLUS-000637,maina patrick wabomba,88335630,254 722 777 52,maina.wabomba@yahoo.com,2000-12-28,MALE,Nakuru,Gilgil,Gilgil,"Plot 60, Lane 14, Kiambu",27-Dec-24,active,3,Employed,33500,Business Grant,Orphan
PLUS-000638,kagendo kimutai,59 587 404,254 114 795 88,kagendo.kimutai@gmail.com,1960-11-26,MALE,Nairobi,Kibra,Makina,"Plot 346, Lane 9, Athi River",17/08/2024,active,1,Self-Employed,60000,Medical Cover,Elderly
PLUS-000639,cherotich nabwire,57712356,254 773 679 02,cherotich.nabwire@gmail.com,2003-09-14,FEMALE,Kiambu,Githunguri,Ikinu,"House 75, Moi Avenue Road, Kiambu Road",03/22/2025,pending,3,Student,53000,Education Support,Widow
PLUS-000640,philemon silas kipkorir,17850078,254 764 243 28,philemon.kipkorir@hotmail.com,1990-11-01,MALE,Nairobi,Lang'ata,Nairobi West,"House 227, Outering Drive, Ruaraka",06-Aug-2026,inactive,3,Unemployed,19500,Cash Transfer,Widow
PLUS-000641,kinyua ongaya,35767377,254 102 805 34,kinyua.ongaya@gmail.com,2000-03-06,FEMALE,Nyeri,Mathira,,"Plot 153, Lane 12, Lenana",04-Jun-2026,active,6,Retired,11500,Medical Cover,Orphan
PLUS-000642,jepchumba andrew macharia,97764898,254 738 771 65,jepchumba.macharia@gmail.com,1990-09-08,FEMALE,KIAMBU,Kabete,Gitaru,"Plot 387, Lane 13, Likoni",12-07-2026,active,3,Self-Employed,27000,Medical Cover,PWD
PLUS-000643,beatrice barnabas mcharo,82568847,254 734 818 29,beatrice.mcharo@yahoo.com,1985-05-09,FEMALE,Mombasa,Mvita,Tononoka,"House 358, Kileleshwa Street, Thika",01/06/2026,inactive,5,Employed,50500,Cash Transfer,Widow
PLUS-000644,silas mwaura,99582601,254 732 818 25,silas.mwaura@hotmail.com,2002-07-03,FEMALE,Nakuru,Kuresoi North,Kiptororo,"Plot 225, Lane 17, Parklands",26 Jan 2024,pending,6,Self-Employed,13500,Food Support,PWD
PLUS-000645,silas chepkirui,69200912,254 726 635 99,silas.chepkirui@outlook.com,1981-08-17,FEMALE,MACHAKOS,Matungulu,Tala,"House 122, Kileleshwa Street, Mugumo",13 Feb 2023,active,5,Employed,5500,Education Support,PWD
PLUS-000646,nyambura ojwan,54819596,254 736 238 60,nyambura.ojwang@hotmail.com,1980-07-20,FEMALE,Bungoma,Kimilili,Kamukuywa,"House 408, Garden Estate Street, Mombasa Road",2023-02-20,inactive,3,Employed,32000,Medical Cover,Orphan
PLUS-000647,alexander mwamburi,44 182 277,254 109 993 63,alexander.mwamburi@outlook.com,1955-06-21,MALE,Meru,Tigania West,Kianjai,"Plot 350, Lane 7, Ruaraka",02/11/2025,pending,4,Retired,14000,Food Support,Vulnerable
PLUS-000648,george chepkoech mogaka,28443910,+254 745-760-73,george.mogaka@yahoo.com,1956-12-22,FEMALE,Kiambu,Ruiru,Kahawa Wendani,"Plot 398, Lane 16, Thika Superhighway",18/10/2023,active,2,Student,22500,Education Support,Vulnerable
PLUS-000649,john musyimi,53305731,254 709 848 32,john.musyimi@yahoo.com,1980-02-23,MALE,Mombasa,Kisauni,Mtopanga,"Plot 443, Lane 15, Kasarani",27 Jul 2025,pending,4,Unknown,90000,Cash Transfer,Orphan
PLUS-000650,opiyo kangogo,66941236,254 704 509 46,opiyo.kangogo@gmail.com,1976-01-26,FEMALE,Kiambu,Kabete,Kabete,"House 242, Tom Mboya Avenue, Waiyaki",05/02/2023,active,4,Self-Employed,32500,Medical Cover,Youth
PLUS-000651,rachel mbaka,50468810,254 706 931 51,rachel.mbaka@gmail.com,1958-05-14,FEMALE,Uasin Gishu,Moiben,Kimumu,"Plot 357, Lane 3, Ruiru",20250913,inactive,1,Unemployed,33500,Cash Transfer,Widow
PLUS-000652,simon ngeno,43005188,254 799 909 79,simon.ngeno@hotmail.com,1978-03-03,MALE,Nakuru,NakuruTownWest,Kaptembwo,"Plot 199, Lane 16, Kiambu",14-Feb-2023,active,3,Self-Employed,50500,Cash Transfer,Widow
PLUS-000653,barnabas wairimu,15513078,+254 704 695 45,b.wairimu@yahoo.com,27/06/1970,MALE,Kakamega,Shinyalu,Isukha South,Plot 357 Lane 17 Kasarani,24 Dec 2026,active,5,Unemployed,50000,Cash Transfer,PWD
PLUS-000654,margaret nahum mwango,69866120,254 784 351 32,margaret.mwango@yahoo.com,1997-04-07,MALE,Kisumu,Kisumu Central,Kaloleni,"Plot 23, Lane 2, Mugumo",01/06/2025,active,8,Unemployed,11000,Medical Cover,Orphan
PLUS-000655,nabea stephen chepngeno,15804102,254 105 694 54,nabea.chepngeno@gmail.com,1972-09-27,FEMALE,Kisumu,Kisumu West,Central Kisumu,"Plot 7, Lane 17, Langata",16-08-2025,active,7,Unemployed,32000,Cash Transfer,Vulnerable
PLUS-000656,lenguro kipkirui jepkoech,84219322,254 729 235 86,lenguro.jepkoech@outlook.com,1993-08-12,FEMALE,Bungoma,Kimilili,Kamukuywa,"House 311, Athi River Road, Kikuyu",27/08/2024,pending,4,Retired,30500,Food Support,Youth
PLUS-000657,paul allan mbuthia,14817439,254 733 707 69,paul.mbuthia@gmail.com,1990-08-26,FEMALE,Nyeri,Nyeri Town,Ruring'u,"House 335, Kilimani Avenue, Langata",24-Jun-2026,pending,4,Self-Employed,28500,Education Support,PWD
PLUS-000658,eunice awiti kamau,Unknown,254 747 147 59,eunice.kamau@gmail.com,1991-11-06,FEMALE,Nairobi,Lang'ata,Nairobi West,"House 437, Kilimani Drive, Waiyaki",2023-02-23,pending,3,Employed,84500,Cash Transfer,Vulnerable
PLUS-000659,thomas david gitobu,11-978-622,254 788 712 71,thomas.gitobu@gmail.com,1987-05-11,MALE,Kiambu,Githunguri,Githunguri,"Plot 333, Lane 7, Kiambu Road",20240522,pending,4,Self-Employed,91500,Medical Cover,PWD
PLUS-000660,daniel nyaboke mwania,79891321,254 765 288 64,mwaniadaniel@gmail.com,07-11-2005,Female,Bungoma,Kabuchai,Bwake/Luuya,"Plot 412, Lane 14, Ruaraka",12/17/2026,ACTIVE,4,Unemployed,27000,Medical Cover,Widow
PLUS-000661,muthuri ojwang katua,66021490,+254 751 386 83,muthuri.katua@outlook.com,1981-03-14,MALE,Kiambu,Githunguri,Githiga,"House 373, Likoni Avenue, Mombasa Road",19 Dec 2023,active,6,Retired,22000,Business Grant,Orphan
PLUS-000662,opiyo wanjohi,62879989,254 795 978 87,opiyo.wanjohi@gmail.com,1973-02-14,MALE,Nairobi,Lang'ata,Nyayo Highrise,"Plot 139, Lane 13, Parklands",2026-11-08,pending,3,Unemployed,24000,Business Grant,Orphan
PLUS-000663,david amos kivuva,25814390,254 116 548 26,david.kivuva@gmail.com,1967-06-28,MALE,Turkana,Turkana East,Katilia,"Plot 172, Lane 5, Ruaraka",24/03/2024,pending,6,Employed,16500,Education Support,Orphan
PLUS-000664,okello barase,28732359,254 787 480 04,okello.barasa@outlook.com,1987-04-23,MALE,Nairobi,Kibra,Laini Saba,"Plot 182, Lane 18, Kiambu Road",23/01/2024,active,6,Employed,61000,Education Support,Orphan
PLUS-000665,lois kipkiirui,58008794,254 744 727 24,lois.kipkirui@gmail.com,1975-09-17,FEMALE,Nyeri,Mukurweini,Githi,"Plot 294, Lane 8, Tom Mboya",18-Feb-2024,active,3,Student,15500,Cash Transfer,Elderly
PLUS-000666,owuor gitonga,90224792,254 117 593 71,owuor.gitonga@gmail.com,1984-05-15,MALE,Nairobi,Kibra,Laini Saba,"Plot 462, Lane 1, Kileleshwa",10/24/2026,inactive,4,Self-Employed,12500,Education Support,Elderly
PLUS-000667,evelyn nahum kilonzo,82592759,254 703 725 64,evelyn49@gmail.com,2004-12-16,FEMALE,Bungoma,Kabuchai,Mukuyuni,Plot8Lane4Uhuru,29-Aug-2023,Pending,4,Retired,99000,Medical Cover,Widow
PLUS-000668,mukhwana kemai,45214814,254 795 839 00,mukhwana.kemei@gmail.com,1967-04-08,FEMALE,Nyeri,Tetu,Aguthi/Gaaki,"Plot 129, Lane 11, Kenyatta",08-30-2023,inactive,5,Unemployed,25500,Food Support,Orphan
PLUS-000669,muthuri nabwire musalia,65768929,254 707 512 26,muthuri.musalia@yahoo.com,1987-06-05,FEMALE,Nyeri,Tetu,Aguthi/Gaaki,"Plot 446, Lane 19, Ruiru",2026-03-25,active,5,Employed,94500,Business Grant,Elderly
PLUS-000670,monica musymii,74434188,254 119 557 64,m.musyimi@yahoo.com,11-Jan-1968,MALE,Uasin Gishu County,Kesses,Cheptiret/Kipchamo,"Plot 442, Ln 18, Ruaraka",08/21/2023,I,4,Employed,26000,Cash Transfer,Widow
PLUS-000671,syokau daniel kiprop,92229647,254 114 002 32,syokau.kiprop@gmail.com,1987-07-06,MALE,Machakos,Masinga,Ekalakala,"House 237, Ngong Road Drive, Uhuru",11-09-2025,pending,5,Retired,14000,Business Grant,Youth
PLUS-000672,kagwiria mwania wamuyu,92 747 419,254 105 473 35,kagwiria.wamuyu@yahoo.com,1973-06-04,FEMALE,Machakos,Masinga,Kivaa,"Plot 432, Lane 17, Kileleshwa",19 Oct 2023,inactive,5,Self-Employed,14000,Cash Transfer,Youth
PLUS-000673,dorothy mwangi mbuthia,33608547,254 727 907 01,dorothy.mbuthia@gmail.com,1995-10-14,MALE,Nairobi,Dagoretti South,Waithaka,"Plot 89, Lane 19, Argwings Kodhek",07/21/2024,pending,4,Retired,27000,Business Grant,PWD
PLUS-000674,adhiambo lubanga,32662280,0722.114.74,adhiambo.lubanga@outlook.com,2004-05-26,MALE,Bungoma,Kabuchai,West Nalondo,"Plot 416, Lane 10, Athi River",30/04/2026,inactive,4,Retired,5000,Cash Transfer,Elderly
PLUS-000675,o. n. wangari,40214458,254 723 959 96,okoth.wangari@gmail.com,1979-03-21,MALE,NAIROBI,Dagoretti South,Uthiru,"Plot 271, Lane 18, Waiyaki",19/05/2026,inactive,4,Retired,31500,Medical Cover,Vulnerable
PLUS-000676,mwikali chepngeno,48312600,254 701 402 92,mwikali.chepngeno@yahoo.com,1981-10-03,FEMALE,Kakamega,Mumias West,Etenje,"House 92, Kangundo Drive, Lenana",08/01/2025,inactive,4,Employed,18500,Food Support,Youth
PLUS-000677,joseph ombati,69372702,254 794 112 17,joseph.ombati@outlook.com,02-Apr-80,M,Nairobi,Dagoretti North,Kileleshwa,"plot 384, lane 11, likoni",05-05-2023,A,5,Employed,88500,Medical Cover,Youth
PLUS-000678,muriuki omondi wamuyu,74377393,254 713 300 75,muriuki.wamuyu@gmail.com,1971-09-05,MALE,Kakamega,Butere,Marama South,"House 109, Ruiru Avenue, Thika",04-Mar-24,active,2,Self-Employed,38000,Cash Transfer,Orphan
PLUS-000679,nduku kanana kimutai,75916227,254 791 859 82,nduku.kimutai@gmail.com,1973-10-05,MALE,Uasin Gishu,Kapseret,Simat/Kapseret,"Plot 45, Lane 6, Kiambu Road",30-Jan-2023,pending,4,Self-Employed,11000,Food Support,Orphan
PLUS-000680,muriuki mulandi,97280725,254 722 299 88,muriuki.mulandi@hotmail.com,1977-05-13,FEMALE,Kakamega,Mumias West,Mutema,"House 433, Lenana Avenue, Outering",2024-02-08,inactive,9,Retired,17500,Cash Transfer,Elderly
PLUS-000681,miriam kenga,49734257,254 784 542 64,miriam.kenga@gmail.com,1948-04-19,MALE,Nairobi,Kibra,Makina,"Plot 440, Lane 14, Thika Superhighway",2024-11-04,active,4,Retired,20500,Food Support,Orphan
PLUS-000682,ndunge judith musalia,10859190,254 797 207 96,ndunge.musalia@gmail.com,1989-01-13,MALE,Kisumu,Kisumu East,Nyalenda 'A',"Plot 352, Lane 7, Lenana",12/23/2023,active,1,Unemployed,30000,Medical Cover,Elderly
PLUS-000683,thomas simiyu kaimenyi,25041051,254 785 577 35,thomas.kaimenyi@gmail.com,1986-02-24,MALE,UASIN GISHU,Moiben,Moiben,"House 361, Kangundo Drive, Limuru",Unknown,pending,3,Unknown,34000,Food Support,Widow
PLUS-000684,naisula kipchirchir,34921334,254 774 768 50,naisula.kipchirchir@yahoo.com,1994-03-23,FEMALE,Meru,Central Imenti,Kabachi,"House 53, Kikuyu Avenue, Kiambu",20230817,pending,5,Unemployed,49000,Medical Cover,Vulnerable
PLUS-000685,kathure kamau,54836082,254 115 865 61,kathure.kamau@yahoo.com,1962-10-21,FEMALE,Kakamega,Shinyalu,Isukha West,"Plot 317, Lane 20, Kitisuru",Unknown,pending,6,Employed,15000,Medical Cover,Vulnerable
PLUS-000686,kasina kipongetich,90268486,254 794 007 41,kasina.kipngetich@hotmail.com,1987-07-16,MALE,Meru,Tigania West,Athwana,"House 34, Thika Superhighway Road, Parklands",2026-11-20,active,4,Student,23000,Medical Cover,Youth
PLUS-000687,gichuru joseph chepkwony,24775883,254 103 824 27,gichuru.chepkwony@yahoo.com,1966-04-04,FEMALE,Kiambu,Ruiru,Kiuu,"Plot 358, Lane 2, Argwings Kodhek",02/06/2024,inactive,1,Self-Employed,11500,Food Support,Widow
PLUS-000688,nduku kipronoo,84965763,254 116 641 53,nduku.kiprono@gmail.com,1954-07-20,MALE,Bungoma,Kabuchai,Mukuyuni,"Plot 13, Lane 19, Kitisuru",2026-07-21,pending,4,Unemployed,29500,Cash Transfer,Orphan
PLUS-000689,kiprono mwamburi,82794055,254 736 990 64,kiprono.mwamburi@gmail.com,1984-06-07,MALE,Kisumu,Kisumu West,Central Kisumu,"House 65, Kiambu Road Road, Tom Mboya",2026-07-09,active,4,Retired,51000,Business Grant,Youth
PLUS-000690,adoyo mwiikali,1040-1966,254 745 713 35,adoyo.mwikali@gmail.com,1970-09-21,MALE,Kiambu,Kiambu,Ting'ang'a,"House 359, Outering Avenue, Karen",06/28/2023,active,1,Self-Employed,32500,Food Support,PWD
PLUS-000691,benjamin diana mwaura,83609531,254 701 276 45,benjamin.mwaura@outlook.com,2005-02-09,MALE,Uasin Gishu,Soy,Segero/Barsombe,"House 127, Waiyaki Drive, Langata",03/01/2023,inactive,3,Student,45500,Business Grant,PWD
PLUS-000692,kimani kagwiria omondi,50545587,254 772 516 70,kimani.omondi@gmail.com,1974-11-02,FEMALE,Nyeri,Nyeri Town,Kiganjo/Mathari,"Plot 404, Lane 13, Kitisuru",02/03/2025,pending,1,Student,42000,Education Support,Widow
PLUS-000693,peter kebaso,88105918,254 777 832 63,peter.kebaso@gmail.com,1996-09-03,MALE,Nairobi,Kibra,Woodley,"House 445, Argwings Kodhek Drive, Kikuyu",08-24-2026,inactive,7,Employed,15500,Medical Cover,Vulnerable
PLUS-000694,jepkoech christopher momanyi,27879065,254 115 315 62,jepkoech.momanyi@yahoo.com,1988-05-24,MALE,Meru,Igembe South,Mau/Antuamburi,"Plot 206, Lane 9, Ngong",11/06/2023,pending,5,Unemployed,200000,Medical Cover,Vulnerable
PLUS-000695,kipkemboi flora kinya,65-580-224,254 738 978 76,kipkemboi.kinya@hotmail.com,1987-09-15,FEMALE,Kiambu,Ruiru,Kahawa Sukari,"House 115, Ngong Street, Thika Superhighway",14-Aug-23,active,1,Self-Employed,71500,Education Support,PWD
PLUS-000696,grace thomas mogaka,93462304,254 718 897 95,grace.mogaka@hotmail.com,2001-06-19,FEMALE,Kisumu,Kisumu West,Central Kisumu,"Plot 404, Lane 7, Lenana",26-12-2025,pending,2,Unemployed,15500,Education Support,Widow
PLUS-000697,wairimu kamu,65277579,254 766 677 99,wairimu.kamau@yahoo.com,2003-02-16,MALE,Nairobi,Dagoretti North,Kilimani,"Plot 87, Lane 4, Likoni",2025-03-03,active,3,Retired,64500,Food Support,PWD
PLUS-000698,judith david kiarie,62 089 071,254 727 149 73,judith.kiarie@gmail.com,1971-06-07,MALE,Unknown,Konoin,Mogogosiek,Unknown,14-12-2025,active,1,Employed,45500,Education Support,Widow
PLUS-000699,leah odhiambo,53225813,254 117 280 70,leah.odhiambo@outlook.com,1976-06-22,FEMALE,Mombasa County,Nyali,Ziwa la Ng'ombe,"Plot 88, Lane 1, Outering",2025-07-16,active,5,Student,91000,Cash Transfer,Orphan
PLUS-000700,wangari senteu,15707233,254 709 656 96,wangari.senteu@gmail.com,1992-06-03,MALE,KIAMBU,Kikuyu,Kikuyu,"House 279, Kiambu Road, Ngong",05 Nov 2023,pending,4,Employed,7000,Medical Cover,Orphan
PLUS-000701,awino mulwa cheruiyot,61882306,254 791 082 08,awino.cheruiyot@gmail.com,1992-02-18,FEMALE,Uasin Gishu,Soy,Kapkures,"Plot 112, Lane 3, Uhuru",07-08-2026,active,4,Student,96500,Food Support,Widow
PLUS-000702,wambui naserian naliaka,,254 119 756 04,wambui.naliaka@yahoo.com,1979-09-10,FEMALE,Mombasa,Not Provided,Ziwa la Ng'ombe,"Plot 378, Lane 11, Lavington",27/05/2023,active,6,Self-Employed,5000,Education Support,Elderly
PLUS-000703,jonathan nyambanee,99571805,254 778 883 56,jonathan.nyambane@outlook.com,1986-12-14,FEMALE,Kakamega,Butere,Marama South,"Plot 391, Lane 17, Ruaraka",2025-05-05,inactive,3,Student,5500,Medical Cover,Vulnerable
PLUS-000704,wambugu wafula,26634072,254 795 437 80,wambugu.wafula@outlook.com,1976-05-09,FEMALE,Meru,Central Imenti,Gatimbi,"House 8, Kileleshwa Avenue, Ngong Road",19/11/2025,pending,1,Student,24000,Medical Cover,Vulnerable
PLUS-000705,eunice silas kiarie,18206879,254 799 349 50,eunice.kiarie@gmail.com,1971-07-21,MALE,Unknown,KisumuWest,Central Kisumu,"Plot 377, Lane 16, Thika",03/12/2026,inactive,4,Employed,,Cash Transfer,Vulnerable
PLUS-000706,kipkoech githinjai,46243299,254 713 352 80,kipkoech.githinji@gmail.com,1989-03-17,MALE,Kisumu,Nyando,East Kano/Wawidhi,"Plot 181, Lane 2, Garden Estate",2024-03-31,active,3,Student,17000,Business Grant,PWD
PLUS-000707,syombua kenga,41874244,254 751 543 91,syombua.kenga@yahoo.com,1978-06-25,FEMALE,Turkana,Loima,Not Provided,"House 16, Athi River Street, Lavington",2026-08-08,Unknown,Unknown,Student,20000,Business Grant,Orphan
PLUS-000708,caroline otula,5110-5057,254 106 097 04,caroline.otula@gmail.com,1985-06-05,MALE,Nairobi,Kasarani,Kamulu,"House 243, Kileleshwa Drive, Kilimani",2023-01-22,active,5,Self-Employed,77500,Food Support,Orphan
PLUS-000709,waithera faith hassan,90267569,254 711 480 85,waithera.hassan@gmail.com,1983-07-09,MALE,Nyeri,Othaya,Chinga,"House 108, Mombasa Road Drive, Kenyatta",31 Dec 2024,pending,4,Self-Employed,12000,Food Support,Orphan
PLUS-000710,chepngeno haggai mbaka,64130831,254 773 508 95,haggai.chepngeno@yahoo.com,1962-09-19,MALE,Bungoma,Sirisia,Namwela,"House 208, Kenyatta Road, Ruiru",12/30/2023,pending,5,Retired,33500,Business Grant,Widow
PLUS-000711,gladys veronica wairimu,78053602,254 713 035 95,gladys.wairimu@outlook.com,1995-02-27,MALE,Mombasa,Kisauni,Bamburi,"Plot 368, Lane 12, Kasarani",2025-02-12,active,1,Employed,26500,Business Grant,PWD
PLUS-000712,gikonyo james george,23646357,254 799 656 24,james.gikonyo@yahoo.com,1950-08-28,FEMALE,MERU,SOUTH IMENTI,IGOJI WEST,,02-11-2024,Not Provided,3,Employed,Unknown,Education Support,PWD
PLUS-000713,kariuki jebet koech,52846556,254 763 230 60,kariuki.koech@gmail.com,1967-01-02,FEMALE,Kiambu,Lari,Kinale,"House 140, Kitisuru Street, Juja",20261013,active,3,Self-Employed,31500,Business Grant,Vulnerable
PLUS-000714,esther martha kariuki,32451247,254 772 989 91,esther.kariuki@gmail.com,1988-02-03,FEMALE,Nakuru,Bahati,Kiamaina,"Plot 341, Lane 11, Likoni",2026-02-27,active,2,Retired,54500,Education Support,Elderly
PLUS-000715,victor ngeno,63539335,254 119 840 70,victor.ngeno@gmail.com,1988-01-03,MALE,Nairobi County,Dagoretti North,Gatina,"House 32, Jogoo Street, Limuru",16/10/2023,active,1,Self-Employed,13000,Education Support,Orphan
PLUS-000716,mulwa musilachepkirui,53365278,254 114 892 47,mulwa.musila@yahoo.com,1995-03-04,FEMALE,Nyeri,Kieni,Mweiga,"Plot 70, Lane 19, Jogoo",11-Nov-2026,pending,4,Self-Employed,192500,Food Support,Orphan
PLUS-000717,rimberia omar,22388317,254 759 931 63,rimberia.omar@yahoo.com,1970-09-21,MALE,Kakamega,Lugari,Mautuma,"Plot 56, Lane 17, Mugumo",06-Jun-2024,inactive,4,Employed,12500,Medical Cover,Orphan
PLUS-000718,kagwiria thomas rotich,98996499,254 115 002 63,kagwiria.rotich@gmail.com,1964-02-27,MALE,Uasin Gishu,Moiben,Moiben,"House 338, Kiambu Avenue, Kiambu Road",11-10-2026,inactive,2,Unemployed,12000,Cash Transfer,Youth
PLUS-000719,"saidimu, wanjiru",58638387,Unknown,wanjiru.saidimu@yahoo.com,1970-08-22,MALE,Kisumu,,,"Plot 91, Lane 10, Westlands",18/11/2023,active,4,Retired,72000,Education Support,Vulnerable
PLUS-000720,silas mworoa,14109890,254 777 068 51,silas.mworoa@yahoo.com,1983-01-08,MALE,Uasin Gishu,Soy,Ziwa,"Plot 262, Lane 7, Kiambu Road",20/07/2024,inactive,7,Unemployed,57000,Medical Cover,Widow
PLUS-000721,malachi githua, 35395354,254 719 352 17,malachi.githua@yahoo.com,1994-05-03,FEMALE,Bungoma,Kabuchai,West Nalondo,"House 386, Thika Drive, Outering",2025-02-02,inactive,1,Unemployed,78000,Medical Cover,Vulnerable
PLUS-000722,"musyoka, kiprotich",72117013,254 119 000 58,kiprotich.musyoka@hotmail.com,1970-01-09,FEMALE,Kilifi,Malindi,Jilore,"Plot 421, Lane 16, Kileleshwa",2024-03-19,inactive,4,Self-Employed,109000,Food Support,PWD
PLUS-000723,nicholas faith awino,76679708,254 725 876 76,nicholas.awino@yahoo.com,1978-11-11,MALE,Nairobi,Westlands,Mountain View,"House 210, Kiambu Avenue, Lavington",04-Apr-2024,active,3,Employed,26500,Business Grant,Youth
PLUS-000724,pauline mbakka,30-546-143,254 761 029 99,pauline.mbaka@gmail.com,1989-12-10,MALE,Bungoma,Mt. Elgon,Kapkateny,"House 355, Athi River Drive, Uhuru",26-01-2024,inactive,3,Employed,29500,Cash Transfer,Youth
PLUS-000725,nabwire jepkorir,15406577,+254 782-607-51,nabwire.jepkorir@gmail.com,1984-05-16,MALE,Nairobi,Dagoretti North,Kawangware,"House 480, Likoni Avenue, Kilimani",05-Nov-2023,active,6,Student,20500,Education Support,Widow
PLUS-000726,syombua kimutai,29846665,25411124314,syombua.kimutai@gmail.com,1997-01-19,FEMALE,Kiambu,Kiambu,Ndumberi,"Plot 134, Lane 11, Ngong Road",09-04-2025,inactive,5,Retired,25000,Medical Cover,Vulnerable
PLUS-000727,priscilla njorogne,24013159,254 713 542 80,priscilla.njoroge@outlook.com,1983-11-16,MALE,Mombasa,Changamwe,Airport,"House 329, Athi River Street, Thika Superhighway",05-06-2024,active,12,Employed,12500,Cash Transfer,Widow
PLUS-000728,rebecca keteratieno,56590046,254 764 297 00,r.keter@gmail.com,1987-11-18,FEMALE,Nairobi,Dagoretti South,Mutuini,Unknown,,pending,4,Retired,19000,Food Support,Widow
PLUS-000729,sophia mark omondi,35045820,254 723 378 96,sophia.omondi@hotmail.com,1965-12-18,MALE,Kilifi,Kilifi South,Mtepeni,"House 306, Uhuru Drive, Kilimani",06 Oct 2023,inactive,3,Unemployed,174000,Cash Transfer,Youth
PLUS-000730,kipkirui mwani,14273658,Not Provided,kipkirui.mwangi@hotmail.com,1993-03-10,MALE,Not Provided,,Cherangany/Suwerwa,"House 379, Uhuru Street, Lavington",17-06-2024,inactive,3,Retired,8500,Cash Transfer,Youth
PLUS-000731,matthew david muema,21336167,+254 774-266-29,muemamatthew@outlook.com,1991-12-23,Female,Nakuru,Nakuru Town East,Kivumbini,House 25 Parklands Road Waiyaki,29/05/2024,Pending,2,Retired,54000,Business Grant,Vulnerable
PLUS-000732,kioko kaimenyi okoth,92108031,254 727 119 41,kioko.okoth@yahoo.com,1977-10-15,FEMALE,Kisumu,Muhoroni,Muhoroni/Koru,"Plot 390, Lane 2, Garden Estate",12/24/2023,active,4,Unemployed,97000,Education Support,Youth
PLUS-000733,elizabeth marette,86456040,254 108 284 83,elizabeth.marete@gmail.com,1990-11-27,FEMALE,Kisumu,Kisumu East,Nyalenda 'A',"House 115, Tom Mboya Street, Lavington",30/08/2024,pending,2,Student,37000,Cash Transfer,PWD
PLUS-000734,kwamboka awinu,52951801,254 116 561 64,kwamboka.awino@gmail.com,1997-04-19,MALE,Machakos,Kathiani,Kathiani Central,"Plot 166, Lane 8, Mombasa Road",06 Apr 2025,pending,8,Unemployed,76500,Education Support,PWD
PLUS-000735,jepchumba leshan,Not Provided,254 766 306 87,jepchumba.leshan@gmail.com,1974-04-07,MALE,Kiambu,Ruiru,Gatong'ora,"House 116, Kitisuru Avenue, Kitisuru",2024-02-21,pending,5,Employed,29000,Business Grant,Widow
PLUS-000736,erick achieng,71744706,254 755 566 33,erick.achieng@gmail.com,1994-10-03,MALE,Kilifi,Magarini,Magarini,"House 152, Mombasa Road Road, Mugumo",2024-06-07,inactive,2,Self-Employed,65500,Business Grant,Widow
PLUS-000737,owuor achieng kagwe,32959320,254 797 716 57,owuor.kagwe@outlook.com,,FEMALE,Not Provided,Lang'ata,South C,,20240824,active,8,Employed,157000,Business Grant,Widow
PLUS-000738,onsongo munyao rimberia,16 565 770,254 722 554 57,onsongo.rimberia@gmail.com,1977-01-22,MALE,Kisumu,Nyando,Kabonyo/Kanyagwal,"Plot 26, Lane 6, Parklands",28-May-24,pending,4,Unemployed,27000,Medical Cover,PWD
PLUS-000739,mumo gathoni gichuki,92138779,254 793 798 25,mumo.gichuki@yahoo.com,1981-04-22,MALE,Nairobi,Westlands,Mountain View,"House 434, Thika Avenue, Outering",22-12-2024,pending,4,Student,49500,Cash Transfer,PWD
PLUS-000740,atieno ondieki kemei,16027748,254 755 878 93,atieno.kemei@yahoo.com,1969-04-18,FEMALE,Kisumu,Nyakach,North Nyakach,"Plot 364, Lane 6, Mombasa Road",29-Aug-26,active,5,Self-Employed,77000,Cash Transfer,Youth
PLUS-000741,jacqueline senteu,75874779,254 729 013 87,jacqueline.senteu@hotmail.com,1982-10-05,FEMALE,Nairobi County,Lang'ata,South C,"Plot 258, Lane 6, Lavington",27-07-2023,active,5,Student,18500,Business Grant,Vulnerable
PLUS-000742,nduku kipngetich,41-445-855,254 738 504 44,nduku.kipngetich@yahoo.com,1999-06-26,FEMALE,Uasin Gishu,Kesses,Racecourse,"Plot 391, Lane 9, Moi Avenue",30-11-2026,active,3,Student,138500,Food Support,Elderly
PLUS-000743,bosibori mumo gitonga,80-910-084,254 101 672 82,bosibori.gitonga@gmail.com,1993-03-23,FEMALE,Kakamega,Butere,Marama Central,"Plot 209, Lane 1, Waiyaki",25/05/2026,active,8,Unemployed,100500,Medical Cover,Vulnerable
PLUS-000744,peter tsuuma,81688074,254 794 852 30,peter.tsuma@yahoo.com,1998-05-12,MALE,Kiambu,Githunguri,Githiga,"Plot 380, Lane 4, Thika Superhighway",11/02/2025,pending,4,Retired,27500,Education Support,Youth
PLUS-000745,kilonzo kivuva,67385857,254 106 683 04,kilonzo.kivuva@yahoo.com,2002-07-25,FEMALE,Meru,North Imenti,Nyaki West,"Plot 425, Lane 8, Ngong Road",2026-04-12,active,3,Student,62500,Education Support,PWD
PLUS-000746,mutheu opiyo kinyua,69114124,254 717 379 70,mutheu.kinyua@hotmail.com,2000-06-27,MALE,Mombasa,Nyali,Ziwa la Ng'ombe,"House 333, Thika Drive, Lenana",03-12-2025,Unknown,3,Self-Employed,141000,Education Support,PWD
PLUS-000747,jane gacheru,98275197,254 757 532 17,jane.gacheru@gmail.com,1969-08-02,FEMALE,Bungoma,Mt. Elgon,Elgon,"Plot 109, Lane 20, Ruiru",27-10-2024,active,4,Employed,46500,Education Support,PWD
PLUS-000748,micah omar,44740194,254 749 938 84,micah.omar@gmail.com,1976-03-08,FEMALE,Nairobi,Dagoretti North,Gatina,"Plot 453, Lane 5, Kiambu",26/08/2025,active,7,Unemployed,31500,Cash Transfer,Youth
PLUS-000749,maina gladys wanyoike,50880085,254 774 450 26,maina.wanyoike@gmail.com,1986-11-15,FEMALE,Nyeri,Tetu,Aguthi/Gaaki,"Plot 235, Lane 20, Likoni",09/04/2024,active,4,Employed,96000,Cash Transfer,Youth
PLUS-000750,allan chepkwonny,48462628,0109.714.98,allan.chepkwony@outlook.com,1997-01-14,FEMALE,Meru,IgembeCentral,Athiru Gaiti,"House 206, Athi River Road, Argwings Kodhek",2026-06-21,inactive,5,Retired,5000,Medical Cover,Widow
PLUS-000751,ndinda nbea,10377208,254 731 736 21,ndinda.nabea@hotmail.com,1997-11-28,MALE,Nairobi,Dagoretti North,Kawangware,"Plot 260, Lane 1, Kangundo",29 Apr 2023,active,3,Employed,38000,Cash Transfer,Elderly
PLUS-000752,mugo kaimenyi,82592239,254 726 246 35,mugo.kaimenyi@outlook.com,1993-10-13,MALE,Machakos,Masinga,Muthesya,"Plot 14, Lane 4, Karen",27-Jan-2025,inactive,5,Employed,123500,Food Support,Orphan
PLUS-000753,mugo mercy mburu,11658959,254 118 108 59,mugo.mburu@yahoo.com,1983-04-22,FEMALE,Nyeri County,Mukurweini,Githi,"House 339, Kileleshwa Drive, Uhuru",02-02-2026,inactive,9,Retired,45500,Education Support,Orphan
PLUS-000754,syombua chepkoriir,68227454,254 704 157 34,syombua.chepkorir@gmail.com,1983-09-28,FEMALE,Kilifi,Ganze,Bamba,"House 103, Kileleshwa Street, Kiambu Road",19-08-2026,inactive,8,Unemployed,110500,Cash Transfer,Youth
PLUS-000755,anna emily koech,15757856,254 113 901 37,anna.koech@outlook.com,2000-04-02,MALE,Bomet,Bomet East,Merigi,"House 370, Argwings Kodhek Street, Mugumo",2024-09-01,active,8,Unemployed,162000,Business Grant,Elderly
PLUS-000756,john jane awiti,7715-8078,254 744 047 89,john.awiti@gmail.com,1972-12-16,MALE,Nakuru,Subukia,Kabazi,"Plot 198, Lane 17, Limuru",30/04/2023,pending,4,Student,27500,Medical Cover,Widow
PLUS-000757,christopher sarah wafula,96688443,254 767 480 50,c.w@yahoo.com,02-Dec-1976,female,Meru,Igembe North,Antuamburi,"House 231, Waiyaki Ave, Ruiru",18-01-2025,Inactive,1,Student,5000,Education Support,Vulnerable
PLUS-000758,kwamboka mutinda,94535808,078 509 689,kwamboka.mutinda@gmail.com,1987-03-25,FEMALE,Nakuru,Subukia,Kabazi,"Plot 370, Lane 9, Moi Avenue",21-11-2024,active,2,Employed,19000,Education Support,Elderly
PLUS-000759,aaron moraa muthuri,31424479,254 713 598 96,aaron.muthuri@yahoo.com,1997-12-02,MALE,Bungoma,Bumula,Kimaeti,"House 479, Tom Mboya Street, Argwings Kodhek",Unknown,active,2,Not Provided,69000,Business Grant,Elderly
PLUS-000760,githinji mutwiri mogaka,41635154,254 107 916 55,githinji.mogaka@gmail.com,1971-06-03,FEMALE,Kiambu,Githunguri,Githiga,"Plot 380, Lane 6, Argwings Kodhek",13-12-2026,inactive,5,Retired,11500,Education Support,PWD
PLUS-000761,robert gathoni ogero,61335115,254 757 148 47,robert.ogero@gmail.com,1991-02-10,MALE,Machakos,Mavoko,Muthwani,"House 357, Juja Avenue, Ngong",28-Apr-2023,pending,8,Student,60500,Business Grant,Elderly
PLUS-000762,robert mbaka kariuki,85672859,254 114 186 72,robert.kariuki@outlook.com,1987-08-25,MALE,Bungoma,Bumula,Bumula,"Plot 13, Lane 12, Likoni",09-04-2025,inactive,3,Retired,10000,Food Support,Orphan
PLUS-000763,alexander gacheru,40291145,254 791 178 30,alexander.gacheru@gmail.com,05-Oct-86,M,Nairobi,Dagoretti South,Mutuini,Plot 27 Lane 2 Jogoo,20240702,ACTIVE,1,Self-Employed,15000,Business Grant,PWD
PLUS-000764,teresa odua,55239722,254 741 578 36,teresa.oduya@yahoo.com,1990-09-15,MALE,Bungoma,Kabuchai,Kabuchai/Chwele,"Plot 9, Lane 3, Ngong",12/11/2026,active,3,Employed,74500,Cash Transfer,Vulnerable
PLUS-000765,mutinda ochieng,22303040,+25472584133,mutinda.ochieng@gmail.com,1995-08-10,FEMALE,Machakos,Matungulu,Matungulu North,"House 310, Kangundo Avenue, Kasarani",23-04-2026,active,7,Retired,16500,Cash Transfer,PWD
PLUS-000766,florence deborah wambui,28699996,,florence.wambui@yahoo.com,,MALE,,Limuru,Limuru Central,"Plot 378, Lane 4, Kasarani",02/22/2024,pending,4,Unemployed,20000,Education Support,Orphan
PLUS-000767,mutheu waithera kiarie,27409552,254 788 797 31,Not Provided,1948-11-28,MALE,Kakamega,Mumias East,East Wanga,"Plot 107, Lane 14, Karen",03/09/2025,inactive,9,Employed,14500,Education Support,Youth
PLUS-000768,eunice kariuki adoyo,11851426,254 787 785 57,eunice.adoyo@yahoo.com,1968-04-02,FEMALE,Nairobi,Kibra,Makina,"Plot 166, Lane 18, Westlands",05/01/2023,inactive,,Retired,8000,Business Grant,Vulnerable
PLUS-000769,kiprono nabea,40 061 384,254 737 580 71,kiprono.nabea@outlook.com,Not Provided,FEMALE,Kilifi,Kaloleni,Mariakani,"House 130, Uhuru Road, Kangundo",28-Feb-2023,Not Provided,2,Unknown,104500,Cash Transfer,Youth
PLUS-000770,kipchirchir ndegwa,95394210,254 704 538 52,kipchirchir.ndegwa@outlook.com,1957-08-15,FEMALE,Kisumu,Kisumu West,South West Kisumu,"House 370, Kilimani Street, Kiambu",08-Apr-23,active,3,Employed,17000,Food Support,Vulnerable
PLUS-000771,leah mwikali,76-577-067,254 741 521 13,leah.mwikali@outlook.com,1979-04-12,FEMALE,Machakos,Kathiani,Upper Kaewa/Iveti,"House 170, Langata Avenue, Kenyatta",2023-10-25,active,5,Unemployed,27000,Business Grant,Youth
PLUS-000772,chepkoech kivua,Not Provided,254 729 658 42,chepkoech.kivuva@gmail.com,1978-10-18,MALE,Bungoma,Webuye West,Sitikho,"Plot 327, Lane 2, Westlands",13 Dec 2025,inactive,3,Retired,44000,Education Support,Elderly
PLUS-000773,harun mitei,90237609,254 799 786 44,harun.mitei@gmail.com,1974-11-08,MALE,Bungoma,Bumula,Bumula,"Plot 172, Lane 6, Thika Superhighway",08/06/2026,pending,3,Retired,30000,Cash Transfer,Orphan
PLUS-000774,jane kaampiu,67299090,254 786 957 87,jane.kanampiu@gmail.com,1950-02-06,MALE,Nyeri,Mathira,Konyu,"House 240, Westlands Street, Langata",16/07/2023,active,6,Retired,10500,Business Grant,Widow
PLUS-000775,nabea benjamin githua,,254 799 053 56,nabea.githua@gmail.com,1980-05-21,FEMALE,Kisumu,Muhoroni,Chemelil,"Plot 368, Lane 13, Likoni",2025-03-21,pending,7,Unemployed,63500,Cash Transfer,Vulnerable
PLUS-000776,silas peace mungai,77368164,254 709 609 50,silas.mungai@gmail.com,1979-12-19,FEMALE,Uasin Gishu County,Turbo,Ngenyilel,"Plot 296, Lane 11, Athi River",19-Jan-2026,active,5,Unemployed,27500,Business Grant,Widow
PLUS-000777,ruth kipkorir,31948898,254 727 027 91,ruth.kipkorir@yahoo.com,1993-11-05,FEMALE,Nakuru,Subukia,Kabazi,"Plot 369, Lane 17, Athi River",23-Feb-2025,active,5,Employed,15500,Medical Cover,Widow
PLUS-000778,mbaka muriuki,16481532,254 724 706 94,mbaka.muriuki@outlook.com,1968-09-03,FEMALE,Nairobi,Kasarani,Kamulu,"House 351, Tom Mboya Street, Kilimani",09 Nov 2025,pending,2,Retired,45500,Medical Cover,Youth
PLUS-000779,namukhula karanja,94457909,254 745 592 09,namukhula.karanja@gmail.com,1950-08-15,MALE,Mombasa,Mvita,Tononoka,"Plot 296, Lane 3, Moi Avenue",20-06-2026,active,1,Student,33500,Food Support,Vulnerable
PLUS-000780,mugo mungai,54004149,254 722 874 26,mugo.mungai@yahoo.com,1952-02-12,MALE,Nairobi,Lang'ata,Nairobi West,"Plot 12, Lane 4, Limuru",2023-07-27,pending,3,Self-Employed,144500,Cash Transfer,Widow
PLUS-000781,gladys ombati mwakideu,19607241,254 716 955 51,gladys.mwakideu@outlook.com,1960-02-17,FEMALE,Kiambu,Kikuyu,Kinoo,"Plot 261, Lane 10, Lavington",07-Aug-25,active,4,Retired,18500,Medical Cover,Widow
PLUS-000782,namukhula macharia,46167085,254 113 833 49,macharianamukhula@hotmail.com,25-06-1953,F,Uasin Gishu,Moiben,Sergoit,"PLOT 74, LANE 16, RUIRU",2023-08-30,Inactive,4,Employed,128500,Cash Transfer,Orphan
PLUS-000783,muthoni sarah kipkorir,40 158 481,254 708 216 27,muthoni.kipkorir@gmail.com,1972-05-03,FEMALE,Nairobi,Kasarani,Njiru,"Plot 76, Lane 13, Waiyaki",2026-02-22,active,4,Employed,23500,Business Grant,Youth
PLUS-000784,judy mcharo,87423293,254 706 506 09,judy.mcharo@yahoo.com,1957-08-24,FEMALE,Mombasa,Jomvu,Miritini,"Plot 159, Lane 16, Moi Avenue",18-01-2024,pending,3,Unemployed,125000,Medical Cover,Vulnerable
PLUS-000785,ndinda muema,75317756,254 738 010 34,,1987-06-27,MALE,Trans Nzoia,Endebess,Matumbei,"House 292, Thika Superhighway Road, Ngong Road",25-Jan-2024,inactive,4,Unknown,14000,Education Support,Orphan
PLUS-000786,adhiambo isaiah kasina,97956703,254 117 407 58,adhiambo.kasina@gmail.com,1980-11-11,FEMALE,NAKURU,SUBUKIA,SUBUKIA,"House 367, Kenyatta Avenue, Ruiru",2026-10-25,pending,9,Student,72500,Education Support,PWD
PLUS-000787,jonah anyango,34546715,254 119 773 36,jonah.anyango@hotmail.com,2006-07-17,FEMALE,Nakuru,Naivasha,Maiella,"House 216, Kasarani Road, Garden Estate",21-Jul-25,pending,1,Self-Employed,50000,Food Support,Orphan
PLUS-000788,onsongo mwwinyi,94997392,+25477216665,onsongo.mwinyi@gmail.com,1988-12-19,MALE,Kiambu,Kikuyu,Kikuyu,"Plot 395, Lane 6, Athi River",11-07-2023,pending,5,Unemployed,47000,Business Grant,PWD
PLUS-000789,auma ngento,42733135,254 793 855 26,auma.ngeno@gmail.com,1987-07-05,FEMALE,Nyeri,Kieni,Naromoru/Kiamathaga,"Plot 33, Lane 13, Kilimani",19-Sep-2024,pending,5,Unemployed,32000,Education Support,Widow
PLUS-000790,muthoka munyao,30946019,254 111 588 25,muthoka.munyao@hotmail.com,1966-02-23,MALE,Trans Nzoia,Kiminini,Sirende,"Plot 203, Lane 8, Mugumo",14-Nov-2026,pending,7,Employed,21500,Cash Transfer,Youth
PLUS-000791,rose  florence  rimberia,68829924,254 107 564 80,rose.rimberia@yahoo.com,Not Provided,FEMALE,Kilifi,,Kayafungo,"Plot 236, Lane 2, Kitisuru",2025-08-02,active,9,Student,Unknown,Business Grant,Youth
PLUS-000792,caroline jonah jepkorir,46428687,254 773 911 48,c.jepkorir@outlook.com,19800112,MALE,Kilifi,Kaloleni,Kaloleni,Plot 59 Lane 5 Thika,24-07-2024,A,4,Employed,56500,Medical Cover,Vulnerable
PLUS-000793,margaret mwango,56-421-468,254 787 711 76,m.m@outlook.com,Not Provided,Female,Unknown,Mt. Elgon,Chepyuk,"Plot 85, Ln 20, Kitisuru",08-Aug-2024,pending,6,Retired,23500,Business Grant,PWD
PLUS-000794,kinya gikonyo,52977271,254 704 037 26,kinya.gikonyo@yahoo.com,1952-01-13,MALE,Mombasa,Likoni,Likoni,"Plot 138, Lane 5, Thika",2025-01-17,pending,4,Self-Employed,11500,Business Grant,PWD
PLUS-000795,"olela, muema",87804495,254 107 198 89,muema.olela@gmail.com,1986-08-23,FEMALE,Kakamega,Butere,Marama West,"Plot 217, Lane 9, Thika Superhighway",25-02-2026,pending,6,Retired,30000,Cash Transfer,PWD
PLUS-000796,wairimu jeremiah ali,14874387,254 729 153 90,wairimu.ali@gmail.com,1992-06-28,FEMALE,Nakuru,Nakuru Town East,Biashara,"House 325, Jogoo Street, Garden Estate",11/12/2024,active,3,Unemployed,27000,Medical Cover,Elderly
PLUS-000797,anna awino oduya,76510566,254 102 568 76,anna.oduya@gmail.com,1993-05-24,FEMALE,Meru,Tigania East,Kiguchwa,"House 377, Westlands Drive, Likoni",04/29/2025,pending,4,Retired,42000,Food Support,Widow
PLUS-000798,flora leshan ndegwa,71587674,254 113 688 91,flora.ndegwa@outlook.com,1991-12-08,FEMALE,Nairobi,Westlands,Kitisuru,"House 109, Argwings Kodhek Street, Garden Estate",25/12/2025,pending,4,Employed,71500,Business Grant,Widow
PLUS-000799,wachira marete,26144121,254 114 268 04,wachira.marete@hotmail.com,1999-10-17,MALE,Kiambu,Kiambu,Kihara,"House 314, Ngong Drive, Kiambu",2024-04-23,pending,1,Student,67000,Food Support,Orphan
PLUS-000800,eunice jepkoech muthama,15276122,254 749 773 82,muthamaeunice@gmail.com,07/13/1984,female,Kiambu,Limuru,Limuru Central,Plot 362 Lane 4 Ngong,02-02-2024,pending,6,Employed,13000,Cash Transfer,Elderly
PLUS-000801,kebaso gakii lubanga,56091075,254 736 508 52,kebaso.lubanga@hotmail.com,1979-07-12,MALE,Kiambu,Ruiru,Kahawa Sukari,"House 221, Thika Road, Likoni",05-15-2026,active,6,Self-Employed,19000,Medical Cover,Widow
PLUS-000802,naisula wandera,90921574,254 104 222 61,naisula.wandera@hotmail.com,,FEMALE,Bomet,Konoin,Chepchabs,"Plot 202, Lane 9, River Road",2025-06-16,active,Unknown,Self-Employed,58500,Cash Transfer,Widow
PLUS-000803,gitobu lois kinya,19-250-084,254 747 652 35,gitobu8@yahoo.com,23-11-1979,M,Kiambu,Kiambu,Riabai,"House 10, Tom Mboya Avenue, Ngong Road",09/08/2023,active,4,Unemployed,122000,Education Support,Vulnerable
PLUS-000804,wairimu kivuva,92509986,Unknown,wairimu.kivuva@gmail.com,1993-11-13,MALE,Nairobi,Kibra,Laini Saba,"House 247, Lenana Road, Athi River",20250213,pending,3,Self-Employed,37500,Cash Transfer,PWD
PLUS-000805,evelyn jepkoechnafula,49-071-526,254 795 148 77,evelyn.jepkoech@gmail.com,1975-10-07,MALE,Kakamega,Mumias East,East Wanga,"Plot 452, Lane 11, Kitisuru",10-10-2023,pending,5,Employed,68000,Cash Transfer,Youth
PLUS-000806,chepkoech mueni nzioka,91651740,254 739 361 11,,1970-08-17,MALE,Bomet,Bomet East,Merigi,"House 412, Ngong Drive, Argwings Kodhek",14/02/2026,inactive,3,Student,17000,Medical Cover,Youth
PLUS-000807,john mukhwiana,52137942,254 738 566 03,j@gmail.com,28 Mar 1990,M,MACHAKOS,Matungulu,Matungulu East,Plot 288 Lane 7 Kitisuru,01-Jun-2026,Pending,3,Unemployed,37000,Food Support,Vulnerable
PLUS-000808,jebiwott ruth kilonzo,51877379,254 731 753 53,jebiwott.kilonzo@gmail.com,1956-02-11,MALE,Mombasa,Nyali,Mkomani,"Plot 172, Lane 10, Thika",07/16/2023,active,1,Student,134000,Cash Transfer,PWD
PLUS-000809,atieno athman,70692728,254 702 398 53,a.a@gmail.com,1970-01-28,FEMALE,Kiambu,Kiambu,Ndumberi,"House 441, Thika Superhighway St, Mugumo",20250515,I,5,Employed,200000,Cash Transfer,PWD
PLUS-000810,wekesa nafula chepkorir,92 227 443,254 727 192 27,wekesa.chepkorir@gmail.com,1977-12-04,FEMALE,Kakamega,Ikolomani,Idakho South,"Plot 21, Lane 18, Lavington",2024-05-23,active,4,Retired,66000,Business Grant,Orphan
PLUS-000811,veronica agnes kenga,47586447,254 774 198 65,veronica.kenga@gmail.com,1989-08-04,FEMALE,Mombasa,Likoni,Bofu,"Plot 42, Lane 3, Kikuyu",21-01-2023,pending,3,Retired,113500,Food Support,Orphan
PLUS-000812,elijah kiprotich,60148340,254 722 237 50,elijah.kiprotich@outlook.com,1969-01-16,MALE,Trans Nzoia,Cherangany,Motosi,"House 214, Kilimani Road, Parklands",2023-10-22,active,3,Employed,16500,Business Grant,Orphan
PLUS-000813,kipkemboi machari,40563798,254 797 741 87,kipkemboi.macharia@outlook.com,1955-07-09,FEMALE,Bomet,Chepalungu,Sigour,"Plot 188, Lane 4, Kiambu",17-02-2025,active,3,Unemployed,22000,Cash Transfer,Youth
PLUS-000814,ongeri muthaa sigei,37852975,254 711 309 16,ongeri.sigei@yahoo.com,2003-09-17,MALE,Nakuru,Gilgil,Murindat,"House 403, Thika Superhighway Road, Kikuyu",06/15/2026,pending,2,Retired,32000,Business Grant,Widow
PLUS-000815,mutua kinyua,75959809,254 735 579 69,mutua.kinyua@gmail.com,1986-05-04,MALE,Mombasa,Likoni,Mtongwe,"Plot 328, Lane 1, Jogoo",17-Sep-2025,inactive,3,Unemployed,20500,Business Grant,Widow
PLUS-000816,brian mogaka wamuyu,36358707,254 107 165 37,brian.wamuyu@yahoo.com,1997-05-22,FEMALE,KAKAMEGA,SHINYALU,ISUKHA NORTH,"House 203, Kasarani Avenue, Kasarani",17-May-25,pending,Not Provided,Self-Employed,49000,Education Support,Orphan
PLUS-000817,mwangi naliaak,47959633,254 773 209 19,mwangi.naliaka@outlook.com,1987-09-18,FEMALE,Kilifi,Kaloleni,Kayafungo,"Plot 83, Lane 17, Langata",09-28-2024,inactive,9,Self-Employed,16000,Cash Transfer,Vulnerable
PLUS-000818,agnes wachira,18-519-119,254 781 858 45,agnes.wachira@hotmail.com,1963-11-23,MALE,Nairobi,Dagoretti North,Gatina,"Plot 94, Lane 19, Kilimani",26/12/2024,active,4,Unemployed,28000,Business Grant,Orphan
PLUS-000819,esther isaac mbuthia,30842471,254 114 480 09,esther.mbuthia@gmail.com,1993-05-07,MALE,Bungoma,Bumula,Khasoko,"Plot 238, Lane 15, Uhuru",2024-12-23,Unknown,3,Retired,53000,Education Support,PWD
PLUS-000820,kinyua kipkemoi,10978095,254 105 683 58,kinyua.kipkemoi@gmail.com,1975-03-12,MALE,Nakuru,Naivasha,Hells Gate,"Plot 111, Lane 5, Waiyaki",2025-05-19,inactive,2,Student,41000,Food Support,Youth
PLUS-000821,masinde m. lenguro,61028923,254 798 727 14,masinde.lenguro@gmail.com,1999-07-14,MALE,NAKURU,Kuresoi North,Nyota,"Plot 55, Lane 18, Langata",07/20/2024,active,5,Self-Employed,10000,Cash Transfer,Widow
PLUS-000822,kwamboka njoroge,43030672,254 102 404 03,kwamboka.njoroge@yahoo.com,1988-05-21,FEMALE,Bungoma,Bumula,Bumula,"House 177, Kiambu Drive, Waiyaki",28/07/2025,active,5,Student,18500,Medical Cover,Widow
PLUS-000823,diana wacchira,15838870,254 114 450 80,diana.wachira@gmail.com,1999-08-24,FEMALE,Mombasa,Not Provided,Chaani,"Plot 397, Lane 19, River Road",16-01-2024,pending,2,Unemployed,144500,Business Grant,Youth
PLUS-000824,sharon  erick  kiprono,39-924-449,+254 796 782 66,sharon.kiprono@hotmail.com,1981-07-04,FEMALE,Turkana,Loima,Turkwel,"Plot 194, Lane 17, Kikuyu",2024-10-15,inactive,5,Self-Employed,35500,Cash Transfer,Orphan
PLUS-000825,diana nokun mwangi,42-867-023,Not Provided,diana.mwangi@hotmail.com,1990-05-10,MALE,Nyeri,,Naromoru/Kiamathaga,"House 48, Lenana Road, Kiambu",12/08/2024,pending,4,Retired,19000,Medical Cover,PWD
PLUS-000826,charity joshua muriuki,76161613,254 717 752 06,charity.muriuki@outlook.com,1966-09-25,FEMALE,Kakamega,Lugari,Manda/Shivanga,"Plot 297, Lane 20, Athi River",01 Feb 2023,inactive,7,Unemployed,32500,Food Support,Orphan
PLUS-000827,senteu gakii kipkemoi,4767-5950,+25476881497,senteu.kipkemoi@yahoo.com,1976-04-20,FEMALE,Trans Nzoia,Kwanza,Kapomboi,"House 451, Langata Street, Kasarani",08-Jun-2026,inactive,2,Student,66000,Education Support,Orphan
PLUS-000828,kipkemoi kagwe,20-969-370,254 102 438 17,kipkemoi_kagwe@hotmail.com,26-May-1966,Female,Kakamega,Matungu,Kholera,"House 385, Garden Estate Drive, Kileleshwa",15-Aug-26,pending,1,Employed,71000,Education Support,Widow
PLUS-000829,wairimu mcharo,52939958,254 706 782 60,wairimu.mcharo@hotmail.com,1960-10-17,MALE,Kiambu,Lari,Kijabe,"Plot 392, Lane 15, Westlands",2025-12-06,inactive,7,Self-Employed,49000,Business Grant,PWD
PLUS-000830,githinji koriar,64286033,0104-810-16,githinji30@gmail.com,2001-01-16,female,Nairobi,Lang'ata,Nyayo Highrise,"house 349, karen drive, kasarani",06-Aug-23,A,3,Student,64500,Medical Cover,Youth
PLUS-000831,charity victor simiyu,93443712,254 784 660 80,charity.simiyu@gmail.com,1992-09-10,FEMALE,Nakuru,Nakuru Town East,Flamingo,"Plot 191, Lane 13, Waiyaki",19/02/2023,active,4,Retired,43000,Cash Transfer,Widow
PLUS-000832,mumo mwoora,13306687,254 751 307 50,mumo.mworoa@hotmail.com,1996-05-04,MALE,Bungoma,Sirisia,Malakisi/South Kulisiru,"Plot 283, Lane 19, Kangundo",18-05-2023,inactive,4,Employed,7500,Medical Cover,Widow
PLUS-000833,kwamboka wangari,75025705,254 765 489 02,kwamboka.wangari@yahoo.com,1977-05-18,FEMALE,Trans Nzoia,Kiminini,Kiminini,"House 333, Kasarani Avenue, Lavington",09/29/2026,active,3,Student,87500,Business Grant,Orphan
PLUS-000834,mary muthama,26773207,254 711 373 40,mary.muthama@yahoo.com,,FEMALE,Nyeri,Mathira,Konyu,"Plot 368, Lane 11, Kangundo",2026-01-25,pending,4,Employed,74500,Medical Cover,Elderly
PLUS-000835,joseph cynthia wabomba,44625815,254 778 953 36,joseph.wabomba@gmail.com,1997-02-20,FEMALE,Trans Nzoia,Endebess,Matumbei,"Plot 20, Lane 10, Kangundo",03-Sep-2025,inactive,1,Self-Employed,37500,Business Grant,Widow
PLUS-000836,cecilia chepkwony,25-554-265,254 722 144 97,cecilia.chepkwony@yahoo.com,1974-05-25,MALE,Bomet,Konoin,Kimulot,"House 197, Likoni Road, Ruaraka",20-10-2025,active,6,Self-Employed,20500,Food Support,Orphan
PLUS-000837,syokau mwikali gichuki,12012537,0767.857.61,syokau.gichuki@gmail.com,1983-02-22,MALE,Kilifi,,Shella,"House 35, Lenana Drive, Lavington",23 Feb 2024,pending,2,Retired,56000,Medical Cover,Youth
PLUS-000838,catherine omondi,94989716,254 104 764 35,catherine.omondi@hotmail.com,1959-10-07,MALE,Nakuru,Molo,Turi,"House 364, Kiambu Road Street, Kikuyu",02/11/2025,inactive,4,Student,19000,Cash Transfer,Orphan
PLUS-000839,kagendo chepkorir,68-670-156,254 762 278 62,kagendo.chepkorir@yahoo.com,Not Provided,FEMALE,Nairobi,Dagoretti North,Kileleshwa,"Plot 452, Lane 3, Lenana",01/06/2024,Not Provided,3,Employed,51000,Food Support,Elderly
PLUS-000840,wangari hassan,79865892,254 747 655 95,wangari.hassan@gmail.com,1969-04-17,FEMALE,Kiambu,Kiambu,Kihara,"House 434, Thika Avenue, Moi Avenue",07-13-2025,Not Provided,3,Self-Employed,5000,Food Support,Elderly
PLUS-000841,ronald faith omar,53764429,254 116 486 16,ronald.omar@gmail.com,1984-03-20,MALE,Trans Nzoia,Kwanza,Bidii,"Plot 266, Lane 12, Limuru",2024-08-07,inactive,4,Self-Employed,11500,Medical Cover,Widow
PLUS-000842,david lenguro,98676416,254 746 837 15,david.lenguro@yahoo.com,1978-02-28,MALE,Bungoma,Webuye East,Ndivisi,"Plot 95, Lane 8, Karen",04-07-2026,inactive,6,Self-Employed,200000,Cash Transfer,Youth
PLUS-000843,judy mumo,61987708,254 748 117 51,jmumo@gmail.com,03/04/1954,Female,Bomet,Bomet Central,Ndarawetta,"Plot 187, Ln 17, Uhuru",23/04/2024,I,3,Unemployed,129000,Cash Transfer,Vulnerable
PLUS-000844,omar anna stephen,45109738 ,254 783 022 73,anna.omar@gmail.com,2000-11-03,FEMALE,Kilifi,Kaloleni,Mwanamwinga,"House 413, Kitisuru Street, Thika",14/12/2024,pending,4,Employed,37500,Cash Transfer,Youth
PLUS-000845,kerubo ann mwango,87999861,254 714 327 37,kerubo.mwango@yahoo.com,2003-12-24,FEMALE,Nyeri,Mathira,Kirimukuyu,"Plot 363, Lane 16, Thika",2026-06-24,active,4,Self-Employed,7000,Medical Cover,Elderly
PLUS-000846,deborah athmna,80075544,254 719 392 87,deborah_athman@gmail.com,20-02-1974,MALE,Uasin Gishu,Turbo,Huruma,Plot187Lane8Langata,12/14/2026,Pending,4,Retired,20000,Medical Cover,Vulnerable
PLUS-000847,philemon ndunge,15976187,254 113 849 25,ndungephilemon@gmail.com,1970-07-26,M,Nakuru,Molo,Molo,"plot 31, lane 7, tom mboya",2024-05-15,A,1,Employed,38500,Medical Cover,Youth
PLUS-000848,onsongo ndegwa,62451159,254 777 564 75,ndegwaonsongo@outlook.com,11/27/1950,male,Mombasa,Nyali,Ziwa la Ng'ombe,"PLOT 70, LANE 16, MOI AVENUE",2023-02-26,Active,5,Student,38000,Food Support,Orphan
PLUS-000849,kiprop jebiwott mukhwana,24212949,254 714 710 20,kiprop.mukhwana@yahoo.com,1964-06-04,FEMALE,Kiambu,Kabete,Muguga,"Plot 154, Lane 2, Kileleshwa",23 Jun 2025,inactive,4,Unemployed,44500,Medical Cover,Elderly
PLUS-000850,mutisya kariuki,98061208,254 117 243 17,mutisya.kariuki@yahoo.com,1987-05-17,MALE,Kakamega,Khwisero,Kisa Central,"House 262, Kiambu Road Street, Kasarani",12 Mar 2023,active,7,Self-Employed,39000,Education Support,Vulnerable
PLUS-000851,mwangi timothy muema,37423498,254 784 958 30,mwangi.muema@gmail.com,1955-12-15,MALE,Kisumu,Unknown,Not Provided,"Plot 294, Lane 11, Mugumo",2024-01-28,inactive,4,Not Provided,11000,Food Support,Orphan
PLUS-000852,jeremiah musalia,71492746,254 716 459 70,jeremiah.musalia@yahoo.com,1981-12-23,MALE,Meru,Igembe North,Naathu,"Plot 204, Lane 11, Lenana",29-Jan-2023,inactive,4,Student,13500,Cash Transfer,Widow
PLUS-000853,kipkirui gakii wangari,4160-6345,254 795 728 83,kipkirui.wangari@hotmail.com,1990-08-03,FEMALE,Nairobi,Dagoretti North,Gatina,"Plot 366, Lane 14, Karen",05-Jan-2025,active,7,Retired,27500,Business Grant,Youth
PLUS-000854,john kerubo rimberia,56509909,254 722 250 79,john.rimberia@yahoo.com,2003-07-10,FEMALE,Nairobi,Lang'ata,Mugumu-ini,"House 101, Parklands Road, Kiambu",22-08-2026,inactive,7,Student,48500,Medical Cover,Vulnerable
PLUS-000855,chepkorir mutune,75655873,254 795 320 16,chepkorir.mutune@yahoo.com,2001-04-28,FEMALE,Bungoma,Mt. Elgon,Elgon,"Plot 346, Lane 13, Kenyatta",2024-06-03,active,2,Employed,78500,Medical Cover,Orphan
PLUS-000856,onsongo mbuthia,48019794,254 708 253 05,onsongo.mbuthia@gmail.com,1988-12-13,MALE,Kakamega,Mumias East,Malaha/Isongo/Masindi,"House 187, Juja Road, River Road",17-Jun-2025,pending,2,Student,19500,Cash Transfer,Widow
PLUS-000857,aoko otieno,26272372,254 787 127 28,a.o@yahoo.com,1961-04-20,F,Turkana,Turkana East,Lokori/Kochodin,Plot68Lane3Lavington,09-12-2025,active,4,Retired,31500,Cash Transfer,Elderly
PLUS-000858,wangeci nekesa chepkorir,17050138,254 105 524 68,wangeci.chepkorir@gmail.com,1985-03-01,FEMALE,Nairobi,Westlands,Kitisuru,"House 74, Kenyatta Drive, Parklands",08-08-2025,pending,4,Retired,78000,Food Support,Youth
PLUS-000859,kipkorir ngang,26492810,Unknown,kipkorir.nganga@gmail.com,Not Provided,FEMALE,Trans Nzoia,Saboti,Matisi,"Plot 4, Lane 18, Ngong Road",21/08/2024,pending,7,Employed,48500,Food Support,Orphan
PLUS-000860,munyao mary namukhula,29405087,254 114 187 45,munyao.namukhula@gmail.com,2001-10-14,FEMALE,Machakos,Yatta,Ikombe,"Plot 265, Lane 19, Likoni",29-Jan-26,pending,3,Employed,30000,Food Support,Orphan
PLUS-000861,janet karnaja,82123324,254 722 657 22,janet.karanja@outlook.com,1970-04-24,FEMALE,Kakamega,Khwisero,Kisa Central,"House 118, Ngong Avenue, Kiambu Road",03-Sep-24,inactive,4,Retired,20500,Education Support,Vulnerable
PLUS-000862,rweria veronica wabomba,45346366,254 713 225 34,rweria.wabomba@hotmail.com,1967-05-14,FEMALE,Bomet,Konoin,Embomos,"Plot 366, Lane 10, Waiyaki",2026-06-29,pending,6,Retired,20000,Education Support,Elderly
PLUS-000863,brenda bett,64215650,+25477775156,brenda.bett@gmail.com,1990-11-15,FEMALE,Machakos,Matungulu,Matungulu West,"Plot 44, Lane 11, Waiyaki",12-20-2026,pending,10,Employed,18000,Cash Transfer,Widow
PLUS-000864,ongeri mutheu omondi,14-740-156,254 797 672 33,ongeri.omondi@gmail.com,1984-12-06,MALE,Kakamega,Mumias West,Etenje,"Plot 138, Lane 7, Ngong",2025-01-12,pending,3,Student,34000,Cash Transfer,Vulnerable
PLUS-000865,chepngeno barnabas kanampiu,37519951,254 716 497 26,chepngeno.kanampiu@gmail.com,2004-11-01,FEMALE,Unknown,Mathira,Konyu,"Plot 246, Lane 7, Ruaraka",22 Feb 2023,active,2,Unknown,7000,Food Support,Elderly
PLUS-000866,bridget kipkemoi,50004437,254 775 053 80,bridget.kipkemboi@gmail.com,1990-09-06,FEMALE,Kiambu,Lari,Kijabe,"Plot 303, Lane 12, Kilimani",07-05-2025,pending,5,Self-Employed,45000,Cash Transfer,Widow
PLUS-000867,isaiah haggai maingi,64124001,254 725 260 69,isaiah.maingi@gmail.com,1991-09-14,MALE,Nairobi,Dagoretti North,Kawangware,"House 107, Garden Estate Road, River Road",2024-07-11,active,4,Unemployed,47000,Cash Transfer,Widow
PLUS-000868,kinyua wadada,22721215,254 702 124 18,kinyua.wadada@gmail.com,1963-12-15,FEMALE,Nairobi,Kibra,Sarang'ombe,"House 397, Jogoo Avenue, Lavington",2023-09-23,pending,1,Employed,17500,Cash Transfer,Widow
PLUS-000869,kinya adoyo mutune,25103503,254 105 336 72,kinya.mutune@gmail.com,1981-10-21,MALE,Nairobi,Dagoretti South,Ngando,"Plot 320, Lane 2, Juja",20261018,inactive,4,Retired,37000,Food Support,PWD
PLUS-000870,deborah musiala,43247799,Unknown,deborah.musila@gmail.com,1979-10-24,FEMALE,Kakamega,Mumias East,Malaha/Isongo/Masindi,"House 405, Jogoo Avenue, Kenyatta",05 May 2025,pending,Not Provided,Employed,23000,Business Grant,Widow
PLUS-000871,kimeu chepngeno,74176576,254 746 820 11,kimeu.chepngeno@gmail.com,1979-08-27,MALE,Kakamega,Mumias East,East Wanga,"Plot 81, Lane 4, Uhuru",2026-12-20,inactive,2,Retired,61000,Business Grant,PWD
PLUS-000872,kiprop nyambane wabomba,28896219,254 111 560 10,kiprop.wabomba@outlook.com,1996-12-18,FEMALE,Machakos,Masinga,Unknown,"Plot 451, Lane 6, Westlands",23-07-2026,active,6,Employed,26500,Food Support,Widow
PLUS-000873,philemon jepkoech ali,86938012,,philemon.ali@outlook.com,1974-05-26,FEMALE,Turkana,Loima,Turkwel,"Plot 35, Lane 18, Karen",08-Apr-2025,pending,Unknown,Self-Employed,Not Provided,Education Support,PWD
PLUS-000874,kinya mutua,42292892,254 799 349 63,kinya.mutua@outlook.com,1962-01-28,MALE,Trans Nzoia,Endebess,Endebess,"House 4, Langata Drive, Mugumo",15-10-2026,inactive,1,Self-Employed,36000,Business Grant,PWD
PLUS-000875,mwikali samuel,44656852,254 789 483 05,samuel.mwikali@yahoo.com,1950-04-20,MALE,Kiambu,Githunguri,Githiga,"Plot 472, Lane 9, Kangundo",22-01-2023,active,7,Unemployed,9500,Food Support,PWD
PLUS-000876,zephaniah muthuri,77465708,254 755 844 92,zephaniah.muthuri@outlook.com,1961-04-04,FEMALE,Not Provided,Naivasha,,"Plot 353, Lane 11, Kiambu",2023-11-25,pending,4,Unemployed,Not Provided,Cash Transfer,Youth
PLUS-000877,samuel rotich,Not Provided,254 777 744 88,samuel.rotich@gmail.com,1985-11-17,FEMALE,Kiambu,Kikuyu,Kikuyu,"Plot 415, Lane 8, River Road",07-03-2026,pending,6,Self-Employed,85500,Business Grant,Widow
PLUS-000878,korir nahum onyango,85642637,254 715 911 08,nahum.korir@gmail.com,2002-12-17,MALE,Kiambu,Limuru,Limuru East,"Plot 303, Lane 16, Athi River",07-07-2026,active,3,Student,35500,Education Support,Youth
PLUS-000879,mercy owuor keter,64627534,254 758 042 99,mercy.keter@yahoo.com,2004-12-27,MALE,Nairobi,Westlands,Kitisuru,"Plot 129, Lane 3, Thika Superhighway",11 Apr 2025,active,6,Self-Employed,40000,Food Support,Vulnerable
PLUS-000880,onyango kanampiu,57-876-025,254 117 740 72,onyango.kanampiu@gmail.com,1971-10-25,MALE,Nairobi,Dagoretti North,Kileleshwa,"House 436, Juja Road, Tom Mboya",03/07/2026,pending,5,Unemployed,68500,Medical Cover,Vulnerable
PLUS-000881,cherotich gihcuru,84430500,254 112 829 09,cherotich.gichuru@yahoo.com,2004-04-21,MALE,Turkana County,Turkana Central,Lodwar Township,"Plot 207, Lane 12, Lenana",31/03/2026,inactive,1,Employed,21000,Medical Cover,PWD
PLUS-000882,leah saidimu,13519039,254 753 160 99,leah.saidimu@yahoo.com,1990-10-14,MALE,Bungoma,Kabuchai,Bwake/Luuya,"Plot 166, Lane 17, Ruaraka",10/01/2025,pending,1,Self-Employed,74500,Education Support,Orphan
PLUS-000883,susan mtbaka,77926594,254 101 251 57,susan.mbaka@yahoo.com,1967-07-02,FEMALE,Kiambu,Lari,Kamburu,"Plot 217, Lane 14, Garden Estate",06/28/2024,active,3,Employed,22500,Education Support,Vulnerable
PLUS-000884,naipanoi john mburu,88309134,+254 775-981-65,naipanoi.mburu@gmail.com,1990-09-06,MALE,Trans Nzoia,Endebess,Chepchoina,"Plot 258, Lane 18, Karen",05/02/2024,inactive,8,Student,39500,Cash Transfer,Vulnerable
PLUS-000885,okello habakkuk mohamed,33179292,254 747 596 27,okello.mohamed@hotmail.com,2000-12-08,MALE,Nairobi,Dagoretti South,Riruta,"House 273, Tom Mboya Avenue, Athi River",08/23/2026,pending,3,Retired,52500,Education Support,Orphan
PLUS-000886,michael mwende nafula,30833313,254 754 877 54,michael.nafula@yahoo.com,Not Provided,MALE,Turkana,Turkana North,Kaikor,Unknown,27-Jan-2024,pending,4,Self-Employed,50500,Business Grant,Vulnerable
PLUS-000887,awiti kivuva,68964116,254 107 868 42,awiti.kivuva@gmail.com,2006-10-26,FEMALE,Nairobi,Kasarani,Kamulu,"Plot 188, Lane 13, Langata",2025-04-21,pending,1,Unemployed,54500,Cash Transfer,PWD
PLUS-000888,namukhula anyango,64178031,254 106 423 22,namukhula.anyango@gmail.com,1960-09-04,FEMALE,Nairobi,Westlands,Kitisuru,"House 465, Karen Drive, Garden Estate",20260607,inactive,5,Self-Employed,32500,Food Support,PWD
PLUS-000889,alexander chepkirui,95031405,254 729 078 48,alexander@gmail.com,1999-06-20,FEMALE,Uasin Gishu,Turbo,Ngenyilel,"House 83, Mugumo Road, Uhuru",01/09/2026,active,6,Student,85000,Food Support,PWD
PLUS-000890,kamau opiyo,22358164,254 758 985 38,kamau.opiyo@yahoo.com,1991-10-14,MALE,Mombasa,Likoni,Bofu,"Plot 232, Lane 13, Waiyaki",22/06/2026,active,4,Employed,39000,Business Grant,Widow
PLUS-000891,chepkoech wekesa,88 153 810,254 717 204 66,chepkoech.wekesa@gmail.com,1971-12-09,FEMALE,Kisumu,Muhoroni,Muhoroni/Koru,"House 248, Garden Estate Road, Westlands",03-23-2023,active,8,Student,12500,Medical Cover,Youth
PLUS-000892,wafula lenguro,49379157,254 118 757 27,wafula.lenguro@gmail.com,1976-01-25,FEMALE,Nakuru,Kuresoi South,Tinet,"Plot 176, Lane 3, Kasarani",2023-12-15,inactive,4,Employed,21500,Medical Cover,Youth
PLUS-000893,kebaso omrar,72002380,254 716 394 24,k.o@gmail.com,18-Mar-03,FEMALE,Nyeri,Tetu,Dedan Kimathi,"Plot 188, Ln 8, Outering",2025-07-02,Pending,2,Unemployed,17500,Cash Transfer,Orphan
PLUS-000894,kiprop mukhwana kipsang,97112459,254 778 731 99,kiprop.kipsang@hotmail.com,2000-04-25,MALE,Meru,Tigania West,Kianjai,"House 258, Argwings Kodhek Avenue, Jogoo",05 Jul 2026,inactive,1,Student,20000,Business Grant,PWD
PLUS-000895,kipchirchir otien,85251775,254 704 701 88,kipchirchir.otieno@hotmail.com,1995-02-21,FEMALE,Trans Nzoia,Cherangany,Kaplamai,"Plot 405, Lane 6, Moi Avenue",2025-03-04,pending,4,Retired,22500,Medical Cover,Elderly
PLUS-000896,daniel bett,57019856,254 775 202 60,daniel.bett@gmail.com,1959-06-06,FEMALE,Turkana,Loima,Kotaruk/Lobei,"House 38, Kitisuru Street, Karen",,pending,1,Student,18000,Cash Transfer,Youth
PLUS-000897,grace namukhula,76805175,254 719 848 55,grace.namukhula@yahoo.com,1984-01-13,FEMALE,Nairobi,Dagoretti North,Kawangware,"House 55, Mugumo Drive, Moi Avenue",17-Mar-2025,inactive,6,Retired,40500,Cash Transfer,Orphan
PLUS-000898,ongeribarasa,79521092,254 748 228 93,ongeri.barasa@yahoo.com,1988-09-14,MALE,Kiambu,Ruiru,Kiuu,"Plot 307, Lane 14, Parklands",06-Dec-24,inactive,3,Self-Employed,19500,Business Grant,Orphan
PLUS-000899,cynthia kiprono kioko,76738801,254 792 505 42,cynthia.kioko@gmail.com,1983-12-23,MALE,Kisumu,Nyando,Kabonyo/Kanyagwal,,2025-10-26,active,2,Unemployed,22000,Food Support,Widow
PLUS-000900,veronica kenei,46663600,+254 779-409-28,veronica.kenei@gmail.com,1993-07-09,MALE,Kisumu,Nyakach,West Nyakach,"Plot 285, Lane 7, Outering",11/17/2024,inactive,7,Retired,20000,Cash Transfer,Elderly
PLUS-000901,jonah jepkorir muthoka,75845066,+25478960107,jonah.muthoka@outlook.com,1990-02-11,FEMALE,Mombasa,Likoni,Bofu,"Plot 71, Lane 3, Ruiru",20260531,active,4,Unemployed,14000,Medical Cover,PWD
PLUS-000902,michael koechh,12251618,254 787 730 84,michael.koech@yahoo.com,1982-04-23,FEMALE,Kiambu,Kabete,Muguga,"House 217, Kikuyu Road, Ruaraka",2025-06-26,active,4,Employed,63000,Medical Cover,Vulnerable
PLUS-000903,kilonzo athman,38920897,254 706 323 88,kilonzo.athman@gmail.com,1967-05-14,MALE,Nairobi,Lang'ata,Mugumu-ini,"House 6, Kiambu Road, Kenyatta",22/01/2025,pending,4,Self-Employed,30000,Business Grant,Elderly
PLUS-000904,kwamboka charono,20724650,254 781 301 17,kwamboka.cherono@gmail.com,1979-03-11,FEMALE,Nairobi,Dagoretti North,Kileleshwa,"House 467, Uhuru Avenue, Lavington",22/01/2026,active,3,Employed,108000,Medical Cover,Elderly
PLUS-000905,dorothy maima,68402385,011874001,dorothy.maina@outlook.com,1979-08-15,MALE,Nairobi,Dagoretti South,Mutuini,"Plot 14, Lane 2, Kileleshwa",11-03-2023,active,3,Employed,7000,Food Support,Vulnerable
PLUS-000906,timothy habakkuk naliaka,72051615,254 119 491 52,timothy.naliaka@outlook.com,1993-09-04,MALE,Nairobi,Kasarani,Kamulu,"Plot 83, Lane 20, Tom Mboya",2024-11-28,pending,5,Student,38000,Education Support,Orphan
PLUS-000907,okoth kiarie,60635121,254 764 241 21,okoth.kiarie@hotmail.com,2002-06-03,FEMALE,Turkana,Loima,Loima,"Plot 409, Lane 5, Likoni",12-Oct-2023,pending,5,Employed,17500,Business Grant,Vulnerable
PLUS-000908,esther omondi chebet,98750131,254 733 596 42,Not Provided,1978-12-03,FEMALE,Not Provided,Tetu,Aguthi/Gaaki,"Plot 276, Lane 15, Kitisuru",30-Aug-2025,pending,4,Student,32500,Business Grant,Orphan
PLUS-000909,james musyoka kioko,32638266,254 792 288 73,james.kioko@gmail.com,1997-01-20,MALE,Turkana,Turkana Central,Kalokol,"Plot 318, Lane 8, Mugumo",11-Aug-2025,pending,9,Employed,38500,Education Support,Orphan
PLUS-000910,victor wekesa mungai,78320452,254 763 063 67,victor.mungai@gmail.com,1953-11-08,MALE,Kakamega,Khwisero,Kisa East,"House 177, Parklands Avenue, Kenyatta",31-10-2025,active,1,Unemployed,53000,Medical Cover,Elderly
PLUS-000911,syombua mwirigi,65798756,254 773 095 01,syombua.mwirigi@gmail.com,1982-03-28,FEMALE,NAIROBI,DAGORETTI SOUTH,UTHIRU,"House 369, Lenana Street, Uhuru",23-Jul-2025,inactive,3,Student,32000,Food Support,Vulnerable
PLUS-000912,musyoka margaret muthuri,19 777 233,254 738 845 35,musyoka.muthuri@gmail.com,1991-08-22,FEMALE,Kakamega,Lugari,Manda/Shivanga,"House 341, Kenyatta Drive, Kasarani",11/29/2024,pending,7,Self-Employed,16500,Medical Cover,Elderly
PLUS-000913,benjamin gathoni chepkwony,61846177,254 728 181 78,Not Provided,Unknown,FEMALE,Bungoma County,Kanduyi,Marakaru/Tuuti,"Plot 419, Lane 18, Kilimani",15 Dec 2026,active,2,,19500,Food Support,Widow
PLUS-000914,awiti waiithera,14688586,254 757 315 11,awiti.waithera@hotmail.com,1991-12-13,MALE,Nairobi,Dagoretti North,Kawangware,"Plot 201, Lane 7, Thika",2023-02-03,active,3,,41000,Cash Transfer,Orphan
PLUS-000915,victor lydia ndunda,86-964-296,254 119 214 20,victor.ndunda@yahoo.com,1983-12-22,MALE,Trans Nzoia,Kwanza,Keiyo,"Plot 393, Lane 15, Ruaraka",2026-04-03,inactive,3,Unemployed,56500,Business Grant,Widow
PLUS-000916,wambugu nekesa,29206813,254 774 261 99,w.n@hotmail.com,11/05/1968,M,Kiambu,Ruiru,Gatong'ora,"plot 122, lane 6, kilimani",01/05/2026,Active,7,Student,40000,Food Support,Elderly
PLUS-000917,haggai kipkirui ongaya,74287218,254 728 122 77,haggai.ongaya@gmail.com,1989-02-16,FEMALE,Mombasa,Kisauni,Mtopanga,"Plot 106, Lane 12, Kangundo",10-Apr-23,,7,Self-Employed,43000,Education Support,Youth
PLUS-000918,syokau joel kanampiu,29942284,254 738 987 59,syokau.kanampiu@gmail.com,1985-04-20,MALE,Kiambu,Kabete,Kabete,"House 199, Juja Road, Kangundo",24-02-2024,pending,3,Unemployed,26500,Medical Cover,Elderly
PLUS-000919,muriuki jebet baya,88931606,254 798 206 00,mbaya@gmail.com,03-Aug-1996,Male,Kisumu,Seme,West Seme,"House 250, Athi River Drive, Juja",20231011,pending,3,Student,12500,Food Support,Widow
PLUS-000920,edward kipngetich,71222108,254 764 262 66,Unknown,1990-01-07,MALE,Kiambu,Lari,Kinale,"Plot 342, Lane 12, Argwings Kodhek",23-Dec-23,Unknown,5,Self-Employed,41500,Cash Transfer,Widow
PLUS-000921,judith nyambura mulandi,10500877,254 105 711 05,judith.mulandi@gmail.com,1962-09-28,FEMALE,Nairobi,Dagoretti North,Kawangware,"House 440, Ruiru Drive, Karen",19-Dec-2026,pending,3,Retired,13000,Food Support,Elderly
PLUS-000922,chepkorir kiprop,78870570,254 108 910 18,chepkorir.kiprop@gmail.com,1979-03-05,MALE,Mombasa,Likoni,Bofu,"Plot 5, Lane 5, Lenana",09/18/2026,Unknown,5,Employed,9500,Medical Cover,Elderly
PLUS-000923,mbaka kasina kipaati,44086060,254 725 049 19,mbaka.kipaati@outlook.com,Unknown,MALE,Kiambu County,Lari,,"House 58, Mugumo Avenue, Kenyatta",20-Nov-2023,inactive,,Self-Employed,27500,Business Grant,Orphan
PLUS-000924,nduku isaac saidimu,82957881,254 718 471 30,nduku.saidimu@gmail.com,1973-03-16,MALE,Bungoma,Webuye West,Sitikho,"Plot 325, Lane 12, Kitisuru",2026-09-07,inactive,4,Employed,29000,Education Support,Vulnerable
PLUS-000925,wachira achieg,73369617,254 113 136 99,wachira.achieng@gmail.com,2004-11-22,FEMALE,Kisumu,Kisumu East,Nyalenda 'A',"Plot 330, Lane 17, Ngong Road",06-Jun-23,active,4,Employed,18500,Business Grant,Youth
PLUS-000926,gakunyi joshua mogaka,55252973,+254 737 672 03,gakunyi.mogaka@hotmail.com,1963-10-19,FEMALE,Kisumu,Seme,North Seme,"House 293, Kenyatta Road, Juja",31-08-2024,active,6,Unemployed,66500,Business Grant,Orphan
PLUS-000927,syokau kiprotich,89797435,254 114 436 94,s.k@gmail.com,19960104,M,Unknown,Kikuyu,Nachu,"House 466, Garden Estate Avenue, Uhuru",01-Sep-24,Active,1,Not Provided,18500,Food Support,PWD
PLUS-000928,gichuru okelol,76703346,254 787 680 75,gichuru.okello@outlook.com,,MALE,Trans Nzoia,Not Provided,Machewa,"House 338, Waiyaki Drive, Parklands",26-06-2025,inactive,3,Not Provided,65500,Business Grant,Elderly
PLUS-000929,kaloki wangari,76434426,254 112 253 04,kaloki.wangari@gmail.com,1996-12-22,MALE,Machakos,Machakos Town,Machakos Central,"Plot 434, Lane 4, Thika",01/06/2025,active,5,Student,23000,Food Support,Elderly
PLUS-000930,kiprop mwakisha,25228744,254 786 251 68,kiprop.mwakisha@gmail.com,1983-06-08,FEMALE,Nakuru,Subukia,Subukia,"Plot 411, Lane 20, Kikuyu",20260429,active,2,Student,42500,Medical Cover,PWD
PLUS-000931,kilonzo bett,67401265,254 114 212 36,kilonzo.bett@gmail.com,1995-02-10,FEMALE,Turkana,Turkana East,Kapedo/Napeitom,"Plot 399, Lane 19, Athi River",17/11/2026,active,2,Retired,34500,Medical Cover,Elderly
PLUS-000932,kipkoech faith kiprono,74547148,254 746 434 58,kipkoech.kiprono@gmail.com,1979-05-14,MALE,Uasin Gishu,Kesses,Taratai,"House 56, Langata Road, Outering",14/07/2023,inactive,9,Employed,20000,Cash Transfer,Youth
PLUS-000933,nabwire kiprop musila,82496804,254 765 565 35,nabwire.musila@gmail.com,1994-03-09,MALE,Kilifi,Rabai,Rabai/Kisurutini,"Plot 64, Lane 13, Lavington",03/06/2025,pending,6,Self-Employed,5000,Food Support,Vulnerable
PLUS-000934,george mbutha,72-768-816,254 719 407 37,george.mbuthia@gmail.com,1968-03-16,MALE,Kakamega,Matungu,Kholera,"Plot 13, Lane 4, Lavington",15/01/2026,inactive,8,Self-Employed,24000,Food Support,Elderly
PLUS-000935,judith george karanja,81803895,Unknown,judith.karanja@gmail.com,1969-12-05,MALE,Kiambu,Ruiru,Unknown,"Plot 19, Lane 19, Kileleshwa",2026-09-17,pending,10,Employed,,Medical Cover,Widow
PLUS-000936,nyambura kiamni,78060314,254 751 769 08,nyambura.kimani@gmail.com,1996-01-27,FEMALE,Nakuru,Nakuru Town East,Kivumbini,"Plot 173, Lane 12, River Road",2026-02-15,pending,3,Employed,27500,Cash Transfer,Vulnerable
PLUS-000937,habakkuk alice mwamburi,56029251,254 102 312 97,habakkuk.mwamburi@gmail.com,1997-03-09,FEMALE,Nakuru,Molo,Molo,"Plot 313, Lane 20, Kikuyu",17/04/2025,inactive,1,Student,15000,Cash Transfer,Vulnerable
PLUS-000938,nabwire kagendo mulandi,25119448,254 701 824 32,nmulandi@gmail.com,1978-08-27,FEMALE,Machakos,Masinga,Ndithini,"House 457, Kitisuru Avenue, Argwings Kodhek",20260406,ACTIVE,5,Student,98000,Business Grant,PWD
PLUS-000939,agnes ali,77002394,254 772 406 07,agnes.ali@gmail.com,1978-05-27,MALE,Machakos,Machakos Town,Kola,"House 452, Karen Road, Lavington",Unknown,pending,3,Unemployed,27500,Food Support,Orphan
PLUS-000940,kimani paul hassan,56675977,+254 729-839-53,kimani.hassan@gmail.com,1994-03-15,MALE,Meru,Igembe Central,Akachiu,"Plot 296, Lane 10, Waiyaki",29-Jul-2026,inactive,8,Student,16000,Education Support,Widow
PLUS-000941,kioko gichukimomanyi,49517947,254 112 481 55,kioko.gichuki@outlook.com,1985-01-14,MALE,UASIN GISHU,SOY,KIPSOMBA,"House 258, Karen Drive, Ngong Road",11/09/2024,inactive,5,Unemployed,21000,Business Grant,PWD
PLUS-000942,mworoa okoth,71236550,254 759 882 88,mworoa.okoth@yahoo.com,1998-02-24,MALE,Nairobi,Westlands,Kitisuru,"Plot 198, Lane 6, Tom Mboya",06-Jun-24,pending,6,Retired,33500,Business Grant,Youth
PLUS-000943,ndunge kiprotich,17760673,254 703 541 58,ndunge.kiprotich@gmail.com,1967-10-07,MALE,Nairobi,Lang'ata,Mugumu-ini,"Plot 48, Lane 19, Kiambu",2024-02-01,pending,4,Retired,57000,Business Grant,PWD
PLUS-000944,mueni korosns,76042903,254 716 629 75,mueni.koross@gmail.com,1969-08-28,FEMALE,Nyeri,Othaya,Iria-ini,"House 67, Westlands Street, Kileleshwa",21 May 2024,active,3,Employed,27500,Medical Cover,Youth
PLUS-000945,naserian wambugu muema,11630867,254 737 823 16,naserian.muema@yahoo.com,1981-04-05,MALE,Kakamega,Mumias West,West Wanga,"House 355, Waiyaki Road, Tom Mboya",20240608,pending,7,Student,14500,Cash Transfer,Orphan
PLUS-000946,wachira chepkoech mwangolo,5426-9149,254 767 025 53,wachira.mwangolo@gmail.com,1986-08-14,MALE,Kakamega,Unknown,East Wanga,"House 197, Langata Drive, Mugumo",06-Feb-23,Not Provided,4,Not Provided,27000,Medical Cover,Widow
PLUS-000947,victor chebet,73339433,254 762 815 20,victor.chebet@gmail.com,1981-09-20,FEMALE,Kakamega,Mumias East,East Wanga,"Plot 86, Lane 6, Kiambu Road",11 Sep 2023,active,8,Self-Employed,40000,Food Support,PWD
PLUS-000948,brian kwamboka macharia,66364654,254 702 778 62,brian.macharia@hotmail.com,1975-12-18,MALE,Mombasa,Nyali,Mkomani,"Plot 250, Lane 12, Kasarani",29-Mar-2026,pending,2,Student,17500,Medical Cover,Orphan
PLUS-000949,silas akini,41394539,254 731 580 55,silas.akinyi@gmail.com,1990-08-25,FEMALE,Kakamega,Matungu,Khalaba,"Plot 362, Lane 5, Thika",25/06/2026,inactive,5,Employed,26000,Cash Transfer,Elderly
PLUS-000950,grace nekesa,69566993,+254 771-181-05,grace.nekesa@gmail.com,2001-08-21,FEMALE,Kilifi,Kilifi South,Chasimba,"House 142, Kilimani Avenue, Parklands",2023-07-03,pending,2,Self-Employed,125000,Food Support,Widow
PLUS-000951,victor gitau,67304369,254 798 210 75,victor.gitau@yahoo.com,1988-06-05,FEMALE,Kisumu,Nyando,Kabonyo/Kanyagwal,"House 381, River Road Road, Parklands",26-Nov-2025,pending,5,Retired,,Cash Transfer,Youth
PLUS-000952,isaiah otieon,90410541,254 789 494 95,isaiah.otieno@gmail.com,,FEMALE,Kiambu,Kabete,Muguga,"Plot 26, Lane 17, Garden Estate",28/03/2026,Unknown,7,Not Provided,85500,Medical Cover,Elderly
PLUS-000953,alexander mumio,29918252,Not Provided,alexander.mumo@gmail.com,1964-04-27,FEMALE,Kisumu,Kisumu Central,Nyalenda 'B',"Plot 158, Lane 17, Likoni",2024-09-02,,3,Student,Not Provided,Cash Transfer,Elderly
PLUS-000954,syombua bett,2996-9152,254 735 667 60,syombua.bett@gmail.com,1961-02-10,MALE,,Bumula,Khasoko,Not Provided,29-01-2024,inactive,,Retired,8000,Food Support,Youth
PLUS-000955,chepngeno ommbati,93-612-431,074585731,chepngeno.ombati@gmail.com,1990-03-10,MALE,Bomet,Chepalungu,Sigour,"House 371, Moi Avenue Street, Kikuyu",2025-08-07,pending,3,Employed,82000,Business Grant,PWD
PLUS-000956,masinde musalia,86830303,0723.649.62,masinde.musalia@hotmail.com,1981-02-15,MALE,Kiambu,Ruiru,Kahawa Wendani,"Plot 406, Lane 6, Kiambu",19-03-2023,Unknown,3,Retired,Not Provided,Education Support,PWD
PLUS-000957,"okoth, margaret", 91542980,254 726 614 49,margaret.okoth@yahoo.com,1978-12-26,MALE,Kisumu,Nyando,Kobura,"Plot 115, Lane 11, Ruaraka",,pending,3,Self-Employed,65500,Cash Transfer,PWD
PLUS-000958,mutheu jonathan kiprono,73872605,254 768 252 25,mutheu.kiprono@gmail.com,1968-09-14,MALE,Meru,Central Imenti,Kathonzweni,"Plot 409, Lane 17, Kitisuru",2024-07-31,inactive,6,Unemployed,26500,Cash Transfer,PWD
PLUS-000959,onditi mwinyi,27 032 738,254 777 233 13,onditi.mwinyi@gmail.com,1991-06-01,FEMALE,Uasin Gishu,Turbo,Tapsagoi,"House 309, Ngong Drive, Lavington",24/10/2024,active,3,Student,23000,Cash Transfer,PWD
PLUS-000960,mukhwana wafula,36-738-225,254 775 507 26,mukhwana.wafula@hotmail.com,1973-10-04,MALE,Nairobi,Dagoretti North,Gatina,"House 297, Ngong Road Drive, Athi River",2026-10-10,active,3,Student,32000,Food Support,Elderly
PLUS-000961,mark gichuru chepkorir,Unknown,254 774 785 26,mark.chepkorir@yahoo.com,2004-02-12,MALE,Trans Nzoia,Cherangany,Sitatunga,"Plot 332, Lane 16, Lavington",2023-03-26,active,2,Student,53000,Food Support,Orphan
PLUS-000962,atieno kioko,49905391,+25410800427,atieno.kioko@yahoo.com,1990-12-15,FEMALE,Bungoma,Sirisia,Malakisi/South Kulisiru,"Plot 407, Lane 17, Kilimani",23-05-2024,pending,6,Unemployed,59500,Education Support,Orphan
PLUS-000963,gitonga chepkwony,50998106,254 118 438 26,g.c@outlook.com,15-06-1979,MALE,Kiambu,Limuru,Ndeiya,"plot 300, lane 17, river road",2026-05-06,I,2,Unemployed,21500,Medical Cover,Youth
PLUS-000964,mukami mugo,80629700,254 114 464 96,mukami.mugo@hotmail.com,2002-11-14,MALE,Machakos,Masinga,Ndithini,"House 308, Kitisuru Road, Lenana",20-Aug-2026,active,2,Self-Employed,22500,Education Support,Youth
PLUS-000965,stephen mworoa mwangolo,97371709,254 767 566 14,stephen.mwangolo@gmail.com,2005-01-09,FEMALE,Kilifi,Kilifi South,Junju,"Plot 399, Lane 4, Garden Estate",31/08/2025,active,4,Retired,26000,Food Support,PWD
PLUS-000966,w. k. mcharo,52538666,254 115 175 91,wabomba.mcharo@gmail.com,1973-06-04,MALE,Kisumu,Kisumu Central,Kaloleni,"Plot 365, Lane 17, Moi Avenue",01-Oct-2023,pending,3,Retired,24500,Medical Cover,Widow
PLUS-000967,kiprotich cecilia mutwiri,38852315,254 749 098 08,kiprotich.mutwiri@yahoo.com,1991-09-02,MALE,Kisumu,Nyando,Kabonyo/Kanyagwal,"Plot 167, Lane 17, Garden Estate",27-08-2024,active,7,Self-Employed,26000,Education Support,Youth
PLUS-000968,naserian musila,48-662-280,254 117 323 04,naserian.musila@hotmail.com,1965-11-07,MALE,Trans Nzoia,Endebess,Chepchoina,"House 190, Kilimani Drive, Kasarani",09/09/2026,pending,Unknown,Employed,52000,Education Support,Orphan
PLUS-000969,adhiambo nafula ndunge,13083690,254 799 554 18,adhiambo.ndunge@gmail.com,1985-07-24,FEMALE,Kiambu,Limuru,Ndeiya,"Plot 375, Lane 2, Kikuyu",16 Sep 2026,active,4,Self-Employed,60500,Food Support,Widow
PLUS-000970,mugo eunice kihumba,39766678,254 102 920 73,mugo.kihumba@gmail.com,1958-12-12,FEMALE,Kakamega,Matungu,Khalaba,"Plot 272, Lane 9, Likoni",02/07/2025,inactive,4,Retired,38000,Business Grant,Elderly
PLUS-000971,mercy mugo,18612304,254 742 963 53,mercy.mugo@gmail.com,2003-02-28,MALE,Kiambu,Unknown,Ting'ang'a,"Plot 165, Lane 17, Mombasa Road",2024-01-19,active,2,Unemployed,43000,Cash Transfer,Orphan
PLUS-000972,hope namukhula gichuru,62-904-575,254 757 190 14,hope.gichuru@hotmail.com,1994-01-03,MALE,Turkana,Turkana North,Lake Zone,"House 305, Athi River Avenue, Jogoo",2025-04-14,pending,4,Unemployed,42500,Medical Cover,Vulnerable
PLUS-000973,daniel gakii mcharo,46069270,254 759 256 91,daniel.mcharo@hotmail.com,1991-10-01,MALE,Bomet,Konoin,Mogogosiek,"House 303, Kilimani Avenue, Ruiru",2025-05-21,inactive,4,Unemployed,31500,Education Support,Orphan
PLUS-000974,lenguro kangogo,97606127,254 735 510 62,lenguro.kangogo@gmail.com,1972-08-14,FEMALE,Nairobi,Kasarani,Clay City,"Plot 229, Lane 8, Lavington",2024-11-18,active,7,Employed,97000,Education Support,Youth
PLUS-000975,nahum emily mwamburi,79553479,254 724 900 88,nahum.mwamburi@yahoo.com,2000-12-25,MALE,Nakuru,Kuresoi North,Sirikwa,"Plot 126, Lane 17, Garden Estate",26-Oct-2026,pending,2,Unemployed,35500,Medical Cover,Youth
PLUS-000976,kanana nicholas mokua,42123671,254 111 818 98,kanana.mokua@gmail.com,1983-10-10,FEMALE,Nyeri,Nyeri Town,Rware,"Plot 305, Lane 5, Thika",05/01/2023,inactive,7,Student,121000,Education Support,Widow
PLUS-000977,lydia malachi kebaso,69 750 285,254 797 037 17,lydia.kebaso@gmail.com,2004-02-10,FEMALE,Meru,Not Provided,Akithi,"House 421, Argwings Kodhek Drive, Limuru",2026-06-04,inactive,Not Provided,Self-Employed,85000,Cash Transfer,PWD
PLUS-000978,mbaka kipkoech,99726004,254 786 999 83,kipkoechmbaka@hotmail.com,1981-09-24,FEMALE,Meru,Tigania East,Kiguchwa,"PLOT 33, LANE 6, KIAMBU",2026-10-22,ACTIVE,2,Retired,52000,Medical Cover,Elderly
PLUS-000979,teresa korier,50553589,254 765 290 97,teresa.korir@gmail.com,1978-04-05,FEMALE,Nakuru,Molo,Turi,"Plot 132, Lane 1, Kangundo",18/06/2024,active,5,Retired,10000,Business Grant,Vulnerable
PLUS-000980,simiyu kanampiu olela,14713027,254 734 198 85,simiyu.olela@hotmail.com,1988-02-17,MALE,Nairobi,Kasarani,Kasarani,"Plot 263, Lane 8, Argwings Kodhek",07-Jun-26,inactive,6,Employed,52000,Business Grant,Vulnerable
PLUS-000981,auma wamuyu,37715114,254 785 943 75,auma.wamuyu@outlook.com,1997-04-04,MALE,Nakuru,Bahati,Lanet/Umoja,"House 312, Kasarani Road, Kenyatta",07/10/2023,active,1,Retired,51000,Food Support,PWD
PLUS-000982,wafula njoroge,81569760,254 762 380 27,wafula.njoroge@gmail.com,2001-06-25,MALE,Mombasa,Likoni,Shika Adabu,"Plot 69, Lane 15, Ngong Road",10/03/2024,inactive,8,Unemployed,48000,Education Support,PWD
PLUS-000983,ndinda jane tsuma,47912030,254 777 519 31,ndindatsuma@gmail.com,11/07/1964,FEMALE,Bungoma,Mt. Elgon,Chepyuk,Plot10Lane17ArgwingsKodhek,16-May-25,pending,9,Employed,24000,Business Grant,Orphan
PLUS-000984,kasina awiti,30448683,254 718 057 19,kasina.awiti@yahoo.com,2002-06-06,MALE,Mombasa,Likoni,Mtongwe,"House 167, Thika Superhighway Road, Kangundo",11-Sep-26,pending,6,Retired,32000,Food Support,Vulnerable
PLUS-000985,lois momanyi,89951297,254 112 878 86,lois.momanyi@hotmail.com,1979-12-08,MALE,Bomet,Chepalungu,Nyongores,"Plot 69, Lane 20, Garden Estate",12 Aug 2026,inactive,10,Unknown,Unknown,Medical Cover,Orphan
PLUS-000986,naserian mukhwana,24504338,254 751 110 23,naserian.mukhwana@hotmail.com,2002-11-25,MALE,Meru,North Imenti,Mweronkanga,"Plot 322, Lane 13, River Road",2026-02-26,inactive,2,Student,39500,Education Support,PWD
PLUS-000987,wangeci kiprop ndunge,64406548,254 729 282 26,wangeci.ndunge@hotmail.com,1985-01-28,FEMALE,Uasin Gishu,Ainabkoi,Ainabkoi/Olare,"Plot 152, Lane 9, Lavington",02/10/2026,active,3,Student,41000,Medical Cover,Orphan
PLUS-000988,kinyua cheruiyot,50113698,254 115 090 54,kinyua.cheruiyot@hotmail.com,1972-02-21,MALE,Kakamega,Matungu,Kholera,"House 13, Lavington Street, Ngong",04/15/2024,inactive,1,Unemployed,12000,Cash Transfer,PWD
PLUS-000989,irene mtune,55868421,254 115 415 53,irene.mutune@hotmail.com,1961-10-19,FEMALE,Kisumu,Nyakach,South West Nyakach,"Plot 284, Lane 7, Likoni",2023-03-04,inactive,3,Unemployed,26500,Business Grant,Vulnerable
PLUS-000990,wanjiku agnes nabea,55595912,254 111 944 00,wanjiku.nabea@yahoo.com,1996-09-24,MALE,Mombasa,Mvita,Tudor,"House 149, Ruiru Street, Uhuru",09/02/2026,active,1,Self-Employed,61000,Medical Cover,PWD
PLUS-000991,mwikali korir,,254 113 571 35,mwikali.korir@gmail.com,1977-09-07,FEMALE,Uasin Gishu,Ainabkoi,Kaptagat,"Plot 366, Lane 13, Kangundo",27/06/2023,active,5,Unemployed,33500,Education Support,PWD
PLUS-000992,margaret flora mwirigi,75796428,254 756 771 44,margaret.mwirigi@gmail.com,2003-06-16,MALE,BOMET,Chepalungu,Nyongores,"House 136, Jogoo Avenue, Ngong",2025-11-23,active,2,Unemployed,102500,Food Support,Elderly
PLUS-000993,faith kamannde,89064828,254 765 721 43,faith.kamande@yahoo.com,1992-02-26,MALE,Nairobi,Kasarani,Njiru,"House 459, Karen Street, Kangundo",13-May-2023,active,3,Employed,21000,Business Grant,PWD
PLUS-000994,"kipkorir, judith",80508307,254 766 816 79,judi@hotmail.com,Not Provided,FEMALE,Kakamega,Mumias East,Malaha/Isongo/Masindi,"Plot 114, Lane 8, Kenyatta",20250713,Not Provided,4,Student,35500,Business Grant,Youth
PLUS-000995,alexander mwakisha,90783964,254 116 103 65,alexander.mwakisha@gmail.com,1977-12-22,FEMALE,Bomet,Bomet Central,Singorwet,"Plot 70, Lane 4, Thika",26-May-2023,pending,4,Retired,39500,Food Support,Vulnerable
PLUS-000996,mwania ombati kinyua,62543403,254 745 857 10,mwania.kinyua@gmail.com,1971-05-27,FEMALE,Nairobi,Kasarani,Clay City,"House 460, Jogoo Road, Kasarani",25-01-2024,pending,1,Student,35000,Business Grant,Widow
PLUS-000997,nahum vincent mitei,15200255,254 709 329 68,nahum.mitei@gmail.com,1977-12-16,MALE,Nairobi,Dagoretti South,Waithaka,"Plot 383, Lane 9, Argwings Kodhek",11-11-2026,pending,4,Retired,11500,Business Grant,Elderly
PLUS-000998,wachira jonah sigei,92147935,254 717 576 58,wachira.sigei@outlook.com,1985-09-08,MALE,Kiambu,Lari,Kinale,"Plot 260, Lane 7, Kasarani",16-Dec-2023,inactive,4,Self-Employed,38500,Cash Transfer,Vulnerable
PLUS-000999,chepkirui kagwe,90632613,254 781 539 96,c.kagwe@gmail.com,22/08/1974,male,Kakamega,Khwisero,Kisa North,"plot 127, lane 7, ruaraka",Not Provided,Pending,5,Retired,15500,Food Support,Orphan
PLUS-001000,oduya langat,71859648,254 746 970 14,oduya.langat@gmail.com,1983-12-16,MALE,Machakos,Masinga,Masinga Central,"Plot 316, Lane 16, Ngong Road",03-08-2023,active,9,Student,69500,Medical Cover,Vulnerable
PLUS-001001,emily kamotho,46881809,254 101 318 07,emily_kamotho@yahoo.com,Not Provided,Male,Nakuru,Molo,Molo,House 33 Langata Drive Lenana,20251011,Pending,4,Unemployed,27000,Education Support,Widow
PLUS-001002,gitobu mutai,34471441,0749.990.99,gitobu.mutai@gmail.com,1970-08-27,FEMALE,Nakuru,Kuresoi South,Kiptagich,"House 435, Thika Superhighway Street, Kangundo",17 May 2023,inactive,5,Employed,51500,Cash Transfer,Orphan
PLUS-001003,brenda bosibori musila, 36568577,254 798 830 48,brenda.musila@outlook.com,2002-07-13,FEMALE,Not Provided,Naivasha,,"House 334, Kikuyu Avenue, Athi River",04/16/2023,pending,1,Retired,26500,Food Support,PWD
PLUS-001004,kwamboka mugo saidimu,50543196,254 789 181 35,kwamboka.saidimu@hotmail.com,1978-01-14,MALE,Nairobi,Kibra,Laini Saba,"Plot 330, Lane 12, Moi Avenue",16-May-23,active,4,Employed,66000,Food Support,Youth
PLUS-001005,peter zechariah kipngetich,37392666,Unknown,peter.kipngetich@gmail.com,1981-05-10,MALE,Unknown,Naivasha,Maiella,"House 301, Tom Mboya Drive, Tom Mboya",16 May 2025,active,2,Self-Employed,11500,Cash Transfer,Elderly
PLUS-001006,mueni kenei,22087678,254 738 564 51,keneimueni@yahoo.com,16/08/1983,MALE,Nairobi,Dagoretti South,Riruta,Plot390Lane8Jogoo,11-07-2024,pending,2,Employed,78500,Education Support,Widow
PLUS-001007,daniel kipronu,24790853,254 118 047 68,daniel.kiprono@outlook.com,1998-05-28,FEMALE,Nyeri,Kieni,Mweiga,"Plot 351, Lane 10, Thika",08/05/2024,active,5,Employed,25500,Food Support,Orphan
PLUS-001008,kagwiria adoyo leshan,12429893,254 731 419 03,leshankagwiria@gmail.com,1990-10-04,Female,Kakamega,Khwisero,Kisa North,Plot205Lane14AthiRiver,08-25-2025,pending,7,Student,25000,Cash Transfer,PWD
PLUS-001009,habakkuk nasimiyu,46365564,254 743 084 83,habakkuk.nasimiyu@gmail.com,1976-06-27,FEMALE,Machakos,Masinga,Muthesya,"House 63, Kangundo Avenue, Mombasa Road",2023-06-08,active,5,Self-Employed,91000,Food Support,PWD
PLUS-001010,kipchumba kangogo,77-285-702,25473849086,kipchumba.kangogo@gmail.com,1971-11-12,MALE,Nakuru County,Gilgil,Murindat,"House 97, Kiambu Road Drive, Kenyatta",15-02-2026,active,3,Employed,37500,Cash Transfer,Youth
PLUS-001011,elijah achieng cherono,48493281,254 105 238 30,elijah.cherono@yahoo.com,1979-07-21,MALE,Meru,Igembe North,Ntunene,"Plot 397, Lane 14, Mombasa Road",02-Feb-2025,active,5,Student,30000,Medical Cover,Widow
PLUS-001012,m. k. wachira,25475831,254 794 038 69,mercy.wachira@gmail.com,1950-08-05,FEMALE,Bungoma,Mt. Elgon,Elgon,"House 21, Kilimani Drive, Waiyaki",02 Jun 2024,active,10,Retired,45000,Cash Transfer,Widow
PLUS-001013,michael mwinyi,87754278,254 743 623 07,michael.mwinyi@yahoo.com,1988-06-20,MALE,Mombasa,Likoni,Bofu,"House 69, Kileleshwa Street, Thika",07/11/2023,active,2,Employed,131000,Education Support,Orphan
PLUS-001014,nanjala alice mbaka,43363652,254 747 910 03,nanjala.mbaka@hotmail.com,1954-12-02,FEMALE,Meru,South Imenti,Nkuene,"House 144, Ngong Street, Kilimani",2025-12-01,inactive,4,Retired,11500,Food Support,Youth
PLUS-001015,muthaa jebet,60968846,254 728 567 22,muthaa.jebet@gmail.com,1996-03-09,MALE,Kilifi,Kilifi South,Junju,"Plot 58, Lane 10, Ruiru",10-22-2026,pending,1,Retired,74500,Cash Transfer,PWD
PLUS-001016,pauline kilonzo,59359775,254 117 418 23,pauline.kilonzo@yahoo.com,1983-02-07,MALE,Kiambu,Kiambu,Kihara,"Plot 273, Lane 18, Kikuyu",17-03-2023,active,5,Student,29500,Cash Transfer,Elderly
PLUS-001017,chepkoech mueni kinyua,14386856,254 724 055 79,chepkoech73@gmail.com,1990-12-12,female,Machakos,Machakos Town,Kalama,Plot 170 Lane 19 Waiyaki,06-May-2026,I,2,Unemployed,21000,Business Grant,PWD
PLUS-001018,kioko karanja,,254 703 742 96,kioko.karanja@gmail.com,1961-05-07,MALE,Kisumu,Nyakach,West Nyakach,"House 412, Moi Avenue Road, Mugumo",03/01/2023,pending,5,Employed,27500,Business Grant,Elderly
PLUS-001019,kiprotich keter,9703-3089,254 704 452 61,kiprotich.keter@gmail.com,Unknown,FEMALE,,Westlands,Kitisuru,"Plot 419, Lane 3, Parklands",2024-07-25,,1,Self-Employed,25500,Cash Transfer,Elderly
PLUS-001020,agnes jepkorir maingi,62090372,254 751 095 41,agnes.maingi@gmail.com,1963-03-07,MALE,Kakamega,Butere,Marama Central,"Plot 170, Lane 2, Ngong Road",2026-09-28,active,Unknown,Self-Employed,13500,Cash Transfer,PWD
PLUS-001021,momanyi stephen maingi,40070581,254 701 019 06,momanyi.maingi@hotmail.com,1974-11-06,MALE,Nairobi,Kibra,Woodley,"Plot 286, Lane 11, Kikuyu",17-09-2026,inactive,5,Retired,42500,Food Support,Vulnerable
PLUS-001022,wachira nganga,38 210 669,254 764 225 21,wachira.nganga@gmail.com,1980-06-07,FEMALE,Nyeri,Mathira,Iriaini,"Plot 419, Lane 17, Karen",31-Jul-23,active,4,Employed,84000,Medical Cover,Vulnerable
PLUS-001023,kevin muriuki,34335725,254 773 399 69,kevin.muriuki@gmail.com,1994-11-26,FEMALE,Kiambu,Limuru,Ndeiya,"House 202, Mombasa Road Drive, Mombasa Road",31-Aug-2026,active,1,Employed,104000,Medical Cover,PWD
PLUS-001024,awiti paul mwania,38834086,254 114 114 53,awiti.mwania@gmail.com,1963-07-22,FEMALE,Kiambu,Kiambu,Ting'ang'a,"Plot 412, Lane 13, Lenana",2025-07-06,inactive,6,Employed,34000,Business Grant,Widow
PLUS-001025,jane omondi onsongo,59243476,254 766 842 45,jane.onsongo@hotmail.com,1964-07-15,MALE,Bomet,Sotik,Rongena/Manaret,"Plot 477, Lane 19, River Road",05-18-2023,pending,2,Employed,41000,Education Support,Orphan
PLUS-001026,cynthia kenga,19502237,254 764 052 61,c.kenga@gmail.com,10/07/1953,FEMALE,Nairobi,Westlands,Kangemi,"PLOT 151, LANE 5, MOMBASA ROAD",23-03-2024,ACTIVE,4,Student,27500,Medical Cover,Widow
PLUS-001027,judith nduku,91749555,+254 115 649 79,judith.nduku@gmail.com,1967-08-03,MALE,Kiambu,Lari,Kinale,"Plot 180, Lane 4, Lenana",07-10-2024,active,3,Employed,31500,Cash Transfer,Youth
PLUS-001028,nicholas onditi ali,42528171,254 107 648 07,nicholas.ali@yahoo.com,1991-09-04,FEMALE,Nakuru,Gilgil,Malewa West,"Plot 420, Lane 11, Ruiru",02-03-2023,pending,2,Retired,12000,Cash Transfer,Orphan
PLUS-001029,lenguro mwagolo,57584677,+25474770388,lenguro.mwangolo@outlook.com,1964-11-28,FEMALE,Bungoma,Webuye East,Mihuu,"Plot 168, Lane 2, Lenana",13-Jun-26,active,1,Employed,52000,Cash Transfer,PWD
PLUS-001030,peace edith mitei,55583827,254 716 811 40,peace.mitei@hotmail.com,1962-09-25,FEMALE,Uasin Gishu,Soy,Ziwa,"Plot 207, Lane 14, Mugumo",01-09-2025,active,Not Provided,Self-Employed,21000,Food Support,Elderly
PLUS-001031,emily njoroge,12267498,254 106 022 53,emily.njoroge@gmail.com,1995-11-04,MALE,Kiambu,Kabete,Gitaru,"House 281, Ngong Road Road, Parklands",28-Mar-2026,inactive,6,Employed,18500,Education Support,Orphan
PLUS-001032,atieno gitau,81798741,254 746 160 61,atieno.gitau@gmail.com,1982-06-17,FEMALE,Mombasa,Kisauni,Bamburi,"Plot 191, Lane 10, Westlands",2024-06-24,inactive,3,Student,23000,Education Support,Youth
PLUS-001033,kaimenyi opiyo,75890329,254 113 603 09,kaimenyi.opiyo@gmail.com,1998-03-10,FEMALE,,Kasarani,Njiru,Unknown,2023-07-05,active,4,Employed,30000,Cash Transfer,Vulnerable
PLUS-001034,njuguna joshua wanyoike,48406527,Not Provided,njuguna.wanyoike@yahoo.com,1975-04-06,FEMALE,,Kibra,Sarang'ombe,"Plot 140, Lane 10, Thika",2025-09-29,inactive,8,Unknown,157500,Education Support,Elderly
PLUS-001035,cynthia nekesa ombati,99849459,254 113 510 81,cynthia.ombati@hotmail.com,1988-12-15,FEMALE,Kiambu,Limuru,Bibirioni,"Plot 377, Lane 15, Tom Mboya",04/09/2024,pending,5,Self-Employed,65000,Medical Cover,Widow
PLUS-001036,onsongo karanja,88 829 544,254 739 959 40,onsongo.karanja@yahoo.com,1965-01-21,FEMALE,Bungoma,Kabuchai,Mukuyuni,"Plot 402, Lane 20, Parklands",16-09-2024,active,3,Self-Employed,34500,Medical Cover,Youth
PLUS-001037,adhiambo collins kioko,49059332,254 768 554 97,adhiambo.kioko@hotmail.com,1981-10-19,MALE,KISUMU,KISUMU WEST,NORTH KISUMU,"House 200, Jogoo Street, Waiyaki",2023-01-31,pending,5,Unemployed,18000,Business Grant,Elderly
PLUS-001038,nokun macharia,70098447,254 755 319 35,nokun.macharia@gmail.com,1980-05-27,FEMALE,Kakamega,Mumias East,Malaha/Isongo/Masindi,"Plot 157, Lane 12, Kenyatta",2025-09-04,pending,12,Self-Employed,10000,Business Grant,Widow
PLUS-001039,w. p. wangari,48164274,254 733 238 12,,1997-11-24,MALE,Machakos,Machakos Town,Mua,"Plot 240, Lane 3, Athi River",06-12-2023,inactive,Unknown,Unknown,66500,Cash Transfer,Elderly
PLUS-001040,cynthia koech,42008485,254 744 530 28,cynthia.koech@yahoo.com,2005-02-08,FEMALE,Nakuru,Naivasha,Hells Gate,"Plot 144, Lane 7, Kikuyu",2026-03-02,pending,5,Self-Employed,12500,Business Grant,PWD
PLUS-001041,muriuki maina mutisya,43415626,254 781 589 26,muriuki.mutisya@outlook.com,1980-02-18,FEMALE,NAKURU,BAHATI,DUNDORI,"House 54, Karen Road, Ruaraka",20250215,pending,1,Retired,22000,Business Grant,Elderly
PLUS-001042,cynthia kangeogo,79218993,254 761 687 66,cynthia.kangogo@yahoo.com,1982-11-17,FEMALE,Turkana,Loima,Kotaruk/Lobei,"House 144, Kenyatta Street, Karen",14/12/2025,active,3,Self-Employed,13500,Business Grant,Widow
PLUS-001043,mutisya harun kiprop,26692837,254 705 866 68,mutisya.kiprop@gmail.com,1977-06-11,FEMALE,Kilifi,Kilifi South,Chasimba,"Plot 69, Lane 3, Kangundo",01/05/2024,inactive,3,Unemployed,49500,Education Support,Widow
PLUS-001044,dennis peace adoyo,8875-3507,254 114 014 65,dennis.adoyo@yahoo.com,1986-12-03,MALE,Kisumu,Kisumu Central,Nyalenda 'B',"Plot 208, Lane 1, Kitisuru",2023-10-30,inactive,2,Self-Employed,18000,Medical Cover,Vulnerable
PLUS-001045,githinji awiti kaimenyi,91699111,254 117 090 01,githinji.kaimenyi@yahoo.com,1987-11-22,MALE,Mombasa,Changamwe,Airport,"Plot 2, Lane 14, Kileleshwa",19 Dec 2025,active,3,Employed,23500,Cash Transfer,Orphan
PLUS-001046,muthuri mwango,79872246,254 717 231 37,muthuri.mwango@yahoo.com,1962-08-06,MALE,Kilifi,Rabai,Unknown,"Plot 23, Lane 11, Mugumo",2026-10-11,inactive,Not Provided,Self-Employed,39500,Food Support,Orphan
PLUS-001047,beatrice wairimu,39652877,254 734 664 54,beatrice.wairimu@gmail.com,1965-11-22,MALE,Kiambu,Githunguri,Ngewa,"House 344, River Road Road, Moi Avenue",2025-02-17,pending,9,Student,21000,Food Support,PWD
PLUS-001048,syokau brenda opiyo,82987126,254 781 233 00,sopiyo@yahoo.com,19721223,Female,Kakamega,Ikolomani,Idakho Central,"PLOT 160, LANE 12, KIAMBU ROAD",03/27/2024,Pending,3,Unemployed,200000,Medical Cover,Youth
PLUS-001049,martha andrew kiarie,80822714,254 734 200 30,martha.kiarie@yahoo.com,1961-08-08,FEMALE,Nairobi,Kibra,Laini Saba,"House 368, Outering Street, Parklands",04/15/2023,inactive,3,Retired,12000,Education Support,PWD
PLUS-001050,martha nekesa,75413577,254 114 391 50,martha_nekesa@hotmail.com,1993-04-04,Female,Trans Nzoia,Endebess,Chepchoina,House 438 Ruiru Avenue Kiambu Road,2026-11-13,I,6,Student,62000,Medical Cover,Vulnerable
PLUS-001051,beatrice kimutai,12648580,254 734 860 65,beatrice.kimutai@gmail.com,1978-04-02,MALE,Bomet,Bomet Central,Mutarakwa,"House 40, Ruaraka Road, Kiambu Road",Unknown,inactive,3,Self-Employed,56500,Medical Cover,Orphan
PLUS-001052,ondieki akinyi,42134668,254 728 551 48,ondieki.akinyi@hotmail.com,1996-03-12,FEMALE,Machakos,Kathiani,Kathiani Central,,01 Apr 2026,,Not Provided,Unemployed,46000,Medical Cover,PWD
PLUS-001053,wafula gladys wabomba,25012106,254 751 794 18,,1983-09-18,MALE,Trans Nzoia,Endebess,Endebess,"House 82, Kilimani Street, Moi Avenue",01/27/2023,inactive,1,Unknown,Unknown,Medical Cover,PWD
PLUS-001054,samuel mwwangolo,41979317,254 738 582 09,samuel.mwangolo@yahoo.com,1995-04-08,MALE,Nairobi,Dagoretti North,Gatina,"Plot 314, Lane 4, Karen",07/01/2024,inactive,9,Employed,Unknown,Cash Transfer,Orphan
PLUS-001055,hannah wanyonyi mogaka,36252609,254 789 871 65,hannah.mogaka@hotmail.com,1975-01-06,FEMALE,Meru,Tigania West,Kianjai,"Plot 155, Lane 13, Westlands",18-Nov-2026,inactive,3,Employed,18500,Cash Transfer,Orphan
PLUS-001056,rweria chepmgeno,46771858,254 118 765 33,rweria.chepngeno@hotmail.com,1975-07-02,MALE,NAKURU,Molo,Turi,"House 420, Limuru Avenue, Mugumo",2025-02-07,pending,3,Unemployed,46000,Food Support,Elderly
PLUS-001057,matthew nzioka,80973199,254 113 737 22,matthew.nzioka@gmail.com,1970-07-12,MALE,Bomet,Chepalungu,Nyongores,"Plot 471, Lane 2, Karen",13 Feb 2023,active,6,Retired,38500,Medical Cover,Widow
PLUS-001058,e. m. kamotho,31839746,254 727 324 57,eunice.kamotho@hotmail.com,1988-08-02,MALE,Kilifi,Kaloleni,Kaloleni,"House 54, Jogoo Avenue, Thika",15-06-2026,inactive,8,Self-Employed,60500,Medical Cover,Orphan
PLUS-001059,harun kibathi,41531880,254 714 642 38,harun_kibathi@outlook.com,05-Sep-81,male,Kiambu,Githunguri,Ikinu,"Plot 183, Lane 15, Langata",03-25-2026,Active,5,Retired,158500,Cash Transfer,Widow
PLUS-001060,awiti isaiah kamau,77431786,254 104 116 11,a.k@yahoo.com,18-Nov-1987,FEMALE,Nairobi,Dagoretti South,Ngando,"House 365, Kiambu Road Avenue, Ruiru",12-Nov-25,Pending,7,Self-Employed,10500,Cash Transfer,Youth
PLUS-001061,kanampiu wamuyu,14443293,254 716 886 09,kanampiu.wamuyu@gmail.com,1998-08-08,MALE,Nairobi,Kibra,Woodley,"Plot 445, Lane 6, Argwings Kodhek",03-01-2024,active,9,Retired,40500,Medical Cover,Vulnerable
PLUS-001062,jeremiah nafula kamau,87753029,Not Provided,Not Provided,1996-08-26,FEMALE,Nakuru,Rongai,Solai,"Plot 245, Lane 9, Ruaraka",10/05/2024,,5,Unemployed,43500,Education Support,Widow
PLUS-001063,mukami aum,25226934,254 733 000 39,mukami.auma@gmail.com,1995-12-20,MALE,Kakamega,Butere,Marama Central,"Plot 94, Lane 19, Moi Avenue",09-03-2026,pending,6,Student,51000,Education Support,Elderly
PLUS-001064,syokau kipchircihir,46834775,254 787 770 93,Not Provided,1983-09-02,MALE,Kiambu,Lari,Kinale,"House 265, Kileleshwa Drive, River Road",Unknown,inactive,9,Retired,26500,Cash Transfer,Elderly
PLUS-001065,namukhula odhiambo mwirigi,71623610,254 729 454 86,namukhula.mwirigi@yahoo.com,1973-10-26,FEMALE,Bomet,Konoin,Chepchabs,"Plot 234, Lane 12, Kileleshwa",2023-10-21,pending,3,Student,8500,Business Grant,Vulnerable
PLUS-001066,awiti alice owuor,23582811,+25411922076,awiti.owuor@hotmail.com,1966-06-03,MALE,Bungoma,Kimilili,Kimilili,"House 76, Kileleshwa Street, Kitisuru",2023-07-19,pending,3,Student,17000,Medical Cover,Widow
PLUS-001067,lois okello,55925432,254 763 884 72,lois.okello@hotmail.com,1974-03-09,MALE,Kilifi,Rabai,Ruruma,"Plot 471, Lane 11, Limuru",20240424,inactive,8,Student,41000,Food Support,Vulnerable
PLUS-001068,wangeci kariuki,15776720,079182405,wangeci.kariuki@gmail.com,1982-09-06,MALE,Nairobi,Dagoretti South,Uthiru,"House 109, Athi River Road, Langata",07-Apr-2026,active,4,Unemployed,24500,Food Support,PWD
PLUS-001069,kinya kenga, 89520411,254 713 306 21,kinya.kenga@gmail.com,1975-09-12,FEMALE,Nakuru,Gilgil,Gilgil,"Plot 297, Lane 9, Ruiru",2024-04-14,inactive,2,Self-Employed,106500,Medical Cover,Vulnerable
PLUS-001070,nafula senteu ochieng,6415-6562,254 774 434 14,nafula80@gmail.com,Unknown,MALE,Not Provided,Kapseret,Langas,"plot 120, lane 16, lavington",2025-07-02,ACTIVE,4,Employed,46000,Medical Cover,Elderly
PLUS-001071,onditi ndkuu,82003695,254 707 649 94,onditi.nduku@yahoo.com,1957-08-15,MALE,Uasin Gishu,Ainabkoi,Kaptagat,"Plot 455, Lane 20, Argwings Kodhek",06-Feb-2026,pending,9,Retired,74500,Education Support,Youth
PLUS-001072,muthuri naipanoi okoth,72734318,254 727 880 06,muthuri.okoth@gmail.com,1994-03-15,MALE,Nairobi,Dagoretti South,Riruta,"Plot 5, Lane 10, Jogoo",2024-02-26,inactive,5,Student,24000,Business Grant,Vulnerable
PLUS-001073,agnes musalia,76597184,254 732 300 01,agnes.musalia@hotmail.com,1977-06-16,FEMALE,Bomet,Chepalungu,Siongiroi,"Plot 448, Lane 17, Ngong",2023-03-02,active,1,Student,14000,Food Support,Vulnerable
PLUS-001074,faith  mitei,68802124,254 712 081 11,faith.mitei@gmail.com,2001-12-14,FEMALE,Kilifi,Magarini,Adu,"Plot 345, Lane 10, Ruiru",2023-10-16,pending,4,Student,31500,Business Grant,PWD
PLUS-001075,agnes wairimu,34644621,254 742 004 94,agnes.wairimu@outlook.com,1991-01-07,MALE,Nakuru,Kuresoi South,Keringet,"House 184, Kiambu Road Avenue, Garden Estate",2026-07-03,pending,3,Retired,9500,Business Grant,PWD
PLUS-001076,diana otulra,89362549,254 774 900 44,diana.otula@hotmail.com,1988-12-09,MALE,Nyeri,Kieni,Mwiyogo/Endarasha,"House 480, Parklands Street, Garden Estate",22-Aug-2023,pending,3,Student,14000,Food Support,Youth
PLUS-001077,george gichuru,89811209,254 753 163 51,george.gichuru@gmail.com,1998-04-28,FEMALE,,Endebess,,"House 124, Kitisuru Drive, Ruiru",10/01/2025,inactive,6,Retired,24500,Cash Transfer,Vulnerable
PLUS-001078,jepchumba namukhula kaimenyi,69342241,254 703 917 83,jepchumba.kaimenyi@hotmail.com,1974-10-10,FEMALE,Nairobi,Kasarani,Ruai,"House 220, Parklands Street, Westlands",20260509,active,5,Self-Employed,16000,Business Grant,Widow
PLUS-001079,hannah murema,92720952,254 775 267 17,hannah.muema@gmail.com,1986-10-13,MALE,Mombasa,Mvita,Tudor,"Plot 35, Lane 15, Kasarani",26-Aug-2024,pending,6,Retired,11000,Cash Transfer,Elderly
PLUS-001080,kaloki kipchumba njuguna,32653778,254 713 612 07,kaloki.njuguna@hotmail.com,1951-02-20,MALE,Bomet,Bomet East,Chemaner,"Plot 473, Lane 19, Likoni",07-04-2023,active,4,Unemployed,28000,Food Support,PWD
PLUS-001081,wanjiru cynthia mwinyi,53241940,254 768 344 79,wanjiru.mwinyi@hotmail.com,2000-09-10,FEMALE,Kiambu,Ruiru,Kiuu,"House 215, Thika Superhighway Drive, Ngong",2026-07-03,Pending,8,Unemployed,24000,Medical Cover,Orphan
PLUS-001082,evelyn auma,51968530,254 118 365 98,evelynauma@yahoo.com,2005-06-17,Male,Mombasa,Likoni,Tsimba,"house 462, ruaraka street, mugumo",07-14-2024,I,3,Student,48500,Education Support,Widow
PLUS-001083,okello nganga,25046526,Not Provided,okello.nganga@hotmail.com,1967-03-22,FEMALE,Machakos,Machakos Town,Machakos Central,"Plot 290, Lane 1, Lenana",26-Oct-24,inactive,4,Employed,28000,Education Support,Youth
PLUS-001084,muthaa gilbert lubanga,40971850 ,254 792 732 27,muthaa.lubanga@outlook.com,1991-08-21,MALE,Mombasa,Nyali,Mkomani,"House 291, Mugumo Drive, Moi Avenue",24-Sep-2023,pending,1,Student,39000,Medical Cover,Elderly
PLUS-001085,okello ainyi,86260059,254 103 811 38,okello.akinyi@gmail.com,Unknown,FEMALE,Nairobi,Lang'ata,Nairobi West,"Plot 240, Lane 14, Ngong Road",Unknown,Unknown,5,Student,31000,Medical Cover,Widow
PLUS-001086,jepkoech chereono,40317689,254 105 034 33,jepkoech.cherono@yahoo.com,1994-08-06,FEMALE,Turkana,Turkana West,Kakuma,"House 40, Mombasa Road Road, Argwings Kodhek",20240504,inactive,4,Self-Employed,51000,Medical Cover,Widow
PLUS-001087,ndinda wanyoni,46438376,254 721 033 80,ndinda.wanyonyi@outlook.com,1948-10-11,FEMALE,Bomet,Sotik,Rongena/Manaret,"House 476, Limuru Street, Kangundo",20230220,pending,7,Self-Employed,133000,Education Support,Orphan
PLUS-001088,awiti mutwiri,96251321,254 725 293 91,awiti.mutwiri@outlook.com,1997-02-19,FEMALE,Nairobi,Lang'ata,South C,"Plot 406, Lane 15, Kikuyu",20230206,Unknown,Not Provided,Self-Employed,9500,Cash Transfer,PWD
PLUS-001089,timothy onsongo koross, 35066481,254 736 749 89,t.k@gmail.com,2002-07-17,male,Nakuru,Kuresoi South,Keringet,"House 202, Waiyaki St, Mombasa Rd",2025-03-08,Active,1,Retired,33500,Business Grant,Youth
PLUS-001090,kamau barnabas ngeno,78754356,254 106 745 29,kamau.ngeno@outlook.com,1954-05-19,FEMALE,Kakamega,Shinyalu,Isukha West,"House 131, Likoni Avenue, Kasarani",2023-09-12,pending,6,Self-Employed,10000,Food Support,Youth
PLUS-001091,wangari  awuor,98638560,254 772 665 61,wangari.awuor@gmail.com,1999-06-21,MALE,Nairobi,Westlands,Kangemi,"House 88, Argwings Kodhek Avenue, Tom Mboya",2025-05-11,inactive,2,Student,51000,Food Support,Youth
PLUS-001092,nahum rachel okello,33851205,254 116 825 34,nahum.okello@hotmail.com,1991-09-09,FEMALE,Kisumu,Nyakach,North Nyakach,"Plot 148, Lane 4, Tom Mboya",03/07/2023,active,8,Student,17000,Food Support,Youth
PLUS-001093,anna masinde,72624210,254 774 790 30,anna.masinde@yahoo.com,2002-01-09,FEMALE,Turkana,Turkana North,Kaikor,"Plot 201, Lane 3, Mugumo",29/08/2025,inactive,3,Unemployed,34000,Cash Transfer,Youth
PLUS-001094,judy ndunga,58047475,254 739 349 00,judy.ndunge@outlook.com,1980-12-17,MALE,Nairobi,Dagoretti South,Waithaka,"Plot 471, Lane 11, Outering",19/03/2026,active,2,Unemployed,13000,Cash Transfer,Vulnerable
PLUS-001095,kanampiu athman,27691237,254 702 332 27,kanampiu.athman@yahoo.com,2000-10-26,MALE,Meru,Igembe South,Mau/Antuamburi,"House 84, Athi River Street, Limuru",22-Aug-25,pending,3,Employed,29000,Education Support,Youth
PLUS-001096,margaret marete,21965928,254 748 233 28,margaret.marete@outlook.com,1985-01-17,FEMALE,Kilifi,Malindi,Kakuyuni,"Plot 397, Lane 7, Kiambu",2024-05-03,pending,2,Self-Employed,21500,Food Support,Orphan
PLUS-001097,flora kipkoech chepngeno,84523599,Not Provided,Not Provided,1982-01-26,FEMALE,Nakuru,Nakuru Town East,Flamingo,"Plot 108, Lane 10, Kangundo",20230917,active,4,Student,Unknown,Cash Transfer,Youth
PLUS-001098,isaac owuor,90511561,254 713 593 05,isaac.owuor@yahoo.com,1987-10-04,MALE,Trans Nzoia,Saboti,Tuwani,"House 98, Ruiru Road, Kiambu Road",2025-10-29,inactive,4,Employed,51000,Medical Cover,Orphan
PLUS-001099,kipngetich nabwire,60984196,254 108 472 63,kipngetich.nabwire@gmail.com,1978-12-06,MALE,Nairobi,Westlands,Kitisuru,"House 320, Kenyatta Drive, Moi Avenue",01/02/2023,active,1,Unemployed,9000,Education Support,Youth
PLUS-001100,rose mokua,18024377,254 749 510 89,rose.mokua@gmail.com,1984-06-13,MALE,Meru,South Imenti,,"Plot 54, Lane 9, Ruiru",2025-01-27,inactive,7,Not Provided,72000,Food Support,PWD
PLUS-001101,gichuru sarah kiprop,53246230,254 118 444 60,gichuru.kiprop@gmail.com,1997-03-02,MALE,Nairobi,Dagoretti North,Kilimani,"Plot 22, Lane 13, Garden Estate",2026-04-09,active,3,Student,70000,Medical Cover,Elderly
PLUS-001102,jonah moka,91541051,254 716 518 66,jonah.mokua@gmail.com,1981-02-24,FEMALE,Uasin Gishu,Ainabkoi,,"House 342, Kangundo Avenue, Uhuru",20260825,inactive,6,Retired,31000,Medical Cover,Widow
PLUS-001103,mumo miteni,30065669,254 726 691 39,mumo.mitei@yahoo.com,2001-09-22,MALE,Meru,Tigania East,Kiguchwa,"House 475, Thika Drive, Lenana",12/21/2023,active,7,Unemployed,79000,Medical Cover,Orphan
PLUS-001104,jepchumba awino marete,20120010,254 709 908 56,jepchumba.marete@yahoo.com,2002-07-25,FEMALE,Uasin Gishu,Soy,Kipsomba,"House 458, Kenyatta Drive, Kasarani",20241221,pending,2,Retired,48000,Business Grant,Vulnerable
PLUS-001105,moraa esther kemei,74209943,254 119 532 48,moraa.kemei@gmail.com,1995-09-27,FEMALE,Turkana,Turkana North,Kaikor,"Plot 116, Lane 14, Kasarani",23-02-2026,inactive,4,Unemployed,71500,Medical Cover,Orphan
PLUS-001106,"nduku, wanjiku jebet",97241147,254 742 666 99,wanjiku.nduku@hotmail.com,1954-06-09,FEMALE,Nairobi,Kasarani,Kamulu,"House 203, Limuru Street, Kilimani",2026-03-24,active,4,Retired,20500,Food Support,Widow
PLUS-001107,brenda wairimu mitei,63606649,254 721 652 29,brenda46@yahoo.com,Unknown,MALE,Kisumu,Seme,West Seme,Not Provided,11/08/2026,active,7,Unemployed,135000,Cash Transfer,Youth
PLUS-001108,momanyi mugo,75453166,254 772 582 79,momanyimugo@outlook.com,12-02-1965,female,Uasin Gishu,Kesses,Tulwet/Chuiyat,"House 412, Langata Ave, Langata",20/01/2026,pending,1,Student,85000,Cash Transfer,Youth
PLUS-001109,kanana kosgei,21463219,254 112 859 34,kanana.kosgei@gmail.com,1990-02-16,MALE,Nakuru,Not Provided,Kaptembwo,"House 464, Outering Drive, Lavington",13-05-2023,pending,3,Student,13000,Education Support,PWD
PLUS-001110,chepkirui auma,41278153,254 716 977 18,chepkirui.auma@gmail.com,2001-05-20,FEMALE,Uasin Gishu,Kesses,Racecourse,"Plot 351, Lane 13, Mombasa Road",02-10-2024,active,1,Self-Employed,10000,Medical Cover,Vulnerable
PLUS-001111,cecilia wtanjohi,2064-3089,254 735 956 87,cecilia.wanjohi@hotmail.com,1977-11-28,MALE,Nairobi,Dagoretti South,Mutuini,"House 94, Juja Drive, Kenyatta",28-Jan-2025,inactive,4,Employed,13000,Cash Transfer,Elderly
PLUS-001112,philemon kamotho,42724072,254 767 134 74,philemon.kamotho@outlook.com,Not Provided,FEMALE,Trans Nzoia,Cherangany,,"Plot 296, Lane 13, Westlands",26-01-2023,inactive,3,,46000,Medical Cover,Orphan
PLUS-001113,wanjiru ogero,17170147,254 119 059 58,wanjiru.ogero@outlook.com,1981-10-18,FEMALE,Mombasa,Changamwe,Chaani,"House 356, Ngong Road Road, Kileleshwa",12-Jul-2023,pending,4,Employed,49500,Cash Transfer,PWD
PLUS-001114,mwirigi erick kipkemboi,79718531,254 797 317 63,mwirigi.kipkemboi@outlook.com,1965-09-19,MALE,Bomet,Chepalungu,Kongasis,"Plot 147, Lane 5, Garden Estate",29 Dec 2025,inactive,10,Retired,41000,Cash Transfer,Elderly
PLUS-001115,njeri momanyi,78564064,254 727 541 86,njeri.momanyi@gmail.com,1955-10-22,FEMALE,Kiambu,Githunguri,Githiga,"House 474, Thika Road, Limuru",2026-03-19,inactive,2,Retired,5500,Education Support,Youth
PLUS-001116,jebiwott habakkuk njoroge,57-535-503,254 721 235 11,Unknown,1985-07-03,FEMALE,Nairobi,Kibra,Woodley,"Plot 97, Lane 17, Ruaraka",Unknown,pending,Unknown,Employed,45500,Business Grant,Vulnerable
PLUS-001117,faith ronio,46953423,254 796 814 56,faith.rono@gmail.com,1978-05-18,MALE,Nakuru,Nakuru Town East,Menengai,"House 318, Kikuyu Street, Kitisuru",02/09/2024,active,3,Unemployed,48500,Education Support,Youth
PLUS-001118,mworoa timothy wanyoike,69463339,254 734 567 31,mworoa.wanyoike@yahoo.com,1977-04-24,FEMALE,Machakos,Yatta,Ikombe,"Plot 387, Lane 15, Lenana",22-Jun-2024,inactive,8,Unemployed,53000,Education Support,Orphan
PLUS-001119,kamau ombati mitei,69224618,254 774 087 63,kamau.mitei@gmail.com,1992-02-20,MALE,Bungoma,Kabuchai,West Nalondo,"Plot 67, Lane 10, Argwings Kodhek",02/10/2023,inactive,10,Employed,24000,Medical Cover,Orphan
PLUS-001120,isaiah jane marete,45707180,254 709 222 02,isaiah.marete@yahoo.com,2002-05-10,MALE,Kiambu,Kiambu,Ndumberi,"House 172, Thika Superhighway Avenue, Thika Superhighway",2026-05-15,inactive,3,Student,29500,Food Support,PWD
PLUS-001121,benjamin gathoni rono,62665465,077574417,benjamin.rono@outlook.com,1986-05-09,FEMALE,Mombasa,Kisauni,Mwakirunge,"Plot 344, Lane 11, Thika Superhighway",31-Mar-2026,pending,2,Student,30000,Business Grant,Youth
PLUS-001122,agnes korir,46632288,254 114 460 81,agnes.korir@gmail.com,1983-07-23,MALE,Kisumu,Kisumu East,Manyatta 'B',"Plot 175, Lane 14, Thika",2023-11-24,inactive,3,Unemployed,146500,Education Support,Vulnerable
PLUS-001123,barnabas nanjale,27850353,254 721 502 79,barnabas.nanjala@gmail.com,1990-01-01,FEMALE,Turkana,Loima,Loima,"House 235, Uhuru Drive, Kangundo",04/29/2026,inactive,2,Student,10000,Education Support,PWD
PLUS-001124,odhiambo ruth onyango,66955616,254 112 841 86,odhiambo.onyango@outlook.com,2006-05-23,FEMALE,Machakos,Machakos Town,Machakos Central,"Plot 270, Lane 7, Kiambu",19-07-2026,pending,5,Retired,161500,Medical Cover,Vulnerable
PLUS-001125,faith owuor,19492547,254 748 887 69,faith.owuor@gmail.com,2002-12-06,FEMALE,Kilifi,Rabai,Mwawesa,"Plot 292, Lane 17, Garden Estate",18 Aug 2025,pending,2,Student,174000,Business Grant,Orphan
PLUS-001126,haggai kipkirui ongaya,7428-7218,+25472812277,haggai.ongaya@gmail.com,1989-02-16,FEMALE,Mombasa,Kisauni,Mtopanga,"Plot 106, Lane 12, Kangundo",10-Apr-23,,7,Self-Employed,43000,Education Support,Youth
PLUS-001127,agnes njuguna,62027391,254 739 500 13,agnesnjuguna@hotmail.com,2000-10-21,FEMALE,Turkana,Turkana North,Kaeris,"House 3, Mugumo Drive, Tom Mboya",2023-08-16,inactive,8,Retired,5000,Medical Cover,PWD
PLUS-001128,nanjala anyango,21-860-851,+25411714314,nanjala.anyango@gmail.com,2005-12-15,FEMALE,Nairobi,Westlands,Parklands,"House 221, Likoni Road, Tom Mboya",13 Jul 2026,inactive,5,Unemployed,101500,Education Support,Youth
PLUS-001129,mulwa musile,53 365 278,+254 114-892-47,m.musila@yahoo.com,1995-03-04,FEMALE,Nyeri,Kieni,Mweiga,"Plot 70, Lane 19, Jogoo",11-Nov-2026,pending,4,Self-Employed,192500,Food Support,Orphan
PLUS-001130,mutinda kipkemoi,9198-9541,076 640 030,kipkemoi.mutinda@gmail.com,1960-03-16,MALE,Kakamega,Mumias East,Lusheya/Lubinu,"Plot 319, Lane 5, Mombasa Road",2024-09-26,active,8,Unemployed,11500,Cash Transfer,Widow
PLUS-001131,joseph ombati,69372702,254 793 529 29,joseph.ombati@outlook.com,02-Apr-80,M,Nairobi,Dagoretti North,Kileleshwa,"Plot 64, Lane 14, Kasarani",05-05-2023,A,5,Employed,88500,Medical Cover,Youth
PLUS-001132,rose wadada,82978165,254 712 003 67,rose.wadada@gmail.com,1984-05-19,FEMALE,Kiambu,Ruiru,Kahawa Wendani,"Plot 158, Lane 16, Kiambu Road",06/19/2026,pending,7,Retired,66000,Cash Transfer,Youth
PLUS-001133,joseph cynthia wabomba,44625815,254 778 953 36,joseph.wabomba@gmail.com,1997-02-20,FEMALE,Trans Nzoia,Endebess,Matumbei,"Plot 20, Lane 10, Kangundo",03-Sep-2025,inactive,1,Self-Employed,37500,Business Grant,Widow
PLUS-001134,kwamboka katuaa,41758221 ,0712.824.50,k.k@hotmail.com,2003-02-02,Female,Uasin Gishu,Soy,Moi's Bridge,"Plot 391, Ln 1, Juja",29-05-2023,inactive,4,Student,39500,Education Support,Youth
PLUS-001135,"nabwire, cherotich",57712356 ,0773.679.02,cherotich.nabwire@gmail.com,2003-09-14,FEMALE,Kiambu,Githunguri,Ikinu,"House 75, Moi Avenue Road, Kiambu Road",03/22/2025,pending,3,Student,53000,Education Support,Widow
PLUS-001136,n. k. keter,40299882 ,0772-593-46,naliaka.keter@hotmail.com,1954-04-11,MALE,Nyeri,Tetu,Dedan Kimathi,"Plot 304, Lane 5, Kitisuru",2023-10-07,inactive,3,Self-Employed,33500,Cash Transfer,Vulnerable
PLUS-001137,mumo mwoora,13306687,254 751 307 50,mumo.mworoa@hotmail.com,1996-05-04,MALE,Bungoma,Sirisia,Malakisi/South Kulisiru,"Plot 283, Lane 19, Kangundo",18-05-2023,inactive,4,Employed,7500,Medical Cover,Widow
PLUS-001138,mwango leshan,45 474 823,+254 721-286-99,leshan.mwango@outlook.com,1975-11-14,MALE,Nyeri,Unknown,Not Provided,"House 358, Outering Street, Kenyatta",24/04/2025,active,5,Self-Employed,31000,Education Support,Elderly
PLUS-001139,kipchumba agnes omondi,45151432 ,0782.206.12,kipchumba.omondi@yahoo.com,2001-06-27,FEMALE,Machakos,Yatta,Katangi,"Plot 282, Lane 16, Juja",2025-12-21,active,3,Retired,36500,Cash Transfer,Elderly
PLUS-001140,musyoka ntuku, 63287172,073280256,musyoka_nduku@hotmail.com,1980-05-17,FEMALE,Mombasa,Kisauni,Bamburi,"House 456, Kiambu Road Drive, Ngong Road",12-08-2023,active,3,Unemployed,18500,Food Support,Widow
PLUS-001141,mueni korosz,7604-2903,071 662 975,mueni35@gmail.com,1969-08-28,FEMALE,Nyeri,Othaya,Iria-ini,"House 67, Westlands Street, Kileleshwa",21 May 2024,active,3,Employed,27500,Medical Cover,Youth
PLUS-001142,s. j. kanampiu,29 942 284,0738-987-59,syokau.kanampiu@gmail.com,1985-04-20,MALE,Kiambu,Kabete,Kabete,"House 199, Juja Road, Kangundo",24-02-2024,pending,3,Unemployed,26500,Medical Cover,Elderly
PLUS-001143,wangari wanjala,95667481,,wangari.wanjala@gmail.com,1967-06-20,FEMALE,Trans Nzoia,Saboti,Machewa,"Plot 174, Lane 9, Athi River",,inactive,7,Retired,Unknown,Business Grant,Youth
PLUS-001144,victor cehbet,73-339-433,076 281 520,victor56@gmail.com,1981-09-20,FEMALE,Kakamega,Mumias East,East Wanga,"Plot 86, Lane 6, Kiambu Road",11 Sep 2023,active,8,Self-Employed,40000,Food Support,PWD
PLUS-001145,kipkoech kiprono,74-547-148,+254 746 434 58,kipkoech.kiprono@gmail.com,1979-05-14,MALE,Uasin Gishu,Kesses,Taratai,"House 56, Langata Road, Outering",14/07/2023,inactive,9,Employed,20000,Cash Transfer,Youth
PLUS-001146,mukhwana haggai kemei,45-214-814,079583900,mukhwana.kemei@gmail.com,1967-04-08,FEMALE,Nyeri,Tetu,Aguthi/Gaaki,"Plot 129, Lane 11, Kenyatta",08-30-2023,inactive,5,Unemployed,25500,Food Support,Orphan
PLUS-001147,wafula lenguro,49379157,254 118 757 27,wafula.lenguro@gmail.com,1976-01-25,FEMALE,Nakuru,Kuresoi South,Tinet,"Plot 176, Lane 3, Kasarani",2023-12-15,inactive,4,Employed,21500,Medical Cover,Youth
PLUS-001148,muthuri salim,10292428,254 729 155 65,muthuri.salim@yahoo.com,1984-12-26,FEMALE,Bungoma,Kimilili,Kibingei,"Plot 373, Lane 3, Uhuru",20 May 2025,pending,4,Student,9000,Business Grant,Youth
PLUS-001149,gladys jepkorir omondi,Unknown,254 796 285 39,gladys.omondi@gmail.com,1980-01-25,FEMALE,Meru,Buuri,Kiirua/Naari,"House 59, Uhuru Drive, Kitisuru",22/07/2024,active,3,Employed,200000,Medical Cover,PWD
PLUS-001150,micah thomas ndunge,80647142,254 101 233 09,Unknown,2004-08-18,FEMALE,Bungoma,Kabuchai,Bwake/Luuya,"House 462, Athi River Drive, Uhuru",,Unknown,1,Employed,29000,Medical Cover,Vulnerable
PLUS-001151,jepchumba kagwe,90233459,254 785 707 50,jkagwe@yahoo.com,10-Nov-04,FEMALE,Machakos,Kathiani,Upper Kaewa/Iveti,House 312 Westlands Road River Road,23-09-2025,pending,5,Self-Employed,31000,Cash Transfer,PWD
PLUS-001152,gitobu cynthia erick,77569898 ,25410912327,cynthia.gitobu@gmail.com,1992-05-12,MALE,Mombasa,Kisauni,Mwakirunge,"House 221, Parklands Drive, River Road",2023-10-21,inactive,4,Unemployed,16000,Cash Transfer,PWD
PLUS-001153,akinyi muutai,42 835 306,071996620,amutai@yahoo.com,1973-11-26,FEMALE,Mombasa,Changamwe,Chaani,"Plot 343, Lane 18, Ruaraka",11 Jan 2024,pending,5,Self-Employed,39500,Education Support,Youth
PLUS-001154,simon ngeno,43005188 ,+254 799 909 79,simon.ngeno@hotmail.com,1978-03-03,MALE,Nakuru,NakuruTownWest,Kaptembwo,"Plot 199, Lane 16, Kiambu",14-Feb-2023,active,3,Self-Employed,50500,Cash Transfer,Widow
PLUS-001155,muthuri  naipanoi  okoth,7273-4318,25472788006,muthuri.okoth@gmail.com,1994-03-15,MALE,Nairobi,Dagoretti South,Riruta,"Plot 5, Lane 10, Jogoo",2024-02-26,inactive,5,Student,24000,Business Grant,Vulnerable
PLUS-001156,caroline namukhula,31800010,254 105 099 66,caroline69@hotmail.com,1990-01-07,FEMALE,Nairobi,Dagoretti North,Kileleshwa,"House 331, Likoni Drive, Kikuyu",02/08/2025,inactive,1,Retired,47000,Education Support,Orphan
PLUS-001157,michael mwiyi,87754278 ,254 743 623 07,michael@yahoo.com,1988-06-20,MALE,Mombasa,Likoni,Bofu,"House 69, Kileleshwa Street, Thika",07/11/2023,active,2,Employed,131000,Education Support,Orphan
PLUS-001158,chepngeno mlwa,18037525 ,254 779 832 90,Not Provided,Not Provided,MALE,Trans Nzoia,Kiminini,Nabiswa,"Plot 355, Lane 11, Kasarani",26-Nov-2026,pending,1,Retired,43000,Cash Transfer,Elderly
PLUS-001159,kipchirchir  kathure  otieno,85-251-775,+25470470188,kipchirchir.otieno@hotmail.com,1995-02-21,FEMALE,Trans Nzoia,Cherangany,Kaplamai,"Plot 405, Lane 6, Moi Avenue",2025-03-04,pending,4,Retired,22500,Medical Cover,Elderly
PLUS-001160,kwamboka wanngari, 75025705,+254 765 489 02,kwamboka_wangari@yahoo.com,1977-05-18,FEMALE,Trans Nzoia,Kiminini,Kiminini,"House 333, Kasarani Avenue, Lavington",09/29/2026,active,3,Student,87500,Business Grant,Orphan
PLUS-001161,monica musymii,74434188,254 119 557 64,m.musyimi@yahoo.com,11-Jan-1968,MALE,Uasin Gishu County,Kesses,Cheptiret/Kipchamo,"Plot 442, Ln 18, Ruaraka",08/21/2023,I,4,Employed,26000,Cash Transfer,Widow
PLUS-001162,paul mburthia, 14817439,+254 733 707 69,paul.mbuthia@gmail.com,1990-08-26,FEMALE,Nyeri,Nyeri Town,Ruring'u,"House 335, Kilimani Avenue, Langata",24-Jun-2026,pending,4,Self-Employed,28500,Education Support,PWD
PLUS-001163,kasina kipongetich,90268486,254 794 007 41,kasina20@hotmail.com,1987-07-16,MALE,Meru,Tigania West,Athwana,"Plot 21, Lane 15, Kitisuru",2026-11-20,active,4,Student,23000,Medical Cover,Youth
PLUS-001164,maina sentau,88-536-501,25476841427,maina97@outlook.com,2002-07-13,FEMALE,Mombasa,Changamwe,Airport,"House 223, Likoni Road, Likoni",2024-03-05,inactive,9,Self-Employed,23500,Food Support,PWD
PLUS-001165,mwirigi kipkemboi,79-718-531,25479731763,mwirigikipkemboi@outlook.com,1965-09-19,MALE,Bomet,Chepalungu,Kongasis,"Plot 147, Lane 5, Garden Estate",29 Dec 2025,inactive,10,Retired,41000,Cash Transfer,Elderly
PLUS-001166,flora musila,41071321,254 758 633 34,flor@outlook.com,1993-01-19,MALE,Kiambu,Kiambu,Ting'ang'a,"Plot 223, Lane 17, Athi River",2024-08-09,active,6,Student,25000,Education Support,Orphan
PLUS-001167,"wanjala, wangari",95-667-481,+25475324793,wangari.wanjala@gmail.com,1967-06-20,FEMALE,Trans Nzoia,Saboti,Machewa,"Plot 174, Lane 9, Athi River",,inactive,7,Retired,Unknown,Business Grant,Youth
PLUS-001168,moses kibadhi,4245-4583,0114-763-11,moses.kibathi@yahoo.com,1977-03-11,FEMALE,Meru,NorthImenti,Nyaki West,"House 117, Mombasa Road Drive, Mugumo",03/08/2023,inactive,1,Self-Employed,15500,Business Grant,Vulnerable
PLUS-001169,munyao  mary  namukhula, 29405087,25411418745,munyao.namukhula@gmail.com,2001-10-14,FEMALE,Machakos,Yatta,Ikombe,"Plot 265, Lane 19, Likoni",29-Jan-26,pending,3,Employed,30000,Food Support,Orphan
PLUS-001170,mwirigi margaret flora, 75796428,0756.771.44,margaret.mwirigi@gmail.com,2003-06-16,MALE,BOMET,Chepalungu,Nyongores,"House 136, Jogoo Avenue, Ngong",2025-11-23,active,2,Unemployed,102500,Food Support,Elderly
PLUS-001171,kipchirchir nabea namukhula,45488502,254 719 744 89,kipchirchir.namukhula@outlook.com,1989-07-02,FEMALE,Kisumu,Seme,West Seme,"Plot 306, Lane 1, Outering",18-Jul-26,pending,7,Student,44500,Business Grant,Youth
PLUS-001172,dennis muom,46-389-263,071 652 065,dennis16@yahoo.com,20/03/2001,female,Kiambu,Kikuyu,Kinoo,"house 327, tom mboya road, jogoo",2023-07-02,inactive,1,Unemployed,20000,Business Grant,PWD
PLUS-001173,kerubo wamuiu, 71631699,+254 761 265 64,wamuyukerubo@outlook.com,1954-11-22,FEMALE,Nakuru,Nakuru Town West,London,"House 292, Likoni Road, Garden Estate",2026-09-17,inactive,3,Student,50000,Education Support,Youth
PLUS-001174,thomas kiproip, 87420166,0768-650-40,kipropthomas@gmail.com,1979-01-14,MALE,Kiambu,Unknown,Limuru East,"House 396, Argwings Kodhek Street, Kitisuru",2026-07-19,pending,2,Retired,55000,Business Grant,Youth
PLUS-001175,rimberia john kerubo, 56509909,+254 722 250 79,john.rimberia@yahoo.com,2003-07-10,FEMALE,Nairobi,Lang'ata,Mugumu-ini,"House 101, Parklands Road, Kiambu",22-08-2026,inactive,7,Student,48500,Medical Cover,Vulnerable
PLUS-001176,chepkorir muthuri rotich,32395401,254 703 814 71,chepkorir_rotich@gmail.com,1990-04-03,MALE,Uasin Gishu,Kesses,Tulwet/Chuiyat,"Plot 360, Lane 8, Garden Estate",10/17/2025,inactive,3,Self-Employed,32000,Medical Cover,PWD
PLUS-001177,mukami aum,25226934,254 733 000 39,aumamukami@gmail.com,1995-12-20,MALE,Kakamega,Butere,Marama Central,"Plot 134, Lane 19, Outering",09-03-2026,pending,6,Student,51000,Education Support,Elderly
PLUS-001178,wekesa mbake,89 646 079,+254 731-879-63,wekesa@gmail.com,1976-12-27,MALE,Kisumu,Kisumu West,South West Kisumu,"Plot 211, Lane 11, Kenyatta",30/06/2025,active,5,Unemployed,91000,Food Support,PWD
PLUS-001179,aaron mitei,30036175,254 762 656 15,aaron.mitei@gmail.com,1972-09-19,MALE,Bungoma,Kimilili,Kamukuywa,"Plot 3, Lane 13, Thika",2026-02-01,pending,4,Unemployed,76500,Cash Transfer,Orphan
PLUS-001180,kanana rimberia kiarie,17082790,254 763 330 58,kanana35@gmail.com,1996-08-07,MALE,Nairobi,Kasarani,Ruai,"House 420, Parklands Drive, Kikuyu",04/14/2025,pending,7,Student,79000,Food Support,Vulnerable
PLUS-001181,philemon moaka,Unknown,254 721 007 51,philemon.mogaka@yahoo.com,2004-04-21,MALE,Meru,South Imenti,Nkuene,"Plot 81, Lane 19, Westlands",22/11/2026,inactive,4,Student,52500,Food Support,PWD
PLUS-001182,mark chepngeno,60721412 ,0768.940.57,mark.chepngeno@gmail.com,1978-09-24,MALE,Nakuru,Nakuru Town East,Menengai,"Plot 453, Lane 18, Tom Mboya",10-Jan-23,active,7,Employed,31000,Education Support,Widow
PLUS-001183,rimberia kinay, 13680680,25411249600,rimberia@gmail.com,1983-04-02,MALE,Machakos,Mavoko,Kinanie,"Plot 266, Lane 17, Waiyaki",13-Feb-2025,inactive,2,Employed,24000,Food Support,Youth
PLUS-001184,"mutisya, mugo wairimu", 93828732,078 212 707,mugo.mutisya@yahoo.com,1960-10-28,FEMALE,Nyeri,Nyeri Town,Ruring'u,"House 409, Kiambu Road Road, Ruiru",22/02/2026,pending,8,Unemployed,8000,Education Support,Youth
PLUS-001185,catherine mworoa,85127595,254 103 205 55,catherinemworoa@gmail.com,Not Provided,MALE,BOMET,KONOIN,MOGOGOSIEK,"Plot 129, Lane 17, Ngong Road",23-12-2026,active,5,Retired,62000,Education Support,Widow
PLUS-001186,thomas nabea,42 180 102,25478133577,thomas.nabea@hotmail.com,1974-04-13,MALE,Bungoma,Kimilili,Kamukuywa,"House 171, Mombasa Road Street, Argwings Kodhek",10/03/2024,pending,7,Student,38500,Cash Transfer,PWD
PLUS-001187,priscilla odhiiambo,46-260-563,+25477556996,priscilla.odhiambo@gmail.com,1958-03-09,FEMALE,Mombasa,Changamwe,Airport,"Plot 80, Lane 13, Tom Mboya",01-06-2024,active,,Unemployed,13500,Education Support,Orphan
PLUS-001188,benjamin diana mwaura,83609531,254 709 692 26,benjamin71@outlook.com,2005-02-09,MALE,Uasin Gishu,Soy,Segero/Barsombe,"Plot 221, Lane 12, Moi Avenue",03/01/2023,inactive,3,Student,45500,Business Grant,PWD
PLUS-001189,rimberia omar,22388317,254 759 931 63,rimberia.omar@yahoo.com,1970-09-21,MALE,Kakamega,Lugari,Mautuma,"Plot 56, Lane 17, Mugumo",06-Jun-2024,inactive,4,Employed,12500,Medical Cover,Orphan
PLUS-001190,githinji aaron kimani,Unknown,254 762 573 75,githinji.kimani@gmail.com,1949-12-24,MALE,Machakos,Mavoko,Muthwani,"House 469, Moi Avenue Avenue, Likoni",04-12-2025,pending,3,Retired,37500,Cash Transfer,Orphan
PLUS-001191,"sigei, zechariah",1815-8813,0706.389.86,zechariah.sigei@gmail.com,1988-02-05,FEMALE,Machakos,Kangundo,Kangundo Central,"Plot 144, Lane 4, Ruaraka",19-Feb-2025,inactive,3,Unemployed,22000,Education Support,Vulnerable
PLUS-001192,gichuru kiprup,53246230 ,0118-444-60,gkiprop@gmail.com,1997-03-02,MALE,Nairobi,Dagoretti North,Kilimani,"Plot 22, Lane 13, Garden Estate",2026-04-09,active,3,Student,70000,Medical Cover,Elderly
PLUS-001193,judith david kiarie,62 089 071,254 727 149 73,judith.kiarie@gmail.com,1971-06-07,MALE,Unknown,Konoin,Mogogosiek,Unknown,14-12-2025,active,1,Employed,45500,Education Support,Widow
PLUS-001194,mogaka mutisya njuguna,14456047,254 767 384 57,mogaka.njuguna@hotmail.com,1960-09-17,FEMALE,Kilifi,Kaloleni,Kayafungo,"Plot 331, Lane 10, Moi Avenue",21-Jul-25,inactive,4,Unemployed,117500,Food Support,PWD
PLUS-001195,kiprotich mtuwiri,38 852 315,254 749 098 08,kiprotich12@yahoo.com,1991-09-02,MALE,Kisumu,Nyando,Kabonyo/Kanyagwal,"Plot 167, Lane 17, Garden Estate",27-08-2024,active,7,Self-Employed,26000,Education Support,Youth
PLUS-001196,samuel akynyi,95121229,254 792 110 99,samuel.akinyi@hotmail.com,1993-03-10,FEMALE,Kiambu,Kiambu,Kihara,"Plot 280, Lane 11, Ruaraka",02-20-2023,active,3,Self-Employed,33500,Food Support,Widow
PLUS-001197,ndunge kiprotich,17760673,254 703 541 58,ndunge.kiprotich@gmail.com,1967-10-07,MALE,Nairobi,Lang'ata,Mugumu-ini,"Plot 48, Lane 19, Kiambu",2024-02-01,pending,4,Retired,57000,Business Grant,PWD
PLUS-001198,"wanyoike, wachira ondieki",12 674 689,25478601207,wachira.wanyoike@gmail.com,1957-03-11,FEMALE,Meru,North Imenti,Mweronkanga,"House 301, Kitisuru Street, Kiambu",07 May 2023,inactive,1,Unemployed,43000,Medical Cover,Elderly
PLUS-001199,kemunto kneei,57 560 131,071 121 759,k.kenei@yahoo.com,1992-12-07,MALE,Kilifi,Malindi,Malindi Town,"House 267, River Road Avenue, River Road",20250705,Unknown,4,Employed,74000,Medical Cover,Elderly
PLUS-001200,chepkoech  mutua  mwakisha,45064728 ,+254 118 348 15,cmwakisha@gmail.com,01/11/1993,FEMALE,Turkana,Turkana West,Kalobeyei,House 386 Kiambu Drive Ruaraka,19/09/2024,INACTIVE,3,Employed,179500,Cash Transfer,Elderly
PLUS-001201,charity  joshua  muriuki, 76161613,0717-752-06,charity.muriuki@outlook.com,1966-09-25,FEMALE,Kakamega,Lugari,Manda/Shivanga,"Plot 297, Lane 20, Athi River",01 Feb 2023,inactive,7,Unemployed,32500,Food Support,Orphan
PLUS-001202,jonathan keneii,12-827-313,+25478907691,jonathan_kenei@outlook.com,1998-03-01,MALE,Bomet,Sotik,Ndanai/Abosi,"Plot 275, Lane 16, Kangundo",01-06-2025,inactive,3,Retired,13500,Food Support,Elderly
PLUS-001203,muthaa jebiet,60-968-846,254 728 567 22,m.jebet@gmail.com,1996-03-09,MALE,Kilifi,Kilifi South,Junju,"Plot 58, Lane 10, Ruiru",10-22-2026,pending,1,Retired,74500,Cash Transfer,PWD
PLUS-001204,ondieki osenko,34996513,254 758 873 91,ondieki.oseko@yahoo.com,1993-04-23,MALE,Mombasa,Mvita,Mji wa Kale,"Plot 355, Lane 5, Kasarani",04-Jun-2026,pending,5,Self-Employed,23000,Food Support,Elderly
PLUS-001205,"musalia, caroline",64-047-337,25475111112,cmusalia@gmail.com,1993-01-19,FEMALE,Nairobi,Kasarani,Clay City,"Plot 432, Lane 3, Waiyaki",23-10-2025,pending,6,Unemployed,49500,Cash Transfer,Youth
PLUS-001206,nyambura kiamni,78060314,254 752 962 63,nyambura.kimani@gmail.com,1996-01-27,FEMALE,Nakuru,Nakuru Town East,Kivumbini,"Plot 79, Lane 20, Kangundo",2026-02-15,pending,3,Employed,27500,Cash Transfer,Vulnerable
PLUS-001207,diana otulra,89362549,254 774 900 44,diana_otula@hotmail.com,1988-12-09,MALE,Nyeri,Kieni,Mwiyogo/Endarasha,"Plot 329, Lane 10, Tom Mboya",22-Aug-2023,pending,3,Student,14000,Food Support,Youth
PLUS-001208,w. k. mcharo,52538666 ,+254 115-175-91,wabomba.mcharo@gmail.com,1973-06-04,MALE,Kisumu,Kisumu Central,Kaloleni,"Plot 365, Lane 17, Moi Avenue",01-Oct-2023,pending,3,Retired,24500,Medical Cover,Widow
PLUS-001209,kimani saidimu,50216471,254 752 678 99,kimani.saidimu@gmail.com,1964-10-19,MALE,Nyeri,Mathira,Magutu,"Plot 156, Lane 1, Ngong Road",2026-01-08,active,2,Employed,5000,Education Support,Youth
PLUS-001210,ongeri mohamed,36 970 791,+254 766-536-55,ongeri.mohamed@hotmail.com,1959-03-22,MALE,Kiambu,Kabete,Kabete,"House 72, Kiambu Road Drive, Ruaraka",09 Jul 2023,pending,3,Retired,42500,Business Grant,Youth
PLUS-001211,nyambura ojwng, 54819596,073623860,nojwang@hotmail.com,1980-07-20,FEMALE,Bungoma,Kimilili,Kamukuywa,"House 408, Garden Estate Street, Mombasa Road",2023-02-20,inactive,3,Employed,32000,Medical Cover,Orphan
PLUS-001212,rimberia kinyoa,13 680 680,011 249 600,rimberiakinya@gmail.com,1983-04-02,MALE,Machakos,Mavoko,Kinanie,"Plot 266, Lane 17, Waiyaki",13-Feb-2025,inactive,2,Employed,24000,Food Support,Youth
PLUS-001213,ndegwa priscilla,35 144 726,0119-693-54,priscilla.ndegwa@gmail.com,1995-03-15,MALE,Nairobi,Dagoretti North,Kawangware,"Plot 136, Lane 16, Waiyaki",31/10/2025,pending,3,Self-Employed,20000,Medical Cover,Orphan
PLUS-001214,kipngetich naabwire,60-984-196,010 847 263,k.n@gmail.com,1978-12-06,MALE,Nairobi,Westlands,Kitisuru,"House 320, Kenyatta Drive, Moi Avenue",01/02/2023,active,1,Unemployed,9000,Education Support,Youth
PLUS-001215,veronica githue,43-800-407,+25478826903,veronica@gmail.com,1987-12-07,MALE,Nakuru,Rongai,Visoi,"Plot 104, Lane 1, Ngong",06-12-2023,inactive,5,Unemployed,27500,Medical Cover,Orphan
PLUS-001216,esther kariki,32 451 247,077298991,esther.kariuki@gmail.com,1988-02-03,FEMALE,Nakuru,Bahati,Kiamaina,"Plot 341, Lane 11, Likoni",2026-02-27,active,2,Retired,54500,Education Support,Elderly
PLUS-001217,onditi nudku,82 003 695,070764994,onditi_nduku@yahoo.com,1957-08-15,MALE,Uasin Gishu,Ainabkoi,Kaptagat,"Plot 455, Lane 20, Argwings Kodhek",06-Feb-2026,pending,9,Retired,74500,Education Support,Youth
PLUS-001218,wanjiru mutu,10852813 ,079968454,wanjiru70@gmail.com,2004-03-09,FEMALE,Nyeri,Mukurweini,Mukurwe-ini West,"House 335, Kasarani Avenue, Athi River",28-Dec-2026,inactive,4,Self-Employed,32000,Business Grant,PWD
PLUS-001219,micah mukhwana,42400492 ,073 558 286,micah75@gmail.com,1955-04-11,FEMALE,Not Provided,Subukia,Kabazi,"Plot 235, Lane 5, Lenana",28/12/2026,inactive,6,Self-Employed,,Food Support,Widow
PLUS-001220,rweria wabompa,4534-6366,0713-225-34,rweria.wabomba@hotmail.com,1967-05-14,FEMALE,Bomet,Konoin,Embomos,"Plot 366, Lane 10, Waiyaki",2026-06-29,pending,6,Retired,20000,Education Support,Elderly
PLUS-001221,agnes awino,62135687,254 733 086 42,a.awino@yahoo.com,1983-10-14,MALE,Trans Nzoia,Saboti,Tuwani,"Plot 286, Lane 15, Kilimani",08/14/2023,active,4,Retired,139000,Cash Transfer,Youth
PLUS-001222,gladys omonti,59 887 499,079628539,omondigladys@gmail.com,1980-01-25,FEMALE,Meru,Buuri,Kiirua/Naari,"House 59, Uhuru Drive, Kitisuru",22/07/2024,active,3,Employed,200000,Medical Cover,PWD
PLUS-001223,micah omar,44740194,254 749 938 84,micah.omar@gmail.com,1976-03-08,FEMALE,Nairobi,Dagoretti North,Gatina,"Plot 453, Lane 5, Kiambu",26/08/2025,active,7,Unemployed,31500,Cash Transfer,Youth
PLUS-001224,"ndunda, cecilia",26 497 914,+254 784-154-51,cecilia.ndunda@gmail.com,Unknown,FEMALE,Nairobi,Westlands,Kangemi,"Plot 292, Lane 6, Kilimani",30-04-2023,pending,4,Employed,10000,Food Support,Vulnerable
PLUS-001225,patrick pauline macharia,67612764,254 756 426 87,patrick@yahoo.com,1999-03-02,FEMALE,Nakuru,Rongai,Solai,"Plot 228, Lane 6, Kikuyu",20250220,inactive,2,Retired,104500,Medical Cover,Vulnerable
PLUS-001226,mercy mugo, 18612304,+25474296353,mercy.mugo@gmail.com,2003-02-28,MALE,Kiambu,Unknown,Ting'ang'a,"Plot 165, Lane 17, Mombasa Road",2024-01-19,active,2,Unemployed,43000,Cash Transfer,Orphan
PLUS-001227,kipkemoi kagew,20 969 370,010 243 817,kkagwe@hotmail.com,26-May-1966,Female,Kakamega,Matungu,Kholera,"House 385, Garden Estate Drive, Kileleshwa",15-Aug-26,pending,1,Employed,71000,Education Support,Widow
PLUS-001228,mueni mbaka,30947020,254 715 506 51,mueni.mbaka@outlook.com,2001-12-08,FEMALE,NAKURU,BAHATI,BAHATI,"Plot 235, Lane 8, Lenana",29-07-2024,pending,3,Retired,14000,Business Grant,Orphan
PLUS-001229,wangeci  kariuki,15776720 ,+254 791-824-05,wangeci.kariuki@gmail.com,1982-09-06,MALE,Nairobi,Dagoretti South,Uthiru,"House 109, Athi River Road, Langata",07-Apr-2026,active,4,Unemployed,24500,Food Support,PWD
PLUS-001230,timothy mvakideu,71791460 ,075829235,timothy.mwakideu@yahoo.com,1984-11-18,FEMALE,KAKAMEGA,Matungu,Kholera,"House 60, Waiyaki Drive, Ngong",13-Oct-2025,active,5,Employed,12500,Food Support,Vulnerable
PLUS-001231,zechariah mcharo,70640795,254 764 207 37,zechariah.mcharo@gmail.com,1959-07-07,MALE,Machakos,Kathiani,Kathiani Central,"Plot 208, Lane 16, Uhuru",17-Jun-25,inactive,6,Student,58500,Education Support,Orphan
PLUS-001232,mugo kaimenii,82-592-239,0726-246-35,m.k@outlook.com,1993-10-13,MALE,Machakos,Masinga,Muthesya,"Plot 14, Lane 4, Karen",27-Jan-2025,inactive,5,Employed,123500,Food Support,Orphan
PLUS-001233,kenei nyambane,13-145-430,+25473583680,nyambane.kenei@gmail.com,1987-07-17,FEMALE,Kakamega,Khwisero,Kisa East,"House 330, Westlands Street, Tom Mboya",11 Dec 2024,inactive,4,Employed,57000,Education Support,Elderly
PLUS-001234,k. n. awino,52-951-801,+25411656164,kwamboka.awino@gmail.com,1997-04-19,MALE,Machakos,Kathiani,Kathiani Central,"Plot 166, Lane 8, Mombasa Road",06 Apr 2025,pending,8,Unemployed,76500,Education Support,PWD
PLUS-001235,g. c. mogaka,28 443 910,25474576073,george.mogaka@yahoo.com,1956-12-22,FEMALE,Kiambu,Ruiru,Kahawa Wendani,"Plot 398, Lane 16, Thika Superhighway",18/10/2023,active,2,Student,22500,Education Support,Vulnerable
PLUS-001236,"jepkoech, priscilla kipsang",37762436,0719-515-47,priscilla.jepkoech@yahoo.com,1955-02-21,FEMALE,Kakamega,Butere,Marama North,"House 191, Kasarani Drive, Langata",2023-08-09,active,4,Student,85000,Food Support,Elderly
PLUS-001237,s. kivuva,7847-9889,0744-531-50,syokau.kivuva@outlook.com,1970-10-15,FEMALE,Mombasa,Nyali,Mkomani,"Plot 75, Lane 3, Langata",26/08/2023,pending,6,Unemployed,5500,Cash Transfer,Youth
PLUS-001238,mutua kiyua,75 959 809,0735-579-69,mutuakinyua@gmail.com,1986-05-04,MALE,Mombasa,Likoni,Mtongwe,"Plot 328, Lane 1, Jogoo",17-Sep-2025,inactive,3,Unemployed,20500,Business Grant,Widow
PLUS-001239,naliaka hannah mugo,4329-6039,070 633 917,naliaka.mugo@gmail.com,2000-03-09,FEMALE,Kakamega,Ikolomani,Idakho Central,"Plot 335, Lane 15, Garden Estate",20250926,inactive,4,Student,168500,Food Support,Widow
PLUS-001240,cynthia ombtai,99-849-459,0113.510.81,cynthiaombati@hotmail.com,1988-12-15,FEMALE,Kiambu,Limuru,Bibirioni,"Plot 377, Lane 15, Tom Mboya",04/09/2024,pending,5,Self-Employed,65000,Medical Cover,Widow
PLUS-001241,aoko njorge, 93415939,+254 772 554 83,Not Provided,Unknown,MALE,Kisumu,Kisumu East,Kolwa East,"House 50, Kileleshwa Road, Lavington",12/19/2025,pending,1,Self-Employed,17000,Cash Transfer,Widow
PLUS-001242,opiyo wambugu,32095445,254 708 817 91,opiyo@yahoo.com,1996-08-11,FEMALE,Kiambu,Githunguri,Ngewa,"House 196, Kangundo Drive, Outering",2025-04-20,pending,1,Unemployed,29000,Medical Cover,PWD
PLUS-001243,cynthia nekesa ombati,99849459,254 113 510 81,cynthiaombati@hotmail.com,1988-12-15,FEMALE,Kiambu,Limuru,Bibirioni,"Plot 230, Lane 5, Westlands",04/09/2024,pending,5,Self-Employed,65000,Medical Cover,Widow
PLUS-001244,"omar, kipkemoi",3818-6515,254 108 808 72,kipkemoi.omar@yahoo.com,1983-12-15,MALE,Bungoma,Kimilili,Kibingei,"House 231, Thika Road, Kenyatta",2023-08-21,active,3,Unemployed,47000,Cash Transfer,Elderly
PLUS-001245,"wambui, alexander", 45616644,0109-455-65,alexander.wambui@gmail.com,1962-03-05,MALE,Mombasa,Jomvu,Jomvu Kuu,"Plot 143, Lane 10, Mombasa Road",08/12/2025,active,8,Employed,18000,Medical Cover,Elderly
PLUS-001246,okoth leshan,72895019,254 769 728 02,okoth.leshan@gmail.com,1994-12-05,FEMALE,Bomet County,Bomet Central,Ndarawetta,"Plot 407, Lane 14, Karen",23/07/2023,pending,1,Student,200000,Food Support,PWD
PLUS-001247,marete kogsei,56462427 ,254 793 345 23,mkosgei@hotmail.com,1997-09-03,FEMALE,Kisumu,Kisumu Central,Nyalenda 'B',"Plot 330, Lane 8, Jogoo",08/03/2023,active,8,Unemployed,93500,Food Support,PWD
PLUS-001248,veronica kenja,47586447 ,0774.198.65,v.k@gmail.com,1989-08-04,FEMALE,Mombasa,Likoni,Bofu,"Plot 42, Lane 3, Kikuyu",21-01-2023,pending,3,Retired,113500,Food Support,Orphan
PLUS-001249,hannah wanyonyi mogaka,36252609,254 789 871 65,hannah@hotmail.com,1975-01-06,FEMALE,Meru,Tigania West,Kianjai,"Plot 42, Lane 19, Kitisuru",18-Nov-2026,inactive,3,Employed,18500,Cash Transfer,Orphan
PLUS-001250,nasimiyu andrew wanjala,70249712,254 767 614 75,nasimiyu.wanjala@gmail.com,1963-08-23,FEMALE,Nairobi,Dagoretti North,Kilimani,"Plot 304, Lane 15, Mugumo",2026-06-15,pending,7,Unemployed,33000,Education Support,PWD
PLUS-001251,marete  kosgei,56462427 ,0793.345.23,marete.kosgei@hotmail.com,1997-09-03,FEMALE,Kisumu,Kisumu Central,Nyalenda 'B',"Plot 330, Lane 8, Jogoo",08/03/2023,active,8,Unemployed,93500,Food Support,PWD
PLUS-001252,kimeu rotitch,2572-5946,25474706314,kr@hotmail.com,1967-04-15,FEMALE,Turkana,Turkana South,Lobokat,"house 243, jogoo drive, lenana",21-08-2025,inactive,7,Retired,15000,Food Support,Widow
PLUS-001253,aoko mwakish,34219451 ,25473759737,mwakishaa@gmail.com,22/07/1962,Male,Nyeri,Mathira,Ruguru,House230NgongRdAvenueKasarani,27-Aug-24,inactive,4,Unemployed,23000,Business Grant,Orphan
PLUS-001254,victor giitau,67 304 369,+254 798-210-75,victorgitau@yahoo.com,1988-06-05,FEMALE,Kisumu,Nyando,Kabonyo/Kanyagwal,"House 381, River Road Road, Parklands",26-Nov-2025,pending,5,Retired,,Cash Transfer,Youth
PLUS-001255,zechariah sigei,18 158 813,25470638986,zechariah.sigei@gmail.com,1988-02-05,FEMALE,Machakos,Kangundo,Kangundo Central,"Plot 144, Lane 4, Ruaraka",19-Feb-2025,inactive,3,Unemployed,22000,Education Support,Vulnerable
PLUS-001256,deborah kipchirchir athman,80 075 544,071 939 287,deborah_athman@gmail.com,20-02-1974,MALE,Uasin Gishu,Turbo,Huruma,Plot187Lane8Langata,12/14/2026,Pending,4,Retired,20000,Medical Cover,Vulnerable
PLUS-001257,kimeu isaiah rotich, 25725946,25474706314,k.r@hotmail.com,1967-04-15,FEMALE,Turkana,Turkana South,Lobokat,"house 243, jogoo drive, lenana",21-08-2025,inactive,7,Retired,15000,Food Support,Widow
PLUS-001258,michael nafule,30833313 ,0754-877-54,michael84@yahoo.com,Not Provided,MALE,Turkana,Turkana North,Kaikor,Unknown,27-Jan-2024,pending,4,Self-Employed,50500,Business Grant,Vulnerable
PLUS-001259,wanjiru sadimu,5863-8387,254 777 133 02,w.saidimu@yahoo.com,1970-08-22,MALE,Kisumu,,,"Plot 91, Lane 10, Westlands",18/11/2023,active,4,Retired,72000,Education Support,Vulnerable
PLUS-001260,"saidimu, leah",1361-9039,254 753 160 99,leah25@yahoo.com,1990-10-14,MALE,Bungoma,Kabuchai,Bwake/Luuya,"Plot 166, Lane 17, Ruaraka",10/01/2025,pending,1,Self-Employed,74500,Education Support,Orphan
PLUS-001261,ruth kagwe,91037151,254 102 303 26,ruth.kagwe@gmail.com,1973-03-20,MALE,Nyeri,Othaya,Ngaru,"Plot 208, Lane 18, Ngong",04/08/2023,inactive,4,Retired,36500,Medical Cover,Youth
PLUS-001262,chepkorir kiprop,78870570,254 103 717 56,chepkorir21@gmail.com,1979-03-05,MALE,Mombasa,Likoni,Bofu,"Plot 230, Lane 18, Kangundo",09/18/2026,Unknown,5,Employed,9500,Medical Cover,Elderly
PLUS-001263,wachira mwangulo,54 269 149,0767.025.53,wachiramwangolo@gmail.com,1986-08-14,MALE,Kakamega,Unknown,East Wanga,"House 197, Langata Drive, Mugumo",06-Feb-23,Not Provided,4,Not Provided,27000,Medical Cover,Widow
PLUS-001264,silas chepkirui,69200912,254 728 590 52,silas@outlook.com,1981-08-17,FEMALE,MACHAKOS,Matungulu,Tala,"Plot 61, Lane 17, River Road",13 Feb 2023,active,5,Employed,5500,Education Support,PWD
PLUS-001265,wachira sigey,9214-7935,+25471757658,wachira40@outlook.com,1985-09-08,MALE,Kiambu,Lari,Kinale,"Plot 260, Lane 7, Kasarani",16-Dec-2023,inactive,4,Self-Employed,38500,Cash Transfer,Vulnerable
PLUS-001266,rimberia njuguna,3118-3862,254 742 471 00,rimberia.njuguna@gmail.com,1998-03-09,FEMALE,Turkana,Turkana East,Lokichar,"Plot 200, Lane 17, Ngong",2025-11-17,inactive,3,Employed,15000,Education Support,Elderly
PLUS-001267,beatrice wairimu,39 652 877,+254 734-664-54,beatrice.wairimu@gmail.com,1965-11-22,MALE,Kiambu,Githunguri,Ngewa,"House 344, River Road Road, Moi Avenue",2025-02-17,pending,9,Student,21000,Food Support,PWD
PLUS-001268,dorothy mwangi mbuthia, 33608547,+254 727-907-01,dorothy.mbuthia@gmail.com,1995-10-14,MALE,Nairobi,Dagoretti South,Waithaka,"Plot 89, Lane 19, Argwings Kodhek",07/21/2024,pending,4,Retired,27000,Business Grant,PWD
PLUS-001269,veronica kesnga,4758-6447,254 774 198 65,v.kenga@gmail.com,1989-08-04,FEMALE,Mombasa,Likoni,Bofu,"Plot 42, Lane 3, Kikuyu",21-01-2023,pending,3,Retired,113500,Food Support,Orphan
PLUS-001270,victor chebet,73339433,254 762 815 20,victor.chebet@gmail.com,1981-09-20,FEMALE,Kakamega,Mumias East,East Wanga,"Plot 86, Lane 6, Kiambu Road",11 Sep 2023,active,8,Self-Employed,40000,Food Support,PWD
PLUS-001271,syokau  brenda  opiyo,82-987-126,25478123300,sopiyo@yahoo.com,19721223,Female,Kakamega,Ikolomani,Idakho Central,"PLOT 160, LANE 12, KIAMBU ROAD",03/27/2024,Pending,3,Unemployed,200000,Medical Cover,Youth
PLUS-001272,gathoni bett,71524281,254 725 897 39,gathoni.bett@gmail.com,2003-05-21,MALE,Machakos,Machakos Town,Mutituni,"Plot 406, Lane 20, Parklands",01/03/2025,pending,6,Unemployed,93000,Medical Cover,Elderly
PLUS-001273,hassan vincent lydia, 10502052,0751.019.57,vincent.hassan@gmail.com,1998-03-27,FEMALE,Nakuru,Kuresoi North,Nyota,"House 394, Outering Drive, Thika Superhighway",17-06-2023,inactive,3,Retired,52500,Cash Transfer,Elderly
PLUS-001274,r. k. maina,90 102 255,0767-505-66,rweria.maina@hotmail.com,1977-12-10,MALE,,Dagoretti South,Uthiru,"Plot 341, Lane 5, Westlands",09/08/2026,pending,Not Provided,Retired,31000,Cash Transfer,Elderly
PLUS-001275,daniel gakii mcharo, 46069270,0759.256.91,daniel.mcharo@hotmail.com,1991-10-01,MALE,Bomet,Konoin,Mogogosiek,"House 303, Kilimani Avenue, Ruiru",2025-05-21,inactive,4,Unemployed,31500,Education Support,Orphan
PLUS-001276,adhiambo kena,6684-4852,0102.040.81,a.k@gmail.com,1976-07-15,MALE,Mombasa,Jomvu,Mikindani,"House 3, Kitisuru Avenue, Outering",,pending,4,Not Provided,Not Provided,Education Support,Vulnerable
PLUS-001277,kipngetich wafual,38710184 ,+254 767-132-64,kipngetich.wafula@gmail.com,2004-08-07,FEMALE,Mombasa,Changamwe,Miritini,"Plot 322, Lane 14, Mombasa Road",2024-05-02,active,2,Employed,19500,Education Support,PWD
PLUS-001278,wafula omondi,89984645,254 701 034 85,wafula.omondi@outlook.com,Not Provided,MALE,Nairobi,Kasarani,Njiru,"House 325, Moi Avenue Drive, Kiambu",22-09-2026,inactive,11,Self-Employed,27500,Food Support,Widow
PLUS-001279,daniel onditi gacheru,18 537 725,254 799 641 17,daniel.gacheru@gmail.com,1965-02-19,FEMALE,Bomet,Chepalungu,Kongasis,"Plot 232, Lane 12, Lenana",23-Feb-2023,pending,2,Unknown,34000,Cash Transfer,Vulnerable
PLUS-001280,moraa mainegi,86-828-416,+25473734447,moraamaingi@hotmail.com,22-Jul-71,FEMALE,Nakuru,Bahati,Kabatini,"PLOT 225, LANE 9, KENYATTA",04-10-2024,Active,4,Retired,5000,Education Support,Orphan
PLUS-001281,kagwiria mwania wamuyu,92 747 419,254 105 473 35,kagwiria.wamuyu@yahoo.com,1973-06-04,FEMALE,Machakos,Masinga,Kivaa,"Plot 432, Lane 17, Kileleshwa",19 Oct 2023,inactive,5,Self-Employed,14000,Cash Transfer,Youth
PLUS-001282,cynthia jepkoech,85 272 184,254 796 369 77,jepkoechcynthia@yahoo.com,25/05/1978,FEMALE,Kiambu,Lari,Kamburu,"house 27, river road road, moi avenue",17-Oct-2023,I,6,Student,29000,Medical Cover,PWD
PLUS-001283,isaiah oiteno, 90410541,25478949495,isaiah@gmail.com,,FEMALE,Kiambu,Kabete,Muguga,"Plot 26, Lane 17, Garden Estate",28/03/2026,Unknown,7,Not Provided,85500,Medical Cover,Elderly
PLUS-001284,nokun momnayi,8716-9073,0796.625.40,Not Provided,1963-11-11,FEMALE,Mombasa,Mvita,Unknown,"House 99, Jogoo Street, Tom Mboya",05-21-2025,,2,Retired,9000,Food Support,Orphan
PLUS-001285,miriam kanga,49-734-257,+254 784-542-64,m.k@gmail.com,1948-04-19,MALE,Nairobi,Kibra,Makina,"Plot 440, Lane 14, Thika Superhighway",2024-11-04,active,4,Retired,20500,Food Support,Orphan
PLUS-001286,david kilonzo,83206688,254 753 589 07,david.kilonzo@gmail.com,1985-11-19,FEMALE,Bungoma,Kabuchai,Bwake/Luuya,"House 205, Limuru Road, Tom Mboya",2026-03-24,inactive,2,Student,78500,Education Support,Widow
PLUS-001287,"baya, kariuki",62193650 ,0781-981-57,kariuki_baya@hotmail.com,1973-08-16,MALE,Machakos,Matungulu,Matungulu West,"House 318, Langata Avenue, Mugumo",2026-06-29,active,6,Employed,58500,Medical Cover,Vulnerable
PLUS-001288,moraa okello gichuki,14708370,254 758 309 08,gichukimoraa@gmail.com,1968-11-16,MALE,Bomet,Konoin,Boito,"House 66, Kileleshwa Street, Westlands",25-Jul-26,active,3,Employed,55000,Food Support,Widow
PLUS-001289,paul allan mbuthia,14817439,254 732 952 17,paul@gmail.com,1990-08-26,FEMALE,Nyeri,Nyeri Town,Ruring'u,"House 5, Kikuyu Road, Kasarani",24-Jun-2026,pending,4,Self-Employed,28500,Education Support,PWD
PLUS-001290,chepkoech kviuva, 37448673,0729.658.42,chepkoech90@gmail.com,1978-10-18,MALE,Bungoma,Webuye West,Sitikho,"Plot 327, Lane 2, Westlands",13 Dec 2025,inactive,3,Retired,44000,Education Support,Elderly
PLUS-001291,kenei kemunto,57-560-131,254 711 217 59,kemunto.kenei@yahoo.com,1992-12-07,MALE,Kilifi,Malindi,Malindi Town,"House 267, River Road Avenue, River Road",20250705,Unknown,4,Employed,74000,Medical Cover,Elderly
PLUS-001292,njeri momenyi,78-564-064,+254 727 541 86,njerimomanyi@gmail.com,1955-10-22,FEMALE,Kiambu,Githunguri,Githiga,"House 474, Thika Road, Limuru",2026-03-19,inactive,2,Retired,5500,Education Support,Youth
PLUS-001293,waithera hasssan, 90267569,071 148 085,whassan@gmail.com,1983-07-09,MALE,Nyeri,Othaya,Chinga,"House 108, Mombasa Road Drive, Kenyatta",31 Dec 2024,pending,4,Self-Employed,12000,Food Support,Orphan
PLUS-001294,erick rotych,60850210 ,0111.464.10,roticherick@yahoo.com,2001-05-11,FEMALE,Meru,South Imenti,Abogeta West,"House 29, Parklands Avenue, Thika",06-03-2023,pending,3,Self-Employed,31000,Education Support,Elderly
PLUS-001295,ongaya isaac,65-632-441,+254 107 685 51,isaac.ongaya@yahoo.com,1977-03-26,MALE,Kilifi,Kaloleni,Mwanamwinga,"Plot 327, Lane 6, Kilimani",20231223,inactive,5,Self-Employed,50000,Medical Cover,Elderly
PLUS-001296,robert gathoni ogero,61335115,254 757 148 47,robert.ogero@gmail.com,1991-02-10,MALE,Machakos,Mavoko,Muthwani,"House 357, Juja Avenue, Ngong",28-Apr-2023,pending,8,Student,60500,Business Grant,Elderly
PLUS-001297,john kerubo rimberia,56509909,254 729 899 85,john.rimberia@yahoo.com,2003-07-10,FEMALE,Nairobi,Lang'ata,Mugumu-ini,"Plot 402, Lane 3, Karen",22-08-2026,inactive,7,Student,48500,Medical Cover,Vulnerable
PLUS-001298,faith mitei,68802124 ,25471208111,faith.mitei@gmail.com,2001-12-14,FEMALE,Kilifi,Magarini,Adu,"Plot 345, Lane 10, Ruiru",2023-10-16,pending,4,Student,31500,Business Grant,PWD
PLUS-001299,hope namukhula gichuru,62 904 575,+254 757-190-14,hope.gichuru@hotmail.com,1994-01-03,MALE,Turkana,Turkana North,Lake Zone,"House 305, Athi River Avenue, Jogoo",2025-04-14,pending,4,Unemployed,42500,Medical Cover,Vulnerable
PLUS-001300,anna musyoka,60524625,254 111 100 16,anna.musyoka@hotmail.com,1959-05-08,MALE,Kakamega,Shinyalu,Isukha West,"House 201, Mugumo Avenue, Kikuyu",12-Aug-2025,active,6,Self-Employed,140500,Food Support,Widow
PLUS-001301,mercy  mugo,18612304 ,+25474296353,mercy.mugo@gmail.com,2003-02-28,MALE,Kiambu,Unknown,Ting'ang'a,"Plot 165, Lane 17, Mombasa Road",2024-01-19,active,2,Unemployed,43000,Cash Transfer,Orphan
PLUS-001302,masinde salimm, 49707312,+25410110388,Unknown,2004-02-16,MALE,Kakamega,Ikolomani,Idakho South,"Plot 245, Lane 20, Ruaraka",11-18-2024,active,Unknown,Unknown,11000,Cash Transfer,Youth
PLUS-001303,muriuki jebet baya,88931606,254 798 206 00,mbaya@gmail.com,03-Aug-1996,Male,Kisumu,Seme,West Seme,"House 250, Athi River Drive, Juja",20231011,pending,3,Student,12500,Food Support,Widow
PLUS-001304,owuor kimuati,45-827-376,254 741 568 56,owuorkimutai@gmail.com,1966-04-04,FEMALE,Nairobi,Westlands,Parklands,"House 415, Kilimani Street, Moi Avenue",2026-01-17,pending,2,Unemployed,25500,Business Grant,Elderly
PLUS-001305,jonathan agnes kenei,12827313,254 789 076 91,jonathan.kenei@outlook.com,1998-03-01,MALE,Bomet,Sotik,Ndanai/Abosi,"Plot 275, Lane 16, Kangundo",01-06-2025,inactive,3,Retired,13500,Food Support,Elderly
PLUS-001306,kinya osebe,48-468-887,010 362 732,kinya.osebe@gmail.com,2002-04-25,MALE,Kisumu,Kisumu Central,Nyalenda 'B',"Plot 443, Lane 18, Garden Estate",04-Aug-2026,inactive,5,Unknown,82000,Medical Cover,Widow
PLUS-001307,nyambura vincent langat,98451307,254 702 460 62,langatnyambura@gmail.com,Not Provided,FEMALE,Trans Nzoia,,Hospital,"House 236, Ruaraka Road, Karen",01/29/2024,Unknown,3,Retired,34000,Business Grant,PWD
PLUS-001308,jepkoech olala,75-817-532,254 757 703 61,jepkoech92@gmail.com,1990-11-10,FEMALE,Trans Nzoia,Kiminini,Sirende,"House 448, Karen Drive, Kilimani",15-Mar-2023,active,4,Retired,45000,Business Grant,Vulnerable
PLUS-001309,ruth kagwe,91037151,254 108 814 53,r.k@gmail.com,1973-03-20,MALE,Nyeri,Othaya,Ngaru,"House 399, Karen Road, Ngong",04/08/2023,inactive,4,Retired,36500,Medical Cover,Youth
PLUS-001310,awuor rotichjudy,73913779,254 788 630 24,awuorrotich@gmail.com,1951-08-26,M,Machakos,Masinga,Muthesya,Plot 333 Lane 11 Jogoo,10-11-2026,Pending,4,Employed,30000,Education Support,Widow
PLUS-001311,mutua okello,33392072,254 754 589 52,mutua.okello@yahoo.com,1985-05-04,FEMALE,Nairobi,Kasarani,Mwiki,"House 239, Kangundo Road, Kiambu Road",03-06-2026,inactive,4,Self-Employed,84500,Food Support,Elderly
PLUS-001312,matthew nafula,89161407,254 752 746 84,matthew.nafula@outlook.com,1997-12-26,MALE,Kisumu,Muhoroni,Chemelil,"Plot 82, Lane 12, Waiyaki",16-Jun-2023,active,4,Retired,24500,Food Support,Youth
PLUS-001313,m. o. ndegwa,87636397,254 781 623 99,marete.ndegwa@gmail.com,1979-03-15,FEMALE,Meru,Igembe North,Antubetwe Kiongo,"Plot 210, Lane 18, Garden Estate",15/07/2025,inactive,3,Retired,51000,Medical Cover,PWD
PLUS-001314,ongeri nyambane otieno,24219003 ,+254 104-806-64,ongeri.otieno@hotmail.com,1986-09-24,FEMALE,TRANS NZOIA,SABOTI,TUWANI,"Plot 417, Lane 17, Karen",2025-11-04,active,3,Unemployed,30000,Cash Transfer,Widow
PLUS-001315,mugo adoyo,21276223,254 105 507 04,mugo.adoyo@gmail.com,1996-06-12,MALE,Kakamega,Ikolomani,Idakho North,"Plot 193, Lane 15, Juja",17-07-2024,active,1,Self-Employed,19500,Medical Cover,Orphan
PLUS-001316,awiti alice owuor,23582811,+25411922076,awiti.owuor@hotmail.com,1966-06-03,MALE,Bungoma,Kimilili,Kimilili,"House 76, Kileleshwa Street, Kitisuru",2023-07-19,pending,3,Student,17000,Medical Cover,Widow
PLUS-001317,kaloki kipchumba njuguna,32653778,254 713 612 07,kaloki.njuguna@hotmail.com,1951-02-20,MALE,Bomet,Bomet East,Chemaner,"Plot 473, Lane 19, Likoni",07-04-2023,active,4,Unemployed,28000,Food Support,PWD
PLUS-001318,kilonzo wamuyu,43 402 877,254 728 275 74,k.wamuyu@gmail.com,1976-05-09,MALE,Turkana,Turkana East,Kapedo/Napeitom,"Plot 224, Lane 11, Kilimani",20-May-25,pending,7,Self-Employed,52500,Education Support,Vulnerable
PLUS-001319,mutheu waithera kiarie,27409552,254 786 922 01,Not Provided,1948-11-28,MALE,Kakamega,Mumias East,East Wanga,"Plot 183, Lane 7, Kileleshwa",03/09/2025,inactive,9,Employed,14500,Education Support,Youth
PLUS-001320,teresa kasina,51964629,254 702 409 16,kasinateresa@gmail.com,1988-07-17,MALE,Kilifi,Malindi,Malindi Town,"House 248, Mugumo Street, Limuru",13-May-2023,active,2,Employed,19000,Medical Cover,Orphan
PLUS-001321,joseph  ombati, 69372702,079 411 217,joseph.ombati@outlook.com,02-Apr-80,M,Nairobi,Dagoretti North,Kileleshwa,"plot 384, lane 11, likoni",05-05-2023,A,5,Employed,88500,Medical Cover,Youth
PLUS-001322,alexander chepkirui,95031405,254 729 078 48,alexander@gmail.com,1999-06-20,FEMALE,Uasin Gishu,Turbo,Ngenyilel,"House 83, Mugumo Road, Uhuru",01/09/2026,active,6,Student,85000,Food Support,PWD
PLUS-001323,wambui beatrice maingi,61617675,254 734 904 76,wambui_maingi@yahoo.com,1953-12-12,MALE,Kisumu,Muhoroni,Muhoroni/Koru,"Plot 215, Lane 20, Likoni",2025-02-07,inactive,3,Student,23000,Business Grant,Vulnerable
PLUS-001324,githinji mogaka,41-635-154,010791655,githinji42@gmail.com,1971-06-03,FEMALE,Kiambu,Githunguri,Githiga,"Plot 380, Lane 6, Argwings Kodhek",13-12-2026,inactive,5,Retired,11500,Education Support,PWD
PLUS-001325,m. gichuru,6968-6509,25476258266,m.g@hotmail.com,1956-08-06,MALE,Kakamega,Shinyalu,Isukha South,"Plot 368, Lane 17, Kasarani",2023-08-16,inactive,7,Self-Employed,29500,Business Grant,PWD
PLUS-001326,mogaka koech,65001524,254 784 130 19,mogaka.koech@yahoo.com,1984-08-07,MALE,Bomet,Bomet East,Chemaner,"Plot 351, Lane 19, Argwings Kodhek",20-Jan-2023,inactive,2,Employed,57000,Medical Cover,Orphan
PLUS-001327,gladys ombati mwakideu,19 607 241,+254 716 955 51,gladys.mwakideu@outlook.com,1960-02-17,FEMALE,Kiambu,Kikuyu,Kinoo,"Plot 261, Lane 10, Lavington",07-Aug-25,active,4,Retired,18500,Medical Cover,Widow
PLUS-001328,rimberia nioka,12782247,254 798 979 15,rimberia.nzioka@yahoo.com,1991-04-24,FEMALE,Kilifi,Rabai,Kambe/Ribe,"Plot 452, Lane 18, Jogoo",2023-09-22,active,5,Retired,76500,Business Grant,Elderly
PLUS-001329,ruth  kagwe,91 037 151,010 230 326,ruth.kagwe@gmail.com,1973-03-20,MALE,Nyeri,Othaya,Ngaru,"Plot 208, Lane 18, Ngong",04/08/2023,inactive,4,Retired,36500,Medical Cover,Youth
PLUS-001330,robert odhiambo musalia,33630872,254 722 848 50,musaliarobert@gmail.com,2000-08-27,MALE,Kakamega,Not Provided,Idakho Central,"Plot 152, Lane 12, Karen",14-Nov-2024,active,5,Employed,41000,Medical Cover,Elderly
PLUS-001331,munyao nnamukhula,2940-5087,25411418745,munyao@gmail.com,2001-10-14,FEMALE,Machakos,Yatta,Ikombe,"Plot 265, Lane 19, Likoni",29-Jan-26,pending,3,Employed,30000,Food Support,Orphan
PLUS-001332,muthoka caroline,47-767-869,+25470378017,caroline.muthoka@hotmail.com,2005-07-15,FEMALE,NAKURU,KURESOI SOUTH,TINET,"Plot 153, Lane 11, Ngong",2025-02-22,active,6,Retired,73000,Medical Cover,Youth
PLUS-001333,nabea  rose  wamalwa,11 101 134,073 194 578,nabea.wamalwa@gmail.com,1976-05-26,MALE,Unknown,Webuye East,Ndivisi,"House 42, Lavington Street, Ngong Road",2023-06-03,inactive,4,Student,33000,Cash Transfer,Vulnerable
PLUS-001334,"kebaso, beatrice",43 318 451,+254 739-712-79,beatrice.kebaso@gmail.com,1980-12-23,MALE,Kakamega,Lugari,Mautuma,"House 374, Lavington Drive, Kangundo",12 Dec 2023,active,2,Student,20000,Cash Transfer,Widow
PLUS-001335,gitonga kipchumba,89868447,254 769 465 51,gitonga_kipchumba@gmail.com,1978-12-06,FEMALE,Trans Nzoia,Kwanza,Kwanza,"House 30, Langata Drive, Outering",13-Dec-23,active,3,Self-Employed,28500,Education Support,Elderly
PLUS-001336,nabwire kimotai,1085-3065,072223218,nabwire@hotmail.com,1977-05-22,MALE,Kilifi,Kaloleni,Mwanamwinga,"Plot 290, Lane 6, Kileleshwa",18-01-2026,pending,11,Student,24000,Medical Cover,Vulnerable
PLUS-001337,m. n. mitei,30 065 669,+25472669139,mumo.mitei@yahoo.com,2001-09-22,MALE,Meru,Tigania East,Kiguchwa,"House 475, Thika Drive, Lenana",12/21/2023,active,7,Unemployed,79000,Medical Cover,Orphan
PLUS-001338,jepkoech ronro, 80854964,0115.521.20,jepkoech_rono@hotmail.com,1995-11-07,MALE,Nairobi,Lang'ata,Karen,"Plot 40, Lane 8, Kileleshwa",01-Jul-23,active,12,Self-Employed,5000,Medical Cover,Youth
PLUS-001339,patrick senteu otieno,14305217,254 114 064 00,patrickotieno@hotmail.com,28-04-1962,F,Kakamega,Mumias West,Mutema,House 421 Lavington Street Garden Estate,19-May-2023,Active,6,Unemployed,12500,Medical Cover,Youth
PLUS-001340,philemon ali,8693-8012,25411512945,philemon62@outlook.com,1974-05-26,FEMALE,Turkana,Loima,Turkwel,"Plot 35, Lane 18, Karen",08-Apr-2025,pending,Unknown,Self-Employed,Not Provided,Education Support,PWD
PLUS-001341,grace waonjala,97-108-374,0103.280.73,gracewanjala@yahoo.com,1978-08-11,FEMALE,Nyeri,Mukurweini,Rugi,"Plot 198, Lane 9, Limuru",2025-03-26,pending,3,Employed,44000,Education Support,Widow
PLUS-001342,o. n. wangari,40-214-458,0723.959.96,okoth.wangari@gmail.com,1979-03-21,MALE,NAIROBI,Dagoretti South,Uthiru,"Plot 271, Lane 18, Waiyaki",19/05/2026,inactive,4,Retired,31500,Medical Cover,Vulnerable
PLUS-001343,owuor gitonga,90224792,254 117 593 71,owuor.gitonga@gmail.com,1984-05-15,MALE,Nairobi,Kibra,Laini Saba,"Plot 462, Lane 1, Kileleshwa",10/24/2026,inactive,4,Self-Employed,12500,Education Support,Elderly
PLUS-001344,ongeri muthaa sigei,37852975,254 711 309 16,ongeri.sigei@yahoo.com,2003-09-17,MALE,Nakuru,Gilgil,Murindat,"House 403, Thika Superhighway Road, Kikuyu",06/15/2026,pending,2,Retired,32000,Business Grant,Widow
PLUS-001345,okoth tuma,4711-7787,071 702 485,okoth.tsuma@gmail.com,1985-12-01,MALE,Kakamega,Khwisero,Kisa East,"Plot 2, Lane 17, Limuru",29/10/2025,pending,4,Self-Employed,64500,Food Support,Orphan
PLUS-001346,k. osebe,48468887,254 109 532 37,k.osebe@gmail.com,2002-04-25,MALE,Kisumu,Kisumu Central,Nyalenda 'B',"Plot 303, Lane 15, Moi Avenue",04-Aug-2026,inactive,5,Unknown,82000,Medical Cover,Widow
PLUS-001347,judith oknoth,35444694 ,0743-955-12,okothjudith@yahoo.com,1975-10-22,MALE,Kisumu,Nyakach,South West Nyakach,"Plot 52, Lane 17, Kiambu",03-08-2025,inactive,1,Self-Employed,10500,Food Support,PWD
PLUS-001348,kipkorir mwikali,68239787,254 726 605 75,kipkorir.mwikali@gmail.com,1999-08-24,MALE,Nakuru,Nakuru Town East,Kivumbini,"House 360, Juja Road, Langata",2026-01-23,inactive,8,Retired,50000,Business Grant,Widow
PLUS-001349,musila victor gitobu,71-195-665,254 743 073 88,victor.musila@outlook.com,1973-03-11,MALE,Bomet,Sotik,Ndanai/Abosi,"Plot 245, Lane 11, Garden Estate",22-12-2024,pending,8,Retired,20000,Cash Transfer,Youth
PLUS-001350,timothy osekoo, 30858205,071 602 675,timothy@outlook.com,1990-10-18,FEMALE,Kisumu,Kisumu East,Nyalenda 'A',"Plot 120, Lane 14, Mugumo",2026-12-07,pending,10,Student,67000,Medical Cover,Vulnerable
PLUS-001351,wafula gladys wabomba,25012106,254 751 794 18,,1983-09-18,MALE,Trans Nzoia,Endebess,Endebess,"House 82, Kilimani Street, Moi Avenue",01/27/2023,inactive,1,Unknown,Unknown,Medical Cover,PWD
PLUS-001352,florence nasimiiu,88733055 ,0731-046-26,fnasimiyu@gmail.com,1969-01-07,FEMALE,Trans Nzoia,Endebess,Endebess,"Plot 25, Lane 5, Moi Avenue",28 Jul 2023,inactive,7,Self-Employed,18000,Cash Transfer,Widow
PLUS-001353,diana otulra,89362549,254 776 928 16,otuladiana@hotmail.com,1988-12-09,MALE,Nyeri,Kieni,Mwiyogo/Endarasha,"Plot 417, Lane 19, Moi Avenue",22-Aug-2023,pending,3,Student,14000,Food Support,Youth
PLUS-001354,okoth ndeunda, 32493148,0738-820-19,ndundaokoth@gmail.com,2005-07-17,FEMALE,Kakamega,Butere,Marama Central,"Plot 280, Lane 14, Kangundo",18-04-2026,inactive,4,Self-Employed,30500,Cash Transfer,Widow
PLUS-001355,kevin kippaati,59 079 312,+254 734-611-34,kevin.kipaati@yahoo.com,2006-03-09,FEMALE,Trans Nzoia,Kwanza,Keiyo,"House 184, Kangundo Road, Tom Mboya",07/07/2025,pending,2,Self-Employed,46000,Business Grant,Widow
PLUS-001356,wachira mwanngolo,5426-9149,25476702553,w.m@gmail.com,1986-08-14,MALE,Kakamega,Unknown,East Wanga,"House 197, Langata Drive, Mugumo",06-Feb-23,Not Provided,4,Not Provided,27000,Medical Cover,Widow
PLUS-001357,rimberia omar,22388317,254 759 931 63,rimberia.omar@yahoo.com,1970-09-21,MALE,Kakamega,Lugari,Mautuma,"Plot 56, Lane 17, Mugumo",06-Jun-2024,inactive,4,Employed,12500,Medical Cover,Orphan
PLUS-001358,jepchumba leshan,Not Provided,254 766 306 87,jepchumba.leshan@gmail.com,1974-04-07,MALE,Kiambu,Ruiru,Gatong'ora,"House 116, Kitisuru Avenue, Kitisuru",2024-02-21,pending,5,Employed,29000,Business Grant,Widow
PLUS-001359,mwikali korir,,254 117 450 82,mwikalikorir@gmail.com,1977-09-07,FEMALE,Uasin Gishu,Ainabkoi,Kaptagat,"Plot 326, Lane 3, Likoni",27/06/2023,active,5,Unemployed,33500,Education Support,PWD
PLUS-001360,dorothy mutisya kagwe,20867677,254 112 073 21,d.kagwe@gmail.com,,FEMALE,Mombasa,Nyali,Kongowea,"Plot 273, Lane 1, Mugumo",Unknown,active,5,Retired,31500,Cash Transfer,Orphan
PLUS-001361,ruth wekesa gacheru,97499117,254 794 365 75,ruth.gacheru@outlook.com,1962-06-06,FEMALE,Kakamega,Shinyalu,Isukha South,"Plot 162, Lane 5, Thika",08-Jul-2025,inactive,4,Unemployed,60000,Medical Cover,Orphan
PLUS-001362,ongeri muthaa sigei,37852975 ,25471130916,ongeri.sigei@yahoo.com,2003-09-17,MALE,Nakuru,Gilgil,Murindat,"House 403, Thika Superhighway Road, Kikuyu",06/15/2026,pending,2,Retired,32000,Business Grant,Widow
PLUS-001363,owuor achieng kagwe,32959320,254 797 716 57,owuor.kagwe@outlook.com,,FEMALE,Not Provided,Lang'ata,South C,,20240824,active,8,Employed,157000,Business Grant,Widow
PLUS-001364,nanjala mutwiri kipchumba,,254 764 552 65,Not Provided,2001-03-27,FEMALE,Nairobi,Kibra,Laini Saba,"Plot 82, Lane 15, Kilimani",30 Jan 2026,,5,Self-Employed,18500,Cash Transfer,Vulnerable
PLUS-001365,k. awiti,30448683 ,+254 718-057-19,kasina.awiti@yahoo.com,2002-06-06,MALE,Mombasa,Likoni,Mtongwe,"House 167, Thika Superhighway Road, Kangundo",11-Sep-26,pending,6,Retired,32000,Food Support,Vulnerable
PLUS-001366,mumo gichki,92-138-779,254 793 798 25,mumo.gichuki@yahoo.com,1981-04-22,MALE,Nairobi,Westlands,Mountain View,"House 434, Thika Avenue, Outering",22-12-2024,pending,4,Student,49500,Cash Transfer,PWD
PLUS-001367,ruth kipkorir,31948898,254 727 027 91,ruth.kipkorir@yahoo.com,1993-11-05,FEMALE,Nakuru,Subukia,Kabazi,"Plot 369, Lane 17, Athi River",23-Feb-2025,active,5,Employed,15500,Medical Cover,Widow
PLUS-001368,naserian musilaa,48 662 280,25411732304,naserian_musila@hotmail.com,1965-11-07,MALE,Trans Nzoia,Endebess,Chepchoina,"House 190, Kilimani Drive, Kasarani",09/09/2026,pending,Unknown,Employed,52000,Education Support,Orphan
PLUS-001369,faith stephen kipkemboi,99548878,254 716 775 25,f.kipkemboi@gmail.com,1992-08-09,FEMALE,Trans Nzoia,Kiminini,Sirende,"Plot 421, Lane 17, Limuru",03-Oct-2026,pending,4,Employed,57000,Medical Cover,Youth
PLUS-001370,chepngeno mwikali,48 312 600,254 701 402 92,mwikali.chepngeno@yahoo.com,1981-10-03,FEMALE,Kakamega,Mumias West,Etenje,"House 92, Kangundo Drive, Lenana",08/01/2025,inactive,4,Employed,18500,Food Support,Youth
PLUS-001371,g. c. mogaka,28443910 ,0745-760-73,george.mogaka@yahoo.com,1956-12-22,FEMALE,Kiambu,Ruiru,Kahawa Wendani,"Plot 398, Lane 16, Thika Superhighway",18/10/2023,active,2,Student,22500,Education Support,Vulnerable
PLUS-001372,githinji awiti kaimenyi,91-699-111,254 117 090 01,githinji.kaimenyi@yahoo.com,1987-11-22,MALE,Mombasa,Changamwe,Airport,"Plot 2, Lane 14, Kileleshwa",19 Dec 2025,active,3,Employed,23500,Cash Transfer,Orphan
PLUS-001373,marete kosgei,56-462-427,+254 793-345-23,marete.kosgei@hotmail.com,1997-09-03,FEMALE,Kisumu,Kisumu Central,Nyalenda 'B',"Plot 330, Lane 8, Jogoo",08/03/2023,active,8,Unemployed,93500,Food Support,PWD
PLUS-001374,faith roono, 46953423,079 681 456,faith_rono@gmail.com,1978-05-18,MALE,Nakuru,Nakuru Town East,Menengai,"House 318, Kikuyu Street, Kitisuru",02/09/2024,active,3,Unemployed,48500,Education Support,Youth
PLUS-001375,jacqueline jacqueline jebet,91339562,254 731 074 82,Unknown,Unknown,MALE,Mombasa,Not Provided,Mikindani,"Plot 407, Lane 11, Kitisuru",22-Jan-2025,active,8,Retired,33000,Business Grant,PWD
PLUS-001376,brenda wairimu mitei,63606649,254 721 652 29,brenda46@yahoo.com,Unknown,MALE,Kisumu,Seme,West Seme,Not Provided,11/08/2026,active,7,Unemployed,135000,Cash Transfer,Youth
PLUS-001377,kinyua wanyonyi,83012855,254 785 187 38,kinyua.wanyonyi@yahoo.com,2003-12-01,MALE,Machakos,Yatta,Katangi,"Plot 201, Lane 20, Kiambu",2025-08-18,inactive,4,Unemployed,8000,Education Support,Elderly
PLUS-001378,mogaka githinji mutwiri, 41635154,0107.916.55,githinji.mogaka@gmail.com,1971-06-03,FEMALE,Kiambu,Githunguri,Githiga,"Plot 380, Lane 6, Argwings Kodhek",13-12-2026,inactive,5,Retired,11500,Education Support,PWD
PLUS-001379,christopher  sarah  wafula,96688443 ,+254 767 480 50,c.w@yahoo.com,02-Dec-1976,female,Meru,Igembe North,Antuamburi,"House 231, Waiyaki Ave, Ruiru",18-01-2025,Inactive,1,Student,5000,Education Support,Vulnerable
PLUS-001380,naisula kihioka,1295-2658,254 731 391 95,n.kihika@gmail.com,1986-02-26,FEMALE,Nairobi,Lang'ata,Mugumu-ini,"House 341, Karen Road, Karen",16/06/2024,active,3,Self-Employed,25000,Cash Transfer,PWD
PLUS-001381,m. kipngetich,95 190 598,0729-251-00,m.k@gmail.com,1965-12-11,Female,Kakamega,Lugari,Manda/Shivanga,"House 99, Kasarani Avenue, Likoni",08/03/2023,inactive,3,Student,13500,Medical Cover,Orphan
PLUS-001382,auma wamuyu,37715114,254 785 943 75,auma.wamuyu@outlook.com,1997-04-04,MALE,Nakuru,Bahati,Lanet/Umoja,"House 312, Kasarani Road, Kenyatta",07/10/2023,active,1,Retired,51000,Food Support,PWD
PLUS-001383,syokau kipchumbba,95-120-667,254 774 530 07,syokau.kipchumba@hotmail.com,2003-04-18,FEMALE,Nairobi,Kasarani,Ruai,"Plot 474, Lane 8, Kileleshwa",02/03/2024,active,2,Self-Employed,83000,Education Support,Vulnerable
PLUS-001384,kipkorir wachia,62731823,254 773 041 55,kwachira@yahoo.com,1972-05-26,MALE,Kakamega,Mumias West,West Wanga,"Plot 283, Lane 19, Kiambu Road",28/08/2026,active,11,Student,16000,Education Support,Youth
PLUS-001385,lilian ahcieng,67 022 224,0748-298-37,lilian_achieng@outlook.com,1982-11-27,MALE,Bomet,Konoin,Embomos,"Plot 195, Lane 7, Kileleshwa",01-03-2024,inactive,7,Self-Employed,5000,Education Support,Widow
PLUS-001386,nyambura kimeni,78-060-314,075 176 908,kimaninyambura@gmail.com,1996-01-27,FEMALE,Nakuru,Nakuru Town East,Kivumbini,"Plot 173, Lane 12, River Road",2026-02-15,pending,3,Employed,27500,Cash Transfer,Vulnerable
PLUS-001387,matthew  nzioka,80-973-199,0113.737.22,matthew.nzioka@gmail.com,1970-07-12,MALE,Bomet,Chepalungu,Nyongores,"Plot 471, Lane 2, Karen",13 Feb 2023,active,6,Retired,38500,Medical Cover,Widow
PLUS-001388,wangeci oduya nanjala,7384-1910,0784.080.14,wangeci.nanjala@gmail.com,1992-04-25,MALE,Kiambu,Limuru,Limuru Central,"House 113, Kenyatta Drive, Thika Superhighway",20240328,active,1,Self-Employed,15000,Medical Cover,Vulnerable
PLUS-001389,syokau kiprotich,89797435,254 114 436 94,s.k@gmail.com,19960104,M,Unknown,Kikuyu,Nachu,"House 466, Garden Estate Avenue, Uhuru",01-Sep-24,Active,1,Not Provided,18500,Food Support,PWD
PLUS-001390,"hassan, vincent lydia",10 502 052,0751-019-57,vincent.hassan@gmail.com,1998-03-27,FEMALE,Nakuru,Kuresoi North,Nyota,"House 394, Outering Drive, Thika Superhighway",17-06-2023,inactive,3,Retired,52500,Cash Transfer,Elderly
PLUS-001391,c. otula,51-105-057,+254 106 097 04,caroline.otula@gmail.com,1985-06-05,MALE,Nairobi,Kasarani,Kamulu,"House 243, Kileleshwa Drive, Kilimani",2023-01-22,active,5,Self-Employed,77500,Food Support,Orphan
PLUS-001392,opiyo musalia,2348-8183,0733-320-90,opiyo.musalia@yahoo.com,,FEMALE,Nyeri,Mukurweini,Rugi,"Plot 245, Lane 7, Mugumo",20-Sep-2026,active,Unknown,Student,30500,Food Support,Youth
PLUS-001393,samuel momanyi onyango,85306558,254 702 830 37,samuel81@yahoo.com,1968-12-27,MALE,Kakamega County,Mumias West,Mutema,"Plot 471, Lane 14, Kilimani",01-25-2025,inactive,4,Self-Employed,39500,Business Grant,PWD
PLUS-001394,kimeu omar,78238599,254 736 847 94,kimeu4@gmail.com,1995-09-13,MALE,Kiambu,Ruiru,Gatong'ora,"House 378, Uhuru Drive, Kileleshwa",02/02/2023,inactive,5,Unemployed,37500,Medical Cover,Elderly
PLUS-001395,peace edith mitei,55583827,254 716 811 40,peace.mitei@hotmail.com,1962-09-25,FEMALE,Uasin Gishu,Soy,Ziwa,"Plot 207, Lane 14, Mugumo",01-09-2025,active,Not Provided,Self-Employed,21000,Food Support,Elderly
PLUS-001396,"mulandi, kevin",79 509 204,+254 103 427 42,k.m@outlook.com,2000-02-04,MALE,Mombasa,Likoni,Bofu,"Plot 465, Lane 15, Thika Superhighway",04-11-2023,pending,6,Unemployed,10500,Medical Cover,Orphan
PLUS-001397,wachira mwaania, 56624300,254 787 780 47,w.m@gmail.com,1993-01-01,MALE,Kisumu,Kisumu Central,Nyalenda 'B',"Plot 414, Lane 12, Likoni",Not Provided,pending,4,Retired,Unknown,Business Grant,Youth
PLUS-001398,gitobu isaiah gitonga,45668202,254 719 772 45,gitobu@gmail.com,08-07-1959,FEMALE,Nairobi,Dagoretti South,Riruta,"Plot 78, Lane 17, Karen",24/06/2025,Pending,2,Unemployed,112000,Cash Transfer,PWD
PLUS-001399,amos kihka, 31034531,+254 707 635 05,a.kihika@outlook.com,1990-10-18,FEMALE,Nairobi,Kasarani,Mwiki,"House 124, Argwings Kodhek Avenue, Langata",26-May-2025,active,6,Unemployed,94500,Business Grant,PWD
PLUS-001400,m. wabomba,67-742-815,+25477673833,moraa.wabomba@outlook.com,1985-07-14,MALE,Unknown,Igembe Central,,"Plot 205, Lane 3, Argwings Kodhek",,active,5,Retired,10500,Education Support,Orphan
PLUS-001401,m. cheruiyot,45 545 064,+254 795 501 62,mcheruiyot@gmail.com,1977-02-15,FEMALE,Kilifi,Magarini,Gongoni,"Plot 73, Lane 12, Tom Mboya",2024-07-28,inactive,5,Unemployed,79500,Business Grant,Orphan
PLUS-001402,owuor george kimutai, 45827376,0747-774-24,owuor.kimutai@gmail.com,1966-04-04,FEMALE,Nairobi,Westlands,Parklands,"Plot 249, Lane 14, Athi River",2026-01-17,pending,2,Unemployed,25500,Business Grant,Elderly
PLUS-001403,nicholas keenei, 26947996,0708.793.81,nkenei@hotmail.com,1983-12-24,MALE,Mombasa,Mvita,Mji wa Kale,"Plot 431, Lane 5, Juja",Not Provided,inactive,,Unemployed,70500,Business Grant,Orphan
PLUS-001404,leshan gitonag,15-843-117,254 725 493 76,leshan_gitonga@hotmail.com,1998-10-24,FEMALE,Machakos,Machakos Town,Kalama,"Plot 86, Lane 8, Garden Estate",25-Feb-2024,active,5,Retired,40500,Medical Cover,Youth
PLUS-001405,margaret gacheru,68-997-676,254 111 889 84,margaret30@outlook.com,2001-04-01,FEMALE,Trans Nzoia,Endebess,Endebess,"Plot 76, Lane 2, Kilimani",20-Jun-2023,inactive,2,Student,65500,Cash Transfer,Youth
PLUS-001406,anna onsongeo,87525372 ,0707-754-14,anna@gmail.com,02-Sep-99,Male,Nairobi,Lang'ata,South C,House23KangundoStreetKenyatta,2023-06-04,active,4,Retired,42500,Medical Cover,Elderly
PLUS-001407,c. j. mwikali,70-404-159,072888018,caroline.mwikali@outlook.com,2004-11-03,FEMALE,Machakos,Yatta,Katangi,"Plot 245, Lane 6, Ruaraka",16 Feb 2026,active,3,Unemployed,37000,Education Support,Vulnerable
PLUS-001408,chepkorir kiprop,78870570,254 105 377 02,ckiprop@gmail.com,1979-03-05,MALE,Mombasa,Likoni,Bofu,"House 171, Kilimani Avenue, Parklands",09/18/2026,Unknown,5,Employed,9500,Medical Cover,Elderly
PLUS-001409,dorothy kgawe, 28067677,254 112 073 21,kagwedorothy@gmail.com,,FEMALE,Mombasa,Nyali,Kongowea,"Plot 338, Lane 4, Ngong Road",Unknown,active,5,Retired,31500,Cash Transfer,Orphan
PLUS-001410,kimeu rotiach,25-725-946,0747.063.14,kr@hotmail.com,1967-04-15,FEMALE,Turkana,Turkana South,Lobokat,"house 243, jogoo drive, lenana",21-08-2025,inactive,7,Retired,15000,Food Support,Widow
PLUS-001411,githinji  mutwiri  mogaka,41635154 ,0107.916.55,githinji.mogaka@gmail.com,1971-06-03,FEMALE,Kiambu,Githunguri,Githiga,"Plot 380, Lane 6, Argwings Kodhek",13-12-2026,inactive,5,Retired,11500,Education Support,PWD
PLUS-001412,john musyimi,53305731,254 709 848 32,john.musyimi@yahoo.com,1980-02-23,MALE,Mombasa,Kisauni,Mtopanga,"Plot 443, Lane 15, Kasarani",27 Jul 2025,pending,4,Unknown,90000,Cash Transfer,Orphan
PLUS-001413,kwamboka wangari,75025705 ,+254 765 489 02,kwamboka.wangari@yahoo.com,1977-05-18,FEMALE,Trans Nzoia,Kiminini,Kiminini,"House 333, Kasarani Avenue, Lavington",09/29/2026,active,3,Student,87500,Business Grant,Orphan
PLUS-001414,"nafula, michael mwende",30-833-313,+254 754 877 54,michael.nafula@yahoo.com,Not Provided,MALE,Turkana,Turkana North,Kaikor,Unknown,27-Jan-2024,pending,4,Self-Employed,50500,Business Grant,Vulnerable
PLUS-001415,jeremiah hannah kivuva,94650751,254 799 317 57,jeremiah.kivuva@yahoo.com,1995-06-27,FEMALE,NAKURU,BAHATI,DUNDORI,"House 374, Kiambu Road Drive, Mombasa Road",2024-03-22,inactive,10,Self-Employed,13000,Medical Cover,Youth
PLUS-001416,daniel onditi gacheru,18 537 725,254 799 641 17,danielgacheru@gmail.com,1965-02-19,FEMALE,Bomet,Chepalungu,Kongasis,"House 358, Tom Mboya Avenue, Kangundo",23-Feb-2023,pending,2,Unknown,34000,Cash Transfer,Vulnerable
PLUS-001417,simiyu mumo wangari,60057264,254 118 092 53,simiyu.wangari@gmail.com,1966-10-09,MALE,Bomet,Bomet East,Merigi,"House 72, Limuru Street, Karen",30/06/2025,active,3,Employed,35500,Business Grant,PWD
PLUS-001418,kebaso omar,7200-2380,071639424,k.o@gmail.com,18-Mar-03,FEMALE,Nyeri,Tetu,Dedan Kimathi,"Plot 188, Ln 8, Outering",2025-07-02,Pending,2,Unemployed,17500,Cash Transfer,Orphan
PLUS-001419,kwamboka njorogee,43030672 ,0102.404.03,knjoroge@yahoo.com,1988-05-21,FEMALE,Bungoma,Bumula,Bumula,"House 177, Kiambu Drive, Waiyaki",28/07/2025,active,5,Student,18500,Medical Cover,Widow
PLUS-001420,"kihika, amos",31034531,254 707 635 05,amos.kihika@outlook.com,1990-10-18,FEMALE,Nairobi,Kasarani,Mwiki,"House 124, Argwings Kodhek Avenue, Langata",26-May-2025,active,6,Unemployed,94500,Business Grant,PWD
PLUS-001421,syokau gichuuki, 12012537,+254 767-857-61,syokaugichuki@gmail.com,1983-02-22,MALE,Kilifi,,Shella,"House 35, Lenana Drive, Lavington",23 Feb 2024,pending,2,Retired,56000,Medical Cover,Youth
PLUS-001422,gitonga chepkwony,50998106,254 118 438 26,g.c@outlook.com,15-06-1979,MALE,Kiambu,Limuru,Ndeiya,"plot 300, lane 17, river road",2026-05-06,I,2,Unemployed,21500,Medical Cover,Youth
PLUS-001423,cynthia gitobu, 77569898,+254 109-123-27,cynthia.gitobu@gmail.com,1992-05-12,MALE,Mombasa,Kisauni,Mwakirunge,"House 221, Parklands Drive, River Road",2023-10-21,inactive,4,Unemployed,16000,Cash Transfer,PWD
PLUS-001424,wafula kasiina,79-250-561,0765-449-03,wkasina@hotmail.com,1977-02-19,FEMALE,Kisumu,Nyakach,West Nyakach,"House 297, Juja Street, Argwings Kodhek",03-Apr-26,inactive,3,Retired,15500,Food Support,PWD
PLUS-001425,jonah wanyoike,25-457-874,+25472517143,jonah.wanyoike@gmail.com,1989-04-06,MALE,NAIROBI,Kasarani,Kamulu,"House 239, Athi River Street, Likoni",2025-09-09,active,7,Self-Employed,173000,Food Support,Vulnerable
PLUS-001426,timothy koross,31038335,254 732 345 92,timothy.koross@gmail.com,17-07-2002,FEMALE,Nakuru,Kuresoi South,Keringet,"HOUSE 208, RIVER ROAD STREET, KIAMBU ROAD",20-03-2023,I,1,Retired,33500,Business Grant,Youth
PLUS-001427,agnes susan ndunda,27358096,254 742 378 66,agnes.ndunda@hotmail.com,1979-11-13,FEMALE,Kilifi,Kilifi South,Mwarakaya,"House 358, Kiambu Road Avenue, Kikuyu",2023-12-05,pending,2,Retired,28000,Medical Cover,Orphan
PLUS-001428,muriuki mulandi,19-550-131,254 724 661 90,muriuki.mulandi@gmail.com,1977-05-13,FEMALE,Kakamega,Mumias West,Mutema,"House 296, Ruaraka Avenue, Outering",23-Jun-2024,inactive,9,Retired,17500,Cash Transfer,Elderly
PLUS-001429,elijah susan kiprono,45250082,254 786 126 70,elijah.kiprono@gmail.com,1999-07-27,FEMALE,Kiambu County,Kiambu,Riabai,"Plot 477, Lane 18, Kenyatta",11-20-2024,pending,4,Unemployed,31500,Education Support,Orphan
PLUS-001430,chepkorir chepkorir lenguro,71370039,254 109 872 47,chepkorir.lenguro@outlook.com,1965-05-06,MALE,Mombasa,Nyali,Frere Town,"Plot 471, Lane 10, Ruaraka",08 Jun 2023,inactive,3,Unemployed,39500,Education Support,Widow
PLUS-001431,cherotich nbawire,57211524,Unknown,cherotich.nabwire@gmail.com,2003-09-14,FEMALE,Kiambu,Githunguri,Ikinu,"Plot 1, Lane 11, Kenyatta",2026-04-14,inactive,,Student,Unknown,Education Support,Widow
PLUS-001432,mutinda njuguna,77649019,254 781 878 63,mutinda.njuguna@gmail.com,1978-12-13,FEMALE,Nairobi,Kibra,Sarang'ombe,"House 158, Kileleshwa Road, Kiambu Road",2023-06-08,Not Provided,2,Self-Employed,12500,Cash Transfer,Elderly
PLUS-001433,kerubo wamuyu,Unknown,254 765 950 53,kerubo.wamuyu@outlook.com,1954-11-22,FEMALE,Nakuru,Nakuru Town West,London,"House 19, Moi Avenue Road, Uhuru",08/08/2026,pending,3,Student,50000,Education Support,Youth
PLUS-001434,atieno mueni kemei,35342548,254 751 283 40,atieno.kemei@gmail.com,1969-04-18,FEMALE,Kisumu,Nyakach,North Nyakach,"Plot 35, Lane 3, Thika",2025-02-10,inactive,5,Self-Employed,77000,Cash Transfer,Youth
PLUS-001435,rimberia njuguna,15695083,0745-371-06,rimberia.njuguna@gmail.com,1998-03-09,FEMALE,Turkana,TurkanaEast,Lokichar,"Plot 340, Lane 5, Ngong",21/02/2025,pending,3,Employed,15000,Education Support,Elderly
PLUS-001436,michael koech,81536044 ,254 784 307 18,michael.koech@gmail.com,1982-04-23,FEMALE,Kiambu,Kabete,Muguga,"Plot 284, Lane 3, Mugumo",08-12-2023,pending,4,Employed,63000,Medical Cover,Vulnerable
PLUS-001437,victor ndunda,,011 801 374,victor.ndunda@gmail.com,1983-12-22,MALE,Trans Nzoia,Kwanza,Keiyo,"Plot 446, Lane 18, Kenyatta",08-Feb-26,pending,3,Unemployed,56500,Business Grant,Widow
PLUS-001438,njuguna anyango,3987-5764,254 729 220 05,njuguna.anyango@hotmail.com,1961-11-18,MALE,Unknown,Bomet Central,Silibwet Township,"House 66, Mugumo Drive, Lavington",2024-04-04,pending,4,Employed,41500,Medical Cover,Elderly
PLUS-001439,catherine mueni mworoa,67178692,254 105 519 31,catherine.mworoa@gmail.com,,MALE,Bomet,Konoin,Mogogosiek,"House 8, Ngong Street, Moi Avenue",2023-04-24,inactive,5,Retired,62000,Education Support,Widow
PLUS-001440,gathoni jebiwott macharia,34049689,254 115 615 87,gathoni.macharia@yahoo.com,1992-11-05,FEMALE,TRANS NZOIA,CHERANGANY,KAPLAMAI,House434RuarakaStreetThika,04/18/2023,inactive,3,Employed,19000,Cash Transfer,Youth
PLUS-001441,onyango githinji,83495264,254 731 343 44,onyango77@gmail.com,02-10-1997,male,Bungoma,Kimilili,Kamukuywa,"HOUSE 187, KIAMBU DRIVE, ARGWINGS KODHEK",18/01/2024,ACTIVE,4,Self-Employed,5000,Medical Cover,Orphan
PLUS-001442,agnes wabomba,38463873,254 747 697 366,agnes.wabomba@gmail.com,1970-08-14,MALE,Kisumu,Seme,West Seme,"Plot 235, Lane 16, Lenana",01/25/2024,pending,3,Retired,73000,Education Support,Widow
PLUS-001443,mutua ndunda,28785574,254 786 338 90,mutua.ndunda@gmail.com,1989-05-23,MALE,,Kibra,Lindi,,Unknown,pending,1,Unemployed,16000,Cash Transfer,Vulnerable
PLUS-001444,onyango baya,71961367,+254 725 778 79,onyango.baya@gmail.com,2006-12-08,MALE,Machakos,Matungulu,Kyeleni,"Plot 413, Lane 2, Langata",10-15-2023,active,4,Unemployed,53500,Cash Transfer,Orphan
PLUS-001445,kanana mutinda kiarie, 32356074,254 766 937 34,kanana.kiarie@hotmail.com,1996-08-07,MALE,Nairobi,Kasarani,Ruai,"House 4, River Road Street, Thika",2024-07-24,inactive,7,Student,79000,Food Support,Vulnerable
PLUS-001446,naserian momanyi musila,87664527,254 112 442 95,naserian.musila@hotmail.com,1965-11-07,MALE,Trans Nzoia,Endebess,Chepchoina,"Plot 337, Lane 4, Argwings Kodhek",05 Sep 2024,active,6,Employed,52000,Education Support,Orphan
PLUS-001447,judith matoke,38947536,254 712 556 89,Not Provided,1984-11-25,MALE,Nakuru,Bahati,Kabatini,"Plot 156, Lane 5, Argwings Kodhek",26-Apr-23,active,6,Self-Employed,11500,Food Support,Widow
PLUS-001448,wachira nganga,93756654 ,254 747 692 521,wachira.nganga@yahoo.com,1980-06-07,FEMALE,Nairobi,Kasarani,Mwiki,"House 88, Lenana Street, River Road",20250404,active,4,Employed,84000,Medical Cover,Vulnerable
PLUS-001449,caroline kebaso,35584231,254 706 758 93,caroline.kebaso@yahoo.com,1990-12-28,MALE,Bungoma,Sirisia,Malakisi/South Kulisiru,"House 323, Thika Drive, Argwings Kodhek",09-Apr-2024,active,6,Retired,46500,Cash Transfer,Youth
PLUS-001450,ndunge kiprotich,63445858,254 705 783 58,ndunge.kiprotich@yahoo.com,1967-10-07,MALE,Unknown,Lang'ata,Mugumu-ini,"House 187, Waiyaki Road, Kangundo",15-04-2026,Not Provided,Unknown,Retired,57000,Business Grant,PWD
PLUS-001451,kwamboka nyaboke katua,23978538,254 716 169 97,kwamboka.katua@yahoo.com,2003-02-02,FEMALE,Uasin Gishu,Soy,Moi's Bridge,"Plot 55, Lane 3, Ruaraka",06 Oct 2024,active,4,Student,39500,Education Support,Youth
PLUS-001452,thomas nabea,59223055,254 747 853 577,thomas.nabea@gmail.com,1974-04-13,MALE,Bungoma,Kimilili,Kamukuywa,"House 272, Waiyaki Street, Outering",2024-05-19,active,7,Student,38500,Cash Transfer,PWD
PLUS-001453,onditi nduku,28-234-656,254 747 064 994,onditi.nduku@gmail.com,1957-08-15,MALE,Uasin Gishu,Ainabkoi,Kaptagat,"Plot 478, Lane 3, Kitisuru",21/11/2026,active,9,Retired,74500,Education Support,Youth
PLUS-001454,philemon naserian mogaka,44312993,254 726 690 28,philemon.mogaka@gmail.com,2004-04-21,MALE,Meru,South Imenti,Nkuene,"House 391, Athi River Road, Kiambu Road",31-08-2025,pending,4,Student,52500,Food Support,PWD
PLUS-001455,onsongo karanja,88932692,254 734 602 13,onsongo.karanja@gmail.com,1965-01-21,FEMALE,Bungoma,Kabuchai,Mukuyuni,"House 227, Jogoo Road, Jogoo",09-12-2026,active,3,Self-Employed,34500,Medical Cover,Youth
PLUS-001456,kagwiria naisula macharia,77156201,254 762 925 90,kagwiria11@outlook.com,24 Feb 1974,MALE,Kilifi,Kilifi North,Tezo,"Plot 226, Ln 2, Ruaraka",2026-02-13,INACTIVE,3,Student,45500,Cash Transfer,Youth
PLUS-001457,mutheu kiprono,71979163,254 768 220 02,mutheu.kiprono@hotmail.com,1968-09-14,MALE,Meru,Central Imenti,Kathonzweni,"House 90, Uhuru Road, Westlands",20250812,active,6,Unemployed,26500,Cash Transfer,PWD
PLUS-001458,wamalwa jane bett,56063375,254 723 065 85,wamalwa.bett@gmail.com,2004-01-10,MALE,Kiambu County,Githunguri,Githiga,"Plot 93, Lane 2, Likoni",22/04/2024,active,5,Retired,72500,Food Support,Vulnerable
PLUS-001459,kebaso bett,21272439,254 749 917 63,kebaso.bett@yahoo.com,1997-06-07,MALE,Kisumu,Nyakach,South West Nyakach,"House 393, Kitisuru Road, Tom Mboya",31/05/2023,pending,7,Unemployed,106000,Cash Transfer,PWD
PLUS-001460,timothy mukhwana oseko,27433929,254 712 102 57,timothy.oseko@gmail.com,1990-10-18,FEMALE,Kisumu,Kisumu East,Nyalenda 'A',"Plot 136, Lane 17, Ngong Road",Unknown,active,10,Student,67000,Medical Cover,Vulnerable
PLUS-001461,nduku kiprono,75902693,254 115 515 33,nduku.kiprono@hotmail.com,1954-07-20,MALE,Bungoma,Kabuchai,Mukuyuni,"Plot 22, Lane 18, Jogoo",2026-07-05,active,4,Unemployed,29500,Cash Transfer,Orphan
PLUS-001462,mark mitei,65143412,254 766 743 73,mark.mitei@yahoo.com,1961-05-22,FEMALE,Bungoma,Sirisia,Lwandanyi,"House 270, Langata Street, Athi River",02-11-2025,active,2,Unemployed,18500,Food Support,Vulnerable
PLUS-001463,gitonga lois kipchumba,57191620,254 763 276 87,gitonga.kipchumba@yahoo.com,1978-12-06,FEMALE,Trans Nzoia,Kwanza,Kwanza,"Plot 301, Lane 4, Kilimani",2023-02-17,active,3,Self-Employed,28500,Education Support,Elderly
PLUS-001464,wambugu wafula,53530723,Unknown,wambugu.wafula@gmail.com,1976-05-09,FEMALE,Meru,Central Imenti,Gatimbi,"Plot 297, Lane 13, Kasarani",,inactive,Not Provided,Student,24000,Medical Cover,Vulnerable
PLUS-001465,nafula masinde,70579206,0118.954.43,Unknown,Unknown,FEMALE,Uasin Gishu,Ainabkoi,Racecourse,"House 346, Jogoo Drive, Thika",12 Oct 2025,inactive,6,Student,44000,Education Support,Widow
PLUS-001466,joy mwakideu,29732337,071163450,joy.mwakideu@gmail.com,Unknown,F,Nakuru,Kuresoi North,Kamara,Plot61Lane12Parklands,23/10/2025,ACTIVE,4,Unemployed,87500,Cash Transfer,Youth
PLUS-001467,simon janet jepkoech,96-810-439,254 783 632 74,simon.jepkoech@gmail.com,1976-12-20,FEMALE,Machakos,Kathiani,Upper Kaewa/Iveti,"Plot 470, Lane 12, Ruiru",12/25/2024,inactive,3,Unemployed,7000,Education Support,PWD
PLUS-001468,wachira samuel tsuma,51585695,254 109 252 04,wachira.tsuma@yahoo.com,1997-06-01,MALE,Kakamega,Mumias East,Not Provided,"House 156, Limuru Drive, Westlands",03-07-2024,pending,4,Employed,25500,Business Grant,Orphan
PLUS-001469,kipkorir isaiah syombua,89252811,254 738 791 46,isaiah.kipkorir@gmail.com,1967-08-26,MALE,Uasin Gishu,Turbo,Ngenyilel,"Plot 86, Lane 13, Ngong",10-Aug-2024,active,3,Self-Employed,78500,Medical Cover,Vulnerable
PLUS-001470,james kamau,58300172,254 755 770 54,james.kamau@yahoo.com,1983-01-08,FEMALE,Bungoma,Kanduyi,West Sang'alo,"House 278, Likoni Drive, Kangundo",13-Dec-2026,inactive,Not Provided,Retired,134000,Food Support,PWD
PLUS-001471,lois momanyi,15852944,254 741 117 886,lois.momanyi@yahoo.com,19791208,female,Bomet,,Nyongores,Plot 150 Lane 15 Ngong Road,16-Feb-2026,Unknown,10,Self-Employed,179500,Medical Cover,Orphan
PLUS-001472,martin ksaina,34452120,254 797 430 25,martin.kasina@outlook.com,1979-07-27,FEMALE,Nakuru,Unknown,Bahati,"Plot 469, Lane 14, Waiyaki",04-06-2023,inactive,4,Student,,Food Support,Orphan
PLUS-001473,joseph mbakaa,,254 776 411 99,joseph.mbaka@yahoo.com,1961-11-08,FEMALE,Nairobi,Dagoretti South,Riruta,"Plot 209, Lane 2, Ruiru",20260423,active,4,Student,32000,Food Support,Orphan
PLUS-001474,wanyonyi wachira,75447410,254 724 604 34,wanyonyi.wachira@gmail.com,1976-08-06,MALE,Nairobi,Dagoretti South,Uthiru,"House 403, Kitisuru Avenue, Kiambu",2026-07-23,inactive,7,Unemployed,24000,Business Grant,PWD
PLUS-001475,wachira wanyoike,19599685,254 747 891 207,wachira.wanyoike@hotmail.com,1957-03-11,FEMALE,Meru,North Imenti,Mweronkanga,"House 315, Langata Avenue, Langata",2024-03-04,active,1,Unemployed,43000,Medical Cover,Elderly
PLUS-001476,judy ochieng,89473761,254 747 383 917,judy.ochieng@gmail.com,1972-10-21,FEMALE,Machakos,Yatta,Kithimani,"House 187, Langata Street, Kileleshwa",27/12/2026,active,2,Student,31000,Cash Transfer,Elderly
PLUS-001477,kimani omondi,80517168,254 747 711 670,Not Provided,1974-11-02,FEMALE,NYERI,Unknown,Kiganjo/Mathari,"Plot 318, Lane 5, Karen",21-Nov-23,inactive,1,Student,Not Provided,Education Support,Widow
PLUS-001478,victor kinyua,33815266,254 119 629 16,victor.kinyua@yahoo.com,1963-04-07,FEMALE,Nairobi,Lang'ata,Karen,"House 246, Lavington Street, Garden Estate",2025-06-21,active,2,Retired,11500,Food Support,Widow
PLUS-001479,cynthia ombati,37765024,254 118 631 43,cynthia.ombati@gmail.com,1988-12-15,FEMALE,Kiambu,Limuru,Bibirioni,"Plot 364, Lane 19, Ngong Road",01-06-2023,inactive,5,Self-Employed,65000,Medical Cover,Widow
PLUS-001480,deborah athman,82820167,254 747 149 287,dathman@yahoo.com,1974-02-20,Female,Uasin Gishu,Turbo,Huruma,"HOUSE 455, LANGATA ROAD, WESTLANDS",2024-03-23,inactive,4,Retired,20000,Medical Cover,Vulnerable
PLUS-001481,mumo mitei,75-654-324,254 747 249 139,miteimumo@gmail.com,09/22/2001,Female,Meru,Tigania East,Kiguchwa,"Plot 245, Ln 5, Parklands",2023-07-11,I,7,Unemployed,79000,Medical Cover,Orphan
PLUS-001482,kioko mungai,64009257,254 747 992 896,kioko.mungai@gmail.com,1967-01-24,FEMALE,Bomet,Chepalungu,Nyongores,"Plot 215, Lane 16, Lavington",2026-12-27,active,3,Self-Employed,27000,Medical Cover,Youth
PLUS-001483,brenda olela,66978222,254 753 425 90,brenda.olela@gmail.com,2002-01-14,MALE,Mombasa,Kisauni,Mjambere,"House 297, Ruaraka Drive, Lavington",05 Mar 2026,inactive,4,Self-Employed,32500,Education Support,Vulnerable
PLUS-001484,ann koech,11946972,254 747 418 213,ann.koech@gmail.com,1996-04-09,FEMALE,Kiambu,Kiambu,Riabai,"House 255, Kikuyu Avenue, Limuru",2023-05-16,active,3,Unemployed,33500,Medical Cover,Youth
PLUS-001485,wachira mwangolo,27932846,254 763 455 95,wachira.mwangolo@yahoo.com,1986-08-14,MALE,Kakamega,Mumias East,East Wanga,"House 205, Thika Street, Garden Estate",2023-09-24,pending,4,Employed,27000,Medical Cover,Widow
PLUS-001486,wachira marete,24130114,254 741 146 804,wachira.marete@gmail.com,1999-10-17,MALE,Kiambu,Kiambu,Kihara,"Plot 65, Lane 4, Ruiru",02-17-2024,inactive,1,Student,67000,Food Support,Orphan
PLUS-001487,isaiah kagwe,78678822,254 112 291 46,isaiah.kagwe@gmail.com,1984-11-13,FEMALE,Meru,Buuri,Kiirua/Naari,"Plot 325, Lane 8, Garden Estate",01/07/2024,pending,7,Student,40500,Food Support,Vulnerable
PLUS-001488,catherine anyango omondi,58355163,254 109 587 86,catherine.omondi@gmail.com,1959-10-07,MALE,Nakuru,Molo,Turi,"Plot 466, Lane 5, Ngong",05/28/2025,inactive,4,Student,19000,Cash Transfer,Orphan
PLUS-001489,beatrice kimani kimutai,93 754 754,,beatrice.kimutai@yahoo.com,1978-04-02,MALE,Bomet,Bomet Central,Unknown,"House 427, Outering Road, Thika Superhighway",2026-07-09,active,3,Self-Employed,56500,Medical Cover,Orphan
PLUS-001490,kinya osebe,81589684,254 741 042 732,kinya.osebe@gmail.com,2002-04-25,MALE,Kisumu,Kisumu Central,Nyalenda 'B',"Plot 381, Lane 20, Westlands",2025-03-18,inactive,Unknown,Not Provided,,Medical Cover,Widow
PLUS-001491,peter tsuma,89546745,254 793 183 25,peter.tsuma@gmail.com,1998-05-12,MALE,Kiambu,Githunguri,Githiga,"Plot 40, Lane 17, Garden Estate",2023-06-10,active,4,Retired,27500,Education Support,Youth
PLUS-001492,namukhula mwirigi,51029684,254 747 245 486,namukhula.mwirigi@yahoo.com,1973-10-26,FEMALE,Bomet,Konoin,Chepchabs,"House 414, Waiyaki Drive, Tom Mboya",2026-08-27,inactive,3,Student,8500,Business Grant,Vulnerable
PLUS-001493,syombua bett,26500774,254 747 326 760,syombua.bett@gmail.com,1961-02-10,MALE,Bungoma,Bumula,Khasoko,"House 217, Likoni Drive, Lavington",12/30/2024,pending,7,Retired,8000,Food Support,Youth
PLUS-001494,samuel mwangolo,24504194,254 736 137 07,samuel.mwangolo@hotmail.com,1995-04-08,MALE,Nairobi,Dagoretti North,Gatina,"Plot 43, Lane 3, Kikuyu",14-06-2023,active,9,Employed,113000,Cash Transfer,Orphan
PLUS-001495,nasimiyu senteu,46641162,254 782 291 62,nasimiyu.senteu@yahoo.com,1963-04-19,MALE,Nairobi,Westlands,Parklands,"House 115, Thika Street, Kiambu Road",28-Dec-2024,inactive,4,Self-Employed,61500,Business Grant,PWD
PLUS-001496,wanjiru mutua,64227400,0798.462.84,wanjiru.mutua@yahoo.com,2004-03-09,FEMALE,Nyeri County,Mukurweini,Mukurwe-ini West,"Plot 171, Lane 20, Langata",29/11/2024,pending,4,Self-Employed,32000,Business Grant,PWD
PLUS-001497,mogaka kiprotich mohamed,90992147,254 702 121 84,mogaka.mohamed@outlook.com,1998-05-19,MALE,Kakamega,Lugari,Not Provided,,06/06/2026,active,4,Retired,34500,Education Support,Widow
PLUS-001498,matthew cheruiyot,26 895 939,254 727 063 59,matthew.cheruiyot@gmail.com,2004-01-27,FEMALE,Kisumu,Nyando,Kobura,"Plot 340, Lane 9, Kilimani",11-02-2024,inactive,1,Unemployed,71500,Business Grant,Vulnerable
PLUS-001499,awino kipkorir,68323957,254 741 128 796,awino.kipkorir@gmail.com,1997-12-03,MALE,Nakuru,Kuresoi South,Tinet,"Plot 356, Lane 1, Langata",13 May 2026,active,6,Unemployed,8500,Business Grant,Orphan
PLUS-001500,ronald senteu,29862790,Unknown,ronald.senteu@hotmail.com,Unknown,MALE,Nyeri,Othaya,Karima,"Plot 53, Lane 7, Outering",03-11-2026,inactive,3,Unemployed,27500,Education Support,Elderly
