beneficiary_id,full_name,national_id,phone_number,email,date_of_birth,gender,county,sub_county,ward,address,registration_date,status,school_name,education_level,course,scholarship_amount,academic_year
SCH-000001,Pauline Kilonzo,59359775,011741823,pauline.kilonzo@yahoo.com,1983-02-07,Male,Kiambu,Kiambu,Kihara,"Plot 273, Lane 18, Kikuyu",2024-11-29,Inactive,Rift Valley Institute,Diploma,Business,134385,2022/2023
SCH-000002,Cherotich Alice Wabomba,90190366,073956666,cherotich.wabomba@yahoo.com,1979-01-27,Female,Kilifi,Kaloleni,Kayafungo,"House 411, Ngong Road Street, River Road",2023-12-18,Inactive,Strathmore University,Diploma,Computer Science,177091,2025/2026
SCH-000003,Kiprotich Keter,97033089,070445261,kiprotich.keter@gmail.com,1964-01-01,Female,Nairobi,Westlands,Kitisuru,"Plot 419, Lane 3, Parklands",19-Nov-2025,Inactive,Maseno School,Certificate,Public Health,340927,2025/2026
SCH-000004,Auma Naliaka Namukhula,47871627,011 716 337,auma.namukhula@outlook.com,1990-08-04,Male,Nairobi,Westlands,Kitisuru,"Plot 28, Lane 5, Mombasa Road",07-08-2025,Active,University of Nairobi,Secondary,Journalism,224741,2024/2025
SCH-000005,Kamau Ombati Gichuru,81 404 599,071637223,kamau.gichuru@gmail.com,1976-03-09,Male,Nakuru,Molo,Molo,"Plot 231, Lane 19, Ruaraka",10/09/2023,Pending,Alliance High School,Postgraduate,Education,202410,2025/2026
SCH-000006,Hannah Jonathan Kebaso,33733169,+25411211306,hannah_kebaso@gmail.com,23/08/1997,F,Bungoma,Kanduyi,Buokhwe,"House 337, Kiambu Road Street, Likoni",NULL,INACTIVE,Mang'u High School,DIPLOMA,Public Health,193494,2022- 2023
SCH-000007,ESTHER BAYA,24131536,079651945,esther.baya@yahoo.com,2005-08-15,Male,Mombasa,Changamwe,Changamwe,"Plot 11, Lane 19, Langata",06/01/2025,Pending,Maranda High School,Diploma,Architecture,158169,2023/2024
SCH-000008,Rose Florence Rimberia,68829924,010756480,rose.rimberia@yahoo.com,1981-07-21,Female,Bomet,Chepalungu,Kongasis,"Plot 236, Lane 2, Kitisuru",15/06/2022,Active,Egerton University,Secondary,Business,244198,2022/2023
SCH-000009,Kariuki Baya,62193650,078198157,kariuki.baya@hotmail.com,1973-08-16,Male,Machakos,Matungulu,Matungulu West,"House 318, Langata Avenue, Mugumo",10/15/2022,Active,Maseno University,Undergraduate,Architecture,326084,2022/2023
SCH-000010,Agnes Flora Lubanga,83425325,070862890,agneslubanga@gmail.com,1981-01-11,Female,Nyeri,Kieni,Naromoru/Kiamathaga,"House 365, Ruiru Drive, Argwings Kodhek",2025-03-29,Active,Coast Institute of Technology,Secondary,Computer Science,447729,2023/2024
SCH-000011,Awino Nyambura Chepngeno,31755769,078884490,awino.chepngeno@gmail.com,2000-02-02,Female,Nyeri,Othaya,Iria-ini,"House 72, Thika Superhighway Drive, Ruaraka",14-04-2024,Pending,Alliance High School,Undergraduate,Business,266135,2025/2026
SCH-000012,C. Chepngeno,47684709 ,N/A,charity.chepngeno@gmail.com,1968-10-10,Male,Nairobi County,Lang'ata,N/A,"Plot 1, Lane 12, Langata",NULL,Inactive,Kabianga High School,Diploma,Education,169222,2023/2024
SCH-000013,Thomas Mwirigi Cheruiyot,73906952,070479093,thomas.cheruiyot@gmail.com,1990-11-22,Female,Nairobi,Westlands,Mountain View,"Plot 40, Lane 11, Westlands",06-15-2025,Active,Coast Institute of Technology,Undergraduate,Medicine,228782,2024/2025
SCH-000014,Anna Masinde Bett,20327493,0793-331-25,anna.bett@outlook.com,1983-06-16,Female,Kiambu,Kiambu,Ndumberi,"Plot 243, Lane 1, Outering",2022-05-26,Active,Kenya High School,Undergraduate,Social Work,155726,2024/2025
SCH-000015,Marete Kosgei,56462427,079334523,marete.kosgei@hotmail.com,1997-09-03,Female,Kisumu,Kisumu Central,Nyalenda 'B',"Plot 330, Lane 8, Jogoo",NULL,,Lenana School,,Social Work,241444,2025/2026
SCH-000016,Wafula Namukhula Musila,83904042,075861239,wafula.musila@yahoo.com,1967-09-16,Male,Nakuru,Kuresoi South,Kiptagich,"Plot 278, Lane 1, Ngong Road",06/03/2024,Pending,Kenyatta University,Secondary,Business,241060,2024/2025
SCH-000017,Rose Chhebet,56080521,010387187,rose.chebet@hotmail.com,1991-02-15,Male,Bungoma,Bumula,Bumula,"Plot 209, Lane 9, Westlands",2025-05-08,Active,Rift Valley Institute,Undergraduate,Public Health,384493,2025/2026
SCH-000018,Mwikali Korir,95510088,011357135,mwikali.korir@gmail.com,1977-09-07,Female,N/A,Ainabkoi,Kaptagat,"Plot 366, Lane 13, Kangundo",08-26-2025,Pending,JKUAT,,Business,212966,2025/2026
SCH-000019,Waithera  Nabwire,85701885,071328303,waithera.nabwire@gmail.com,2003-10-16,Male,Nakuru,N/A,Maai Mahiu,"Plot 216, Lane 19, River Road",N/A,Active,Mount Kenya University,Postgraduate,Computer Science,262732,2024/2025
SCH-000020,Timothy Auma,49533451,076373561,timothy.auma@gmail.com,1993-10-04,Female,Kiambu,Kiambu,Ting'ang'a,"House 66, Westlands Road, Lenana",10/07/2024,Pending,St. Joseph's School,Certificate,Civil Engineering,449940,2022/2023
SCH-000021,Onyango Nabwire Kamau,79769403,071359214,onyango.kamau@gmail.com,1993-08-13,Male,Nairobi,Westlands,Kangemi,"House 95, River Road Avenue, Kangundo",07-12-2025,Active,Mount Kenya University,Certificate,Business,78547,2025/2026
SCH-000022,Anna Awino Oduya,76510566,010256876,anna.oduya@gmail.com,1993-05-24,Female,Meru,Tigania East,Kiguchwa,"House 106, Lavington Drive, Thika Superhighway",18/10/2023,Active,Mount Kenya University,Postgraduate,Journalism,198506,2022/2023
SCH-000023,Maina Auma,30487706,075922827,maina.auma@outlook.com,N/A,Male,Meru,Igembe North,Antubetwe Kiongo,N/A,21-Sep-2025,Pending,St. Joseph's School,Secondary,Computer Science,107904,2024/2025
SCH-000024,Lois Kimutai,21071555,072477537,lois.kimutai@yahoo.com,1975-01-09,Female,Mombasa,Nyali,Frere Town,"House 386, Thika Superhighway Road, Lenana",01-Mar-2023,Pending,Coast Institute of Technology,Certificate,Architecture,123024,2025/2026
SCH-000025,Jonah Wachira,85643715,072245918,,1992-12-07,Male,Uasin Gishu,Soy,Kapkures,"House 33, Argwings Kodhek Road, Lavington",09 May 2022,N/A,Eldoret National Polytechnic,Undergraduate,Public Health,313944,2024/2025
SCH-000026,Kebaso Lubianga,56091075,073650852,kebaso.lubanga@hotmail.com,1979-07-12,Male,Kiambu,Ruiru,Kahawa Sukari,"House 221, Thika Road, Likoni",2024-02-09,Active,Kenya High School,Postgraduate,Medicine,332762,2022/2023
SCH-000027,Jepkorir Mwangaolo,13537870,077335372,j.m@yahoo.com,15/04/1956,male,Machakos,Mavoko,Kinanie,"House 125, Mugumo Drive, Mombasa Road",09/06/2023,inactive,Coast Institute of Technology,SECONDARY,Agriculture,108846,2025 / 2026
SCH-000028,Mercy Mwendwa,51370674,072440210,mercy.mwendwa@yahoo.com,1991-10-05,Male,Bungoma,Webuye East,Maraka,"House 436, Moi Avenue Drive, Ngong",08-07-2024,Inactive,Green Garden Academy,Postgraduate,Civil Engineering,360427,2025/2026
SCH-000029,Benjamin Gathoni Chepkwony,,072818178,N/A,1993-02-06,Female,Bungoma,Kanduyi,Marakaru/Tuuti,"Plot 419, Lane 18, Kilimani",05/22/2023,,Coast Institute of Technology,Certificate,Business,357894,2023/2024
SCH-000030,Muthoka Odhiambo Simiyu,65119167,010606138,muthoka.simiyu@yahoo.com,1997-01-22,Female,Kakamega,Mumias West,Etenje,"House 420, Kileleshwa Drive, Ngong",07/07/2022,Active,Moi High School Kabarak,Postgraduate,Medicine,152175,2022/2023
SCH-000031,Wambui Baya,49514786,071638625,wambui.baya@gmail.com,1999-06-09,Male,Kisumu,Nyakach,West Nyakach,"Plot 90, Lane 2, Juja",09 Dec 2024,Active,Prestige Academy,Secondary,Accounting,155587,2024/2025
SCH-000032,Evelyn Rimberia,71679877,079927681,evelyn.rimberia@gmail.com,1995-01-02,Female,Kilifi,Kilifi South,Mtepeni,"House 308, Westlands Drive, Uhuru",20/02/2023,Active,University of Nairobi,Diploma,Law,155667,2022/2023
SCH-000033,Priscilla Kilonzo,41110667,010424041,priscilla.kilonzo@outlook.com,1997-10-08,Female,Kilifi,Malindi,Jilore,"Plot 54, Lane 19, Jogoo",06/04/2023,Pending,JKUAT,Postgraduate,Social Work,375105,2024/2025
SCH-000034,Kipkorir Onsongo Senteu,54653615,070763734,kipkorir.senteu@hotmail.com,1994-10-13,Female,Kisumu,Muhoroni,Masogo/Nyang'oma,"Plot 420, Lane 17, Thika",2022-05-07,Active,Kenyatta University,Certificate,Economics,269623,2024/2025
SCH-000035,Simiyu Wangaari,60057264,011809253,simiyu.wangari@gmail.com,1966-10-09,Male,Bomet,Bomet East,Merigi,"House 72, Limuru Street, Karen",03 Jul 2024,Active,NULL,Diploma,Engineering,397431,2023/2024
SCH-000036,Vincent Muthoka,29 917 719,079618206,vincent.muthoka@yahoo.com,1994-08-01,Male,Kiambu,Limuru,Ndeiya,"Plot 381, Lane 2, Kangundo",2023-12-30,Active,Alliance High School,Diploma,Education,219992,2025/2026
SCH-000037,Charity Timothy Waithera,14542798,070646306,c.w@gmail.com,05/20/1988,FEMALE,Kakamega,Mumias East,Malaha/Isongo/Masindi,"House 186, Kikuyu Road, Kileleshwa",29-Aug-2022,I,Kabianga High School,DIPLOMA,Civil Engineering,175685,2024 /2025
SCH-000038,Wafula Naserian Wambui,54 838 683,073180449,wafula.wambui@yahoo.com,1993-11-09,Male,Nairobi,Dagoretti North,Kileleshwa,"Plot 85, Lane 9, Moi Avenue",15-11-2025,Active,Maseno University,Diploma,Civil Engineering,218399,2025/2026
SCH-000039,Mueni Mbaka,30947020,+25471550651,mueni.mbaka@outlook.com,2001-12-08,Female,Nakuru,Bahati,Bahati,"Plot 235, Lane 8, Lenana",18/08/2022,Pending,Green Garden Academy,Certificate,Accounting,167366,2025/2026
SCH-000040,Margaret Okello Salim,16415390,074478662,margaret.salim@hotmail.com,1968-04-26,Male,Kakamega,NULL,East Wanga,"Plot 9, Lane 6, Kitisuru",02/06/2022,Pending,University of Nairobi,Certificate,Civil Engineering,216263,2024/2025
SCH-000041,Kinya Kioko Nasimiyu,56126985,010715177,nasimiyukinya@gmail.com,14 Oct 1980,Male,Machakos,Kathiani,NULL,"PLOT 127, LANE 1, RIVER ROAD",17 Feb 2024,inactive,Rift Valley Institute,NULL,Accounting,268266,2022 / 2023
SCH-000042,"Kimutai, Moraa Haggai",90481646,078325457,moraa@yahoo.com,17/04/1983,F,Uasin Gishu,Kesses,Taratai,"House 314, Kilimani Drive, Thika Superhighway",19-Jan-2024,I,Maseno University,POSTGRADUATE,Accounting,141446,2023-2024
SCH-000043,Nekesa Kimutai,68176943,077651296,nekesa.kimutai@hotmail.com,1976-05-11,Female,Kakamega,Khwisero,Kisa North,"House 125, Garden Estate Avenue, River Road",25-Dec-2024,Inactive,Maranda High School,Undergraduate,Medicine,113969,2023/2024
SCH-000044,GATHONI NAMUKHULA,63604794,078547025,gathoni.namukhula@yahoo.com,1963-02-20,Female,KIAMBU,RUIRU,KAHAWA SUKARI,"House 69, Parklands Road, Kiambu Road",09-07-2025,Inactive,Lenana School,Undergraduate,Public Health,309085,2024/2025
SCH-000045,Ongeri Jane Musyimi,24277696,071440638,ongeri.musyimi@outlook.com,1982-05-21,Female,Nairobi,Dagoretti North,Kileleshwa,"Plot 28, Lane 18, Kikuyu",20251017,Pending,Lenana School,Diploma,Medicine,138478,2022/2023
SCH-000046,Adhiambo Samuel Mutisya,91630214,010214881,adhiambo.mutisya@gmail.com,1984-03-22,Male,Nyeri,Nyeri Town,Kiganjo/Mathari,"Plot 298, Lane 13, Mombasa Road",05-11-2022,Inactive,Mount Kenya University,Undergraduate,Architecture,160426,2025/2026
SCH-000047,Bridget Jonathan Mbuthia,97510445,070989173,bridget.mbuthia@outlook.com,1985-10-24,Male,Bungoma,Kanduyi,East Sang'alo,"House 298, Kangundo Road, Mombasa Road",07-27-2023,Active,Moi High School Kabarak,Diploma,Business,332186,2024/2025
SCH-000048,Kaimenyi Kenga,52112003,25476933668,kaimenyi.kenga@gmail.com,1981-02-07,Male,Bungoma,Webuye West,Matulo,"Plot 127, Lane 19, River Road",15/02/2023,Inactive,Green Garden Academy,Undergraduate,Social Work,265979,2025/2026
SCH-000049,Rimberia Naipanoi Gichuki,68410653,079728848,rimberia.gichuki@outlook.com,1975-02-14,Male,Meru,Central Imenti,Kabachi,"Plot 12, Lane 9, Tom Mboya",03 Oct 2022,Pending,Mount Kenya University,Postgraduate,Journalism,168189,2023/2024
SCH-000050,Onyango Mitei,37 234 157,074528183,onyango.mitei@yahoo.com,2002-01-13,Female,Nakuru,Nakuru Town West,London,"Plot 431, Lane 5, Ruaraka",14/10/2023,Active,Kenya Methodist University,Diploma,Agriculture,122715,2025/2026
SCH-000051,Mercy Koross,10176075,011659606,mercy19@yahoo.com,1976-01-13,MALE,Kiambu,Kikuyu,Kikuyu,"HOUSE 320, KANGUNDO AVENUE, LENANA",2023-12-19,Active,Eldoret National Polytechnic,UNDERGRADUATE,Engineering,279754,2024-2025
SCH-000052,Naserian Ouya,30793913,073364110,naserian.oduya@outlook.com,1960-04-19,Female,Uasin Gishu,Soy,Moi's Bridge,"Plot 366, Lane 4, Outering",20-12-2023,Inactive,Starehe Boys Centre,Postgraduate,Civil Engineering,253722,2022/2023
SCH-000053,Moraa Muthoka Otieno,68136765,071 307 036,moraa.otieno@yahoo.com,1977-01-05,Female,Kisumu,Muhoroni,Ombeyi,"Plot 104, Lane 16, Mugumo",18-Dec-24,Inactive,Rift Valley Institute,Diploma,Civil Engineering,422826,2024/2025
SCH-000054,Onyango Opiyo,32463582,011368958,onyango.opiyo@hotmail.com,1982-05-18,Female,Nakuru,Subukia,Waseges,"House 203, Kileleshwa Street, Ruiru",01-Jun-2025,Active,University of Nairobi,Postgraduate,Agriculture,358947,2022/2023
SCH-000055,Kilonzo Chepkorir,98318907,077833327,chepkorirkilonzo@gmail.com,1969-01-18,female,Kilifi,Ganze,Jaribuni,"house 412, mugumo road, waiyaki",08-01-2024,I,Kenyatta University,CERTIFICATE,Engineering,139813,2022–2023
SCH-000056,Kipsang Judy Ombati,89609762,079521352,kipsang.ombati@gmail.com,1981-09-12,Male,Kilifi,Magarini,Sabaki,"Plot 36, Lane 6, Karen",09-Feb-24,Inactive,Mang'u High School,Postgraduate,Civil Engineering,232903,2022/2023
SCH-000057,Lois Njoroge,13904497,073337743,lois.njoroge@gmail.com,1975-02-06,Male,Kakamega,Lugari,Chekalini,"House 31, Thika Street, Outering",,Active,Prestige Academy,Postgraduate,Architecture,251109,2024/2025
SCH-000058,"Koross, Kerubo",92766793,,kerubo.koross@hotmail.com,1978-06-05,Female,Kilifi,Magarini,Garashi,"Plot 408, Lane 6, Kileleshwa",2025-09-12,,Alliance High School,NULL,Engineering,216866,2024/2025
SCH-000059,Onsongo GitauMartha,98504112,076910211,onsongo.gitau@yahoo.com,1989-11-09,Female,Uasin Gishu,Kesses,Racecourse,"House 134, Karen Street, Kilimani",01/10/2024,Inactive,Eldoret National Polytechnic,Postgraduate,Law,412591,2022/2023
SCH-000060,Jepkoech Rono,80854964,011552120,jepkoech.rono@hotmail.com,1995-11-07,Male,Nairobi,Lang'ata,Karen,"Plot 87, Lane 18, Kilimani",2022-09-10,Inactive,Kabianga High School,Diploma,Journalism,182198,2025/2026
SCH-000061,Nekesa Mwakisha,99484103,073668297,nekesa.mwakisha@gmail.com,1974-05-05,Male,Nyeri,Tetu,Wamagana,"House 318, Thika Superhighway Avenue, Outering",23-Oct-22,Active,Moi University,Diploma,Architecture,90506,2022/2023
SCH-000062,Gathoni Martha Kivuva,20416193,078159379,gathoni.kivuva@gmail.com,1976-09-15,Male,Kilifi,Magarini,Gongoni,"House 109, Limuru Avenue, River Road",23/09/2022,Inactive,Egerton University,Undergraduate,Computer Science,151022,2022/2023
SCH-000063,Kevin Wekesa,21646351,078290988,kevin.wekesa@gmail.com,2005-07-25,Female,Kilifi,Magarini,Sabaki,"House 284, Thika Road, Uhuru",22/12/2024,Pending,University of Nairobi,Undergraduate,Computer Science,172910,2022/2023
SCH-000064,Gitonga Jepkorir,57802228,,gitonga.jepkorir@gmail.com,2001-07-25,Female,N/A,Limuru,NULL,"Plot 404, Lane 9, Argwings Kodhek",09/03/2023,Active,Strathmore University,Secondary,Economics,158088,2024/2025
SCH-000065,Kariuki Brian Mbuthia,64-452-866,070195037,kariuki.mbuthia@hotmail.com,2003-04-11,Female,Kiambu,Kikuyu,Sigona,"House 415, Limuru Road, Kikuyu",07/06/2025,Pending,Maseno School,Postgraduate,Economics,335195,2023/2024
SCH-000066,Syombua Mwirigi,65798756,077309501,syombua.mwirigi@gmail.com,1982-03-28,Female,Nairobi,Dagoretti South,Uthiru,"House 369, Lenana Street, Uhuru",28/07/2025,Pending,Kenya High School,Secondary,Information Technology,433040,2025/2026
SCH-000067,Irene Catherine Mwania,13199132,011316481,irene_mwania@gmail.com,22-12-1968,F,Kisumu,Kisumu West,West Kisumu,"Plot 211, Lane 8, Kiambu",26/11/2024,active,Kenya Methodist University,UNDERGRADUATE,Engineering,188602,2023–2024
SCH-000068,Ndinda Simiyu,57040785,074925250,ndinda.simiyu@gmail.com,2006-12-14,Female,Bomet,Bomet Central,Chesoen,"Plot 280, Lane 16, Argwings Kodhek",26/10/2025,Active,Moi High School Kabarak,Postgraduate,Education,366718,2023/2024
SCH-000069,Mutheu Jane Juma,25016273,078670421,mutheu.juma@gmail.com,1991-09-22,Male,Bomet,N/A,Sigour,"House 167, Ruaraka Avenue, Ruiru",,Active,Kenyatta University,Postgraduate,Nursing,160230,2025/2026
SCH-000070,Miriam Njuguna Mutinda,88387626,010513562,miriam_mutinda@gmail.com,1980-04-22,Male,Uasin Gishu,Ainabkoi,Racecourse,"Plot 259, Lane 4, Juja",08/27/2025,Inactive,Lenana School,Undergraduate,Civil Engineering,314122,2025/2026
SCH-000071,Aaron Wanyonyi Salim,87290551,011265917,aaron.salim@yahoo.com,2000-02-13,Female,Nyeri,Kieni,Thegu,"House 419, Kiambu Drive, Moi Avenue",12-Apr-22,Active,Green Garden Academy,Certificate,Nursing,144286,2023/2024
SCH-000072,Simon Pauline Oduya,62880140,072626658,simon.oduya@gmail.com,,Female,Machakos,Yatta,Kithimani,"Plot 303, Lane 12, Lenana",2025-07-28,Inactive,Mount Kenya University,Postgraduate,Nursing,215607,2023/2024
SCH-000073,Anna Masintde,72624210,077479030,anna.masinde@yahoo.com,2002-01-09,Female,TRANS NZOIA,CHERANGANY,MOTOSI,"Plot 201, Lane 3, Mugumo",05-Oct-2022,Pending,Egerton University,Diploma,Journalism,346115,2022/2023
SCH-000074,Githinji Salim,65163300,072744754,N/A,1973-12-21,Female,Kakamega,Matungu,Mayoni,"Plot 406, Lane 1, Kiambu Road",2025-05-01,Inactive,Kenya Methodist University,Undergraduate,Law,388292,2023/2024
SCH-000075,Lilian Wabomba Juma,39916575,070882260,lilian.juma@yahoo.com,1977-09-16,Female,Kisumu,Kisumu West,West Kisumu,"House 160, Thika Drive, Jogoo",2024-08-22,Pending,Maranda High School,Undergraduate,Education,385419,2024/2025
SCH-000076,Momanyi Mbaka Kosgei,77626740,010749449,momanyi.kosgei@yahoo.com,1988-12-18,Female,Machakos,Machakos Town,Mutituni,"Plot 199, Lane 4, Thika Superhighway",15-May-22,Inactive,Maseno University,Postgraduate,Education,188912,2024/2025
SCH-000077,Jebet Harun Mulandi,70 388 500,010570888,jebet.mulandi@gmail.com,1960-10-22,Female,Uasin Gishu,Ainabkoi,Kaptagat,"Plot 277, Lane 15, Ngong Road",02-Jul-25,Pending,Strathmore University,Secondary,Information Technology,397066,2024/2025
SCH-000078,Kaloki Kipchumba Njuguna,32653778,071361207,kaloki.njuguna@hotmail.com,1951-02-20,Male,Bomet,Bomet East,Chemaner,"Plot 473, Lane 19, Likoni",22/01/2022,Active,University of Nairobi,Postgraduate,Social Work,348339,2023/2024
SCH-000079,Joy Kivuva,22133101,,j.k@yahoo.com,1970-03-15,F,Nairobi,Dagoretti North,Kawangware,"Plot 158, Ln 8, Waiyaki",16-Nov-2024,Inactive,Coast Institute of Technology,POSTGRADUATE,Nursing,166650,2023–2024
SCH-000080,"Kamande, Barnabas Kipngetich",54361087,073199110,barnabas.kamande@gmail.com,1968-07-05,Female,Nakuru,Gilgil,Gilgil,"Plot 265, Lane 1, Kiambu Road",28-Jun-2023,Pending,Prestige Academy,Postgraduate,Business,173467,2022/2023
SCH-000081,Kipkorir Alexander Olela,12152239,072306297,kipkorir.olela@gmail.com,1961-06-01,Female,Nairobi,Dagoretti North,Kilimani,"House 118, Westlands Road, Juja",2023-04-26,Active,Kenya Methodist University,Secondary,Accounting,158999,2025/2026
SCH-000082,Joseph Adoyo Waithera,46102405,010770909,joseph_waithera@yahoo.com,02-16-1987,MALE,Nairobi,Dagoretti North,Kileleshwa,Plot23Lane10Lenana,12-15-2022,pending,Moi High School Kabarak,CERTIFICATE,Engineering,244512,2024 /2025
SCH-000083,Kanana Nicholas Mokua,42123671,011181898,kanana.mokua@gmail.com,N/A,Female,Bungoma,Kanduyi,East Sang'alo,"Plot 305, Lane 5, Thika",2022-07-19,Pending,Kenya High School,Secondary,Journalism,410616,2022/2023
SCH-000084,Kipkemoi Roono,27554482,071948338,kipkemoi.rono@gmail.com,1974-04-02,Female,Uasin Gishu,Kesses,Racecourse,"Plot 101, Lane 5, Jogoo",29-Mar-24,Pending,Starehe Boys Centre,Undergraduate,Agriculture,352099,2022/2023
SCH-000085,Wanjiru Oseko,4627-8860,074716814,wanjiru.oseko@gmail.com,1956-05-28,Male,Uasin Gishu,Ainabkoi,Kapsoya,"Plot 228, Lane 7, Tom Mboya",24-11-2024,Inactive,Moi High School Kabarak,Postgraduate,Engineering,179140,2025/2026
SCH-000086,Kagwiria Mwania Wamuyu,92747419,010547335,kagwiria.wamuyu@yahoo.com,1973-06-04,Female,Machakos,Masinga,Kivaa,"Plot 432, Lane 17, Kileleshwa",2023-01-18,Pending,Maseno University,Secondary,Accounting,218204,2025/2026
SCH-000087,Judith Ombati,83601776,25475628866,judith.ombati@hotmail.com,1993-01-16,Female,Uasin Gishu,Soy,Kipsomba,"House 134, Thika Superhighway Street, Tom Mboya",12-Nov-2024,Inactive,Coast Institute of Technology,Diploma,Agriculture,128302,2022/2023
SCH-000088,Nanjala Anyango,21860851,011714314,nanjala.anyango@gmail.com,2005-12-15,Female,Nairobi,Westlands,Parklands,"House 221, Likoni Road, Tom Mboya",08/09/2022,Pending,Maranda High School,Diploma,Social Work,129513,2025/2026
SCH-000089,Emily Ombati,91211357,011975468,emily.ombati@gmail.com,1975-03-08,Male,Kilifi,Ganze,Jaribuni,"Plot 456, Lane 11, Limuru",17/04/2023,Inactive,Coast Institute of Technology,Secondary,Accounting,135782,2025/2026
SCH-000090,Ojwang Kilonzo Ndunda,28150476,011839692,ojwang.ndunda@gmail.com,1997-01-05,Male,Nakuru,Gilgil,Gilgil,"House 285, Limuru Road, Thika Superhighway",03/23/2022,Active,Maseno School,Secondary,Law,286372,2024/2025
SCH-000091,Kaimenyi Akinyi Kipkoech,68353816,075415710,kaimenyi.kipkoech@outlook.com,1989-03-20,Male,Nairobi,Westlands,Mountain View,"House 38, Uhuru Road, River Road",2025-03-25,Inactive,N/A,Secondary,Public Health,396164,2025/2026
SCH-000092,Thomas Kimani Wanjohi,24569958,077177979,thomas.wanjohi@gmail.com,1988-05-19,Female,Nyeri,Mathira,Ruguru,"House 351, Lenana Drive, Moi Avenue",02/07/2023,Pending,Starehe Boys Centre,Postgraduate,Medicine,246167,2023/2024
SCH-000093,Jonathan Alice Wairimu,70058440,076875491,jonathan.wairimu@outlook.com,1973-03-09,Female,Kisumu,Nyando,Awasi/Onjiko,"Plot 133, Lane 13, Waiyaki",20230914,Pending,JKUAT,Postgraduate,Agriculture,205663,2025/2026
SCH-000094,Mutheu Olea,17075698,072499140,mutheu.olela@gmail.com,,Male,Mombasa,Kisauni,N/A,"House 443, Argwings Kodhek Street, Limuru",10-03-2023,N/A,Prestige Academy,Postgraduate,Accounting,314656,2024/2025
SCH-000095,Aoko Mwakisha,34 219 451,073759737,aoko.mwakisha@gmail.com,1962-07-22,Male,Nyeri,Mathira,Ruguru,"House 230, Ngong Road Avenue, Kasarani",04/08/2023,Inactive,JKUAT,Diploma,Education,374942,2025/2026
SCH-000096,Agnes  Muthaa  Kipchirchir,43739900,076837435,agnes.kipchirchir@gmail.com,1957-05-03,Male,NULL,Kisumu West,North Kisumu,N/A,NULL,Pending,Kenya High School,Secondary,Engineering,205903,2025/2026
SCH-000097,Odhiambo Bosibori Opiyo,84469533,071273126,odhiambo.opiyo@yahoo.com,2004-07-21,Female,Kisumu,Nyakach,Central Nyakach,"Plot 355, Lane 13, Moi Avenue",20250809,Inactive,Kenya High School,Undergraduate,Accounting,202663,2024/2025
SCH-000098,Collins Mumo Nekesa,10588283,010905245,collins69@yahoo.com,20-Feb-84,MALE,Kisumu,Kisumu Central,Nyalenda 'B',"PLOT 247, LANE 18, WAIYAKI",21-May-2025,inactive,University of Nairobi,CERTIFICATE,Information Technology,156962,2022–2023
SCH-000099,Kiprop Nyambane Wabomba,28896219,011156010,kiprop.wabomba@outlook.com,1996-12-18,Female,Machakos,Masinga,Ekalakala,"Plot 451, Lane 6, Westlands",23-Jan-23,Inactive,Moi University,Undergraduate,Economics,111761,2025/2026
SCH-000100,Mutua Githinji Musalia,99290821,010688186,mutua.musalia@gmail.com,2001-02-05,Female,Bungoma,Sirisia,Malakisi/South Kulisiru,"House 295, Ngong Road Avenue, Argwings Kodhek",26/05/2024,Inactive,Kenya High School,Secondary,Public Health,156957,2023/2024
SCH-000101,Nanjala Awiti,78242493,073403798,nanjala.awiti@gmail.com,1971-03-13,Male,Bungoma,Webuye West,Sitikho,"Plot 171, Lane 17, Limuru",13/05/2025,Pending,Kabianga High School,Certificate,Business,290868,2025/2026
SCH-000102,Muriuki Towett,97252135,010174558,muriuki.towett@gmail.com,2006-05-11,Female,Nyeri,Nyeri Town,Kamakwa/Mukaro,"Plot 78, Lane 17, Langata",09-02-2022,Active,Maseno University,Postgraduate,Social Work,219852,2022/2023
SCH-000103,Paul Kiprop,72837908,070776428,paul.kiprop@yahoo.com,1960-04-07,Female,Kiambu,Ruiru,Kahawa Wendani,"Plot 99, Lane 9, Mombasa Road",08-10-2023,Pending,Maseno University,Diploma,Information Technology,183764,2024/2025
SCH-000104,Joy Andrew Mwakideu,77699065,071413801,joy.mwakideu@yahoo.com,1985-03-06,Male,Nakuru,Kuresoi North,Kamara,"Plot 263, Lane 19, Karen",2023-02-08,Active,St. Joseph's School,Certificate,Economics,148621,2022/2023
SCH-000105,George Keter,78759020,074984027,george.keter@outlook.com,1981-09-21,Male,Kiambu,Ruiru,Kahawa Wendani,"House 328, Kiambu Road Street, Langata",27-12-2025,Active,Maseno University,Secondary,Civil Engineering,452459,2024/2025
SCH-000106,Onsongo Jekporir,38204138,078421583,onsongo.jepkorir@outlook.com,1953-02-11,Male,Meru,Igembe South,Nkondi,"Plot 190, Lane 3, Athi River",19/04/2022,Pending,Prestige Academy,Diploma,Architecture,264711,2025/2026
SCH-000107,DANIEL NASIMIYU,13247865,011279502,daniel.nasimiyu@outlook.com,2003-12-28,Male,Kakamega,Ikolomani,Idakho Central,"Plot 81, Lane 1, Kileleshwa",02-27-2022,Active,Kenya Methodist University,Secondary,Information Technology,159827,2024/2025
SCH-000108,Esther Chepnngeno,73541657,071439184,esther.chepngeno@hotmail.com,1959-08-09,Male,Kisumu,Kisumu West,Central Kisumu,"House 75, Uhuru Road, Kasarani",29-Oct-23,Pending,Mang'u High School,Diploma,Business,230735,2023/2024
SCH-000109,Syombua Wangari,65459928,079933317,syombuawangari@gmail.com,06-May-2005,F,Machakos,Kathiani,Lower Kaewa/Iveti,"Plot 217, Ln 3, Kilimani",2025-05-27,ACTIVE,Eldoret National Polytechnic,UNDERGRADUATE,Agriculture,139354,2025-2026
SCH-000110,Monica Muema Mwakisha,34827279,074522441,monica.mwakisha@outlook.com,1983-10-28,Female,Kiambu,Lari,Kamburu,"House 317, Ngong Drive, Thika Superhighway",2024-08-08,Inactive,Lenana School,Diploma,Journalism,310186,2022/2023
SCH-000111,Nduku  Kiprono,84965763,011664153,nduku.kiprono@gmail.com,1954-07-20,Male,Bungoma,Kabuchai,Mukuyuni,"Plot 13, Lane 19, Kitisuru",2024-10-24,Inactive,Eldoret National Polytechnic,Secondary,Economics,280417,2025/2026
SCH-000112,Brenda Bett,64215650,077775156,brenda.bett@gmail.com,1990-11-15,Female,Machakos,Matungulu,Matungulu West,"Plot 44, Lane 11, Waiyaki",22/08/2022,Active,Egerton University,Diploma,Computer Science,436495,2025/2026
SCH-000113,Nyaboke Kangogo,16606138,073520055,nyaboke.kangogo@yahoo.com,1977-07-27,Male,Bomet,Konoin,Embomos,"House 299, Westlands Drive, Lavington",16/11/2025,Pending,University of Nairobi,Secondary,Law,362283,2025/2026
SCH-000114,Mercy Kemei,49-353-426,074553570,mercy.kemei@gmail.com,1981-10-01,Female,Nairobi,Westlands,Kangemi,"Plot 447, Lane 17, Waiyaki",10-08-2025,Active,Kenya Methodist University,Certificate,Civil Engineering,212150,2025/2026
SCH-000115,Atieno Chepngeno Wambugu,57967465,072155457,atieno.wambugu@gmail.com,1998-06-02,Male,Kiambu,Githunguri,Githiga,"House 393, Outering Road, Ngong",2025-02-18,Pending,University of Nairobi,Undergraduate,Accounting,301914,2023/2024
SCH-000116,Kagwiria Syombua Kiarie,84608123,075978390,kagwiria.kiarie@outlook.com,08-01-1952,MALE,Machakos,Matungulu,Tala,"PLOT 430, LANE 9, JOGOO",18/04/2022,A,Starehe Boys Centre,SECONDARY,Public Health,281931,2022–2023
SCH-000117,Nabea Kiprono,40061384,073758071,kiprono.nabea@outlook.com,1959-11-27,Female,Kilifi,Kaloleni,Mariakani,"Plot 233, Lane 15, Kileleshwa",07/05/2022,Inactive,Mang'u High School,Undergraduate,Business,301941,2024/2025
SCH-000118,Chepkoech Mutua Mwakisha,45064728,011834815,chepkoech.mwakisha@gmail.com,1993-01-11,Male,TURKANA,Turkana West,Kalobeyei,"House 386, Kiambu Drive, Ruaraka",03/16/2024,Inactive,Mount Kenya University,Postgraduate,Information Technology,197654,2023/2024
SCH-000119,Veronica Okoth Mumo,73245675,010135773,veronica.mumo@hotmail.com,1991-06-03,Male,Mombasa,Jomvu,Mikindani,"Plot 304, Lane 9, Kasarani",20250418,Active,Rift Valley Institute,Diploma,Economics,176249,2024/2025
SCH-000120,Mumo Musyoka,26309371,011668328,mumo.musyoka@gmail.com,1971-05-04,Male,Kilifi,Malindi,Shella,"Plot 120, Lane 13, Kiambu Road",20250924,Inactive,Mang'u High School,Certificate,Nursing,123797,2023/2024
SCH-000121,Okoth Kiarie,60635121,076424121,okoth.kiarie@hotmail.com,2002-06-03,Female,Turkana,Loima,Loima,"Plot 409, Lane 5, Likoni",21-Jun-25,Active,Moi University,Postgraduate,Civil Engineering,387778,2023/2024
SCH-000122,Awiti Owuur,23582811,011922076,awiti.owuor@hotmail.com,1966-06-03,Male,Bungoma,Kimilili,Kimilili,"House 76, Kileleshwa Street, Kitisuru",27 Aug 2025,Pending,Lenana School,Diploma,Journalism,461610,2023/2024
SCH-000123,Sharon Monica Nasimiyu,36261929,+254 738 146 22,nasimiyusharon@yahoo.com,10-11-1995,male,Trans Nzoia,Kiminini,Waitaluk,House 314 Parklands Drive Mugumo,05-Jan-25,INACTIVE,Prestige Academy,POSTGRADUATE,Civil Engineering,194893,2023- 2024
SCH-000124,Ndunge Naisula Maina,41713949,076776758,ndunge.maina@gmail.com,1990-06-04,Male,NULL,Kisauni,Bamburi,,06/22/2023,Pending,Mount Kenya University,NULL,Education,343337,2024/2025
SCH-000125,Lilian Allan Ndegwa,61321020,078771709,lilian.ndegwa@outlook.com,1987-01-08,Female,Nairobi,Westlands,Kangemi,"Plot 388, Lane 3, Uhuru",2025-03-20,Active,Kabianga High School,Undergraduate,Social Work,140468,2022/2023
SCH-000126,Caroline Gilbert Kebaso,56678696,070 331 140,caroline.kebaso@yahoo.com,1990-12-28,Male,Bungoma,Sirisia,Malakisi/South Kulisiru,"Plot 219, Lane 1, Ngong",2022-08-19,Inactive,University of Nairobi,Secondary,Business,98528,2025/2026
SCH-000127,Jepchumba Andrew Macharia,97764898,073877165,jepchumba.macharia@gmail.com,1990-09-08,Female,Kiambu,Kabete,Gitaru,"Plot 387, Lane 13, Likoni",2025-09-28,Pending,Lenana School,Certificate,Information Technology,277943,2022/2023
SCH-000128,Alexander Kosgei,66806940,074235134,alexander.kosgei@gmail.com,1970-11-18,Male,Machakos,Machakos Town,Kola,"House 126, Uhuru Road, Ngong",2025-11-06,Active,Kenya High School,Diploma,Agriculture,319552,2024/2025
SCH-000129,Kimani Mark Jepkoech,72553771,011647751,kimani.jepkoech@hotmail.com,1963-09-27,Female,Kilifi,Kilifi North,Mnarani,"Plot 135, Lane 6, Ngong Road",30-Jan-25,Pending,Alliance High School,Diploma,Law,312514,2022/2023
SCH-000130,Gladys Mwakiddeu,19607241,071695551,gladys.mwakideu@outlook.com,1960-02-17,Female,Kiambu,Kikuyu,Kinoo,"Plot 261, Lane 10, Lavington",15/07/2022,Active,Starehe Boys Centre,Undergraduate,Education,222121,2024/2025
SCH-000131,Judith Mwangi Achieng, 25861239,NULL,judith.achieng@outlook.com,1976-04-22,Male,Uasin Gishu,Kapseret,Ngeria,,02-03-2023,Inactive,Kenya Methodist University,Postgraduate,Education,231225,2022/2023
SCH-000132,Onsongo Mbuthia,48019794,070825305,onsongo.mbuthia@gmail.com,1988-12-13,Male,Kakamega,Mumias East,Malaha/Isongo/Masindi,"House 187, Juja Road, River Road",03-Nov-2025,Pending,Kenya Methodist University,Undergraduate,Nursing,311692,2022/2023
SCH-000133,Malachi Wambugu Kimani,72282219,073471130,malachi.kimani@outlook.com,1990-05-17,Female,Turkana,Turkana North,Kibish,"House 328, Kiambu Road Street, Ruaraka",12-Apr-2023,Inactive,Mount Kenya University,Secondary,Accounting,231871,2024/2025
SCH-000134,Kamau Mwania,92450997,070930758,kamau.mwania@outlook.com,1965-01-20,Female,Bungoma,Webuye West,Matulo,"Plot 360, Lane 1, Waiyaki",11-12-2022,Inactive,Lenana School,Postgraduate,Accounting,200717,2025/2026
SCH-000135,Oduya Mutwiri Mutai,68256986,073495438,oduya.mutai@yahoo.com,1997-06-15,Male,Bungoma,Webuye East,Mihuu,"House 193, Juja Avenue, Lavington",2025-10-07,Pending,Strathmore University,Postgraduate,Architecture,405721,2023/2024
SCH-000136,Peace Chepkirusi,65796147,074566657,peace.chepkirui@outlook.com,1952-04-03,Male,Trans Nzoia,Saboti,Kinyoro,"House 117, Likoni Avenue, Outering",2025-03-22,Inactive,Kabianga High School,Postgraduate,Journalism,311849,2023/2024
SCH-000137,James Musyoka Kioko,32638266,079228873,james.kioko@gmail.com,1997-01-20,Male,Turkana,Turkana Central,Kalokol,"Plot 318, Lane 8, Mugumo",17-06-2022,Pending,Maseno University,Certificate,Journalism,135041,2025/2026
SCH-000138,Gichuru Muutua,97671253,010451240,gichuru.mutua@gmail.com,2004-06-15,Male,NULL,Turbo,NULL,"House 33, Ruiru Avenue, Kikuyu",N/A,Pending,Maseno School,Undergraduate,Accounting,127880,2024/2025
SCH-000139,Janet Kipchirchir Ombati,47411802,079323096,N/A,1999-06-22,Male,Machakos,Yatta,Matuu,"Plot 480, Lane 1, Moi Avenue",11-10-2022,Inactive,Eldoret National Polytechnic,Secondary,Computer Science,120494,2024/2025
SCH-000140,Jepkorir Wanjohi,54596393,010628785,jepkorir.wanjohi@hotmail.com,1997-01-09,Female,Machakos,Mavoko,Muthwani,"House 17, Kiambu Street, Mugumo",09/14/2022,Inactive,University of Nairobi,Undergraduate,Social Work,135740,2024/2025
SCH-000141,Martin Zephaniah Kasina,11502306,079833203,martin.kasina@yahoo.com,1979-07-27,Female,Nakuru,Bahati,Bahati,"Plot 238, Lane 19, Mugumo",2025-08-26,Active,Green Garden Academy,Certificate,Business,311283,2023/2024
SCH-000142,Gladys Oseko,86849735,070918880,gladys.oseko@outlook.com,2005-04-18,Female,Bungoma,Webuye East,Maraka,"House 236, Juja Road, Kasarani",2022-03-04,Inactive,Moi University,Diploma,Education,155391,2023/2024
SCH-000143,Paul Onyango,87918067,072317975,paul.onyango@yahoo.com,2002-03-07,Male,Mombasa,Kisauni,Mjambere,"Plot 408, Lane 1, Mombasa Road",02/16/2024,Pending,Strathmore University,Diploma,Information Technology,153323,2025/2026
SCH-000144,Elizabeth Karaanja,54988861,079791567,elizabeth.karanja@hotmail.com,N/A,Female,Kakamega,Butere,Marama South,NULL,01/07/2022,N/A,Moi University,Undergraduate,Medicine,242277,2022/2023
SCH-000145,Dorothy Mutisya Kagwe,28-067-677,011207321,dorothy.kagwe@gmail.com,1971-01-18,Female,MOMBASA,NYALI,KONGOWEA,"Plot 338, Lane 4, Ngong Road",28/12/2022,Pending,Kenyatta University,Certificate,Agriculture,393922,2023/2024
SCH-000146,Ann Leah Awino,21410295,077171388,annawino@gmail.com,24-10-1978,MALE,Kiambu,Limuru,Ndeiya,"Plot 185, Ln 10, Kasarani",01/30/2024,ACTIVE,Maseno School,UNDERGRADUATE,Accounting,418508,2025 / 2026
SCH-000147,Agnes Samuel Mutai,26396664,071183123,agnes.mutai@hotmail.com,1996-08-28,Male,,NULL,Gatina,"Plot 58, Lane 4, Kenyatta",2023-08-14,Pending,,Secondary,Economics,121983,2025/2026
SCH-000148,Gladys Kinyya,78628629,070686674,gladys.kinya@outlook.com,1993-07-28,Female,Kakamega,Khwisero,Kisa Central,"Plot 293, Lane 1, Tom Mboya",03-06-2025,Inactive,Maranda High School,Secondary,Agriculture,142052,2023/2024
SCH-000149,Ongeri Wambui,61901085,076510420,wambuiongeri@yahoo.com,13 Oct 1971,Male,Nairobi,Dagoretti North,Kileleshwa,House 465 Waiyaki Road Westlands,29-Jun-2022,ACTIVE,Maseno University,UNDERGRADUATE,Business,350046,2024- 2025
SCH-000150,Charity Anyango Cherono,98988209,070314860,charity.cherono@yahoo.com,1982-08-11,Male,Kisumu,Kisumu East,Manyatta 'B',"Plot 313, Lane 7, Tom Mboya",2023-04-05,Inactive,Kenyatta University,Undergraduate,Agriculture,92326,2024/2025
SCH-000151,Senteu Mwango,95430630,070440398,senteu.mwango@gmail.com,1997-02-15,Male,Nairobi,Westlands,Kitisuru,"House 108, Jogoo Road, River Road",2025-05-19,Inactive,Kenyatta University,Postgraduate,Public Health,163847,2022/2023
SCH-000152,Thomas Mukhwana Kipkorir,45212476,010613261,thomas.kipkorir@yahoo.com,1980-10-13,Male,Uasin Gishu,Moiben,Kimumu,"House 417, Athi River Avenue, Kikuyu",03/31/2023,Active,Mount Kenya University,Diploma,Accounting,200886,2022/2023
SCH-000153,Charity Joshua Muriuki,76161613 ,071775206,charity.muriuki@outlook.com,1966-09-25,Female,Kakamega,Lugari,Manda/Shivanga,"Plot 297, Lane 20, Athi River",18/05/2023,Pending,Kenya High School,Certificate,Agriculture,310281,2023/2024
SCH-000154,Anna Gikonyo,37868462,077423284,anna.gikonyo@gmail.com,1955-11-10,Female,Kilifi,Malindi,Shella,"House 428, Lavington Street, Karen",10/05/2025,Pending,Maseno University,Diploma,Civil Engineering,107920,2022/2023
SCH-000155,Mogaka Mhoamed,29263249,070541373,mogaka.mohamed@gmail.com,1998-05-19,Male,Kakamega,Lugari,Chekalini,"Plot 384, Lane 18, Tom Mboya",28-Jan-2024,Pending,Lenana School,Diploma,Agriculture,291849,2023/2024
SCH-000156,Ondieki Kathure Ongaya,88 298 796,070320888,NULL,1989-10-11,Female,N/A,Kiambu,Kihara,"Plot 231, Lane 4, Mombasa Road",06-24-2024,Inactive,Egerton University,Certificate,Agriculture,298378,2024/2025
SCH-000157,Faith Nasimiyu Kipaati,49399106,076835303,faith.kipaati@gmail.com,2002-09-15,Male,Uasin Gishu,Kapseret,Langas,"House 123, Likoni Road, Langata",26/09/2024,Inactive,Maranda High School,Secondary,Economics,341706,2023/2024
SCH-000158,Kinyua Kemei,NULL,072747228,kinyua.kemei@gmail.com,1981-07-12,Male,Kakamega,Matungu,Mayoni,"House 221, Athi River Drive, Kitisuru",09/08/2024,Active,Alliance High School,Secondary,Agriculture,293494,2024/2025
SCH-000159,Florence Mutwiri Kiarie,28327026,077986319,florence.kiarie@hotmail.com,2006-09-05,Male,Kiambu,Kabete,Muguga,"Plot 86, Lane 8, Kilimani",28-May-23,Active,Kenya High School,Postgraduate,Social Work,207194,2022/2023
SCH-000160,James Onsongo,91170992,078309776,james.onsongo@outlook.com,2000-10-20,Female,Nairobi,Kasarani,Clay City,"Plot 410, Lane 8, Thika Superhighway",01-04-2022,Active,Coast Institute of Technology,Secondary,Computer Science,114163,2025/2026
SCH-000161,Zechariah Mutisya Nafula,55936943,070210366,zechariah.nafula@gmail.com,1981-04-07,Male,Bomet,Bomet Central,Silibwet Township,"Plot 236, Lane 14, Lavington",20240602,Inactive,Maseno School,Postgraduate,Law,253492,2025/2026
SCH-000162,Kioko Kiprono,41759505,070188062,kioko.kiprono@outlook.com,1978-12-16,Female,Nairobi County,Kibra,Makina,"House 348, Kenyatta Road, Lenana",2023-06-14,Active,Green Garden Academy,Diploma,Education,402727,2024/2025
SCH-000163,M. Ombati,10641625,011512776,mueni.ombati@gmail.com,1975-11-14,Male,Kilifi,Magarini,Garashi,"Plot 306, Lane 17, Outering",12/30/2023,Active,Maseno University,Undergraduate,Business,91784,2024/2025
SCH-000164,Peter Kioko,40809400,010414253,peter14@gmail.com,04/23/2001,MALE,Machakos,Matungulu,Tala,"PLOT 279, LANE 13, MOI AVENUE",19-May-2023,Pending,Kenya High School,UNDERGRADUATE,Journalism,279776,2023–2024
SCH-000165,Aaron Langat,40930568,076624867,aaron.langat@gmail.com,1995-05-22,Female,Nakuru,Kuresoi South,Amalo,"House 477, Kitisuru Street, River Road",26-Jul-2022,Active,Eldoret National Polytechnic,Diploma,Law,315728,2025/2026
SCH-000166,Sharon Musyimi,80957420,076767725,sharon.musyimi@yahoo.com,2005-08-08,Male,Kilifi,Kaloleni,Kaloleni,"House 160, Athi River Drive, Ruiru",28/03/2022,Pending,Eldoret National Polytechnic,Undergraduate,Public Health,286438,2023/2024
SCH-000167,Kipsang Kwamboka Munyori,99899818,074898754,kipsang.munyori@gmail.com,2005-04-13,Male,Kiambu,Githunguri,Githiga,"Plot 401, Lane 6, Kangundo",2024-12-16,Inactive,Kenya High School,Certificate,Agriculture,319803,2025/2026
SCH-000168,Syokau Lubanga,95624361,075157975,syokau.lubanga@gmail.com,1984-07-02,Male,Kiambu,Kikuyu,Kinoo,"House 310, Jogoo Street, Mugumo",11/02/2024,Inactive,Coast Institute of Technology,Postgraduate,Civil Engineering,112603,2024/2025
SCH-000169,Kamau Kinyua,56594543,+25476335570,kamau@outlook.com,19560314,M,Mombasa,Kisauni,Mwakirunge,"plot 229, lane 18, waiyaki",2024-06-16,Pending,St. Joseph's School,UNDERGRADUATE,Business,307349,2025 /2026
SCH-000170,KIPKORIR MWIKALI WACHIRA,53699242,075511921,k.w@yahoo.com,1947-12-06,Female,Kiambu,Kabete,Gitaru,"Plot 270, Lane 10, Moi Avenue",2022-12-19,Pending,Kenya Methodist University,Diploma,Medicine,310611,2023/2024
SCH-000171,KIPCHIRCHIR NABEA NAMUKHULA,45488502,071974489,kipchirchir.namukhula@outlook.com,1989-07-02,Female,Kisumu,Seme,West Seme,"Plot 306, Lane 1, Outering",16/02/2024,Active,University of Nairobi,Undergraduate,Education,103683,2022/2023
SCH-000172,Muthaa Namukhula Kipkemoi,44845000,077948171,muthaa.kipkemoi@yahoo.com,1999-05-15,Male,Nairobi,Dagoretti North,Gatina,"Plot 243, Lane 2, Likoni",19-Nov-25,Active,Egerton University,Diploma,Law,188571,2024/2025
SCH-000173,Akinyi Nduku Ojwang,61923115,079489771,akinyi.ojwang@outlook.com,1963-08-24,Male,,Buuri,Ruiri/Rwarera,"Plot 374, Lane 18, Kiambu Road",2023-01-23,Inactive,Egerton University,Secondary,Social Work,168535,2022/2023
SCH-000174,Gathoni Bett,71524281,072589739,gathoni.bett@gmail.com,2003-05-21,Male,Machakos,Machakos Town,Mutituni,"Plot 406, Lane 20, Parklands",2025-11-06,Inactive,Maseno University,Diploma,Journalism,155611,2022/2023
SCH-000175,Michael Nafuula,30833313,075487754,michael.nafula@yahoo.com,1970-10-06,Male,Turkana,Turkana North,Kaikor,"House 41, Waiyaki Avenue, Jogoo",20241024,Pending,Moi High School Kabarak,Certificate,Social Work,249169,2025/2026
SCH-000176,Jepchumba Kagwe,90233459,078570750,jepchumba.kagwe@outlook.com,2004-11-10,Male,Machakos,Kathiani,Upper Kaewa/Iveti,"House 312, Westlands Road, River Road",2024-07-14,Active,,Secondary,Nursing,351244,2023/2024
SCH-000177,Chepngeno Awuor,86515426,010561815,chepngeno.awuor@outlook.com,2004-06-08,Female,Kilifi,Kilifi South,Junju,"Plot 169, Lane 17, Limuru",22-Mar-2023,Inactive,Prestige Academy,Postgraduate,Medicine,132503,2025/2026
SCH-000178,Thomas Kimutai,54 952 046,010552001,thomas.kimutai@gmail.com,2003-07-28,Male,Nairobi,Dagoretti South,Mutuini,"Plot 429, Lane 17, Jogoo",13-09-2025,Inactive,Kenyatta University,Certificate,Architecture,65478,2025/2026
SCH-000179,Cynthia Kioko,76 738 801,079250542,cynthia.kioko@gmail.com,1983-12-23,Male,Kisumu,Nyando,Kabonyo/Kanyagwal,"House 310, Tom Mboya Road, Kilimani",13/06/2023,Pending,Kenya High School,Diploma,Medicine,141528,2024/2025
SCH-000180,Mumo Nafula,71036929,078711931,mumo.nafula@outlook.com,1978-05-02,Male,Turkana,Turkana East,Lokichar,"Plot 224, Lane 4, Kangundo",25-Sep-2025,Active,Moi High School Kabarak,Secondary,Civil Engineering,423653,2023/2024
SCH-000181,Wangeci Anthony Oseko,23329586,074925417,wangeci.oseko@gmail.com,1952-01-26,Male,Kiambu,Lari,Kinale,"House 457, Ruaraka Street, Waiyaki",04/05/2024,Active,,Postgraduate,Education,169814,2025/2026
SCH-000182,Awino Kipchircir,77409527,079531225,awino.kipchirchir@gmail.com,1948-03-18,Male,Turkana,Turkana Central,Kalokol,"Plot 411, Lane 11, Jogoo",19/01/2024,Pending,St. Joseph's School,Postgraduate,Public Health,135285,2025/2026
SCH-000183,Thomas Kiamenyi,25041051,078557735,thomas.kaimenyi@gmail.com,1986-02-24,Male,Uasin Gishu,Moiben,Moiben,"House 361, Kangundo Drive, Limuru",17/04/2025,Inactive,Maseno University,Secondary,Accounting,252471,2022/2023
SCH-000184,Mumo Kajwe,36971737,074794650,mumo.kagwe@gmail.com,1992-08-10,Male,Kakamega,Ikolomani,Idakho Central,"House 478, Tom Mboya Street, Kiambu Road",05/05/2022,Pending,Moi University,Certificate,Architecture,340961,2022/2023
SCH-000185,Nokun Macharia,70098447,075531935,nokun.macharia@gmail.com,1980-05-27,Female,Kakamega,Mumias East,Malaha/Isongo/Masindi,"Plot 157, Lane 12, Kenyatta",19-08-2024,Pending,Prestige Academy,Certificate,Education,396313,2025/2026
SCH-000186,Anna Ndewga,72040483,010607389,anna.ndegwa@gmail.com,1993-05-03,Female,Turkana,Turkana North,Kibish,"House 453, Kilimani Road, Kenyatta",06/07/2023,Pending,JKUAT,Diploma,Journalism,235347,2023/2024
SCH-000187,Wairimu Jeremiah Ali,14874387,072915390,wairimu.ali@gmail.com,1992-06-28,Female,Nakuru,Nakuru Town East,Biashara,"House 325, Jogoo Street, Garden Estate",14-Apr-24,Active,Mount Kenya University,Postgraduate,Nursing,201847,2024/2025
SCH-000188,Christopher Kebaso,18343342,071490678,christopher.kebaso@yahoo.com,2003-07-16,Male,Nairobi,Lang'ata,Mugumu-ini,"Plot 303, Lane 13, Kiambu Road",24/01/2022,Active,Mount Kenya University,Postgraduate,Journalism,188308,2023/2024
SCH-000189,Jane David Lubanga,,077549906,jane.lubanga@hotmail.com,,Male,Meru,Buuri,Ruiri/Rwarera,"House 323, Tom Mboya Drive, Uhuru",2022-01-19,Pending,Maseno University,Undergraduate,Civil Engineering,303579,2025/2026
SCH-000190,HANNAH KIPSANG,16952045,071269653,hannah.kipsang@gmail.com,2006-07-24,Male,Kiambu,Limuru,Limuru Central,"Plot 219, Lane 11, Kilimani",24-Jul-2025,Inactive,Prestige Academy,Undergraduate,Medicine,141005,2025/2026
SCH-000191,Rweria Okoth Nduku,42056846,078926925,rweria.nduku@hotmail.com,2002-05-20,Female,N/A,TURKANA EAST,LOKICHAR,NULL,2022-09-30,Pending,,Undergraduate,Engineering,211398,2022/2023
SCH-000192,Wangari Wanjala,95667481,075324793,wangari.wanjala@gmail.com,1967-06-20,Female,Trans Nzoia,Saboti,Machewa,"Plot 174, Lane 9, Athi River",2023-05-12,Inactive,Kenya Methodist University,Diploma,Information Technology,373623,2022/2023
SCH-000193,Kiprotich Kasina Wamalwa,22343983,075842479,kiprotich.wamalwa@yahoo.com,1994-08-14,Male,Mombasa,Nyali,Ziwa la Ng'ombe,"Plot 8, Lane 2, Lavington",25/11/2025,Active,Lenana School,Certificate,Computer Science,188492,2025/2026
SCH-000194,Janet Matthew Okello,16944370,077752944,janet.okello@gmail.com,1989-04-04,Male,Turkana,Turkana South,Kalamon,"House 44, Ngong Avenue, Jogoo",27 Feb 2025,Inactive,Moi High School Kabarak,Postgraduate,Civil Engineering,168209,2022/2023
SCH-000195,Kagendo Kebaso,78946993,010541766,kagendo.kebaso@gmail.com,2006-01-17,Female,Kisumu,Kisumu Central,Nyalenda 'B',"House 262, Kenyatta Drive, Kitisuru",11/24/2024,Pending,JKUAT,Secondary,Engineering,268371,2022/2023
SCH-000196,Kagendo Cherpkorir,68670156,076227862,kagendo_chepkorir@hotmail.com,08-10-1989,F,Nairobi,Dagoretti North,Kileleshwa,Plot452Lane3Lenana,2022-12-28,active,Lenana School,CERTIFICATE,Social Work,413793,2024–2025
SCH-000197,Nafula Jepkoech,40954066,011410968,njepkoech@yahoo.com,14 Aug 1990,Female,Kilifi,Kilifi South,Shimo la Tewa,"Plot 260, Lane 10, Moi Avenue",29-09-2023,A,Prestige Academy,DIPLOMA,Information Technology,343921,2025 / 2026
SCH-000198,Wangari Edith Jepkoech,48-373-096,079291569,wangari.jepkoech@hotmail.com,1989-04-02,Female,Machakos,Machakos Town,Kalama,"Plot 139, Lane 12, Langata",07-01-2022,Inactive,Starehe Boys Centre,Certificate,Medicine,195374,2022/2023
SCH-000199,Kathure Michael Wanyoike,20204415,078287155,kwanyoike@gmail.com,06-05-1998,male,Bomet,Chepalungu,Chebunyo,"PLOT 377, LANE 9, MOI AVENUE",11/09/2023,N/A,,POSTGRADUATE,Nursing,65092,2023–2024
SCH-000200,Atieno Mutune,30839000,011292766,atieno.mutune@outlook.com,1977-05-14,Male,Kisumu,Kisumu West,North Kisumu,"Plot 303, Lane 5, Likoni",25/09/2025,Pending,Moi High School Kabarak,Secondary,Public Health,272844,2023/2024
SCH-000201,Martha Andrew Kiarie,NULL,073420030,martha.kiarie@yahoo.com,1961-08-08,Female,Nairobi,Kibra,Laini Saba,"House 368, Outering Street, Parklands",29 Dec 2023,Active,Egerton University,Diploma,Economics,144318,2024/2025
SCH-000202,Okello Kaloki Mulandi,29457121,N/A,okello.mulandi@hotmail.com,1984-03-16,Male,NULL,Bomet Central,Singorwet,"Plot 33, Lane 9, Jogoo",16/05/2025,N/A,Rift Valley Institute,Diploma,Business,333407,2022/2023
SCH-000203,Onditi David Nduku,82003695,070764994,onditi.nduku@yahoo.com,1957-08-15,Male,Uasin Gishu,Ainabkoi,Kaptagat,"Plot 455, Lane 20, Argwings Kodhek",29/11/2023,Inactive,Rift Valley Institute,Undergraduate,Social Work,301297,2023/2024
SCH-000204,Elizabeth Momanyi,93620256,073282829,elizabeth.momanyi@hotmail.com,1991-06-08,Female,Bomet,Sotik,Ndanai/Abosi,"House 330, Ngong Road Avenue, Ruiru",18/01/2023,Pending,Egerton University,Diploma,Economics,287794,2022/2023
SCH-000205,Rebecca Judith Leshan,11692090,070923804,rebecca.leshan@hotmail.com,1994-04-23,Female,Nairobi,Kibra,Laini Saba,"House 292, Kiambu Avenue, Kikuyu",14/12/2023,,Strathmore University,Diploma,Education,231099,2024/2025
SCH-000206,Mark Moraa Gichuru,45651567,010179574,N/A,2002-09-18,Female,Machakos,Matungulu,Matungulu East,"Plot 61, Lane 2, Kileleshwa",06/03/2022,NULL,Green Garden Academy,Diploma,Accounting,128337,2023/2024
SCH-000207,Brenda Kinya,81778448,NULL,brenda.kinya@yahoo.com,1974-03-13,Female,N/A,Shinyalu,Isukha West,"House 83, Jogoo Street, Thika",16-Oct-2023,Pending,Prestige Academy,Undergraduate,Architecture,144789,2024/2025
SCH-000208,Muthuri Salim,10292428,,muthuri.salim@yahoo.com,1984-12-26,Female,Bungoma,Kimilili,Kibingei,"Plot 373, Lane 3, Uhuru",28-08-2022,Pending,,Diploma,Architecture,121886,2024/2025
SCH-000209,Zechariah Bridget Mwangolo,N/A,073184089,zechariah.mwangolo@gmail.com,1985-12-20,Male,Kakamega,Shinyalu,Isukha North,"Plot 349, Lane 11, Juja",27/02/2023,Inactive,Kenya Methodist University,Postgraduate,Social Work,332215,2024/2025
SCH-000210,NABWIRE NALIAKA MURIUKI,53771746,071338025,nabwire.muriuki@outlook.com,2004-05-02,Male,Uasin Gishu,Soy,Kapkures,"Plot 411, Lane 8, Tom Mboya",01/12/2025,Active,Lenana School,Certificate,Business,240965,2025/2026
SCH-000211,Judith Chepkirui Mwania,38438843,011791689,judith.mwania@yahoo.com,1979-08-14,Male,Meru,Tigania East,Thangatha,"Plot 231, Lane 17, Langata",06/17/2024,Inactive,Green Garden Academy,Certificate,Public Health,275210,2024/2025
SCH-000212,Mwania Ndegwa,61793831,074315893,mwania.ndegwa@gmail.com,1962-01-12,Male,Mombasa,Jomvu,Miritini,"House 81, Likoni Street, River Road",2023-08-10,Active,Kenya Methodist University,Secondary,Architecture,191707,2025/2026
SCH-000213,Rweria Wekesa Mwango,67869281,074398593,rweria.mwango@hotmail.com,1984-05-27,Female,N/A,NULL,Nyayo Highrise,"Plot 464, Lane 16, Kiambu",2023-09-01,Pending,Moi High School Kabarak,Secondary,Medicine,355284,2023/2024
SCH-000214,Chepkoech Gichuru Rono,97670851,072913074,chepkoech.rono@hotmail.com,1990-10-01,Male,Nakuru,Molo,Marioshoni,"Plot 279, Lane 11, Kangundo",20240109,Pending,Kenya High School,Postgraduate,Social Work,356656,2023/2024
SCH-000215,Chepkirui Kanempiu,84515996,078232654,chepkirui.kanampiu@gmail.com,1997-04-22,Male,Turkana,Turkana Central,Kanamkemer,"Plot 110, Lane 5, Thika",2022-01-01,Pending,Starehe Boys Centre,Undergraduate,Law,133087,2023/2024
SCH-000216,Muriuki Ndunda,39510137,070766443,muriukindunda@yahoo.com,2003-05-10,Male,NAKURU,Subukia,Kabazi,"HOUSE 181, TOM MBOYA AVENUE, WAIYAKI",21/08/2022,active,Maranda High School,SECONDARY,Education,434883,2024 / 2025
SCH-000217,Barnabas Wairimu,15513078,070469545,,1970-06-27,Female,Kakamega,Shinyalu,N/A,"Plot 357, Lane 17, Kasarani",NULL,Active,Maseno School,Secondary,Social Work,172782,2022/2023
SCH-000218,Lois Chepkorir Gacheru,75-026-294,010562398,loisgacheru@outlook.com,08-06-1979,Male,Kiambu,Lari,Kamburu,"House 351, Parklands Rd, Ngong",18/12/2023,A,Kenya Methodist University,UNDERGRADUATE,Law,251903,2022–2023
SCH-000219,Lois Lenguro,40578723,011707345,lois.lenguro@yahoo.com,1996-01-26,Male,N/A,Igembe South,Athiru Gaiti,"House 400, Kiambu Drive, Ruaraka",16-06-2022,Active,Moi University,Diploma,Civil Engineering,248702,2024/2025
SCH-000220,Njoroge Mohamd,54584415,073578218,njoroge.mohamed@yahoo.com,1976-09-24,Male,Mombasa,Jomvu,Mikindani,"House 466, Kiambu Street, Kilimani",01/28/2024,Pending,Eldoret National Polytechnic,Secondary,Engineering,223463,2022/2023
SCH-000221,Kinya Opiyo,24230201,,N/A,12-Oct-1957,Male,Nairobi,Westlands,,"plot 409, lane 20, river road",28-Jul-2025,Inactive,Rift Valley Institute,SECONDARY,Business,142241,2023 /2024
SCH-000222,Momanyi Mutai,99811868,071465887,momanyi.mutai@gmail.com,1995-08-04,Male,Nairobi,Kasarani,Clay City,"Plot 103, Lane 3, Uhuru",09/03/2025,Inactive,Green Garden Academy,Certificate,Social Work,401453,2024/2025
SCH-000223,Flora Wangari Akinyi,72 772 121,011313776,flora.akinyi@yahoo.com,1969-05-08,Female,Kakamega,Mumias East,Lusheya/Lubinu,"Plot 416, Lane 6, River Road",04-08-2022,Active,Strathmore University,Diploma,Law,222837,2025/2026
SCH-000224,Kagwiria Mokua Baya,63701561,011385188,kbaya@yahoo.com,02/12/1971,female,Nyeri,Mukurweini,Mukurwe-ini Central,Plot266Lane13MoiAvenue,2025-05-16,ACTIVE,Kabianga High School,UNDERGRADUATE,Law,174716,2025 / 2026
SCH-000225,Lydia Rweria Keter,35125332,011322258,lydia.keter@yahoo.com,2005-09-14,Male,Uasin Gishu,Soy,N/A,N/A,,Pending,Kenya Methodist University,Undergraduate,Accounting,104769,2022/2023
SCH-000226,Anthony Kimeu Kamotho,14725195,079367999,anthony.kamotho@gmail.com,1983-08-13,Female,Bomet County,Konoin,Mogogosiek,"House 134, Jogoo Drive, Ngong",23-03-2024,Pending,Green Garden Academy,Certificate,Law,240599,2024/2025
SCH-000227,Aaron Wamalwa,98750628,077560245,aaron.wamalwa@yahoo.com,1993-04-04,Female,Kakamega,Matungu,Namamali,"Plot 279, Lane 12, Waiyaki",11-01-2025,Inactive,Prestige Academy,Certificate,Medicine,103498,2025/2026
SCH-000228,Musyoka Margaret Muthuri,19-777-233,073884535,musyoka_muthuri@yahoo.com,22-Aug-91,FEMALE,N/A,NULL,Manda/Shivanga,"House 380, Mugumo Drive, Mugumo",01-02-2022,NULL,Prestige Academy,DIPLOMA,Public Health,356741,2025-2026
SCH-000229,Jeremiah  Kanana  Tsuma,71523036,072896822,NULL,1988-01-09,Female,Kiambu,Ruiru,Gatong'ora,"Plot 288, Lane 17, River Road",NULL,Inactive,JKUAT,Secondary,Agriculture,128911,2022/2023
SCH-000230,Wachira Matthew Ndegwa,35849313,076146370,wachira.ndegwa@gmail.com,1988-08-03,Female,Kiambu,Lari,Kijabe,"Plot 274, Lane 13, Lavington",2022-06-11,Active,Strathmore University,Postgraduate,Public Health,356716,2023/2024
SCH-000231,Kipkemboi Chepkirui Mwakisha,38554192,078220295,kipkemboi.mwakisha@gmail.com,1987-05-20,Male,Nyeri,Tetu,Dedan Kimathi,"Plot 121, Lane 7, Athi River",17 Apr 2022,Pending,Mount Kenya University,Diploma,Accounting,331969,2022/2023
SCH-000232,Kaloki Wangari,76434426,011225304,kaloki.wangari@gmail.com,1996-12-22,Male,Kakamega,Shinyalu,Isukha West,"Plot 434, Lane 4, Thika",10/01/2024,Pending,St. Joseph's School,Diploma,Journalism,172438,2024/2025
SCH-000233,Muriuki Kiprop,14492483,011816911,muriuki.kiprop@yahoo.com,1991-02-24,Female,Bungoma,Sirisia,Lwandanyi,"Plot 462, Lane 9, Kilimani",28-08-2023,Inactive,Moi University,Diploma,Accounting,184784,2022/2023
SCH-000234,Kipchumba Kangogo,77285702,073849086,kipchumba.kangogo@gmail.com,1971-11-12,Male,Nakuru,Gilgil,Murindat,"House 97, Kiambu Road Drive, Kenyatta",09/12/2022,Inactive,Moi University,Undergraduate,Computer Science,268417,2023/2024
SCH-000235,Chebet Momanyi,12919231,077948530,chebet.momanyi@yahoo.com,1985-12-13,Female,Mombasa,Jomvu,Miritini,"House 248, Lenana Avenue, Ngong Road",31-Jul-25,Inactive,Starehe Boys Centre,Certificate,Business,256696,2022/2023
SCH-000236,Patrick Macharia,67612764,075209454,patrick.macharia@yahoo.com,1999-03-02,Female,Nakuru,Rongai,Solai,"Plot 468, Lane 9, Kiambu Road",19 Dec 2024,Pending,Kabianga High School,Secondary,Social Work,134718,2025/2026
SCH-000237,Wanjiru Ogeroo,17170147,011905958,NULL,,Female,Mombasa,Changamwe,Chaani,"House 307, Lavington Road, Ruiru",28/09/2024,Inactive,N/A,Secondary,Education,207877,2024/2025
SCH-000238,Mumo Sharon Mworoa,13306687,075130750,mumo.mworoa@hotmail.com,1996-05-04,Male,Bungoma,Sirisia,Malakisi/South Kulisiru,"Plot 283, Lane 19, Kangundo",09/17/2023,Active,Kabianga High School,Certificate,Civil Engineering,369893,2022/2023
SCH-000239,Naliaka Keder,62218930,075682849,naliaka.keter@outlook.com,2003-04-15,Female,Kakamega,Khwisero,Kisa East,"Plot 285, Lane 5, Kiambu Road",27-06-2024,Pending,Moi High School Kabarak,Diploma,Architecture,230922,2022/2023
SCH-000240,Opiyo Elizabeth Ndunda,18011253,077696323,opiyo88@gmail.com,24/07/1961,FEMALE,Nyeri,Kieni,Naromoru/Kiamathaga,Plot 168 Lane 13 Thika,22 Apr 2025,Active,Moi University,CERTIFICATE,Agriculture,209074,2023–2024
SCH-000241,Jepkorir Chepkorir,43382936,072624203,jepkorir.chepkorir@gmail.com,1997-11-02,Female,Trans Nzoia,Kiminini,Waitaluk,"Plot 65, Lane 11, Kileleshwa",01/08/2025,Inactive,Eldoret National Polytechnic,Diploma,Medicine,403161,2024/2025
SCH-000242,Isaac Mogaka,57894141,071546932,isaac.mogaka@gmail.com,1954-02-18,Male,Nairobi,Dagoretti South,Riruta,"Plot 385, Lane 15, Kitisuru",22/02/2022,Active,Mang'u High School,Secondary,Law,195340,2025/2026
SCH-000243,Micah Omar,44740194,074993884,micah18@hotmail.com,08-Mar-76,Male,Nairobi,Dagoretti North,Gatina,"plot 453, lane 5, kiambu",2024-08-25,ACTIVE,Mang'u High School,POSTGRADUATE,Agriculture,430657,2024–2025
SCH-000244,Oduya Lubbanga,47889634,079210339,oduya.lubanga@gmail.com,1995-05-11,Male,Trans Nzoia,Cherangany,Makutano,"Plot 217, Lane 5, Kiambu Road",18-09-2022,Active,Egerton University,Postgraduate,Engineering,358539,2022/2023
SCH-000245,Ndunge Onsongo,59917647,011569124,ndunge.onsongo@yahoo.com,1990-08-18,Male,Nakuru,Rongai,Solai,"House 55, Ngong Drive, Westlands",29-08-2024,Active,Maranda High School,Secondary,Law,128122,2024/2025
SCH-000246,Auma Muthama,N/A,073292800,auma.muthama@yahoo.com,1960-09-18,Female,Kakamega,Khwisero,Kisa East,"Plot 170, Lane 7, Ngong Road",30/03/2025,Active,University of Nairobi,Secondary,Business,113741,2025/2026
SCH-000247,Kaloki Mwikali,51972986,075409829,kaloki.mwikali@yahoo.com,2002-03-23,Male,Nairobi,Dagoretti North,Kilimani,"House 283, Kileleshwa Street, Kiambu Road",06/05/2022,Pending,Lenana School,Undergraduate,Civil Engineering,254825,2024/2025
SCH-000248,Evelyn Muriuki Kenei,73175517,077777274,evelyn.kenei@yahoo.com,1983-02-03,Female,MACHAKOS,MACHAKOS TOWN,MUA,"Plot 118, Lane 8, Garden Estate",2022-01-19,Pending,University of Nairobi,Diploma,Architecture,136816,2025/2026
SCH-000249,Syokau Gichuru,31424408,010605828,syokau.gichuru@gmail.com,1979-04-05,Male,Kakamega,Lugari,Mautuma,"House 472, Kasarani Drive, Ruaraka",03-Dec-25,Active,Kenya Methodist University,Postgraduate,Information Technology,134116,2023/2024
SCH-000250,Kwamboka Mugo Salim,13856812,071569656,kwamboka.salim@yahoo.com,1978-11-02,Female,Nairobi,Dagoretti North,Kilimani,"House 353, Kitisuru Avenue, Moi Avenue",17/06/2024,Active,Maranda High School,Certificate,Information Technology,71029,2023/2024
SCH-000251,Hope Jebet Nyambane,16893281,073431807,hope.nyambane@gmail.com,1999-02-04,Female,Kilifi County,Kaloleni,Mariakani,"House 125, Thika Superhighway Street, Parklands",02/11/2024,Active,Maseno School,Diploma,Journalism,193370,2023/2024
SCH-000252,Nafula Masinde,92434730,011499721,nafula.masinde@hotmail.com,1989-12-23,Female,Uasin Gishu,Ainabkoi,Racecourse,"House 192, Lenana Street, Ruiru",2023-11-03,Pending,Maranda High School,Undergraduate,Engineering,358890,2022/2023
SCH-000253,Wafula Kanana Kiarie,48949856,079394097,wafula.kiarie@gmail.com,1967-07-27,Female,Nairobi,Dagoretti South,Waithaka,"House 409, Ruiru Road, Kileleshwa",22/07/2023,Inactive,Maseno School,Diploma,Agriculture,91824,2022/2023
SCH-000254,Muthuri Mitei,60543809,074550399,muthuri.mitei@gmail.com,1971-08-10,Male,Trans Nzoia,,Cherangany/Suwerwa,"House 9, Moi Avenue Drive, Tom Mboya",,Active,University of Nairobi,Secondary,Public Health,84918,2024/2025
SCH-000255,Matthew Otieno Awino,95863855,073318374,matthew_awino@hotmail.com,26/10/1977,Male,Kiambu,Githunguri,Githunguri,"Plot 291, Ln 1, Athi River",11-Jun-25,ACTIVE,Green Garden Academy,SECONDARY,Business,318962,2023- 2024
SCH-000256,Akinyi  Kipchirchir,99127258,010301324,akinyi.kipchirchir@gmail.com,1997-10-04,Female,Trans Nzoia,Cherangany,Kaplamai,"Plot 381, Lane 5, Athi River",2025-12-07,Active,Kenyatta University,Undergraduate,Computer Science,73112,2025/2026
SCH-000257,Gichuru Joseph Chepkwony,24775883,010382427,gichuru.chepkwony@yahoo.com,1966-04-04,Female,Kiambu,Ruiru,Kiuu,"Plot 358, Lane 2, Argwings Kodhek",15-Jun-2025,Inactive,Maranda High School,Secondary,Education,248691,2025/2026
SCH-000258,Chepkirui Barasa,18209448,011553894,chepkirui.barasa@gmail.com,1997-10-08,Female,Uasin Gishu,Moiben,Sergoit,"Plot 142, Lane 7, Kitisuru",02/11/2024,Inactive,Maseno University,Undergraduate,Information Technology,302933,2023/2024
SCH-000259,Florence Mitei,74609504,079515201,florence.mitei@outlook.com,1995-10-19,Female,Uasin Gishu,Turbo,Kamagut,"House 232, Jogoo Street, Limuru",08/03/2022,Inactive,Maseno School,Postgraduate,Social Work,130411,2023/2024
SCH-000260,Kipkemboi Opaiyo,81933142,073700480,kipkemboi.opiyo@gmail.com,1974-04-03,Female,Kiambu,Githunguri,Ikinu,"House 192, Tom Mboya Avenue, Parklands",30-04-2024,Inactive,Kabianga High School,Undergraduate,Education,321594,2023/2024
SCH-000261,Leshan Kaloki Hassan,21206698,077771559,leshan.hassan@gmail.com,1975-06-15,Female,Nakuru,Gilgil,Murindat,"Plot 21, Lane 11, River Road",2023-05-03,Active,University of Nairobi,Certificate,Agriculture,197020,2024/2025
SCH-000262,Edward Wachira,N/A,078983613,edward.wachira@hotmail.com,1980-06-01,Female,Kilifi,Kilifi South,Mwarakaya,N/A,2023-08-28,NULL,JKUAT,Undergraduate,Journalism,192468,2025/2026
SCH-000263,Wambugu Nekesa,29206813,077426199,wambugu.nekesa@gmail.com,1968-05-11,Male,Kiambu,Ruiru,Gatong'ora,"Plot 122, Lane 6, Kilimani",14-Feb-2022,Active,Green Garden Academy,Secondary,Law,106884,2025/2026
SCH-000264,Caroline Kaimenyi Ndegwa,54756034,+254 115-125-17,caroline.ndegwa@yahoo.com,1982-07-27,Male,Nyeri,Mathira,Kirimukuyu,"House 407, Jogoo Street, Langata",22/06/2023,Pending,Maseno University,Secondary,Economics,227821,2023/2024
SCH-000265,Kamau Kibathi,21887286,N/A,kamau.kibathi@yahoo.com,NULL,Female,,Kikuyu,Sigona,"Plot 107, Lane 9, Limuru",26/10/2024,Active,Moi High School Kabarak,Undergraduate,Education,148131,2023/2024
SCH-000266,Onsongo Munyao Rimberia,16 565 770,072255457,orimberia@gmail.com,22 Jan 1977,Female,Kisumu,NULL,Kabonyo/Kanyagwal,Plot26Lane6Parklands,2024-01-31,Inactive,Mount Kenya University,CERTIFICATE,Information Technology,209882,2023–2024
SCH-000267,Flora Ojwang,87640642,072183688,flora@gmail.com,13/03/1976,M,Nairobi,Lang'ata,Nairobi West,"House 100, Westlands Ave, Kenyatta",2024-01-29,Inactive,JKUAT,CERTIFICATE,Accounting,333858,2025- 2026
SCH-000268,Kipkoech Kinyue,73115555,074271499,kipkoech.kinyua@outlook.com,2005-08-02,Male,Kakamega,Ikolomani,Idakho Central,"House 434, Ruaraka Street, Ruiru",10-07-2025,Inactive,St. Joseph's School,Secondary,Agriculture,100335,2022/2023
SCH-000269,Jonah Mulwa,95716350,070980779,jonah.mulwa@outlook.com,1985-04-24,Female,Kiambu,Kabete,Gitaru,"Plot 169, Lane 9, Kileleshwa",26/01/2025,Pending,Mang'u High School,Postgraduate,Nursing,155242,2022/2023
SCH-000270,"Mwamburi, Habakkuk Alice",56029251,010231297,habakkuk.mwamburi@gmail.com,1997-03-09,Female,Nakuru,Molo,Molo,"Plot 313, Lane 20, Kikuyu",12-Oct-2024,Pending,Eldoret National Polytechnic,Diploma,Law,288041,2022/2023
SCH-000271,Gakii Janet Mwakisha,53986248,076221468,mwakishagakii@hotmail.com,05-08-1994,F,Nairobi,Lang'ata,Karen,Plot 229 Lane 11 Ruiru,2022-04-18,Pending,Maseno University,CERTIFICATE,Public Health,323335,2024 /2025
SCH-000272,ROBERT ACHIENG MOKUA,30559033,079810500,robert.mokua@yahoo.com,1995-10-25,Male,Kiambu,Ruiru,Gatong'ora,N/A,03-May-2022,Inactive,,Undergraduate,Social Work,231246,2023/2024
SCH-000273,Simiyu Kaimenyi,48398732,078460572,simiyu.kaimenyi@hotmail.com,1992-10-20,Male,Mombasa,Jomvu,Miritini,"House 317, River Road Drive, Kiambu",2022-04-25,Active,Rift Valley Institute,Undergraduate,Nursing,171383,2022/2023
SCH-000274,Joseph Onsongo Chepkorir,31 829 800,072792751,joseph.chepkorir@outlook.com,1966-09-27,Male,Kisumu,Seme,North Seme,"House 180, Waiyaki Road, Moi Avenue",12-Jan-25,Active,Kenya Methodist University,Postgraduate,Information Technology,96565,2024/2025
SCH-000275,Mark Chepngeno,60 721 412,076894057,mark.chepngeno@gmail.com,1978-09-24,Male,Nakuru,Nakuru Town East,Menengai,"Plot 453, Lane 18, Tom Mboya",23-Aug-2025,Inactive,Egerton University,Diploma,Nursing,233664,2025/2026
SCH-000276,Okello Akinyi Akinyi,86260059,010381138,okello.akinyi@gmail.com,1956-07-05,Female,Nairobi,Lang'ata,Nairobi West,"Plot 240, Lane 14, Ngong Road",03-Jan-22,Pending,St. Joseph's School,Postgraduate,Computer Science,324418,2022/2023
SCH-000277,Nyaboke Oduya Keter,54161644,N/A,nyaboke.keter@gmail.com,1973-04-27,Female,Turkana,Turkana West,Lopur,"House 21, Uhuru Road, Lenana",17/01/2024,Inactive,Moi High School Kabarak,Certificate,Education,188524,2022/2023
SCH-000278,Lilian Sigei,43827053,073305933,lilian.sigei@outlook.com,1982-08-08,Female,Meru,Igembe South,Athiru Gaiti,"Plot 223, Lane 17, Likoni",03/01/2023,Active,Alliance High School,Postgraduate,Economics,432592,2024/2025
SCH-000279,Njuguna Kipkoech,40962820,079814846,njuguna.kipkoech@gmail.com,1963-10-02,Female,Bomet,Bomet Central,Silibwet Township,"Plot 67, Lane 4, Waiyaki",14/07/2025,Inactive,Mount Kenya University,Secondary,Business,126676,2025/2026
SCH-000280,Kinyua Koech,74492536,076903357,kinyua.koech@yahoo.com,1982-07-03,Male,Kisumu,Kisumu Central,Market Milimani,"Plot 376, Lane 9, Kiambu Road",2023-10-31,Inactive,Mount Kenya University,Postgraduate,Public Health,317665,2022/2023
SCH-000281,Kerubo Ngangea,32907135,075739346,kerubo.nganga@gmail.com,1976-08-14,Female,UASIN GISHU,AINABKOI,KAPSOYA,"Plot 290, Lane 17, Argwings Kodhek",13-Oct-2025,Inactive,Coast Institute of Technology,Certificate,Business,210855,2024/2025
SCH-000282,Dorothy Mueema,29 836 833,070171725,dorothy.muema@outlook.com,1976-06-16,Female,Kakamega,Khwisero,Kisa Central,"House 318, Kilimani Road, Jogoo",2022-05-11,Active,Prestige Academy,Secondary,Journalism,391506,2023/2024
SCH-000283,Flora Mutua,9130-6888,NULL,flora.mutua@gmail.com,1982-02-16,Male,Nairobi,Kibra,Woodley,"Plot 463, Lane 3, Athi River",2023-09-16,Pending,N/A,Certificate,Agriculture,392705,2023/2024
SCH-000284,Margaret  Moses  Ombati,47677050,070748000,margaret.ombati@gmail.com,1980-03-10,Male,NAIROBI,WESTLANDS,KITISURU,"Plot 69, Lane 13, Lavington",2023-05-25,Inactive,Maranda High School,Postgraduate,Computer Science,284899,2023/2024
SCH-000285,Kipkoech Jebet,66912106,074120415,kipkoech.jebet@gmail.com,1999-09-19,Female,Nairobi,Kibra,Laini Saba,"Plot 90, Lane 10, Kitisuru",23-04-2024,Inactive,Rift Valley Institute,Diploma,Engineering,203353,2024/2025
SCH-000286,Victor Wekesa Mungai,78320452,076306367,victor.mungai@gmail.com,1953-11-08,Male,Kakamega,Khwisero,Kisa East,"House 177, Parklands Avenue, Kenyatta",21-Dec-2023,Active,Eldoret National Polytechnic,Diploma,Law,297073,2024/2025
SCH-000287,Jane Janet Kipchirchir,15662934,077330063,jkipchirchir@gmail.com,1984-08-20,MALE,Kiambu,Limuru,NULL,Plot205Lane1Karen,06/01/2025,inactive,Alliance High School,NULL,Civil Engineering,225133,2024 / 2025
SCH-000288,Leah Cherono,28237898,076250581,leah.cherono@outlook.com,1977-07-15,Male,Kakamega,Lugari,Mautuma,"Plot 292, Lane 13, Thika",07-12-2022,Active,Maranda High School,Undergraduate,Business,197027,2022/2023
SCH-000289,Charity Wamuyu,54698618,010903028,charity.wamuyu@gmail.com,1986-03-27,Female,Machakos,Masinga,Ekalakala,"Plot 235, Lane 11, Limuru",19-Jan-2024,Pending,Prestige Academy,Certificate,Public Health,128403,2022/2023
SCH-000290,Hope Wafula,58582114,073577963,hope.wafula@gmail.com,1977-08-24,Male,Bomet,BometCentral,Singorwet,"Plot 287, Lane 12, Argwings Kodhek",26 Dec 2023,Active,Moi University,Diploma,Public Health,111973,2025/2026
SCH-000291,Teresa Opyio,60564531,079334751,teresa.opiyo@hotmail.com,1968-10-09,Female,Bungoma,Webuye West,Matulo,"Plot 277, Lane 19, Mugumo",2022-03-20,Pending,Egerton University,Postgraduate,Accounting,450862,2022/2023
SCH-000292,Jonah Mbaka,55342937,077154732,jonah.mbaka@gmail.com,1978-06-09,Female,Kilifi,Kilifi North,Watamu,"House 42, Lenana Street, Kiambu",10-Mar-2022,Active,Maseno School,Diploma,Agriculture,168619,2023/2024
SCH-000293,Cecilia Namukhula,12169801,072233037,cecilia.namukhula@hotmail.com,2000-01-20,Female,Kisumu,Kisumu West,West Kisumu,"House 150, Kenyatta Avenue, Outering",14/05/2024,Inactive,Egerton University,Certificate,Education,382514,2024/2025
SCH-000294,Mary Charity Wafula,74158630,074357688,mary.wafula@gmail.com,1973-05-21,Female,Kiambu,Limuru,Limuru Central,"Plot 417, Lane 20, Kiambu",15/02/2025,N/A,Mang'u High School,Undergraduate,Nursing,399596,2025/2026
SCH-000295,Kimani Wachira Mutua,67937221,010584680,kimani.mutua@gmail.com,1999-11-04,Female,Kiambu,Kiambu,Ndumberi,"House 159, Karen Drive, Kenyatta",2022-12-20,Pending,Moi University,Postgraduate,Information Technology,120838,2025/2026
SCH-000296,Judith Kipkorir,80508307,076681679,judithkipkorir@gmail.com,1967-11-26,Female,Kakamega,Mumias East,Malaha/Isongo/Masindi,"Plot 114, Lane 8, Kenyatta",2024-11-07,Pending,Alliance High School,Postgraduate,Social Work,113115,2024/2025
SCH-000297,Gichuru Jepchumba Mbuthia,90254666,010279762,gichuru.mbuthia@gmail.com,2000-12-25,Female,Uasin Gishu,Moiben,Tembelio,"Plot 324, Lane 13, Argwings Kodhek",2023-11-13,Pending,Eldoret National Polytechnic,Certificate,Education,364455,2024/2025
SCH-000298,Nokun Ndnuge,19655576,075243294,nokun.ndunge@outlook.com,2001-01-01,Female,Nyeri,Nyeri Town,Kiganjo/Mathari,,,Active,Rift Valley Institute,Postgraduate,Computer Science,137189,2024/2025
SCH-000299,NAHUM VINCENT MITEI,15200255,070932968,nahum.mitei@gmail.com,1977-12-16,Male,Nairobi,Dagoretti South,Waithaka,"Plot 287, Lane 18, Argwings Kodhek",01-Jan-2024,Active,Kenya Methodist University,Postgraduate,Engineering,404575,2022/2023
SCH-000300,Mbaka Anna Ndunge,65109983,011525662,mbaka.ndunge@yahoo.com,1954-10-10,Male,Kakamega,Butere,Marama North,"House 191, Kiambu Road Road, Jogoo",11-06-2023,Pending,Green Garden Academy,Undergraduate,Civil Engineering,263448,2025/2026
SCH-000301,Haggai Esther Kibathi,93326883,072325582,haggai.kibathi@yahoo.com,1952-04-10,Female,Kisumu,Nyando,East Kano/Wawidhi,"Plot 375, Lane 7, Lavington",24 May 2024,Inactive,Kenya High School,Postgraduate,Agriculture,133370,2022/2023
SCH-000302,Opiyo Ruth Chepkirui,N/A,074340362,opiyo.chepkirui@hotmail.com,1973-07-14,Male,Meru,Igembe Central,Akachiu,"Plot 46, Lane 8, Athi River",2022-05-05,Active,Moi High School Kabarak,Undergraduate,Law,224222,2022/2023
SCH-000303,Bosibori Rimberia Otula,76442410,011458655,bosibori.otula@hotmail.com,1953-09-10,Male,Nyeri,Nyeri Town,Rware,"House 440, Ngong Street, Kikuyu",11/08/2022,,,Secondary,Civil Engineering,443503,2022/2023
SCH-000304,NJUGUNA KOECH,65866810,079875201,njuguna.koech@yahoo.com,1998-03-09,Male,Meru,Igembe Central,Akachiu,"House 116, Ruaraka Drive, Outering",22-09-2022,Active,Prestige Academy,Diploma,Medicine,246279,2025/2026
SCH-000305,Mercy Mugo,18612304,074296353,mercy@gmail.com,28 Feb 2003,F,Kiambu,Kiambu,Ting'ang'a,"Plot 165, Lane 17, Mombasa Road",16 Jan 2024,inactive,Alliance High School,DIPLOMA,Economics,234577,2023- 2024
SCH-000306,Okoth Mokua,44462133,071392369,okoth.mokua@gmail.com,1962-06-03,Female,Kilifi,Kilifi South,Mwarakaya,"Plot 187, Lane 14, Ngong Road",04/04/2022,Inactive,Egerton University,Certificate,Education,142957,2024/2025
SCH-000307,Elizabeth Silas Ndegwa,61165027,071206931,elizabeth.ndegwa@gmail.com,1989-07-03,Male,Nairobi,Kibra,Lindi,"Plot 401, Lane 11, Kitisuru",28/08/2024,Pending,Rift Valley Institute,Undergraduate,Economics,421251,2024/2025
SCH-000308,Sharon Kibchirchir,77636701,070981327,sharon.kipchirchir@gmail.com,1988-06-21,Male,Bungoma,Kabuchai,Kabuchai/Chwele,"House 292, Kasarani Road, Mugumo",14-Dec-2025,Pending,Prestige Academy,Certificate,Law,240451,2023/2024
SCH-000309,Allan Awino Githinji,7855-9883,077224538,allan.githinji@gmail.com,2005-12-20,Female,Kisumu,Nyando,Awasi/Onjiko,"Plot 415, Lane 17, Kangundo",20230609,Inactive,Kabianga High School,Diploma,Education,292881,2022/2023
SCH-000310,Syombua Mwakideu,82679492,+254 115-292-93,syombua.mwakideu@gmail.com,1980-02-28,Male,Kilifi,Magarini,Garashi,"Plot 96, Lane 7, Argwings Kodhek",26-Apr-2025,Inactive,Green Garden Academy,Diploma,Medicine,176222,2022/2023
SCH-000311,Jebet Cherotich Koross,46288827,071821782,jebet.koross@yahoo.com,1988-04-26,Female,Kilifi,Rabai,Ruruma,"House 28, River Road Street, Mugumo",05/12/2023,Inactive,University of Nairobi,Secondary,Computer Science,404197,2022/2023
SCH-000312,Habakkuk Kinya Leshan,80425944,071336992,leshanhabakkuk@hotmail.com,1999-10-22,male,Nakuru,Kuresoi South,Amalo,"Plot 383, Lane 8, Argwings Kodhek",05/11/2022,I,Prestige Academy,CERTIFICATE,Business,105321,2022 / 2023
SCH-000313,Chepkirui Kagwee,90632613,078153996,chepkirui.kagwe@gmail.com,1974-08-22,Male,NAKURU,KURESOI NORTH,SIRIKWA,"Plot 127, Lane 7, Ruaraka",13/10/2022,Active,University of Nairobi,Diploma,Nursing,181762,2023/2024
SCH-000314,Paul Anyango,79177210,076819262,paul.anyango@gmail.com,1982-07-03,Male,Kakamega,Lugari,Lugari,"House 395, Kangundo Road, Athi River",05/06/2023,Pending,Alliance High School,Postgraduate,Information Technology,200860,2022/2023
SCH-000315,Kipchumba Kiprop Mutai,60961074,074979189,kipchumba.mutai@yahoo.com,1970-03-28,Female,KIAMBU,Lari,Nyanduma,"House 179, Kilimani Street, Outering",2024-03-29,Inactive,Rift Valley Institute,Undergraduate,Nursing,233309,2024/2025
SCH-000316,Sarah Zechariah Muriuki,78083554,072491085,sarah.muriuki@yahoo.com,1953-03-25,Male,MERU,IGEMBE NORTH,NAATHU,"House 414, Limuru Road, Kiambu Road",07-Oct-2022,Inactive,Kenya High School,Secondary,Journalism,234979,2022/2023
SCH-000317,Wafula Gladys Wabomba,25012106,075179418,wafula.wabomba@gmail.com,1983-09-18,Male,Trans Nzoia,Endebess,Endebess,"House 82, Kilimani Street, Moi Avenue",2023-07-27,Pending,Egerton University,Certificate,Education,280513,2024/2025
SCH-000318,Micah Collins Mukhwana,42 400 492,,NULL,1955-04-11,Female,Nakuru,Subukia,Kabazi,"Plot 235, Lane 5, Lenana",06-12-2025,Inactive,University of Nairobi,Secondary,Economics,126986,2025/2026
SCH-000319,Wabomba Kipkirui Wadada,16777558,075660437,wabomba.wadada@gmail.com,2003-11-16,Female,Bungoma,Mt.Elgon,Elgon,"Plot 69, Lane 6, Argwings Kodhek",N/A,Pending,Starehe Boys Centre,NULL,Information Technology,387777,2025/2026
SCH-000320,Erick Nashipae Mwinyi,26342487,079474911,erick.mwinyi@gmail.com,1993-02-16,Female,Kakamega,Shinyalu,Isukha West,"Plot 414, Lane 19, Kikuyu",,Active,St. Joseph's School,Postgraduate,Journalism,85617,2023/2024
SCH-000321,Nyambura Awwino,31663649,071543785,nyambura.awino@hotmail.com,1986-12-05,Female,Nyeri,Mathira,Iriaini,"House 257, Parklands Street, Juja",10-Jun-25,Active,Prestige Academy,Certificate,Agriculture,202423,2022/2023
SCH-000322,Syokau Munyao,70204171,077201218,syokau.munyao@yahoo.com,1952-02-19,Male,Uasin Gishu,Turbo,Huruma,"House 195, Parklands Drive, Ruaraka",04/01/2023,Active,Mount Kenya University,Postgraduate,Medicine,197490,2022/2023
SCH-000323,Ombati Brian Chepkorir,70463012,25472768968,ombati.chepkorir@outlook.com,1964-07-15,Male,Kiambu,Kabete,Muguga,"House 47, Kikuyu Road, Uhuru",22-04-2023,Inactive,Maranda High School,Diploma,Education,299220,2023/2024
SCH-000324,Wachira Gakunyi Maina,54417200,075728983,wachira.maina@hotmail.com,1973-12-24,Female,N/A,Jomvu,Jomvu Kuu,"Plot 68, Lane 19, Uhuru",20-06-2025,Active,Coast Institute of Technology,Postgraduate,Business,232722,2024/2025
SCH-000325,Masinde Nabea Kipsang,88 399 776,010897970,masinde.kipsang@gmail.com,2000-01-01,Male,Mombasa,Changamwe,Changamwe,"Plot 47, Lane 1, Kiambu",11-17-2024,Active,Coast Institute of Technology,Postgraduate,Social Work,305985,2025/2026
SCH-000326,Caroline Jonathan Mwikali,70404159,072888018,caroline.mwikali@outlook.com,2004-11-03,Female,Machakos,Yatta,Katangi,"Plot 245, Lane 6, Ruaraka",11-May-2022,Pending,N/A,Postgraduate,Journalism,181129,2022/2023
SCH-000327,WAITHERA KAGWE,77934076,074481219,waithera.kagwe@hotmail.com,2004-11-01,Female,Kiambu,Kiambu,Riabai,"Plot 72, Lane 11, Juja",2025-07-21,Active,Moi University,Certificate,Agriculture,80053,2024/2025
SCH-000328,Saidimu Leah,13-619-039,075316099,leah.saidimu@yahoo.com,1990-10-14,Male,Bungoma,Kabuchai,Bwake/Luuya,"Plot 166, Lane 17, Ruaraka",23-Sep-2023,Pending,Moi University,Undergraduate,Public Health,327339,2023/2024
SCH-000329,Mogaka Athman,75515175,079322174,mogaka.athman@hotmail.com,1989-01-17,Male,Uasin Gishu,Moiben,Kimumu,"House 180, Lavington Avenue, Tom Mboya",05/02/2022,Pending,Kabianga High School,Undergraduate,Agriculture,200906,2024/2025
SCH-000330,Opiyo Grace Awuor,40 563 463,072513839,opiyo.awuor@yahoo.com,1981-09-21,Male,Nakuru,Molo,Turi,"Plot 272, Lane 9, Moi Avenue",10-08-2024,Active,Moi High School Kabarak,Secondary,Engineering,313679,2024/2025
SCH-000331,Naisula Musyoka Wamuyu,50579039,075935705,naisula.wamuyu@yahoo.com,1966-07-24,Female,Uasin Gishu,Turbo,Kiplombe,"House 237, Westlands Drive, Jogoo",27 Mar 2024,Inactive,Alliance High School,Certificate,Medicine,124483,2024/2025
SCH-000332,Nanjala Margaret Nabea,66772359,079341392,nanjala.nabea@gmail.com,1970-08-21,Female,Nairobi County,Lang'ata,Mugumu-ini,"Plot 354, Lane 19, Uhuru",29-10-2022,Active,Maranda High School,Diploma,Social Work,97464,2023/2024
SCH-000333,Bridget Kiprono,41665325,077581728,bridget.kiprono@gmail.com,1993-12-09,Male,Uasin Gishu,Kapseret,Ngeria,"Plot 466, Lane 9, Ngong",09/09/2024,Inactive,Maranda High School,Undergraduate,Medicine,270998,2023/2024
SCH-000334,Kiprop Florence Maina,31246090,010115633,kiprop.maina@gmail.com,1970-03-24,Male,Machakos,Mavoko,Muthwani,"Plot 293, Lane 14, Ngong",15/08/2024,Inactive,Eldoret National Polytechnic,Certificate,Public Health,469618,2025/2026
SCH-000335,KAMAU BRIAN NANJALA,92761466,011996536,kamau.nanjala@gmail.com,1972-07-17,Male,Kiambu,Kabete,Nyathuna,"House 451, Kitisuru Road, Lavington",10-Sep-2022,Active,Mount Kenya University,Secondary,Agriculture,410474,2025/2026
SCH-000336,Njeri Momanyi,78564064,072754186,njeri.momanyi@gmail.com,1955-10-22,Female,KIAMBU,Githunguri,Githiga,"House 474, Thika Road, Limuru",08/04/2024,Active,Prestige Academy,Diploma,Nursing,339425,2022/2023
SCH-000337,Wachira Mwaniia,56624300,078778047,wachira.mwania@gmail.com,1993-01-01,Male,Kisumu,Kisumu Central,Nyalenda 'B',"Plot 468, Lane 18, Waiyaki",20-06-2023,Inactive,JKUAT,Undergraduate,Accounting,372817,2025/2026
SCH-000338,Simon Chepkirui Langat,69327432,079906487,simon.langat@gmail.com,1982-04-25,Male,Kiambu,Githunguri,Githunguri,"House 175, Mugumo Avenue, Kiambu",01-01-2023,Pending,St. Joseph's School,Postgraduate,Agriculture,198112,2023/2024
SCH-000339,Nahum Gitobu,96754681,+254 742 702 53,nahum.gitobu@hotmail.com,1986-02-06,Male,Kakamega,Matungu,Kholera,"House 206, Thika Avenue, Mugumo",15/02/2025,Inactive,Eldoret National Polytechnic,Diploma,Social Work,137233,2022/2023
SCH-000340,Cynthia Kenga,19502237,+25476405261,cynthia.kenga@hotmail.com,1953-07-10,Female,Nairobi,Westlands,Kangemi,"Plot 151, Lane 5, Mombasa Road",20240606,Pending,Kenya Methodist University,Diploma,Economics,215217,2023/2024
SCH-000341,Elijah Gitobu Kanampiu,27375659,254 739 165 32,elijah.kanampiu@yahoo.com,1986-05-11,Female,Kilifi,Ganze,N/A,"Plot 384, Lane 1, Kangundo",12/07/2023,N/A,Mang'u High School,,Information Technology,230356,2025/2026
SCH-000342,Faith Beatrice Baya,6370-9262,011742349,faith.baya@outlook.com,2001-08-22,Male,Nyeri,Tetu,Dedan Kimathi,"Plot 311, Lane 5, Mombasa Road",26/08/2024,Active,Kabianga High School,Postgraduate,Education,141123,2022/2023
SCH-000343,Awiti Ann Nafula,20067969,NULL,awiti.nafula@yahoo.com,,Female,NULL,Konoin,Embomos,"Plot 432, Lane 13, Kangundo",20250728,Active,Maseno University,Postgraduate,Social Work,353999,2025/2026
SCH-000344,Ochieng Kipkirui,67192629,072457371,ochieng.kipkirui@gmail.com,,Male,Trans Nzoia,,Endebess,"House 449, Kiambu Road Drive, Ruiru",26/04/2025,Active,Green Garden Academy,Diploma,Social Work,294660,2023/2024
SCH-000345,Ann Syombua Gichuru,74354434,010878715,ann.gichuru@yahoo.com,N/A,Female,Meru,South Imenti,Igoji East,"House 74, Westlands Street, Juja",2023-02-21,Pending,Mang'u High School,Diploma,Journalism,160489,2025/2026
SCH-000346,Gitobu Martha Mbaka,15651583,010558976,gitobu.mbaka@gmail.com,1989-06-14,Female,Kakamega,Shinyalu,Isukha South,"House 139, Athi River Street, Lenana",30-03-2025,Active,Prestige Academy,Secondary,Journalism,118336,2022/2023
SCH-000347,"Gichuru, George",89811209,075316351,george.gichuru@gmail.com,1998-04-28,Female,Bomet,Konoin,Embomos,"House 124, Kitisuru Drive, Ruiru",06-May-2025,Inactive,Rift Valley Institute,Diploma,Nursing,256135,2022/2023
SCH-000348,Mworoa Musymii,44831935,078250208,mworoa.musyimi@gmail.com,1987-01-06,Female,Nyeri,Mukurweini,Mukurwe-ini West,"Plot 286, Lane 11, Thika Superhighway",06/02/2022,Active,Maranda High School,Certificate,Nursing,116422,2025/2026
SCH-000349,Gichuru Mwamburi,67327320,072219729,gichuru.mwamburi@hotmail.com,1995-08-09,Male,Bungoma,Kanduyi,West Sang'alo,"Plot 215, Lane 3, Parklands",2022-10-10,Pending,Mount Kenya University,Secondary,Architecture,360883,2024/2025
SCH-000350,Edith Naliaka Mwania,51326142,078345556,edith.mwania@gmail.com,1957-07-24,Male,Nakuru,Bahati,Lanet/Umoja,"Plot 64, Lane 14, Thika",05/10/2024,Inactive,Kenyatta University,Secondary,Engineering,188212,2024/2025
SCH-000351,Monica Lengur,40564080,071931498,monica.lenguro@yahoo.com,1990-06-13,Male,Nyeri,Mukurweini,Mukurwe-ini Central,"Plot 195, Lane 2, Athi River",,Inactive,N/A,Secondary,Medicine,366110,2023/2024
SCH-000352,Barnabas Mworoa,34277838,011699937,barnabas.mworoa@hotmail.com,1979-07-07,Female,Nakuru,Gilgil,Mbaruk/Eburu,"Plot 424, Lane 7, Westlands",2022-04-20,Active,Kenyatta University,Certificate,Information Technology,300790,2025/2026
SCH-000353,Leah Wadada,71041249,011262096,,1976-05-26,Male,Nairobi,Westlands,NULL,N/A,22-Jun-22,Pending,Kenyatta University,Secondary,Computer Science,264904,2025/2026
SCH-000354,Chepkoech Mueni Nzioka,91651740,073936111,chepkoech.nzioka@gmail.com,1970-08-17,Male,Uasin Gishu,Soy,Ziwa,"House 412, Ngong Drive, Argwings Kodhek",17/05/2023,Active,Kenya Methodist University,Diploma,Journalism,100636,2024/2025
SCH-000355,Anna Esther Rimberia,55249515,072438873,anna.rimberia@gmail.com,NULL,Male,Nairobi,Dagoretti South,,"House 479, Ruaraka Avenue, Westlands",31-Aug-23,Pending,Coast Institute of Technology,N/A,Computer Science,217756,2024/2025
SCH-000356,Wairimu Nashipae Mwirigi,89576137,011440776,wairimu@outlook.com,27 Jul 1992,Female,Meru,North Imenti,Nyaki West,,09-04-2024,N/A,NULL,POSTGRADUATE,Education,197761,2024–2025
SCH-000357,Mwangi Oseko,39029725,073795093,mwangi_oseko@gmail.com,16/04/1988,male,Bungoma,Webuye West,Sitikho,Plot 437 Lane 17 Kikuyu,23-08-2024,active,Rift Valley Institute,POSTGRADUATE,Medicine,465664,2025–2026
SCH-000358,Muthoni Muthuri Kivuva,44065587,078968250,muthoni.kivuva@yahoo.com,1987-06-08,Male,NAIROBI,Kibra,Sarang'ombe,"Plot 86, Lane 10, Kenyatta",2022-09-17,Active,Kenyatta University,Secondary,Accounting,240829,2023/2024
SCH-000359,Kebaso Matoke,64943803,072475511,kebaso.matoke@gmail.com,1973-06-03,Female,Kisumu,Nyakach,South West Nyakach,"Plot 418, Lane 3, Ngong Road",2025-09-12,Inactive,Kenya High School,Diploma,Agriculture,259986,2023/2024
SCH-000360,Kioko Ngeon,88699165,011831229,kioko.ngeno@gmail.com,1955-11-25,Male,Mombasa,Nyali,Kongowea,"House 102, Kiambu Road Road, Lenana",27-Dec-2025,Pending,Maranda High School,Secondary,Civil Engineering,305992,2025/2026
SCH-000361,Gichuru Kiprotich,47384667,078803807,gichuru.kiprotich@hotmail.com,1993-08-24,Female,Mombasa,Jomvu,Jomvu Kuu,"Plot 146, Lane 11, Limuru",17-Mar-24,Pending,University of Nairobi,Postgraduate,Public Health,183922,2024/2025
SCH-000362,Kinyua Kipkemoi,10978095,010568358,kinyua.kipkemoi@gmail.com,1975-03-12,Male,Nakuru,Naivasha,Hells Gate,"Plot 111, Lane 5, Waiyaki",2023-10-10,Inactive,Moi High School Kabarak,Diploma,Accounting,163677,2025/2026
SCH-000363,Omondi Mutisya Mwaura,42996518,074917411,omondi.mwaura@gmail.com,1999-02-12,Male,Kakamega,Matungu,Khalaba,"Plot 448, Lane 13, Kikuyu",26/01/2025,Pending,Kenyatta University,Certificate,Journalism,264649,2023/2024
SCH-000364,Rose Kinyua Sigei,97812550,073697167,NULL,1958-04-16,Female,Mombasa,Jomvu,Mikindani,"House 344, Juja Road, Westlands",2025-05-07,Pending,Starehe Boys Centre,Undergraduate,Business,241971,2025/2026
SCH-000365,Kipngetich Nabbea,19971406,073108380,kipngetich.nabea@gmail.com,1972-01-10,Male,Nakuru County,Kuresoi South,Amalo,"Plot 140, Lane 10, Mugumo",12-07-2023,Active,Kenya High School,Postgraduate,Information Technology,235981,2024/2025
SCH-000366,Erick Ombati,52413506,010276367,erick.ombati@hotmail.com,1980-05-10,Male,Kiambu,Kiambu,Ndumberi,"Plot 49, Lane 7, Kiambu",09/12/2025,Pending,Kenya Methodist University,Undergraduate,Engineering,267173,2025/2026
SCH-000367,Victor Odhiambo,30 011 106,011658465,victor.odhiambo@hotmail.com,1994-07-12,Male,Meru,Buuri,Timau,"Plot 90, Lane 15, Kilimani",22/03/2022,Pending,Prestige Academy,Postgraduate,Public Health,77587,2024/2025
SCH-000368,Muriuki Simiyu,28865768,072200692,muriuki.simiyu@gmail.com,1992-05-25,Female,Kisumu,Muhoroni,Ombeyi,"Plot 340, Lane 5, Kilimani",29-Sep-25,Pending,Strathmore University,Postgraduate,Information Technology,420420,2022/2023
SCH-000369,Jepkorir Mohamed,32236316,072378441,jepkorir.mohamed@hotmail.com,1985-02-10,Male,Mombasa,Nyali,Kongowea,"Plot 418, Lane 1, River Road",02/12/2024,Inactive,Moi High School Kabarak,Secondary,Public Health,209397,2022/2023
SCH-000370,Victor Rono,33875260,076429536,victor.rono@yahoo.com,1993-11-15,Male,Machakos,N/A,Katangi,"Plot 287, Lane 5, Kiambu Road",05/12/2022,,Kenyatta University,Certificate,Architecture,332470,2022/2023
SCH-000371,Ojwang Matoke,51910609,078845932,ojwang.matoke@gmail.com,1996-03-26,Female,Kisumu,Seme,North Seme,"House 443, Garden Estate Avenue, Karen",2024-01-03,Inactive,Moi University,Undergraduate,Economics,164392,2023/2024
SCH-000372,Ongeri Muthaa Sigei,37852975,071130916,ongeri.sigei@yahoo.com,2003-09-17,Male,Nakuru,Gilgil,Murindat,"House 403, Thika Superhighway Road, Kikuyu",22/04/2022,Inactive,Kenya Methodist University,Diploma,Nursing,74813,2024/2025
SCH-000373,Momanyi Kengga,3428-2303,074228822,mkenga@gmail.com,12-04-1981,male,Meru,Igembe North,Antubetwe Kiongo,Plot 401 Lane 11 Ruaraka,2024-08-09,INACTIVE,Eldoret National Polytechnic,POSTGRADUATE,Nursing,155307,2023 /2024
SCH-000374,Chepkirui Joseph Kangogo,93582589,073223386,chepkirui.kangogo@gmail.com,1984-09-06,Male,Turkana,Turkana South,Kapedo/Napeitom,"House 396, Tom Mboya Avenue, Kiambu Road",09/17/2023,Active,Eldoret National Polytechnic,Diploma,Economics,271518,2024/2025
SCH-000375,Awuor Moses Nafula,91649465,076783885,awuor.nafula@yahoo.com,1967-02-28,Male,Nakuru,Molo,Marioshoni,"House 405, Likoni Road, Ruaraka",2024-05-05,Active,Moi High School Kabarak,Certificate,Medicine,189563,2022/2023
SCH-000376,Kilonzo  Korir,39096346,074475443,kilonzo.korir@yahoo.com,1991-04-21,Male,Kilifi,Kilifi North,Dabaso,"House 176, Parklands Road, Kikuyu",27-09-2022,Pending,Kenya Methodist University,Undergraduate,Public Health,397730,2024/2025
SCH-000377,Jebet Adoyo Jepkoech,68083241,075782445,jebet.jepkoech@yahoo.com,1979-02-19,Female,Kakamega,Ikolomani,Idakho East,"House 175, Ruaraka Road, Athi River",03/11/2025,Pending,Kabianga High School,Postgraduate,Social Work,477144,2025/2026
SCH-000378,Sarah Koech, 76710062,073963103,skoech@yahoo.com,1980-06-27,Male,Nyeri,Nyeri Town,Rware,Plot262Lane15Parklands,10/02/2025,I,Moi University,UNDERGRADUATE,Economics,241902,2024-2025
SCH-000379,Okello Achieng Khaemba,79211878,071216249,okello.khaemba@hotmail.com,1970-02-10,Female,Nairobi,Dagoretti South,NULL,N/A,N/A,Active,Prestige Academy,Undergraduate,Public Health,244605,2022/2023
SCH-000380,Mulwa Omar,77505434,073702894,mulwa.omar@hotmail.com,1998-11-27,Male,Kilifi,Kilifi South,Mtepeni,"Plot 454, Lane 15, Argwings Kodhek",04-Apr-23,Active,Prestige Academy,Certificate,Education,212703,2022/2023
SCH-000381,Jeremiah Mworoa,67-444-614,074333243,jeremiah.mworoa@gmail.com,1997-11-13,Female,Turkana,Turkana West,Lopur,"House 473, Garden Estate Road, Likoni",17 Dec 2023,Pending,Kenyatta University,Postgraduate,Agriculture,159484,2022/2023
SCH-000382,Kwamboka Mutinda,94535808,078509689,kwamboka.mutinda@gmail.com,1987-03-25,Female,Nakuru,Subukia,Kabazi,"House 139, Waiyaki Road, Thika",05 Jun 2025,Active,St. Joseph's School,Diploma,Education,285795,2024/2025
SCH-000383,Kasina Kimani,N/A,075778264,kasina.kimani@gmail.com,1970-12-24,Male,Kiambu,Kabete,Nyathuna,"House 465, Ruiru Road, Westlands",02-18-2025,Pending,St. Joseph's School,Secondary,Computer Science,429221,2023/2024
SCH-000384,Gichuru Kivuav,85709619,072280937,gichuru.kivuva@yahoo.com,1965-07-13,Female,KIAMBU,LIMURU,LIMURU CENTRAL,"Plot 284, Lane 9, Mombasa Road",24 Sep 2025,Active,Maseno University,Certificate,Accounting,123778,2024/2025
SCH-000385,Monica Senteu,35645457,072122019,monica.senteu@yahoo.com,1982-03-14,Female,Uasin Gishu,Kesses,Cheptiret/Kipchamo,"Plot 464, Lane 3, Moi Avenue",2022-11-04,Pending,Eldoret National Polytechnic,Postgraduate,Medicine,227761,2024/2025
SCH-000386,Kanampiu Musalia,84166566,077504276,kanampiu.musalia@gmail.com,1965-04-22,Male,Nyeri,Mathira,Iriaini,"Plot 165, Lane 4, Kenyatta",20231025,Inactive,Maseno University,Undergraduate,Agriculture,347606,2022/2023
SCH-000387,Evelyn Baya,74994816,075723024,evelyn.baya@outlook.com,1982-08-25,Male,Machakos,Machakos Town,Kalama,"Plot 454, Lane 5, Kitisuru",03/10/2023,Active,Egerton University,Secondary,Agriculture,473687,2024/2025
SCH-000388,Margaret Auma,28164926,072649850,margaret.auma@outlook.com,1976-03-05,Female,Mombasa,Changamwe,Miritini,"Plot 356, Lane 15, Ngong",07-Jun-22,Pending,Lenana School,Secondary,Public Health,116894,2024/2025
SCH-000389,Kiprotich Keoch, 84262472,071629241,kiprotich.koech@gmail.com,1992-09-07,Female,Nairobi,Kasarani,Mwiki,"Plot 411, Lane 11, Outering",23/02/2022,Pending,University of Nairobi,Undergraduate,Nursing,156230,2022/2023
SCH-000390,B. Tsuma,35100154,073739150,brenda.tsuma@gmail.com,11-05-1993,M,Kakamega,Shinyalu,Isukha North,"HOUSE 149, LIMURU DRIVE, THIKA SUPERHIGHWAY",10-23-2023,A,St. Joseph's School,DIPLOMA,Civil Engineering,136477,2023 / 2024
SCH-000391,Leah Kevin Mohamed,66913730,011358779,leah.mohamed@gmail.com,2004-11-23,Female,Machakos,Kangundo,Kangundo Central,"Plot 349, Lane 8, Athi River",22/03/2023,Inactive,Alliance High School,Secondary,Education,146358,2023/2024
SCH-000392,Kiprono Namukhula,22863109,074926551,kiprono.namukhula@gmail.com,1983-02-11,Male,Nairobi,Dagoretti South,Waithaka,"House 49, Kiambu Drive, Kitisuru",05-03-2024,Active,Starehe Boys Centre,Diploma,Law,141050,2025/2026
SCH-000393,Pauline Nyaboke Mbaka,30546143,,pauline.mbaka@gmail.com,1989-12-10,Male,Bungoma,Mt. Elgon,Kapkateny,"House 355, Athi River Drive, Uhuru",12-06-2022,Inactive,Maranda High School,Undergraduate,Information Technology,159163,2023/2024
SCH-000394,Opiyo Christopher Mwirigi,89748650,071367398,opiyo.mwirigi@gmail.com,1962-12-09,Female,Nairobi,Lang'ata,Nyayo Highrise,"Plot 141, Lane 15, Langata",27-Jul-2024,Pending,Maseno School,Postgraduate,Engineering,97098,2025/2026
SCH-000395,Teresa Katuaa,25049281,071962118,teresa.katua@gmail.com,2001-02-17,Female,Turkana,Turkana East,Kapedo/Napeitom,"Plot 392, Lane 14, Ngong",21-09-2023,Active,Strathmore University,Certificate,Information Technology,229247,2025/2026
SCH-000396,Harun Sharon Wandera,16156667,079915981,harun.wandera@yahoo.com,2006-12-17,Male,Bungoma,Webuye East,Mihuu,"Plot 159, Lane 13, Athi River",04/12/2025,Active,Alliance High School,Undergraduate,Accounting,435691,2023/2024
SCH-000397,Anthony Jebet,74594778,075729155,a.jebet@hotmail.com,05/04/1988,Male,Trans Nzoia,Kwanza,Kapomboi,"HOUSE 316, KILELESHWA AVENUE, KIKUYU",2022-06-19,Pending,Mount Kenya University,DIPLOMA,Accounting,257932,2024 /2025
SCH-000398,Njoroge Lesha,10112761,075614961,njoroge.leshan@outlook.com,1994-01-23,Male,Bomet,Sotik,Kipsonoi,"House 421, Jogoo Street, Westlands",27-May-2022,Inactive,Green Garden Academy,Diploma,Law,181738,2025/2026
SCH-000399,Philemon Mogaka,68833120,072100751,philemon.mogaka@yahoo.com,2004-04-21,Male,Meru County,South Imenti,Nkuene,"Plot 81, Lane 19, Westlands",13/04/2022,Active,Rift Valley Institute,Postgraduate,Journalism,184587,2025/2026
SCH-000400,Faith Omgeri,79886887,011604589,faith.ongeri@gmail.com,1982-02-02,Female,Kisumu,Kisumu West,North Kisumu,"Plot 74, Lane 14, Waiyaki",08-05-2023,Active,Maranda High School,Secondary,Law,391887,2024/2025
SCH-000401,Naserian Mworoa Kinyua,33891297,074247247,naserian.kinyua@yahoo.com,1995-05-07,Male,Kiambu,Githunguri,Ikinu,"Plot 48, Lane 19, Kenyatta",30-10-2024,Active,St. Joseph's School,Certificate,Public Health,330433,2024/2025
SCH-000402,Mercy Leshan,10354523,NULL,mercy.leshan@yahoo.com,2001-11-21,Female,Kilifi,Kilifi South,Mwarakaya,"Plot 74, Lane 11, Likoni",17-10-2022,Inactive,Moi High School Kabarak,Secondary,Education,440185,2022/2023
SCH-000403,"Kasina, Senteu Irene",64003293,079210231,senteu.kasina@gmail.com,1990-07-21,Female,Meru,Tigania West,Kianjai,"Plot 254, Lane 7, Kangundo",07-09-2025,Active,Coast Institute of Technology,Secondary,Journalism,194956,2022/2023
SCH-000404,Bosibori Auma Waithera,25687218,073964743,bosibori.waithera@yahoo.com,1984-12-03,Male,Kisumu,Seme,West Seme,"House 316, Kangundo Road, Mugumo",24-Sep-2025,Pending,Kenya Methodist University,Diploma,Economics,198899,2024/2025
SCH-000405,Simon Mwania,99716761,076542584,simon.mwania@gmail.com,N/A,Male,Nakuru,,Barut,"House 75, Lavington Road, Ruiru",2022-05-09,,Rift Valley Institute,Certificate,Economics,187559,2022/2023
SCH-000406,Awino Mukhswana,38691026,077917960,awino.mukhwana@gmail.com,1967-02-07,Female,Nairobi,Kasarani,Mwiki,"House 114, Thika Superhighway Drive, Kenyatta",21/01/2023,Inactive,Maseno School,Secondary,Agriculture,355235,2025/2026
SCH-000407,Charity Sophia Masinde,71113260,073388118,charity.masinde@hotmail.com,1978-07-22,Male,Kakamega,Shinyalu,Isukha West,"Plot 313, Lane 15, Kasarani",12/08/2023,Pending,Coast Institute of Technology,Secondary,Public Health,72952,2022/2023
SCH-000408,Gladys Sophia Kiprono,NULL,077940042,gladys.kiprono@outlook.com,1970-10-15,Female,Trans Nzoia,Cherangany,Cherangany/Suwerwa,"House 96, Kasarani Avenue, Kikuyu",01-Aug-25,Active,St. Joseph's School,Undergraduate,Medicine,274703,2024/2025
SCH-000409,Syombua Mutisyaa,87569592,077987938,syombua.mutisya@outlook.com,1966-09-19,Male,Nyeri,Nyeri Town,Kamakwa/Mukaro,"Plot 298, Lane 3, Ruiru",04 Nov 2025,Inactive,Egerton University,Certificate,Economics,268658,2023/2024
SCH-000410,Mutisya Kariuki,98061208,011724317,mutisya.kariuki@yahoo.com,1987-05-17,Male,Kakamega,Khwisero,Kisa Central,"House 262, Kiambu Road Street, Kasarani",19/12/2023,Pending,Alliance High School,Undergraduate,Architecture,224221,2024/2025
SCH-000411,Mutheu Kihumba,54717010,011516946,mutheu.kihumba@gmail.com,1966-12-20,Female,Nairobi,Kasarani,Mwiki,"Plot 247, Lane 3, Lenana",08 Nov 2022,Pending,Green Garden Academy,Secondary,Agriculture,210712,2025/2026
SCH-000412,ONDITI MWINYI,27032738,077723313,onditi.mwinyi@gmail.com,1991-06-01,Female,Uasin Gishu,Turbo,Tapsagoi,"House 309, Ngong Drive, Lavington",29 Jan 2023,Inactive,Starehe Boys Centre,Certificate,Information Technology,303493,2022/2023
SCH-000413,Senteu Kipsang Mworoa,84 378 065,077947613,kipsang.senteu@hotmail.com,1964-09-24,Male,NAIROBI,Lang'ata,Nyayo Highrise,"Plot 208, Lane 7, Ruiru",29-12-2023,Inactive,Maseno University,Postgraduate,Civil Engineering,244906,2022/2023
SCH-000414,Agnes Musalia,76597184,NULL,agnes_musalia@gmail.com,16-Jun-77,male,N/A,Ruiru,N/A,"Plot 448, Lane 17, Ngong",20251127,active,Starehe Boys Centre,POSTGRADUATE,Economics,148194,2025 /2026
SCH-000415,Owuor Kimutaai,45827376,254 747 774 24,owuor.kimutai@gmail.com,1966-04-04,Female,Nairobi,Westlands,Parklands,"Plot 249, Lane 14, Athi River",2025-03-28,Pending,Strathmore University,Secondary,Agriculture,254784,2025/2026
SCH-000416,Gakunyi Margaret Mcharo,46793365,079798993,gakunyi.mcharo@yahoo.com,1998-07-09,Male,Nairobi,Dagoretti South,Riruta,"House 302, Ruiru Road, Thika Superhighway",18-Oct-25,Inactive,Mount Kenya University,Postgraduate,Economics,263493,2022/2023
SCH-000417,Kebaso Martin Mwangolo,66596142,070769054,kebaso.mwangolo@gmail.com,1990-12-09,Female,Trans Nzoia,Cherangany,Kaplamai,"House 220, Ruaraka Street, Moi Avenue",05-01-2025,Pending,Starehe Boys Centre,Certificate,Social Work,390878,2025/2026
SCH-000418,Peter Kilonzo,69215408,076648679,peter.kilonzo@hotmail.com,1975-07-20,Female,Kilifi,Kilifi South,Junju,"House 120, Outering Road, Kangundo",23 Mar 2023,Active,Coast Institute of Technology,N/A,Engineering,259102,2023/2024
SCH-000419,Wafula Lenguro,49379157,011875727,wafula.lenguro@gmail.com,1976-01-25,Female,Nakuru County,Kuresoi South,Tinet,"Plot 176, Lane 3, Kasarani",21/05/2022,Pending,Prestige Academy,Undergraduate,Social Work,220607,2023/2024
SCH-000420,Naisula Wambui,84320493,NULL,naisula.wambui@gmail.com,1978-10-20,Female,Machakos,Kangundo,Kangundo West,,14-12-2025,Active,Egerton University,Certificate,Engineering,149206,2024/2025
SCH-000421,Kimani Onsongo Njuguna,70875238,075910453,kimani.njuguna@hotmail.com,1980-12-05,Male,Nyeri,Nyeri Town,Ruring'u,N/A,NULL,Pending,Rift Valley Institute,Certificate,Agriculture,272272,2025/2026
SCH-000422,Kipsang Waithera Wairimu,86589871,078345973,kipsang.wairimu@gmail.com,1982-12-23,Male,Kakamega,Butere,Marama South,"Plot 316, Lane 2, Kikuyu",15-Jan-2022,Pending,Prestige Academy,Undergraduate,Accounting,392183,2025/2026
SCH-000423,Auma Nabwire,52943014,079350876,aumanabwire@outlook.com,1973-11-22,female,Mombasa,Nyali,Kongowea,"plot 459, lane 2, karen",14-Nov-2025,Inactive,Moi High School Kabarak,POSTGRADUATE,Agriculture,191975,2024–2025
SCH-000424,Samuel Mwania,18115148,077189334,samuel.mwania@yahoo.com,1971-02-06,Female,Uasin Gishu,Turbo,Kiplombe,"Plot 292, Lane 7, Karen",20-Jan-2023,Pending,Eldoret National Polytechnic,Undergraduate,Civil Engineering,293395,2025/2026
SCH-000425,Nafula Harun Mohamed,63523596,072930586,nafula.mohamed@outlook.com,1988-01-25,Female,Kakamega,Lugari,Mautuma,"Plot 89, Lane 7, Thika Superhighway",29-May-2022,Inactive,Kenya Methodist University,Certificate,Social Work,284094,2022/2023
SCH-000426,Kiprop Kipkirui,74476742,N/A,k.kipkirui@yahoo.com,06-02-1981,M,Kakamega,Mumias East,Lusheya/Lubinu,"house 75, thika road, outering",2025-03-17,A,Kenyatta University,SECONDARY,Information Technology,66951,2025 /2026
SCH-000427,Wachira Kamande,97 037 399,011714442,wachira.kamande@hotmail.com,1964-06-02,Female,Nairobi,Kibra,Sarang'ombe,"Plot 195, Lane 7, Lenana",2024-09-11,Pending,Maranda High School,Undergraduate,Public Health,273406,2024/2025
SCH-000428,Mercy Odhiambo,50833796,NULL,mercy.odhiambo@gmail.com,1958-08-26,Female,Meru,Igembe South,Nkondi,"House 10, Ruaraka Drive, Jogoo",25/10/2023,Active,St. Joseph's School,Certificate,Information Technology,400247,2025/2026
SCH-000429,Zephaniah Njoroge Kamande,14866710,075539750,zephaniah.kamande@outlook.com,1969-04-02,Female,Meru,Tigania East,Mikinduri,"House 102, Kangundo Street, Jogoo",2025-07-19,Inactive,Moi High School Kabarak,Postgraduate,Medicine,267894,2025/2026
SCH-000430,Charity Atieno Wairimu,49107858,073314580,charity.wairimu@hotmail.com,1997-06-07,Male,Kilifi,Kaloleni,Kaloleni,"Plot 373, Lane 5, River Road",25 May 2023,Active,Maseno School,Secondary,Public Health,287794,2022/2023
SCH-000431,Deborah Awiti,33535297,254 764 217 27,deborah.awiti@outlook.com,1981-01-23,Male,Bomet,Bomet Central,Mutarakwa,"Plot 309, Lane 20, Kikuyu",10-07-2023,Pending,Strathmore University,Certificate,Business,170575,2023/2024
SCH-000432,Peace Christopher Keter,56047075,075956526,peace.keter@gmail.com,1982-10-02,Female,Turkana,Turkana Central,Kerio Delta,"House 446, Mugumo Street, Athi River",16-Sep-22,Pending,Moi University,Secondary,Economics,102426,2022/2023
SCH-000433,Odhiambo Kamotho,74938160,071433754,odhiambo.kamotho@gmail.com,1984-08-26,Female,Trans Nzoia,Saboti,Kinyoro,"House 296, Mombasa Road Drive, Kenyatta",31/01/2023,Active,Maseno School,Secondary,Agriculture,248471,2022/2023
SCH-000434,Edward Nokun Nabea,21488759,074694191,edward.nabea@hotmail.com,1973-07-04,Male,Nairobi,Lang'ata,Mugumu-ini,"Plot 240, Lane 15, Argwings Kodhek",30/09/2022,Pending,Coast Institute of Technology,Postgraduate,Medicine,208908,2025/2026
SCH-000435,Wanjala Senteu,48098536,077805924,s.wanjala@gmail.com,03-Jul-94,female,Trans Nzoia,Saboti,Machewa,"HOUSE 57, KILELESHWA ROAD, OUTERING",25-Aug-2022,A,Maseno University,SECONDARY,Computer Science,204481,2025 /2026
SCH-000436,Kipngetich Mutwiri,68518015,078342675,kipngetich.mutwiri@gmail.com,1985-03-03,Female,Nairobi,Kibra,Woodley,"House 147, Kikuyu Road, Athi River",04-Apr-2023,Active,St. Joseph's School,Certificate,Education,240932,2022/2023
SCH-000437,Wabomba Kimani Mcharo,52538666,011517591,wabomba.mcharo@gmail.com,1973-06-04,Male,Kisumu,Kisumu Central,Kaloleni,"House 151, Kasarani Drive, Argwings Kodhek",20241116,Inactive,JKUAT,Undergraduate,Education,235627,2022/2023
SCH-000438,Ndunge Mulandi,23 756 993,079464678,ndunge.mulandi@gmail.com,1999-05-26,Male,Kilifi,Malindi,Shella,"House 337, Juja Road, Kasarani",2025-11-04,Active,Prestige Academy,Postgraduate,Social Work,164022,2025/2026
SCH-000439,George Gitogna,24037331,011337475,george.gitonga@outlook.com,1997-11-13,Female,Bomet,Konoin,Boito,"House 358, Kasarani Drive, Moi Avenue",24/04/2023,Active,Prestige Academy,Certificate,Architecture,440041,2025/2026
SCH-000440,Kinya Adoyo Mutune,25103503,010533672,kinya.mutune@gmail.com,1981-10-21,Male,Nairobi,Dagoretti South,Ngando,"Plot 320, Lane 2, Juja",09/02/2023,Active,Maranda High School,Undergraduate,Law,129396,2023/2024
SCH-000441,Kagwiria Wachira,83886264,010497030,kagwiria.wachira@gmail.com,1989-10-15,Female,NAIROBI,Lang'ata,South C,"House 255, Kiambu Road Road, Ruiru",09/01/2025,Active,Rift Valley Institute,Postgraduate,Engineering,164384,2022/2023
SCH-000442,Gakunyi Joshua Mogaka,55252973,073767203,gakunyi.mogaka@hotmail.com,1963-10-19,Female,Kisumu,Seme,North Seme,"House 293, Kenyatta Road, Juja",06/17/2024,Inactive,Maseno University,Diploma,Social Work,196418,2025/2026
SCH-000443,Agnes Kipchumba Anyango,86141171,075 596 623,agnes.anyango@gmail.com,1971-04-15,Male,Mombasa,Changamwe,Airport,"Plot 192, Lane 5, Kasarani",30/09/2024,Pending,Mang'u High School,Diploma,Economics,273481,2022/2023
SCH-000444,Kipkemboi Owuor Macharia,40 563 798,079774187,kipkemboi.macharia@outlook.com,1955-07-09,Female,Bomet,Chepalungu,Sigour,"Plot 188, Lane 4, Kiambu",12/02/2024,Active,Maseno University,Postgraduate,Engineering,106309,2023/2024
SCH-000445,Jepkoech Caroline Kangogo,63648445,011601885,jepkoech.kangogo@gmail.com,1998-04-16,Female,Bungoma,Mt. Elgon,Cheptais,"House 205, Argwings Kodhek Drive, Karen",02-Sep-22,Inactive,Maranda High School,Diploma,Social Work,293349,2023/2024
SCH-000446,Susan Rimbeeria,30 307 931,077609085,susan.rimberia@gmail.com,1982-04-07,Female,Bomet,Konoin,Boito,"House 123, Thika Street, Kasarani",2022-09-25,Active,Kabianga High School,Diploma,Business,99526,2022/2023
SCH-000447,Nabwire Mutinda Wamalwa,47932567,011980125,NULL,1970-12-04,Male,Machakos,Machakos Town,Mua,,21/06/2024,Active,Strathmore University,Diploma,Business,435252,2022/2023
SCH-000448,Jepchumba Hassan,22294633,011631623,jepchumba.hassan@gmail.com,1991-08-20,Male,Kisumu,Nyando,Awasi/Onjiko,"Plot 73, Lane 12, River Road",01/30/2025,Pending,Kenya Methodist University,Undergraduate,Accounting,417229,2022/2023
SCH-000449,Caroline SalimKagwiria,38790311,077536550,caroline.salim@gmail.com,1975-07-16,Male,Nakuru,Naivasha,Lake View,"House 281, Kenyatta Road, Kenyatta",03-09-2025,Pending,Egerton University,Undergraduate,Medicine,340342,2024/2025
SCH-000450,Emily Collins Kangogo,26699133,070111292,emily.kangogo@gmail.com,1998-11-05,Male,NAIROBI,KIBRA,MAKINA,"Plot 299, Lane 16, Tom Mboya",23/09/2024,Active,Maseno University,Undergraduate,Economics,110587,2023/2024
SCH-000451,Jebet Munyao Muriuki,40546109,073714127,jebet.muriuki@outlook.com,1970-01-11,Male,Bungoma,Sirisia,Namwela,"Plot 227, Lane 7, Ruiru",22/07/2025,Active,University of Nairobi,Certificate,Agriculture,165290,2022/2023
SCH-000452,Erick Olela,49345327,079654100,erick.olela@yahoo.com,1966-05-07,Male,Kakamega,Lugari,Manda/Shivanga,"House 214, Kenyatta Drive, Kileleshwa",2025-10-04,Active,Moi High School Kabarak,Undergraduate,Medicine,254455,2025/2026
SCH-000453,"Kipngetich, Nasimiyu John",4622-1486,071828978,nasimiyu@hotmail.com,1971-03-03,male,Nairobi,Lang'ata,Nyayo Highrise,Plot 212 Lane 1 Garden Estate,2023-02-28,inactive,Maranda High School,CERTIFICATE,Accounting,309160,2025 / 2026
SCH-000454,Wangeci Ochieng,93829645 ,011391326,wangeci.ochieng@hotmail.com,2002-09-05,Female,Kakamega,Ikolomani,Idakho Central,"House 121, Jogoo Drive, Ruiru",09/09/2023,Pending,Kenya High School,Certificate,Journalism,307762,2025/2026
SCH-000455,Mutheu Okello Nduku,52146187,079404066,mutheu.nduku@hotmail.com,1979-10-25,Female,Uasin Gishu,Turbo,Tapsagoi,"Plot 390, Lane 7, Likoni",02-01-2022,Active,Kenya High School,Undergraduate,Nursing,115957,2024/2025
SCH-000456,Aaron Thomas Wanyonyi,35580680,071699939,aaron.wanyonyi@gmail.com,1979-11-01,Female,Kiambu County,Kikuyu,Nachu,"Plot 73, Lane 12, Parklands",02/09/2023,Pending,Starehe Boys Centre,Certificate,Business,150163,2024/2025
SCH-000457,Chebet Wanjiku Wanjohi,89013846,011139312,chebet.wanjohi@hotmail.com,1973-05-27,Female,Nyeri,Kieni,Gatarakwa,"Plot 167, Lane 11, Langata",30-01-2023,Pending,Prestige Academy,Secondary,Journalism,274476,2023/2024
SCH-000458,Michael Wachira,43400657,070487085,michael.wachira@gmail.com,1971-02-05,Male,Meru,Buuri,Kiirua/Naari,"House 435, Kiambu Avenue, Mombasa Road",20-10-2022,Active,Kenyatta University,Undergraduate,Information Technology,159676,2022/2023
SCH-000459,Atieno Mutua, 99885715,078933087,atieno.mutua@gmail.com,1986-05-27,Female,MACHAKOS,KATHIANI,UPPER KAEWA/IVETI,"House 281, Kiambu Road, Kenyatta",08/10/2023,Inactive,Coast Institute of Technology,Secondary,Civil Engineering,236823,2022/2023
SCH-000460,KEMUNTO MAINA,97458429,070211266,kemunto.maina@yahoo.com,1984-02-26,Male,Kisumu,Kisumu Central,Kaloleni,"Plot 253, Lane 7, Jogoo",2025-06-02,Inactive,Rift Valley Institute,Certificate,Law,112930,2022/2023
SCH-000461,Cecilia Faith Auma,80-510-741,010513029,,1964-04-27,Male,Nakuru,Naivasha,Biashara-Naivasha,"Plot 174, Lane 4, Kileleshwa",NULL,Pending,Kenyatta University,Diploma,Computer Science,327323,2025/2026
SCH-000462,Kagwiria Rutich,98996499,011500263,kagwiria.rotich@gmail.com,1964-02-27,Male,Uasin Gishu,Moiben,Moiben,"House 338, Kiambu Avenue, Kiambu Road",2025-03-10,Active,Kenya Methodist University,Postgraduate,Business,156634,2025/2026
SCH-000463,Kaloki Koech,33000256,010576163,kaloki.koech@gmail.com,1950-10-10,Male,Bomet,Chepalungu,Nyongores,"Plot 127, Lane 3, Argwings Kodhek",2024-04-13,Active,Green Garden Academy,Postgraduate,Architecture,180023,2025/2026
SCH-000464,Oduya Khaemba,87653536,070304483,oduya.khaemba@gmail.com,02-Jan-00,male,NAKURU,Molo,Elburgon,"PLOT 247, LANE 6, LAVINGTON",27-03-2024,INACTIVE,Kenya Methodist University,UNDERGRADUATE,Accounting,210553,2024-2025
SCH-000465,Eunice Awiti Kamau,91140766,074714759,eunice.kamau@gmail.com,1991-11-06,Female,Nairobi,Lang'ata,Nairobi West,"House 437, Kilimani Drive, Waiyaki",01-03-2025,Active,Green Garden Academy,Undergraduate,Engineering,164479,2022/2023
SCH-000466,Paul Langat,94914139,070484395,paul.langat@hotmail.com,1993-09-07,Male,UASIN GISHU,Turbo,Tapsagoi,"House 409, Likoni Street, Moi Avenue",14-02-2025,,Kenya Methodist University,NULL,Nursing,201975,2022/2023
SCH-000467,Catherine Mwendwa,77597242,070110022,catherine.mwendwa@gmail.com,1969-09-19,Female,Kiambu,Kiambu,Kihara,"Plot 343, Lane 9, Juja",03/14/2025,Inactive,Kabianga High School,Certificate,Medicine,406882,2023/2024
SCH-000468,Muthoka Munyao,30946019,011158825,muthoka.munyao@hotmail.com,1966-02-23,Male,Trans Nzoia,Kiminini,Sirende,"Plot 203, Lane 8, Mugumo",11/28/2025,Pending,Kenyatta University,Postgraduate,Agriculture,297601,2023/2024
SCH-000469,Mokua Wambugu,84513202,010762219,mokua_wambugu@gmail.com,2003-07-10,MALE,Kiambu,Githunguri,Githunguri,"House 145, Ruiru Drive, Kangundo",23-06-2024,active,Kabianga High School,CERTIFICATE,Information Technology,139043,2022–2023
SCH-000470,Andrew Kebaso,88248208,079164100,andrew.kebaso@outlook.com,1996-10-09,Male,Nairobi,Kasarani,Mwiki,"Plot 155, Lane 3, Kiambu Road",2025-06-01,Inactive,Lenana School,Diploma,Computer Science,211076,2022/2023
SCH-000471,Habakkuk Gacherru,67426412,079225278,hgacheru@gmail.com,22-02-1986,M,Kiambu,Limuru,Limuru Central,"PLOT 382, LANE 5, KASARANI",04-07-2023,pending,Strathmore University,UNDERGRADUATE,Engineering,323127,2024–2025
SCH-000472,Adhiambo Cheroono,63096404,010884975,adhiambo.cherono@gmail.com,1987-10-09,Male,Kiambu,Limuru,Limuru Central,"Plot 19, Lane 4, Athi River",28-Mar-2025,Inactive,Coast Institute of Technology,Undergraduate,Agriculture,273412,2024/2025
SCH-000473,Awiti Musyoka,47342819,011486999,awiti.musyoka@gmail.com,1983-12-03,Male,MERU,CENTRAL IMENTI,MWANGATHIA,"Plot 204, Lane 14, Kasarani",2023-01-16,Active,Kenya Methodist University,Undergraduate,Accounting,251380,2023/2024
SCH-000474,Mutwiri Musila,82 351 312,077240506,mutwiri.musila@hotmail.com,2001-10-07,Male,Meru,Tigania East,Muthara,"Plot 112, Lane 13, Langata",10-11-2022,Active,Mount Kenya University,Undergraduate,Accounting,302522,2025/2026
SCH-000475,Alexander Wangeci Mwangolo,56268308,011800791,alexander.mwangolo@yahoo.com,1979-08-28,Female,Mombasa,Changamwe,Changamwe,"House 69, Jogoo Street, Athi River",08/08/2024,Inactive,Lenana School,Certificate,Accounting,296817,2022/2023
SCH-000476,Judy Nashipae Ndunge,NULL,073934900,judy.ndunge@outlook.com,1980-12-17,Male,Nairobi,Dagoretti South,Waithaka,"Plot 471, Lane 11, Outering",2022-05-05,Pending,Rift Valley Institute,Certificate,Civil Engineering,171102,2025/2026
SCH-000477,Mutua Rose Onsongo,72458202,071216846,mutua.onsongo@gmail.com,1970-09-03,Female,Nakuru,Molo,Marioshoni,"House 34, River Road Street, Limuru",20251130,Inactive,Kenya Methodist University,Secondary,Nursing,187749,2025/2026
SCH-000478,Kipchumba Mwakideu,17530400,070696086,kipchumba.mwakideu@gmail.com,2001-12-09,Female,Uasin Gishu,Soy,Kipsomba,"Plot 104, Lane 19, Outering",01-23-2025,Inactive,Lenana School,Secondary,Medicine,291716,2024/2025
SCH-000479,Kanampiu Githinji,89 541 250,075667256,kanampiu.githinji@gmail.com,1981-02-17,Female,Kilifi,Kilifi North,Kibarani,"Plot 5, Lane 11, Tom Mboya",2025-03-12,Pending,Kenyatta University,Certificate,Computer Science,141632,2022/2023
SCH-000480,Chepngeno Barnabas Kanampiu,37519951,071649726,chepngeno.kanampiu@gmail.com,2004-11-01,Female,Nyeri,Mathira,Konyu,"Plot 246, Lane 7, Ruaraka",24-Oct-2024,Pending,Lenana School,Undergraduate,Engineering,385732,2025/2026
SCH-000481,Owuor Rachel Gikonyo,32555403,011487896,owuor.gikonyo@yahoo.com,1999-01-05,Female,Nairobi,Kasarani,Ruai,"House 9, Tom Mboya Road, Limuru",18-09-2025,Inactive,Alliance High School,Diploma,Education,268147,2022/2023
SCH-000482,Khaemba Mwikali,83927501,073963305,khaemba.mwikali@gmail.com,1994-10-16,Female,Meru,Igembe South,Mau/Antuamburi,"Plot 7, Lane 4, Juja",10/26/2022,Inactive,Mount Kenya University,Certificate,Computer Science,304491,2023/2024
SCH-000483,Kiprotich Mwrakideu,26355844,079352844,kiprotich.mwakideu@outlook.com,1995-09-05,Male,Nyeri,Othaya,Chinga,"Plot 179, Lane 14, Kiambu Road",28/03/2024,Inactive,JKUAT,Secondary,Accounting,79387,2022/2023
SCH-000484,HABAKKUK DOROTHY CHEPKORIR,54431754,077263846,habakkuk.chepkorir@gmail.com,1971-03-25,Female,Nairobi,Westlands,Parklands,"Plot 146, Lane 5, Kikuyu",2025-02-12,Active,Prestige Academy,Certificate,Journalism,374158,2024/2025
SCH-000485,Musyoka Rebecca Njoroge,61159757,079200272,musyoka.njoroge@gmail.com,1953-11-10,Female,Turkana,Turkana Central,Lodwar Township,"Plot 244, Lane 17, Ngong",14-Feb-2025,Inactive,Alliance High School,Certificate,Education,135982,2024/2025
SCH-000486,Anna  Onsongo,87525372,070775414,anna.onsongo@gmail.com,1999-09-02,Male,Nairobi,Lang'ata,South C,"House 23, Kangundo Street, Kenyatta",02/11/2025,Pending,Kenyatta University,Undergraduate,Law,423586,2025/2026
SCH-000487,Kinyua Kipkoriir,82488696,073693437,kinyua.kipkorir@gmail.com,1990-01-01,Male,Kisumu,Muhoroni,Masogo/Nyang'oma,"Plot 238, Lane 2, Kasarani",05-07-2024,Pending,Lenana School,Undergraduate,Social Work,98227,2024/2025
SCH-000488,Muthaa Ndgewa,39982417,011359304,muthaa.ndegwa@gmail.com,1953-08-18,Female,Bomet,Bomet Central,Chesoen,"Plot 110, Lane 11, Lenana",15-Oct-2025,Active,Maranda High School,Undergraduate,Business,420992,2022/2023
SCH-000489,Chepkoech Ondieki,76971243,073658094,N/A,1967-01-22,Female,NULL,Tetu,N/A,"Plot 177, Lane 17, Garden Estate",05-07-2022,Active,Prestige Academy,Undergraduate,Accounting,78767,2024/2025
SCH-000490,Naserian Juma,93792514,,NULL,1970-10-02,Female,Turkana,Turkana East,Lokichar,,18 Sep 2025,Inactive,Maranda High School,Undergraduate,Engineering,251983,2025/2026
SCH-000491,Kagwiria Naliaka Macharia,NULL,076142527,kagwiria.macharia@hotmail.com,1974-02-24,Male,Kilifi,Kilifi North,Tezo,"House 65, Lenana Avenue, Kiambu",14-08-2022,Pending,Eldoret National Polytechnic,Undergraduate,Journalism,255773,2024/2025
SCH-000492,Timothy Martha Anyango, 31161881,076980333,timothy.anyango@yahoo.com,NULL,Female,Bungoma,Kimilili,NULL,"House 45, Kasarani Drive, Likoni",18 Dec 2023,Inactive,,Diploma,Journalism,289256,2025/2026
SCH-000493,Michael Ali,84036002,011932878,michael.ali@gmail.com,1972-04-15,Male,Kiambu,Kiambu,Ndumberi,"Plot 240, Lane 12, Thika",06-Feb-2022,Active,Mount Kenya University,Certificate,Engineering,245975,2025/2026
SCH-000494,Leah Odkiambo,53-225-813,254 117 280 70,leah.odhiambo@outlook.com,1976-06-22,Female,Mombasa,Nyali,Ziwa la Ng'ombe,"Plot 88, Lane 1, Outering",06-Apr-2023,Pending,Green Garden Academy,Postgraduate,Social Work,148969,2024/2025
SCH-000495,Benjamin John Mcharo,99446929,078876714,benjamin.mcharo@hotmail.com,1984-07-13,Female,Kiambu,Lari,Kijabe,"Plot 93, Lane 13, Limuru",06-Jan-23,Inactive,Kenya Methodist University,Postgraduate,Social Work,153879,2025/2026
SCH-000496,Edward Kipngetich,71222108,076426266,ekipngetich@yahoo.com,07-01-1990,Male,Kiambu,Lari,Kinale,"Plot 104, Ln 4, Kenyatta",20-Mar-25,Active,Mang'u High School,DIPLOMA,Architecture,379775,2022- 2023
SCH-000497,Alexander  Mwakideu,52097153,077846866,alexander.mwakideu@outlook.com,1976-02-23,Female,Kiambu,Kiambu,Ndumberi,"Plot 469, Lane 8, Kilimani",25/04/2023,Active,Strathmore University,Postgraduate,Civil Engineering,216277,2024/2025
SCH-000498,Kipkoech Nahum Kipchirchir,15043991,079431619,k.kipchirchir@gmail.com,1989-11-05,F,Nakuru,Kuresoi North,Nyota,"Plot 400, Lane 6, Karen",2023-11-06,inactive,Maseno School,SECONDARY,Education,167502,2022–2023
SCH-000499,Syokau Kipchirchir,46834775,078777093,syokau.kipchirchir@gmail.com,,Male,Kiambu,Lari,Kinale,"Plot 398, Lane 8, River Road",24/11/2022,N/A,Eldoret National Polytechnic,NULL,Social Work,78465,2024/2025
SCH-000500,Ezekiel Agnes Mwangi,96244314,074775133,ezekiel.mwangi@hotmail.com,1991-11-21,Male,Kakamega,Matungu,Kholera,"Plot 464, Lane 5, Karen",2024-02-05,Active,Moi High School Kabarak,Postgraduate,Agriculture,296526,2024/2025
SCH-000501,Rose Koech,93195478,010681576,rose.koech@gmail.com,1984-03-22,Female,Nairobi,Dagoretti South,Waithaka,"House 102, Kiambu Street, Limuru",12/09/2025,Pending,Mount Kenya University,Certificate,Architecture,274463,2024/2025
SCH-000502,Rebecca Nduku Wairimu,86963274,010834015,rebecca.wairimu@yahoo.com,1955-05-06,Female,Nairobi,Kibra,Makina,"Plot 28, Lane 13, Thika",09-09-2024,Pending,Coast Institute of Technology,Undergraduate,Nursing,162078,2023/2024
SCH-000503,Khaemba Naomi Langat, 36281402,010744118,khaemba.langat@yahoo.com,1992-08-16,Male,Kakamega,Shinyalu,N/A,"Plot 177, Lane 16, Kilimani",08/02/2023,Pending,Maseno School,Diploma,Medicine,357573,2025/2026
SCH-000504,Kioko Musalia,83 568 190,070135245,kioko.musalia@hotmail.com,1986-09-20,Female,Bungoma,Sirisia,Lwandanyi,"House 397, River Road Road, Garden Estate",2022-02-19,Pending,Rift Valley Institute,Postgraduate,Computer Science,418639,2025/2026
SCH-000505,Peace Kipsang,41737742,011167961,peace.kipsang@yahoo.com,2004-05-09,Male,Uasin Gishu,Kapseret,Simat/Kapseret,"House 187, Tom Mboya Street, Parklands",03-10-2022,Active,Moi University,Certificate,Law,387604,2025/2026
SCH-000506,Kioko Karanja,58052871,070374296,kioko.karanja@gmail.com,1961-05-07,Male,Kisumu,Nyakach,West Nyakach,"House 412, Moi Avenue Road, Mugumo",2025-07-04,Inactive,Lenana School,Diploma,Journalism,264488,2025/2026
SCH-000507,Daniel Kiprono,24790853,011804768,daniel.kiprono@outlook.com,1998-05-28,Female,NULL,N/A,Mweiga,"Plot 351, Lane 10, Thika",NULL,Inactive,Maseno University,Diploma,Business,116795,2025/2026
SCH-000508,Benjamin Chepkirui,19576043,078109107,benjamin.chepkirui@gmail.com,2006-04-26,Female,Mombasa,Changamwe,Airport,"Plot 52, Lane 5, Kitisuru",09 Oct 2025,Inactive,Kabianga High School,Secondary,Information Technology,417029,2023/2024
SCH-000509,Caroline Mutinda Rotich,68955335,079496617,caroline.rotich@gmail.com,1964-04-23,Female,Mombasa,Jomvu,Mikindani,"Plot 123, Lane 18, Langata",24-Mar-24,Active,Eldoret National Polytechnic,Diploma,Economics,269664,2024/2025
SCH-000510,Adoyo Mutisya,30678826,073527347,adoyo.mutisya@gmail.com,1970-10-07,Female,Kiambu,Kikuyu,Nachu,"Plot 381, Lane 9, Kiambu Road",23/11/2023,Pending,St. Joseph's School,Certificate,Information Technology,267283,2024/2025
SCH-000511,Ondieki Wambui Okello,69082766,079946951,ondieki.okello@gmail.com,1985-05-21,Male,Kiambu,Kikuyu,Sigona,"Plot 203, Lane 5, Kileleshwa",27-05-2024,Pending,Maseno School,Certificate,Medicine,192345,2024/2025
SCH-000512,Achieng Opiyo Githinji,5829-4486,079418132,achieng_githinji@hotmail.com,03/23/1989,Female,Turkana,Turkana West,Letea,Plot 265 Lane 5 Kiambu,20250525,NULL,,UNDERGRADUATE,Medicine,488826,2025 /2026
SCH-000513,Kevin Nbawire,61911006,077884407,kevin.nabwire@gmail.com,1974-11-15,Female,Mombasa,Jomvu,Miritini,"Plot 115, Lane 6, Lenana",27/01/2024,Active,Kenya High School,Diploma,Civil Engineering,167086,2025/2026
SCH-000514,Anthony Mercy Musila,43452427,077856748,anthony.musila@gmail.com,1969-03-05,Female,Nakuru,Rongai,Solai,"Plot 223, Lane 7, Westlands",13/08/2023,Inactive,Kabianga High School,Secondary,Education,428856,2022/2023
SCH-000515,Kiprop Gitonga,6519-2060,073971111,kiprop.gitonga@gmail.com,1969-02-15,Male,Kiambu,Kikuyu,Kikuyu,"Plot 203, Lane 8, Argwings Kodhek",08-Mar-2025,Pending,JKUAT,Undergraduate,Public Health,257566,2025/2026
SCH-000516,Micah NdungeKipsang,67009139,074496261,micah.ndunge@hotmail.com,1976-12-18,Female,Nairobi,Dagoretti South,Uthiru,"House 355, Likoni Drive, Mugumo",23-09-2024,Pending,Kenyatta University,Diploma,Civil Engineering,352393,2023/2024
SCH-000517,Omondi Kevin Munyao,63703403,072154167,omondi.munyao@hotmail.com,1993-03-16,Female,Nairobi,Dagoretti South,Uthiru,"Plot 241, Lane 1, Uhuru",19/03/2024,Active,Maseno School,Postgraduate,Law,398069,2025/2026
SCH-000518,Kipkemoi Mutinda,91989541,076640030,kipkemoi.mutinda@gmail.com,1960-03-16,Male,Kakamega,Mumias East,Lusheya/Lubinu,"Plot 186, Lane 17, Ngong Road",08/08/2023,Inactive,Kabianga High School,Diploma,Accounting,432247,2022/2023
SCH-000519,Florence Kiprotich,23346779,075166582,florence.kiprotich@outlook.com,1972-07-27,Female,Meru,Buuri,Kibirichia,"Plot 251, Lane 19, Thika Superhighway",22-Mar-2025,Pending,Maranda High School,Secondary,Information Technology,160744,2022/2023
SCH-000520,Ann Mark Jebet,15971136,075218896,ann.jebet@gmail.com,2000-01-08,Male,Kilifi,Ganze,Sokoke,"Plot 161, Lane 5, Likoni",2022-05-15,Pending,Kenyatta University,Certificate,Economics,238858,2022/2023
SCH-000521,Aoko Kerubo Matoke,55990212,077574886,aoko.matoke@gmail.com,1981-10-05,Female,Machakos,Kathiani,Upper Kaewa/Iveti,"Plot 212, Lane 17, Langata",2024-10-11,Pending,Eldoret National Polytechnic,Undergraduate,Computer Science,110459,2023/2024
SCH-000522,Kwamboka Nokun Awino,52951801,011656164,kwamboka.awino@gmail.com,1997-04-19,Male,Machakos,Kathiani,Kathiani Central,"Plot 403, Lane 6, River Road",2023-09-07,Active,Green Garden Academy,Certificate,Social Work,269843,2023/2024
SCH-000523,Margaret Mwirigi,75796428,075677144,margaret.mwirigi@gmail.com,2003-06-16,Male,Bomet,Chepalungu,Nyongores,"Plot 284, Lane 17, Kiambu",23/12/2023,Inactive,Maseno School,Secondary,Accounting,178192,2025/2026
SCH-000524,Kathure Bett,35966874,073240343,kathure.bett@gmail.com,1975-12-18,Female,Nairobi,Dagoretti North,Kileleshwa,"House 172, Mombasa Road Avenue, Karen",24-Aug-24,Active,JKUAT,Diploma,Law,423009,2025/2026
SCH-000525,Zechariah Ojwng,46790628,079314782,zechariah.ojwang@gmail.com,1987-12-17,Male,MOMBASA,Likoni,Shika Adabu,"Plot 75, Lane 9, Ruaraka",11/06/2025,Pending,Maseno University,Postgraduate,Public Health,293317,2022/2023
SCH-000526,Allan Mutisya,29352405,078220326,allan.mutisya@gmail.com,1985-10-17,Female,NYERI,Othaya,Iria-ini,"House 419, Kilimani Avenue, Athi River",09/02/2025,Pending,Moi University,Secondary,Information Technology,344963,2024/2025
SCH-000527,Onyango Kihika,23330923,011106454,onyango.kihika@gmail.com,1983-08-12,Male,Nairobi,Westlands,Kitisuru,"Plot 283, Lane 10, Mombasa Road",08-Feb-2024,Active,St. Joseph's School,Undergraduate,Journalism,139790,2023/2024
SCH-000528,Momanyi Onsongo,43823840,078951881,momanyi.onsongo@outlook.com,1984-12-05,Female,Nakuru,Bahati,Kabatini,"Plot 425, Lane 15, Garden Estate",2024-09-06,Inactive,Maseno School,Postgraduate,Accounting,314685,2022/2023
SCH-000529,Catherine Naipanoi Omondi,94989716,010476435,catherine.omondi@hotmail.com,1959-10-07,Male,Nakuru County,Molo,Turi,"House 364, Kiambu Road Street, Kikuyu",05/05/2023,Inactive,Maranda High School,Postgraduate,Social Work,163196,2024/2025
SCH-000530,Wairimu Wandea,30814233,074736588,wairimu.wandera@gmail.com,1981-02-16,Female,Mombasa,Kisauni,Mwakirunge,"House 3, Kangundo Road, Kiambu Road",02/13/2023,Active,Kabianga High School,Secondary,Social Work,279768,2024/2025
SCH-000531,Beatrice Cheepkorir,30528733,010376419,beatrice.chepkorir@yahoo.com,1967-08-13,Male,Kisumu,Nyando,Awasi/Onjiko,"House 332, River Road Road, Ngong",06-09-2024,Pending,Moi University,Postgraduate,Civil Engineering,217241,2024/2025
SCH-000532,Silas Ndung,30502761,+25411531764,s.ndunge@yahoo.com,1975-07-24,F,Mombasa,Jomvu,Miritini,"house 337, westlands street, ngong road",23 Jan 2025,Inactive,Prestige Academy,CERTIFICATE,Social Work,168984,2025- 2026
SCH-000533,Philemon Jepkoech Ali,86938012,011512945,philemon.ali@outlook.com,1974-05-26,Female,Turkana,N/A,Turkwel,"Plot 57, Lane 4, Tom Mboya",16-Jul-2025,Pending,Mang'u High School,Postgraduate,Engineering,273507,2025/2026
SCH-000534,Muthoka Wamalva,90824141,073960777,muthoka.wamalwa@gmail.com,1988-02-22,Male,Bomet,Konoin,Boito,"Plot 325, Lane 14, Thika Superhighway",24/03/2023,Active,NULL,Secondary,Social Work,330685,2022/2023
SCH-000535,Jebiwott Awiti,61599700,070862080,jebiwott.awiti@yahoo.com,1989-03-19,Male,Kiambu,Ruiru,Kahawa Wendani,"Plot 440, Lane 14, Kikuyu",27-Apr-22,Active,Kenya Methodist University,Diploma,Nursing,222746,2024/2025
SCH-000536,"Osebe, Peter",17264306,011418844,peter.osebe@gmail.com,1988-12-16,Male,Nakuru,Bahati,Kabatini,"House 377, Karen Avenue, Ngong",06-13-2023,Active,Mount Kenya University,Diploma,Architecture,222672,2022/2023
SCH-000537,Cynthia Mwikali,97146005,+254 751 435 66,cynthia.mwikali@outlook.com,2001-07-02,Male,Mombasa,Nyali,Frere Town,"House 418, Garden Estate Drive, Langata",03/03/2023,Active,Strathmore University,Diploma,Social Work,251119,2024/2025
SCH-000538,Chepkorir Kaloki,52550453,074400322,kaloki.chepkorir@hotmail.com,1992-12-18,Male,Machakos,Matungulu,Matungulu East,"House 196, Parklands Street, Karen",20240907,Active,Mount Kenya University,Undergraduate,Law,191348,2022/2023
SCH-000539,Anna Musyoka,60524625,011110016,anna.musyoka@hotmail.com,1959-05-08,Male,Kiambu,Kiambu,,,2022-11-06,Pending,Rift Valley Institute,Undergraduate,Public Health,131176,2025/2026
SCH-000540,Kwamboka Sarah Muriuki,71533194,011189026,kwamboka.muriuki@yahoo.com,1985-07-03,Male,Uasin Gishu,Soy,Segero/Barsombe,"House 275, Kiambu Drive, Lavington",2024-11-26,Inactive,Maseno University,Undergraduate,Accounting,163469,2025/2026
SCH-000541,Naliaka David Mwinyi,31992370,011566254,naliaka.mwinyi@outlook.com,1977-09-26,Female,Turkana,Turkana Central,Kalokol,"Plot 221, Lane 10, Kiambu Road",07/10/2023,Active,University of Nairobi,Certificate,Architecture,209729,2022/2023
SCH-000542,Joshua Alexander Mwirigi,55349245,070704876,joshua.mwirigi@outlook.com,1998-08-21,Male,Nakuru,Kuresoi North,Kamara,"House 447, Thika Road, Ruiru",20251006,Pending,Strathmore University,Certificate,Education,323583,2022/2023
SCH-000543,Kamau John Lenguro,59642867,011778289,kamau.lenguro@yahoo.com,1986-10-05,Female,Machakos,Masinga,Muthesya,"House 414, Kikuyu Drive, Kiambu",09-07-2022,Inactive,Coast Institute of Technology,Secondary,Agriculture,178814,2025/2026
SCH-000544,Irene Mirigi,55161836,011293697,irene.mwirigi@gmail.com,1976-05-18,Male,Machakos,Kangundo,Kangundo West,"Plot 29, Lane 18, Mugumo",23-Nov-2025,Inactive,Strathmore University,Diploma,Accounting,238276,2022/2023
SCH-000545,Sophia Kiprop Owuor,10991502,073998714,sophia.owuor@hotmail.com,1990-10-21,Female,Machakos,Yatta,Kithimani,"Plot 325, Lane 9, Uhuru",2024-03-30,Pending,Kabianga High School,Undergraduate,Engineering,187085,2024/2025
SCH-000546,Chepkirui Rose Jepkorir,72878778,076722033,chepkirui.jepkorir@outlook.com,1990-03-27,Female,Kakamega,Butere,Marama South,"House 461, Tom Mboya Drive, Kitisuru",03-29-2024,Pending,Moi High School Kabarak,Certificate,Social Work,135516,2022/2023
SCH-000547,Nabea Kihika,56553684,072356381,nabea.kihika@gmail.com,1992-12-24,Female,Nairobi,Dagoretti South,Mutuini,"Plot 258, Lane 2, River Road",08/01/2022,Pending,Kabianga High School,Certificate,Accounting,174850,2025/2026
SCH-000548,Mokua Mcharo,16954628,073407153,mokua.mcharo@hotmail.com,1988-01-05,Male,Kilifi,Malindi,Malindi Town,"House 5, Tom Mboya Drive, Garden Estate",19/09/2023,Pending,Kenya High School,Certificate,Engineering,241062,2022/2023
SCH-000549,Kanampiu Nasimiy,21281365,+254 712-103-65,kanampiu.nasimiyu@gmail.com,1990-05-19,Male,Nakuru,Kuresoi South,Keringet,"House 273, Parklands Street, Garden Estate",08-Sep-24,Inactive,Rift Valley Institute,Diploma,Business,201289,2024/2025
SCH-000550,Alice Atieno Onsongo,30-981-102,011119815,alice.onsongo@gmail.com,N/A,Female,Nyeri,Kieni,Mweiga,"House 225, Thika Road, Limuru",02/25/2024,,Alliance High School,Certificate,Public Health,265312,2022/2023
SCH-000551,Simon Ngeno,43005188,079990979,simon.ngeno@hotmail.com,1978-03-03,Male,Nakuru,Nakuru Town West,Kaptembwo,"Plot 199, Lane 16, Kiambu",2024-12-26,Pending,Maranda High School,Diploma,Civil Engineering,125923,2022/2023
SCH-000552,Gitobu Mulwa Kenga,17924926,074120292,gitobu.kenga@gmail.com,1954-08-20,Female,Kiambu,Lari,Kinale,"House 180, Mugumo Street, Likoni",07/01/2025,Pending,Kenya Methodist University,Certificate,Civil Engineering,190317,2024/2025
SCH-000553,Eunice Jepkoech Muthama,15276122,074977382,NULL,1984-07-13,Female,Kiambu,NULL,Limuru Central,"Plot 362, Lane 4, Ngong",20250616,Inactive,Moi University,Diploma,Law,214968,2023/2024
SCH-000554,Margaret Mrugo,46079842,0794-489-65,margaret.mugo@gmail.com,1960-04-28,Male,TRANS NZOIA,Kwanza,Kapomboi,"House 112, Lenana Road, Ruaraka",07-Apr-22,Pending,Eldoret National Polytechnic,Undergraduate,Architecture,211399,2024/2025
SCH-000555,Githinji Mutwiri Mogaka,41635154,010791655,githinji.mogaka@gmail.com,1971-06-03,Female,Kiambu,Githunguri,Githiga,"Plot 39, Lane 14, Jogoo",06/10/2025,Active,Kabianga High School,Certificate,Computer Science,84603,2023/2024
SCH-000556,Patrick Kiprotich Macharia,88619356,074704375,patrick.macharia@gmail.com,1975-11-03,Female,Bomet,Konoin,Embomos,"Plot 385, Lane 16, Thika Superhighway",2024-05-26,Active,Maseno University,Postgraduate,Education,179539,2022/2023
SCH-000557,Kagwiria Adoyo Leshan,12429893,NULL,kagwiria.leshan@outlook.com,1990-10-04,Male,Bomet,,Embomos,"Plot 205, Lane 14, Athi River",27-Apr-24,NULL,Prestige Academy,Secondary,Agriculture,121258,2024/2025
SCH-000558,Rachel Mutune,66934872,072425808,rachel.mutune@outlook.com,1980-09-17,Female,Meru,Buuri,Ruiri/Rwarera,"House 480, River Road Street, Kikuyu",20-03-2024,Active,Prestige Academy,Postgraduate,Information Technology,188321,2023/2024
SCH-000559,Ongeri Kanampiu,72081735,+25411898625,ongeri.kanampiu@outlook.com,2002-01-28,Male,Nairobi,Westlands,Kangemi,"House 335, Ngong Drive, Limuru",23/03/2023,Inactive,Strathmore University,Undergraduate,Business,252058,2024/2025
SCH-000560,Masinde Omondi,69765283,077594392,masinde.omondi@gmail.com,1975-05-19,Male,Kilifi,Rabai,Mwawesa,"House 53, Ngong Road Drive, Mugumo",2025-10-07,Pending,Kenya Methodist University,Certificate,Computer Science,430466,2025/2026
SCH-000561,Daniel Kagwiria Langat,66716313,076434078,daniel.langat@gmail.com,1971-07-09,Male,Nakuru,Rongai,Menengai West,"House 298, Uhuru Road, Jogoo",29-Feb-24,Inactive,Mang'u High School,Undergraduate,Computer Science,138359,2025/2026
SCH-000562,Sarah Kamotho,94271736,076561275,sarah.kamotho@yahoo.com,1981-11-16,Female,Nyeri,Tetu,Wamagana,"Plot 231, Lane 2, Limuru",20230220,Pending,Egerton University,Postgraduate,Social Work,323874,2023/2024
SCH-000563,Mukhwana Nicholas Gikonyo,91082703,073704849,mukhwana84@gmail.com,19601128,MALE,Mombasa,Changamwe,Chaani,"Plot 4, Ln 11, Jogoo",09-Oct-24,Inactive,Rift Valley Institute,CERTIFICATE,Computer Science,323118,2022 / 2023
SCH-000564,Agnes Mohamed,52881821,078222235,agnes.mohamed@gmail.com,1983-12-16,Female,Kisumu,Nyando,East Kano/Wawidhi,"House 378, Ngong Road Street, Kikuyu",2022-05-12,Inactive,Maseno School,Certificate,Business,408406,2023/2024
SCH-000565,David Kilonzo,,075358907,david.kilonzo@gmail.com,1985-11-19,Female,Bungoma,Kabuchai,Bwake/Luuya,"House 205, Limuru Road, Tom Mboya",05/12/2024,Inactive,Maseno University,Postgraduate,Accounting,358432,2025/2026
SCH-000566,Agnes Kamau,94856640,011200717,agnes.kamau@gmail.com,1984-11-04,Female,Kilifi,Rabai,Rabai/Kisurutini,"Plot 112, Lane 19, Ruiru",19-04-2022,Inactive,Maseno School,Secondary,Law,334641,2025/2026
SCH-000567,Ondieki Moroa,12880851,075998792,ondieki.mworoa@gmail.com,1992-07-22,Male,Nakuru,Kuresoi South,Tinet,"House 379, Ngong Street, Ngong",20230112,Inactive,Prestige Academy,Undergraduate,Computer Science,249188,2023/2024
SCH-000568,Mworoa Timothy Wanyoike,69463339,073456731,mworoa.wanyoike@yahoo.com,1977-04-24,Female,Machakos,Yatta,Ikombe,"Plot 387, Lane 15, Lenana",20/04/2022,Inactive,Maseno University,Secondary,Architecture,165397,2024/2025
SCH-000569,Mumo Korir,87470671,076574065,mumo.korir@hotmail.com,1975-08-04,Female,Meru,South Imenti,Abogeta East,"Plot 131, Lane 16, Kikuyu",20 Mar 2022,Active,Mount Kenya University,Secondary,Accounting,279849,2025/2026
SCH-000570,Anyango Masinde,85085833,076307513,anyango.masinde@gmail.com,1986-01-26,Female,Bungoma,Webuye East,Maraka,"House 147, Ruaraka Street, Mombasa Road",26/07/2025,Pending,Starehe Boys Centre,Postgraduate,Accounting,325635,2023/2024
SCH-000571,Muthoni Sarah Kipkorir,40158481,070821627,muthoni.kipkorir@gmail.com,1972-05-03,Female,Nairobi,Kasarani,Njiru,"Plot 76, Lane 13, Waiyaki",2025-03-10,Pending,Maseno School,Secondary,Social Work,192117,2024/2025
SCH-000572,Ombati Munyao,41971752,073170475,ombati.munyao@gmail.com,1973-04-23,Female,Kisumu,Muhoroni,Masogo/Nyang'oma,"Plot 398, Lane 2, River Road",07 Jul 2024,Inactive,Kabianga High School,Secondary,Medicine,296271,2023/2024
SCH-000573,Victor Joseph Otieno,32-712-561,078298485,victor.otieno@outlook.com,1988-05-01,Male,Kilifi,Kilifi South,Mwarakaya,"Plot 377, Lane 3, Thika Superhighway",06/10/2025,Inactive,Moi High School Kabarak,Certificate,Computer Science,412782,2023/2024
SCH-000574,Amos Kihika,31034531,070763505,amos.kihika@outlook.com,1990-10-18,Female,Nairobi,Kasarani,Mwiki,"House 124, Argwings Kodhek Avenue, Langata",13/01/2022,Inactive,Lenana School,Postgraduate,Information Technology,72552,2022/2023
SCH-000575,Andrew Syokau Musyoka,10455925,078443555,andrew.musyoka@gmail.com,1969-12-14,Male,BUNGOMA,KANDUYI,MARAKARU/TUUTI,"House 157, Langata Drive, Kangundo",02/18/2023,Inactive,Maseno University,Certificate,Social Work,230068,2022/2023
SCH-000576,Nanjala Miti,71985395,075765432,nanjalamitei@outlook.com,,Female,Kakamega,N/A,Marama West,"PLOT 20, LANE 18, RUIRU",16-Feb-2022,ACTIVE,Kabianga High School,UNDERGRADUATE,Agriculture,438356,2022-2023
SCH-000577,Alice Mercy Musyoka,21409636,074361673,alice.musyoka@gmail.com,1990-08-03,Female,Nairobi,Kibra,Laini Saba,"Plot 174, Lane 11, Waiyaki",22-Jun-2024,Inactive,Maseno School,Secondary,Accounting,267582,2023/2024
SCH-000578,Gichuru Okelloo,76703346,078768075,gichuru.okello@outlook.com,1992-05-14,Male,Trans Nzoia,Saboti,Machewa,"House 338, Waiyaki Drive, Parklands",18/04/2025,Active,Moi University,Certificate,Social Work,223012,2024/2025
SCH-000579,Wanjiru Girchuru,17334310,010917126,wgichuru@gmail.com,1989-12-03,female,Meru,Tigania East,Thangatha,"Plot 146, Lane 7, Kitisuru",2024-05-21,Active,Maseno University,POSTGRADUATE,Computer Science,177417,2022–2023
SCH-000580,Munyao Okello Kinyua,52524395,254 767 121 57,munyao.kinyua@gmail.com,1968-06-24,Male,Machakos,Matungulu,Matungulu West,"House 7, Lenana Street, Westlands",07-Aug-22,Inactive,Lenana School,Secondary,Law,273957,2025/2026
SCH-000581,Muriuki Achieng Owuor,84711718,+254 738 571 31,muriuki.owuor@outlook.com,1964-07-02,Male,Meru,Tigania West,Kianjai,"House 480, River Road Road, Ngong",22-Feb-25,Inactive,Kenyatta University,Certificate,Medicine,294436,2025/2026
SCH-000582,Jebiwott Kemei,46799123,074332559,jebiwott.kemei@gmail.com,2003-08-18,Female,Bungoma,Webuye East,Ndivisi,"House 212, Garden Estate Avenue, Kangundo",11-30-2024,Active,Kabianga High School,Postgraduate,Public Health,266768,2025/2026
SCH-000583,Gilbert Wangari,40198707 ,076411367,gilbert.wangari@gmail.com,1957-05-19,Female,Machakos,Kathiani,Mitaboni,"Plot 335, Lane 6, Kileleshwa",23-Oct-25,Inactive,University of Nairobi,Secondary,Education,200128,2022/2023
SCH-000584,Gakunyi Mwakisha,68719406,010397007,gakunyi.mwakisha@outlook.com,NULL,Female,Kilifi,Kilifi North,Tezo,"Plot 54, Lane 20, Likoni",01-06-2022,Active,Strathmore University,Postgraduate,Engineering,270366,2022/2023
SCH-000585,Onyango Bay,17773636,072447398,onyango.baya@hotmail.com,N/A,Male,Machakos,Matungulu,Kyeleni,"Plot 304, Lane 1, Juja",23/05/2022,Pending,Mount Kenya University,Diploma,Medicine,211956,2023/2024
SCH-000586,Sarah Naliaka,57576607,071150051,sarah.naliaka@outlook.com,1966-10-24,Male,NAIROBI,Dagoretti South,Ngando,"Plot 180, Lane 19, Langata",06/01/2024,Active,Maseno University,Postgraduate,Nursing,281964,2023/2024
SCH-000587,Beatrice Barnabas Mcharo,82568847,073481829,beatrice.mcharo@yahoo.com,1985-05-09,Female,Mombasa,Mvita,Tononoka,"House 358, Kileleshwa Street, Thika",09-Aug-23,Active,University of Nairobi,Postgraduate,Civil Engineering,168587,2022/2023
SCH-000588,Ochieng Mulandi,47532758,071217588,ochieng.mulandi@yahoo.com,1975-07-23,Male,Nairobi,Lang'ata,Nyayo Highrise,"House 243, Limuru Drive, Parklands",08/08/2025,Inactive,Strathmore University,Postgraduate,Social Work,379274,2024/2025
SCH-000589,Achieng Nyyambane,22913709,076359338,achieng.nyambane@hotmail.com,1970-09-09,Female,Kisumu,Nyando,East Kano/Wawidhi,"Plot 315, Lane 20, Ngong",20241228,Active,Moi University,Secondary,Medicine,176966,2025/2026
SCH-000590,Awiti Mutiri,96251321,072529391,awiti.mutwiri@outlook.com,1997-02-19,Female,Nairobi,Lang'ata,South C,"Plot 406, Lane 15, Kikuyu",2025-12-18,Active,St. Joseph's School,Certificate,Economics,165533,2025/2026
SCH-000591,Catherine Wabomba,50 495 382,078987804,catherine.wabomba@gmail.com,1973-01-06,Male,Kisumu,Kisumu Central,Shauri Moyo,"House 207, River Road Drive, Thika Superhighway",04-Jan-25,Pending,University of Nairobi,Certificate,Computer Science,366548,2023/2024
SCH-000592,Mwania Nduneg,87083341,NULL,mwania.ndunge@outlook.com,2004-01-28,Female,Uasin Gishu,,NULL,"House 217, Langata Drive, Ruiru",2024-08-22,Inactive,University of Nairobi,Postgraduate,Computer Science,411947,2025/2026
SCH-000593,Teresa Odhiambo Korir,50553589,076529097,teresa.korir@gmail.com,1978-04-05,Female,Nakuru,Molo,Turi,"Plot 132, Lane 1, Kangundo",07/04/2022,Active,Maseno University,Certificate,Public Health,200082,2022/2023
SCH-000594,Margaret Githinji,61830999,079213320,margaret.githinji@yahoo.com,1979-07-13,Female,Kakamega,Mumias West,Etenje,"Plot 293, Lane 5, Kikuyu",2024-12-26,Inactive,Maseno University,Secondary,Public Health,127564,2023/2024
SCH-000595,Alexander Chepkirui,95031405,072907848,alexander@gmail.com,1999-06-20,Female,Uasin Gishu,Turbo,Ngenyilel,"House 83, Mugumo Road, Uhuru",2025-04-06,Inactive,Kabianga High School,Undergraduate,Information Technology,326033,2023/2024
SCH-000596,Otieno Wabomba,53 755 508,071245005,otieno.wabomba@hotmail.com,1966-10-16,Male,Turkana,Turkana East,Lokori/Kochodin,"House 248, Waiyaki Road, Langata",20250112,Pending,JKUAT,Diploma,Civil Engineering,97837,2022/2023
SCH-000597,Kipkirui Wanjiku Otieno,35767761,,kipkirui.otieno@yahoo.com,10-Feb-1954,Female,Nakuru,N/A,N/A,"House 390, Moi Avenue Avenue, Thika",2025-04-03,ACTIVE,Strathmore University,CERTIFICATE,Economics,184160,2023 / 2024
SCH-000598,Mulwa Neekesa,80176141,077688437,mulwa.nekesa@outlook.com,1985-01-21,Male,Kiambu,Kiambu,Ndumberi,"House 454, Athi River Street, Kileleshwa",17-09-2025,Inactive,Strathmore University,Secondary,Education,246410,2024/2025
SCH-000599,Adhiambo Nafula Ndunge,13083690,079955418,adhiambo.ndunge@gmail.com,1985-07-24,Female,Kiambu,Limuru,Ndeiya,"Plot 375, Lane 2, Kikuyu",01/30/2025,Pending,Maranda High School,,Computer Science,368959,2025/2026
SCH-000600,Gakunyi Jepkorir Mumo,72298589,075279388,gakunyi.mumo@gmail.com,1951-01-24,Male,Nairobi,Kibra,Makina,"Plot 163, Lane 18, Ngong",10-02-2025,Active,St. Joseph's School,Postgraduate,Engineering,144543,2025/2026
SCH-000601,Flora Kipkoech Chepngeno,84523599,071111277,flora.chepngeno@yahoo.com,1982-01-26,Female,Nakuru,Nakuru Town East,Flamingo,"Plot 108, Lane 10, Kangundo",15/04/2024,Inactive,Mang'u High School,Certificate,Architecture,210448,2022/2023
SCH-000602,Nabwire Olela,17366514,078615385,olelanabwire@gmail.com,1978-05-04,female,Nyeri,Kieni,Gatarakwa,"PLOT 476, LANE 14, KITISURU",2025-07-29,INACTIVE,Kenya High School,CERTIFICATE,Architecture,188388,2025-2026
SCH-000603,Cherotich Tsuma,33371123,010920958,cherotich.tsuma@gmail.com,1990-01-05,Female,Nakuru,Rongai,Soin,"House 205, Kitisuru Street, Karen",04-Oct-2022,Pending,Kabianga High School,Postgraduate,Journalism,208190,2023/2024
SCH-000604,Alexander Mwamburi,44182277,010999363,alexander.mwamburi@outlook.com,1955-06-21,Male,Meru,Tigania West,Kianjai,"Plot 350, Lane 7, Ruaraka",09-28-2024,Inactive,Prestige Academy,Diploma,Engineering,295712,2023/2024
SCH-000605,Muthoka Kilonzo, 63659879,011420263,muthoka.kilonzo@yahoo.com,1981-02-09,Male,Kilifi,Rabai,Kambe/Ribe,"Plot 432, Lane 15, Langata",04-10-2025,Inactive,Moi University,Secondary,Social Work,95531,2024/2025
SCH-000606,George Mwikali,14721256,076504496,george.mwikali@outlook.com,2002-01-03,Male,Nairobi,Lang'ata,Mugumu-ini,"House 345, Lenana Street, Ruiru",26/09/2024,Pending,Eldoret National Polytechnic,Postgraduate,Nursing,139914,2024/2025
SCH-000607,Amos Mbaka Kibathi,62900471,073155613,amos.kibathi@gmail.com,1962-06-17,Male,Kiambu,Kiambu,Riabai,"House 473, Limuru Street, Kasarani",02-11-2025,Pending,Starehe Boys Centre,Secondary,Engineering,107183,2023/2024
SCH-000608,Nyambura Chepkwony,41127467,011909940,nyambura.chepkwony@outlook.com,1979-08-27,Male,Mombasa,Jomvu,Jomvu Kuu,N/A,N/A,Pending,Maranda High School,Diploma,Medicine,225069,2023/2024
SCH-000609,Faith Koech,16108651,010607018,faith.koech@yahoo.com,1985-06-15,Female,MERU,NULL,MAU/ANTUAMBURI,"House 117, Garden Estate Avenue, Thika Superhighway",2022-06-27,Pending,Maseno University,NULL,Economics,301874,2022/2023
SCH-000610,Joel Timothy Mwania,75425092,011214695,joel.mwania@yahoo.com,1982-09-19,Male,MOMBASA,LIKONI,SHIKA ADABU,"Plot 201, Lane 19, Kilimani",24/01/2024,Inactive,Moi University,Undergraduate,Computer Science,318819,2025/2026
SCH-000611,Rimberia Oar,22-388-317,075993163,rimberia.omar@yahoo.com,1970-09-21,Male,Kakamega,Lugari,Mautuma,"Plot 56, Lane 17, Mugumo",30/07/2023,Active,Kenya Methodist University,Postgraduate,Law,321550,2025/2026
SCH-000612,Rimberia Njuguna,31183862,074247100,rimberia.njuguna@gmail.com,NULL,Female,Turkana,Turkana East,Lokichar,"Plot 200, Lane 17, Ngong",02/12/2023,Pending,Moi University,NULL,Journalism,222875,2024/2025
SCH-000613,Mutheu Awino Rono,19222054,011446476,mutheu.rono@gmail.com,2002-08-06,Female,Nairobi,Dagoretti South,Waithaka,"Plot 195, Lane 12, Ngong",2024-02-06,Pending,Strathmore University,Undergraduate,Journalism,108320,2025/2026
SCH-000614,Sharon Neliaka,12768877,011788685,sharon.naliaka@yahoo.com,1960-05-20,Female,KISUMU,Seme,West Seme,"Plot 385, Lane 17, Langata",04-08-2023,Active,Kenya High School,Secondary,Economics,149870,2022/2023
SCH-000615,Muthuri Nabwire Musalia,65768929,070751226,muthuri.musalia@yahoo.com,1987-06-05,Female,Nyeri,Tetu,Aguthi/Gaaki,"Plot 446, Lane 19, Ruiru",23-10-2024,Active,Lenana School,Certificate,Computer Science,206299,2024/2025
SCH-000616,Mugo Kaimenyi,82592239,072624635,mugo.kaimenyi@outlook.com,1993-10-13,Male,Machakos,Masinga,Muthesya,"Plot 14, Lane 4, Karen",02 Dec 2025,Active,Moi High School Kabarak,Certificate,Economics,279650,2025/2026
SCH-000617,Kipsang Koross,96390959,072428558,kipsang.koross@yahoo.com,1982-02-25,Female,Uasin Gishu,Ainabkoi,Ainabkoi/Olare,"House 372, Tom Mboya Avenue, Thika Superhighway",2025-09-05,Pending,Alliance High School,Secondary,Architecture,296070,2022/2023
SCH-000618,Victor Auma,50205857,010231216,victor.auma@gmail.com,1951-09-20,Male,Machakos,Mavoko,Athi River,"House 70, River Road Street, Outering",18 Mar 2023,Inactive,JKUAT,Certificate,Civil Engineering,388282,2025/2026
SCH-000619,Nashipae Kiprono Wanyonyi,59039768,070877906,nashipae.wanyonyi@outlook.com,1984-03-26,Male,Turkana,Turkana South,Katilu,"Plot 152, Lane 8, Mombasa Road",02-Oct-2024,Active,Strathmore University,Postgraduate,Civil Engineering,246864,2025/2026
SCH-000620,Jacqueline Naliaka,15598844,074870678,jacqueline.naliaka@hotmail.com,1998-10-27,Male,Kiambu,Kikuyu,Kikuyu,"House 359, Kangundo Drive, Likoni",08-Mar-2024,Pending,Eldoret National Polytechnic,Diploma,Public Health,180240,2024/2025
SCH-000621,N. Munyao,17598656,011493610,naipanoi.munyao@hotmail.com,1969-02-22,Female,Kilifi,Malindi,Malindi Town,"Plot 371, Lane 19, Kiambu Road",02-02-2022,Inactive,Strathmore University,Certificate,Architecture,378489,2022/2023
SCH-000622,Kinya Mutua,42292892,079934963,kinya.mutua@outlook.com,1962-01-28,Male,Nairobi,Dagoretti North,Kileleshwa,"House 4, Langata Drive, Mugumo",23 May 2024,Pending,Rift Valley Institute,Secondary,Engineering,106999,2025/2026
SCH-000623,Mutinda MunyaoGilbert,35980604,076413943,mutinda.munyao@gmail.com,1969-02-23,Male,Kiambu,Lari,Kamburu,"Plot 39, Lane 16, Waiyaki",21-07-2025,Pending,Lenana School,Diploma,Education,97587,2023/2024
SCH-000624,Gitonga Awiti Cherono,77571186,070219470,gitonga.cherono@outlook.com,1992-07-02,Female,Nairobi,Kasarani,Kasarani,"House 388, Kiambu Road Avenue, Athi River",03-05-2023,Active,Moi High School Kabarak,Diploma,Information Technology,73386,2024/2025
SCH-000625,Lenguro Ongeri,22425993,074557829,lenguro.ongeri@gmail.com,1969-03-27,Male,Bomet,Konoin,Chepchabs,"House 280, Athi River Avenue, Waiyaki",26/06/2025,,Maranda High School,N/A,Education,431921,2024/2025
SCH-000626,Wamalwa Victor Kaimenyi,2235-8622,25411732984,wamalwa.kaimenyi@hotmail.com,1970-08-16,Male,Machakos,Kangundo,Kangundo Central,"House 50, Ruiru Drive, Karen",23/06/2022,Inactive,Green Garden Academy,Diploma,Agriculture,245264,2024/2025
SCH-000627,Harun Wandera,79946108,010318572,harun.wandera@gmail.com,1968-06-06,Male,NULL,Soy,Kipsomba,"Plot 130, Lane 10, Ruiru",28-11-2022,Active,,Secondary,Agriculture,143733,2023/2024
SCH-000628,Nabea Rose Wamalwa,11101134,073194578,nabea.wamalwa@gmail.com,1976-05-26,Male,Bungoma,Webuye East,Ndivisi,"House 42, Lavington Street, Ngong Road",09-09-2025,Pending,Kenya High School,Postgraduate,Education,241857,2022/2023
SCH-000629,Zechariah Kilonzo,16927312,075874733,zechariah.kilonzo@hotmail.com,1999-07-14,Male,Mombasa,Changamwe,Changamwe,"House 475, Likoni Road, Thika Superhighway",2025-06-01,Active,Maseno University,Undergraduate,Public Health,285372,2022/2023
SCH-000630,Amos Nyambura Wafula,1348-9239,011583807,amos.wafula@gmail.com,1973-01-21,Male,Mombasa,Jomvu,Jomvu Kuu,"House 277, Kileleshwa Road, Karen",25-Jan-2025,Active,Maseno School,Postgraduate,Social Work,369628,2025/2026
SCH-000631,Grace Achieng,28007273,076120801,grace.achieng@gmail.com,1974-01-05,Male,Trans Nzoia,N/A,NULL,NULL,04-09-2023,Inactive,JKUAT,Undergraduate,Civil Engineering,255091,2025/2026
SCH-000632,MUMO GATHONI GICHUKI,92138779,079379825,mumo.gichuki@yahoo.com,1981-04-22,Male,Nairobi,Westlands,Mountain View,"House 434, Thika Avenue, Outering",13/07/2025,Active,Rift Valley Institute,Postgraduate,Social Work,222576,2023/2024
SCH-000633,Nokun Kipkemboi,24875109,072361728,nokun.kipkemboi@yahoo.com,1986-03-28,Male,Nairobi,Kibra,Makina,"House 448, Juja Avenue, Kangundo",15/02/2022,Pending,N/A,Certificate,Accounting,453044,2023/2024
SCH-000634,Edith Naisula Wekesa,39009803,078417003,edith.wekesa@gmail.com,1974-04-03,Male,Kakamega,NULL,Chekalini,"Plot 98, Lane 16, Kiambu",N/A,Pending,Green Garden Academy,Diploma,Business,256289,2024/2025
SCH-000635,Paul Mohamed,90836216,078717141,paul.mohamed@gmail.com,1978-12-09,Female,Uasin Gishu,Turbo,Tapsagoi,"Plot 129, Lane 16, Kilimani",2024-02-15,Active,St. Joseph's School,Undergraduate,Engineering,235799,2023/2024
SCH-000636,Martin Mary Ondieki,34914143,071530846,martin.ondieki@gmail.com,1997-11-09,Female,Meru,Tigania East,Muthara,"House 223, Kitisuru Avenue, Juja",2022-07-09,Pending,Kenyatta University,Certificate,Business,377109,2025/2026
SCH-000637,Diana Philemon Otula,89362594,077490044,diana.otula@hotmail.com,1988-12-09,Male,Nyeri,Kieni,Mwiyogo/Endarasha,"House 480, Parklands Street, Garden Estate",30 Jun 2022,Pending,Prestige Academy,Diploma,Business,143014,2025/2026
SCH-000638,Kamau Opiyo,22358164,075898538,kamau.opiyo@yahoo.com,1991-10-14,Male,Mombasa,N/A,Bofu,"Plot 232, Lane 13, Waiyaki",2025-05-27,Inactive,N/A,Postgraduate,Computer Science,139949,2025/2026
SCH-000639,Kipkemboi Kipsanng,46207497,254 736 114 30,kipsangkipkemboi@hotmail.com,16/09/1990,F,Nairobi,Lang'ata,Karen,"Plot 441, Lane 11, Lenana",22 Dec 2024,Pending,St. Joseph's School,CERTIFICATE,Economics,135238,2024-2025
SCH-000640,E. Kebaso,49320205,075495044,esther.kebaso@hotmail.com,1981-07-08,Female,Kiambu,Kikuyu,Kikuyu,"Plot 457, Lane 14, Kasarani",2023-01-07,Inactive,Maseno School,Certificate,Engineering,238971,2024/2025
SCH-000641,Joseph Ombati,69372702,079411217,joseph.ombati@gmail.com,1980-04-02,Female,,N/A,Kileleshwa,"Plot 384, Lane 11, Likoni",2024-10-22,Active,Egerton University,Secondary,Medicine,406462,2024/2025
SCH-000642,Mogaka Kerubo Kipkorir,89426243,072701568,mogaka.kipkorir@hotmail.com,1972-08-24,Male,Bungoma,Mt. Elgon,Kaptama,"House 246, Thika Superhighway Road, River Road",20220202,Pending,Kenya Methodist University,Diploma,Education,403982,2025/2026
SCH-000643,Githinji Saidimu,51367965,254 768 325 22,githinji.saidimu@hotmail.com,1968-08-09,Male,Nairobi,,Uthiru,"House 155, Ngong Road, Karen",2023-02-09,Pending,Maseno School,Diploma,Medicine,97330,2022/2023
SCH-000644,Wambui Mwwamburi,37383624,076804098,N/A,2001-06-24,Male,Kakamega,NULL,,"Plot 374, Lane 17, Limuru",2025-08-10,Active,Kenya High School,Certificate,Agriculture,241924,2025/2026
SCH-000645,Nabwire Mulandai,25119448,070182432,nabwire.mulandi@gmail.com,1978-08-27,Female,Machakos,Masinga,Ndithini,"House 457, Kitisuru Avenue, Argwings Kodhek",2023-06-05,Pending,Lenana School,Diploma,Social Work,295903,2025/2026
SCH-000646,Florence Khaemba,26-844-326,074935333,florence_khaemba@gmail.com,1992-10-14,M,NYERI,Mathira,Magutu,"house 467, river road drive, kangundo",17/06/2024,pending,Mang'u High School,SECONDARY,Information Technology,403574,2023 /2024
SCH-000647,Wamalwa Bettt,29438930,,wamalwa.bett@gmail.com,N/A,Male,Kiambu,,Githiga,"Plot 376, Lane 17, Mombasa Road",2025-04-24,Active,Maseno School,Postgraduate,Public Health,138366,2022/2023
SCH-000648,Leah Mwiali,76577067,074152113,l.m@gmail.com,1979-04-12,female,Machakos,Kathiani,Upper Kaewa/Iveti,"house 170, langata avenue, kenyatta",10-Jan-25,ACTIVE,,SECONDARY,Journalism,215935,2025–2026
SCH-000649,Nabea Ndegswa,32 723 062,011869911,nabea.ndegwa@gmail.com,1995-01-15,Male,Mombasa,Likoni,Likoni,"House 265, Ruaraka Drive, Argwings Kodhek",05/21/2022,Pending,Green Garden Academy,Certificate,Accounting,266954,2024/2025
SCH-000650,Simon Jekpoech,96643468,078652760,simon.jepkoech@gmail.com,1976-12-20,Female,Machakos,Kathiani,Upper Kaewa/Iveti,"Plot 126, Lane 20, Ruiru",18/08/2023,Pending,Kenya High School,Undergraduate,Architecture,368088,2024/2025
SCH-000651,Kevin Cheruiyot,41387892,0782-663-94,kevin.cheruiyot@gmail.com,1979-10-15,Male,Nairobi,Lang'ata,South C,"Plot 359, Lane 1, Outering",2025-08-29,Active,Maranda High School,Undergraduate,Architecture,136953,2024/2025
SCH-000652,Moraa Wabomba,67742815,077673833,moraa.wabomba@outlook.com,1985-07-14,Male,Meru,Igembe Central,Akachiu,"Plot 205, Lane 3, Argwings Kodhek",2024-10-27,Inactive,Alliance High School,Certificate,Architecture,338780,2025/2026
SCH-000653,Atieno Kipkirui Gichuru,57277284,010262753,atieno.gichuru@gmail.com,1981-12-25,Female,N/A,N/A,NULL,"Plot 396, Lane 8, Athi River",18-Aug-2022,Pending,Maranda High School,Diploma,Medicine,206684,2022/2023
SCH-000654,Wadada Jane,83508869,072215828,jane.wadada@gmail.com,1990-05-20,Female,Meru,North Imenti,Kithirune,"House 295, Argwings Kodhek Road, Kenyatta",2024-11-28,Inactive,Mount Kenya University,Undergraduate,Computer Science,256863,2025/2026
SCH-000655,Nafula Kagendo Kamotho,13269183,077264794,nafula.kamotho@hotmail.com,2004-12-07,Male,Uasin Gishu,Soy,Moi's Bridge,"House 294, Uhuru Street, Kilimani",02-02-2022,Active,Strathmore University,Undergraduate,Public Health,371613,2023/2024
SCH-000656,Isaiah Kagwe,51582456,011464610,isaiah.kagwe@yahoo.com,1984-11-13,Female,Machakos,Mavoko,Syokimau/Mulolongo,"House 476, Thika Superhighway Street, Kangundo",2023-04-25,Active,JKUAT,Secondary,Law,201380,2024/2025
SCH-000657,Awino Jepkoech Kipkorir,91786040,,,03-Dec-97,M,Turkana,Turkana East,Kapedo/Napeitom,"House 141, Kangundo Avenue, Tom Mboya",24-Oct-23,N/A,Coast Institute of Technology,SECONDARY,Agriculture,129189,2022–2023
SCH-000658,Daniel Timothy Opiyo,47110818,075590044,daniel.opiyo@gmail.com,1991-03-23,Female,Bungoma,Sirisia,Malakisi/South Kulisiru,"Plot 199, Lane 8, Outering",27/08/2023,Pending,Kabianga High School,Postgraduate,Nursing,204020,2022/2023
SCH-000659,Wabomba Mumo,86442878,073140559,wabomba.mumo@outlook.com,1968-08-23,Female,Bomet,Bomet East,Kipreres,"Plot 225, Lane 2, Limuru",14 Sep 2022,Inactive,Kenya High School,Undergraduate,Social Work,179082,2023/2024
SCH-000660,Hannah Mwamburai,90611355,076264708,hannah.mwamburi@hotmail.com,1981-12-01,Female,Machakos,Machakos Town,Mutituni,"House 354, Langata Drive, Kikuyu",21-01-2023,Active,Kabianga High School,Postgraduate,Information Technology,206748,2024/2025
SCH-000661,Hope Wamuyu,12673605,011122143,h.wamuyu@gmail.com,2000-06-25,male,Bungoma,Sirisia,Lwandanyi,"plot 108, lane 7, thika superhighway",04-03-2023,Inactive,University of Nairobi,UNDERGRADUATE,Nursing,263208,2023- 2024
SCH-000662,Owuor Knega,86471038,074863112,owuor.kenga@gmail.com,1975-03-13,Male,Kiambu County,Limuru,Ndeiya,"Plot 170, Lane 17, Waiyaki",21-Aug-24,Pending,Kabianga High School,Certificate,Accounting,230685,2025/2026
SCH-000663,Peace Kilonzo,31-369-793,+25472438438,peace.kilonzo@gmail.com,1989-09-23,Female,Machakos,Kathiani,Kathiani Central,"Plot 102, Lane 20, Westlands",30/07/2022,Active,Kenya High School,Diploma,Accounting,90808,2025/2026
SCH-000664,Syokau Brenda Opiyo,82987126,078123300,syokau.opiyo@gmail.com,1972-12-23,Female,Kakamega,Ikolomani,Idakho Central,"Plot 160, Lane 12, Kiambu Road",14-Dec-2024,Inactive,University of Nairobi,Certificate,Business,424372,2023/2024
SCH-000665,Awuor Leshan,64250555,076504747,awuor.leshan@gmail.com,1976-09-12,Male,Kakamega,Mumias West,West Wanga,"Plot 173, Lane 3, Ngong Road",26 Sep 2023,Pending,Moi University,Secondary,Economics,283623,2022/2023
SCH-000666,Kipngetich Mbaka Munyori,50021320,072855082,NULL,N/A,Male,Nairobi,Dagoretti North,Kawangware,"Plot 332, Lane 6, Kilimani",20231031,NULL,Rift Valley Institute,Secondary,Agriculture,113405,2024/2025
SCH-000667,Kamau Anyango Kipkemboi,52502178,011280481,kamau.kipkemboi@gmail.com,1977-10-10,Female,Machakos,Yatta,Ikombe,"House 253, River Road Road, Thika Superhighway",03/29/2025,Pending,Eldoret National Polytechnic,Certificate,Public Health,431160,2023/2024
SCH-000668,Mutua Harun Kipkoech,40676127,0708.723.21,mutua.kipkoech@gmail.com,1968-08-05,Female,Nakuru,Kuresoi South,Keringet,"Plot 68, Lane 16, Kitisuru",30-Nov-2025,Active,Kenya Methodist University,Undergraduate,Information Technology,151377,2023/2024
SCH-000669,Martha Aoyo,83946845,070958430,m.adoyo@yahoo.com,1964-08-27,MALE,Nairobi,Westlands,Mountain View,"Plot 64, Ln 4, Jogoo",06 Apr 2024,INACTIVE,Moi University,UNDERGRADUATE,Civil Engineering,255223,2023 /2024
SCH-000670,Daniel Awuor,36235070,,daniel.awuor@yahoo.com,1971-10-15,Female,Nairobi,Westlands,,"Plot 77, Lane 7, Argwings Kodhek",07/09/2023,,Strathmore University,Secondary,Medicine,219392,2023/2024
SCH-000671,Kinya Kipkirui Rotich,N/A,011565484,kinya.rotich@gmail.com,N/A,Male,NULL,Rongai,Visoi,"House 33, River Road Avenue, Kileleshwa",2022-09-03,Pending,Rift Valley Institute,Postgraduate,Architecture,199560,2024/2025
SCH-000672,Adoyo Thomas Kipsang,77004252,011879638,,1998-05-16,Male,Kilifi,NULL,Kayafungo,,13-Jul-22,Inactive,Moi High School Kabarak,Undergraduate,Business,159771,2023/2024
SCH-000673,Senteu Joshua Koech,23-238-967,074710711,senteu.koech@hotmail.com,1970-04-18,Male,Mombasa,Jomvu,Miritini,"Plot 353, Lane 16, River Road",14-Dec-23,Pending,Coast Institute of Technology,Secondary,Engineering,124653,2025/2026
SCH-000674,Alexander Odhiambo,50248639,077280463,alexander.odhiambo@yahoo.com,1997-03-21,Female,Nairobi,Dagoretti North,Kawangware,"Plot 45, Lane 19, Jogoo",07/17/2023,Active,Moi University,Secondary,Medicine,181367,2023/2024
SCH-000675,Nahum Lubanga,99363234,079714621,nahum.lubanga@hotmail.com,1974-08-13,Male,Kiambu,Lari,Kijabe,"Plot 292, Lane 17, Athi River",2025-07-22,Active,Maranda High School,Secondary,Agriculture,324069,2025/2026
SCH-000676,Awiti Wabomba,,011437004,awiti.wabomba@gmail.com,1975-11-17,Female,Kiambu,Lari,Kamburu,"House 26, Likoni Street, Kiambu",04-09-2022,Pending,Kenya High School,Secondary,Social Work,355961,2024/2025
SCH-000677,Amos Nabea,55728427,071755303,amos.nabea@outlook.com,1978-04-10,Female,Kisumu,Seme,East Seme,"House 29, Lavington Street, Kileleshwa",2024-08-02,Active,Rift Valley Institute,Diploma,Economics,320987,2024/2025
SCH-000678,Vincent Kanampiu,51052630,078472008,vincent.kanampiu@gmail.com,1997-08-18,Female,Nairobi,Dagoretti North,Gatina,"House 354, Kitisuru Avenue, Argwings Kodhek",02-06-2023,Active,Green Garden Academy,Secondary,Education,145410,2022/2023
SCH-000679,Kwamboka Chepngeno,37406375,072967934,kwambokachepngeno@gmail.com,2003-01-01,male,Nairobi,Westlands,Kangemi,NULL,2025-11-05,I,Moi University,SECONDARY,Medicine,272635,2024 /2025
SCH-000680,Haggai Munyori,36869304,073930569,haggai.munyori@outlook.com,1980-07-18,Female,Bungoma,Webuye East,Mihuu,"House 303, Outering Avenue, Jogoo",05/04/2022,Active,Kenyatta University,Undergraduate,Public Health,208524,2022/2023
SCH-000681,Odhiambo Okello Nabea,,011836117,odhiambo.nabea@yahoo.com,1985-08-20,Male,Kakamega,Shinyalu,Isukha West,"Plot 84, Lane 2, Kenyatta",23-09-2025,Active,Prestige Academy,Secondary,Economics,285828,2022/2023
SCH-000682,Kimeu Maingi,91-370-652,075643677,kimeu.maingi@gmail.com,2005-09-22,Female,Uasin Gishu,Soy,NULL,"House 283, Garden Estate Avenue, Argwings Kodhek",13-Jul-2023,Active,N/A,Undergraduate,Business,156722,2022/2023
SCH-000683,Syokau Kivuva,78497889,074453150,syokau.kivuva@outlook.com,1970-10-15,Female,Mombasa,Nyali,Mkomani,"Plot 75, Lane 3, Langata",05/02/2025,Active,,Certificate,Law,148423,2022/2023
SCH-000684,Mutinda Ochieng,22303040,072584133,mutinda_ochieng@hotmail.com,08-10-1995,female,Machakos,Matungulu,Matungulu North,House 310 Kangundo Avenue Kasarani,2022-05-02,active,Kenya Methodist University,UNDERGRADUATE,Social Work,217863,2023 /2024
SCH-000685,Martha Achieng,95094024,074507541,martha.achieng@outlook.com,1984-05-27,Female,Kakamega,Butere,Marama South,"Plot 246, Lane 5, Ngong",02/02/2023,Pending,Maseno University,Postgraduate,Information Technology,312610,2023/2024
SCH-000686,Ronald Faith Omar,53764429,011648616,ronald.omar@gmail.com,1984-03-20,Male,Trans Nzoia,Kwanza,Bidii,"Plot 266, Lane 12, Limuru",2024-07-03,Active,Kenyatta University,Postgraduate,Information Technology,169676,2024/2025
SCH-000687,dennis otula,36135120,070932586,dennis.otula@hotmail.com,1998-09-20,Female,Nakuru,Nakuru Town East,Menengai,"House 60, Uhuru Drive, Outering",20240306,Active,Maseno University,Certificate,Journalism,90031,2024/2025
SCH-000688,Wambugu Kipchumba,50790697,+25477686448,wambugu@gmail.com,09-03-1997,MALE,Nakuru,Gilgil,Gilgil,"Plot 92, Lane 8, Likoni",12-10-2025,INACTIVE,Lenana School,SECONDARY,Social Work,177783,2022- 2023
SCH-000689,"Waithera, Cherono",27506912,071438249,cherono.waithera@hotmail.com,1982-04-02,Female,Nairobi,Dagoretti South,Riruta,"Plot 224, Lane 5, Langata",16-Jun-2023,Active,Moi High School Kabarak,Certificate,Computer Science,187667,2025/2026
SCH-000690,John Kerubo Rimberia,56509909,072225079,john.rimberia@yahoo.com,2003-07-10,Female,Nairobi,Lang'ata,Mugumu-ini,"House 101, Parklands Road, Kiambu",10/05/2023,Pending,Kenya High School,Secondary,Law,386111,2024/2025
SCH-000691,SYOMBUA ANDREW WAIRIMU,87934239,071445139,syombua.wairimu@outlook.com,1988-04-01,Female,Nakuru,Molo,NULL,"Plot 455, Lane 12, Kitisuru",,Pending,Starehe Boys Centre,Undergraduate,Education,70392,2022/2023
SCH-000692,Elijah Nasimiyu,56379398,071760407,NULL,1996-11-23,Female,Meru,Igembe Central,Athiru Gaiti,,10-Dec-2022,Inactive,Maseno University,Certificate,Public Health,142559,2024/2025
SCH-000693,Haggai Mbaka Chepngeno,64130831,077350895,haggai74@outlook.com,1962-09-19,FEMALE,Bungoma,Sirisia,Namwela,"House 208, Kenyatta Rd, Ruiru",04/02/2025,I,Rift Valley Institute,DIPLOMA,Law,132204,2022 / 2023
SCH-000694,Gichuru Sarah Kiprop,53246230,011844460,gichuru.kiprop@gmail.com,1997-03-02,Male,Nairobi,Dagoretti North,Kilimani,"Plot 24, Lane 13, Garden Estate",09-29-2022,Inactive,Kenya High School,Diploma,Nursing,133458,2023/2024
SCH-000695,Ezekiel Wamuyu,19068973,070257476,ezekiel.wamuyu@hotmail.com,1968-10-11,Male,Kilifi,Rabai,Kambe/Ribe,"Plot 80, Lane 15, Ruiru",2023-08-16,Inactive,Strathmore University,Secondary,Social Work,114140,2022/2023
SCH-000696,Lydia Malachi Kebaso,6975-0285,079703717,lydia.kebaso@gmail.com,2004-02-10,Female,Nairobi,Westlands,Parklands,"House 421, Argwings Kodhek Drive, Limuru",2023-11-29,Active,Starehe Boys Centre,Diploma,Social Work,191023,2022/2023
SCH-000697,Ondieki Simiyu Gichuru,67054128,079948684,ondieki_gichuru@yahoo.com,1964-04-02,F,Nairobi,Dagoretti South,Mutuini,Plot369Lane18Kangundo,23/12/2025,Active,Maseno University,CERTIFICATE,Architecture,393572,2025-2026
SCH-000698,Wafula Ormondi,89984645,070103485,wafula.omondi@outlook.com,1988-02-28,Male,Nairobi,Kasarani,Njiru,"House 325, Moi Avenue Drive, Kiambu",08/04/2024,Active,Coast Institute of Technology,Undergraduate,Nursing,101160,2023/2024
SCH-000699,Kevin Sigei,36103070,070926219,kevin.sigei@gmail.com,20-Aug-1985,Male,Bungoma,Kabuchai,Kabuchai/Chwele,"House 88, Juja Drive, Mugumo",2022-01-18,A,Lenana School,POSTGRADUATE,Architecture,171226,2025- 2026
SCH-000700,Joseph Cynthia Wabomba,44625815,077895336,joseph.wabomba@gmail.com,1997-02-20,Female,Trans Nzoia,Endebess,Matumbei,"House 456, Karen Avenue, Likoni",19-Dec-2023,Inactive,Moi High School Kabarak,Postgraduate,Accounting,344797,2025/2026
SCH-000701,Kilonzo Koech,73860744,011254584,kilonzo.koech@outlook.com,,Female,Mombasa,Likoni,Bofu,,24-Apr-2023,Pending,N/A,Certificate,Journalism,186208,2022/2023
SCH-000702,JepkorirKipkoech,67585806,071510755,jepkorir.kipkoech@outlook.com,1991-04-28,Female,Mombasa,Kisauni,Mjambere,"House 284, Kileleshwa Road, Waiyaki",01-23-2025,Active,Kenya Methodist University,Secondary,Nursing,313890,2023/2024
SCH-000703,Anna Kibathi,28984885,077868100,N/A,1990-08-26,Male,Uasin Gishu,,Tulwet/Chuiyat,"Plot 394, Lane 10, Westlands",2023-02-25,,Coast Institute of Technology,Undergraduate,Economics,357644,2023/2024
SCH-000704,Nduku Kanana Kimutai,75916227,079 185 982,nduku.kimutai@gmail.com,1973-10-05,Male,Uasin Gishu,Kapseret,Simat/Kapseret,"Plot 45, Lane 6, Kiambu Road",12-07-2025,Pending,Kenya Methodist University,Certificate,Law,214782,2023/2024
SCH-000705,Cherotich Awuor Khaemba,56180341,071636604,cherotich.khaemba@gmail.com,1967-07-04,Female,Kilifi,Rabai,Mwawesa,"Plot 471, Lane 11, Ruaraka",04/02/2022,Inactive,Kenyatta University,Undergraduate,Public Health,269352,2023/2024
SCH-000706,Samuel Momanyi Onyango,85306558,070283037,samuel.onyango@yahoo.com,1968-12-27,Male,Kakamega,Mumias West,Mutema,"House 166, Tom Mboya Road, Moi Avenue",10-04-2023,Active,Kenyatta University,Postgraduate,Economics,327084,2024/2025
SCH-000707,Akinyi Koceh,43866730,076453854,akinyi.koech@gmail.com,05-06-1956,female,Nakuru,Molo,Marioshoni,"House 153, Juja Rd, Kiambu Rd",2025-10-18,Pending,N/A,SECONDARY,Architecture,259735,2024-2025
SCH-000708,Leshan Kanampiu Ochieng,41269891,073909862,leshan.ochieng@gmail.com,2002-08-04,Male,Kilifi,Rabai,Mwawesa,"Plot 302, Lane 7, Lavington",21-Feb-23,Pending,Maranda High School,Diploma,Architecture,155483,2025/2026
SCH-000709,Brian Syombua Bett,33231328,071544981,brian.bett@gmail.com,1995-03-07,Female,Mombasa,Changamwe,Miritini,"House 39, Garden Estate Street, Juja",02-02-2023,Pending,Egerton University,Diploma,Accounting,199942,2022/2023
SCH-000710,Paul Owuor,61-590-666,072478479,paul.owuor@gmail.com,1991-02-08,Male,Nairobi,Lang'ata,South C,"Plot 85, Lane 7, Mombasa Road",12-06-2024,Pending,Rift Valley Institute,Postgraduate,Medicine,157057,2023/2024
SCH-000711,Achieng Oleila,36810554,010802469,achieng.olela@gmail.com,1984-05-15,Female,Kakamega,Butere,Marama North,"Plot 210, Lane 14, Athi River",15/04/2023,Pending,Maseno University,Undergraduate,Architecture,204538,2023/2024
SCH-000712,Cynthia Mwikali Towett,16069615,011827383,cynthia.towett@gmail.com,2001-09-08,Male,Nairobi,Kibra,Makina,"House 138, Westlands Road, Karen",17-07-2024,Pending,Strathmore University,Secondary,Social Work,351581,2025/2026
SCH-000713,Khaemba Okello Towett,66390287,011441890,khaemba.towett@gmail.com,1991-11-26,Female,Bungoma,Sirisia,Malakisi/South Kulisiru,"House 241, Likoni Road, Moi Avenue",07/08/2022,Active,Lenana School,Certificate,Education,293162,2023/2024
SCH-000714,Isaiah Wanjala,16174008,+254 117 914 50,isaiah@gmail.com,09-04-1978,F,Turkana,Turkana South,Kalamon,"House 29, Kilimani Avenue, Kileleshwa",27-Dec-22,Inactive,Eldoret National Polytechnic,SECONDARY,Business,247462,2024–2025
SCH-000715,Nicholas Chepkorir,56991068,072376922,nicholas.chepkorir@yahoo.com,1993-09-16,Male,NAIROBI,WESTLANDS,KITISURU,"Plot 448, Lane 1, Parklands",16/02/2025,Active,Maseno School,Secondary,Information Technology,429916,2024/2025
SCH-000716,Allan Gitobu,81624345,074227391,NULL,1983-03-15,Female,Trans Nzoia,Endebess,,,02/07/2024,Pending,Prestige Academy,Certificate,Law,163726,2025/2026
SCH-000717,Bridget Towett,84286913,011302020,bridget.towett@hotmail.com,1968-10-11,Male,Mombasa,Kisauni,Mtopanga,"House 15, Langata Street, Kangundo",20240128,Pending,Mount Kenya University,Undergraduate,Information Technology,79273,2024/2025
SCH-000718,Diana Gichuru,27030337,076155652,d.g@yahoo.com,16/11/1975,Male,Uasin Gishu,Kesses,Taratai,"House 207, Kikuyu Drive, Argwings Kodhek",20250525,A,Maseno School,UNDERGRADUATE,Agriculture,263732,2024-2025
SCH-000719,Chepkorir Nyaboke Juma, 51262331,072320034,chepkorir.juma@gmail.com,2000-02-03,Male,Nairobi,Lang'ata,South C,"Plot 466, Lane 8, Ngong",10/06/2023,Pending,Kenya Methodist University,Secondary,Economics,172750,2022/2023
SCH-000720,Matthew Nzioka,80973199,011373722,matthew.nzioka@gmail.com,1970-07-12,Male,Bomet,Chepalungu,Nyongores,"Plot 471, Lane 2, Karen",17-Oct-24,Pending,Maseno University,Secondary,Medicine,134003,2025/2026
SCH-000721,Victor Kanampiu Mutune,36-346-210,071468419,victor.mutune@gmail.com,2001-10-27,Male,Mombasa,Nyali,Kongowea,"House 458, Kikuyu Drive, Argwings Kodhek",16 Apr 2024,Pending,St. Joseph's School,Postgraduate,Nursing,319368,2022/2023
SCH-000722,Onditi Opiyo,24687953,071450202,onditi.opiyo@gmail.com,1982-05-22,Male,Machakos,Yatta,N/A,"Plot 153, Lane 7, Kileleshwa",,Pending,Green Garden Academy,N/A,Social Work,125578,2024/2025
SCH-000723,Mwikali Nekesa,67720123,076302717,mwikali.nekesa@gmail.com,1984-10-12,Male,Kiambu,Kikuyu,Sigona,"House 142, Kangundo Avenue, Moi Avenue",2024-04-04,Active,Moi University,Postgraduate,Nursing,111285,2023/2024
SCH-000724,Mutinda Bay,56814976,011790641,mutinda.baya@gmail.com,1979-08-04,Female,Bungoma,Webuye West,Sitikho,"Plot 193, Lane 20, Kileleshwa",02/11/2024,Inactive,St. Joseph's School,Postgraduate,Architecture,167306,2025/2026
SCH-000725,Wabomba Kipsang,72054715,077339826,wabomba.kipsang@outlook.com,1969-11-03,Male,,Malindi,Ganda,"Plot 69, Lane 12, Kangundo",02-07-2023,Active,Kenyatta University,Undergraduate,Architecture,203132,2025/2026
SCH-000726,Janet Mwania Karanja,12193862,076683162,janet.karanja@gmail.com,1978-09-27,Female,Kakamega,Mumias East,East Wanga,"House 365, Kikuyu Street, Kilimani",NULL,Inactive,University of Nairobi,Undergraduate,Computer Science,318170,2023/2024
SCH-000727,Gitonga Anyango,15850065,071342012,gitonga.anyango@hotmail.com,2005-08-10,Female,Kiambu,Ruiru,Kiuu,"Plot 168, Lane 4, Karen",2025-01-23,Inactive,Starehe Boys Centre,Certificate,Economics,85709,2024/2025
SCH-000728,"Anyango, Faith Deborah",39566459,077847775,faith.anyango@gmail.com,1986-11-08,Female,Kisumu,Kisumu Central,Shauri Moyo,"Plot 54, Lane 14, Outering",N/A,Pending,Kenya High School,Secondary,Agriculture,230073,2025/2026
SCH-000729,Jepchumba Mistei,20136881,071894993,jepchumba.mitei@gmail.com,1971-10-04,Female,Kiambu,Kabete,Muguga,"Plot 265, Lane 4, Kikuyu",27-Nov-2024,Inactive,N/A,Diploma,Economics,266657,2023/2024
SCH-000730,Achieng Mutinda,82433847,071153190,amutinda@hotmail.com,08-08-1984,Male,Bungoma,Mt. Elgon,Kaptama,"HOUSE 176, KANGUNDO AVENUE, KILELESHWA",20251114,INACTIVE,Kenya Methodist University,SECONDARY,Engineering,253890,2025-2026
SCH-000731,Maina Gladys Wanyoike,50880085,077445026,maina.wanyoike@gmail.com,1986-11-15,Female,Nyeri,Tetu,Aguthi/Gaaki,"Plot 235, Lane 20, Likoni",11-Jan-2024,Active,St. Joseph's School,Postgraduate,Accounting,260543,2024/2025
SCH-000732,Martin Wambugu Achieng,14253979,+254 796-573-65,martin.achieng@outlook.com,1976-02-13,Male,Kakamega,Khwisero,Kisa East,"House 410, Juja Road, Karen",05-Apr-2023,Pending,Mang'u High School,Diploma,Engineering,411798,2022/2023
SCH-000733,Victor Ngeno,63539335,011984070,victor.ngeno@gmail.com,1988-01-03,Male,Nairobi,Dagoretti North,Gatina,"House 32, Jogoo Street, Limuru",10-10-2025,Pending,Alliance High School,Certificate,Agriculture,241947,2022/2023
SCH-000734,Kebaso Chepkorir,69341118,074248358,kebaso.chepkorir@yahoo.com,2005-09-17,Female,Kakamega,Mumias East,Malaha/Isongo/Masindi,"Plot 2, Lane 3, Ngong",19-10-2022,Active,Kenya Methodist University,Secondary,Information Technology,281069,2023/2024
SCH-000735,Syokau Kebaso,19 803 499,077620121,syokau.kebaso@gmail.com,1975-12-15,Male,Kiambu,Kiambu,Kihara,"House 35, River Road Street, Kileleshwa",05/21/2025,Inactive,Egerton University,Diploma,Engineering,370848,2025/2026
SCH-000736,Achieng Gythua,88960861,070212018,achieng.githua@hotmail.com,2003-07-18,Male,Nairobi,Dagoretti North,Kawangware,NULL,23-05-2025,Inactive,Strathmore University,Secondary,Social Work,144992,2022/2023
SCH-000737,Wanyonyi Wachira,58798639,072675456,wanyonyi.wachira@gmail.com,1976-08-06,Male,Nairobi,Dagoretti South,Uthiru,"House 66, Kiambu Road Avenue, Kilimani",2023-08-25,Inactive,Maseno University,Secondary,Information Technology,219922,2023/2024
SCH-000738,Naliaka Rimberia Mwakisha,15463042,077750430,NULL,25-Oct-92,FEMALE,Kilifi,,Kayafungo,House 98 Kileleshwa Avenue Athi River,26 Sep 2022,Active,Lenana School,CERTIFICATE,Civil Engineering,475614,2025–2026
SCH-000739,Emily Kenei,51562039,075605048,emily.kenei@yahoo.com,1969-06-14,Female,Kiambu,Githunguri,Githunguri,"House 418, Mugumo Street, Thika Superhighway",2023-05-22,Pending,Prestige Academy,Postgraduate,Medicine,434801,2024/2025
SCH-000740,Barnabas Katua,51949099,071209771,barnabas.katua@yahoo.com,1994-11-07,Female,Meru,Buuri,Kisima,"Plot 35, Lane 9, Kitisuru",08/07/2025,Pending,Lenana School,Undergraduate,Public Health,195685,2025/2026
SCH-000741,Kamau Githinji,64875713,0733-704-92,kamau.githinji@gmail.com,1983-04-18,Male,Nyeri,Kieni,Thegu,"Plot 171, Lane 16, Thika",10/24/2024,Inactive,Prestige Academy,Undergraduate,Civil Engineering,174159,2024/2025
SCH-000742,Janet Momnyi,,070718609,janet.momanyi@gmail.com,2001-12-11,Male,Kilifi,Ganze,Bamba,"Plot 312, Lane 13, Kangundo",2022-04-20,Inactive,Kenyatta University,Undergraduate,Accounting,146633,2023/2024
SCH-000743,Florence David Athman,61471131,011393976,florence.athman@gmail.com,1988-11-04,Male,Machakos,Yatta,Ikombe,"Plot 447, Lane 19, Ngong Road",2025-07-24,Inactive,Strathmore University,Undergraduate,Architecture,185118,2022/2023
SCH-000744,Edward Musila,16814758,071435027,edward.musila@gmail.com,1995-03-12,Male,Bomet,Konoin,Mogogosiek,"House 127, Moi Avenue Street, Thika Superhighway",02/25/2022,Active,Lenana School,Postgraduate,Agriculture,140358,2025/2026
SCH-000745,Jeremiah Kipsang Hassan,91512791,076264735,jeremiah.hassan@gmail.com,2003-07-23,Female,Kisumu,Muhoroni,Masogo/Nyang'oma,"Plot 122, Lane 13, Waiyaki",30-09-2024,Active,Kabianga High School,Secondary,Civil Engineering,123360,2025/2026
SCH-000746,Ojwang Kasina Mwakisha,20365975,010306542,ojwang.mwakisha@gmail.com,1991-08-01,Male,Kiambu,Lari,Nyanduma,"Plot 153, Lane 19, Ngong",2024-04-08,Pending,Eldoret National Polytechnic,Diploma,Information Technology,360196,2023/2024
SCH-000747,Kagendo Mbaka,98498817,073181239,kagendo.mbaka@yahoo.com,1993-03-09,Female,NULL,NULL,West Kisumu,"House 414, Ngong Road Drive, Jogoo",02-12-2022,Active,Moi High School Kabarak,Secondary,Nursing,336475,2023/2024
SCH-000748,Philemon Silas Kipkorir,17850078,076424328,philemon.kipkorir@hotmail.com,1990-11-01,Male,Nairobi,Lang'ata,Nairobi West,"House 227, Outering Drive, Ruaraka",08-10-2023,Inactive,Green Garden Academy,Certificate,Accounting,110343,2023/2024
SCH-000749,Benjamin Kinya,11404682,076151353,benjamin.kinya@outlook.com,1963-10-05,Male,Kiambu,Limuru,Limuru East,"House 380, Westlands Avenue, Jogoo",2022-10-25,Pending,Moi University,Postgraduate,Medicine,79329,2022/2023
SCH-000750,Maina Senteu,88536501,076841427,maina.senteu@outlook.com,2002-07-13,Female,Mombasa,Changamwe,Airport,"House 223, Likoni Road, Likoni",04/02/2022,NULL,Green Garden Academy,Postgraduate,Nursing,312007,2023/2024
SCH-000751,Ndinda Wekesa Nabea,10377208,073173621,ndinda.nabea@hotmail.com,1997-11-28,Male,Mombasa,Changamwe,Chaani,"Plot 260, Lane 1, Kangundo",21/06/2024,Active,Kenya High School,Undergraduate,Architecture,240489,2023/2024
SCH-000752,Nahum Mulandi,67601447,079208722,nahum.mulandi@gmail.com,,Male,Kilifi,Kilifi North,Kibarani,"Plot 444, Lane 13, Kiambu Road",2024-11-05,Pending,Lenana School,Certificate,Social Work,255570,2022/2023
SCH-000753,Kioko Bett,11991297,075124665,kioko.bett@outlook.com,1967-12-10,Female,Bungoma,Sirisia,Malakisi/South Kulisiru,"House 104, Kasarani Street, Kilimani",03-Jul-2024,Active,Starehe Boys Centre,Certificate,Nursing,265167,2022/2023
SCH-000754,Musyoka Kionko,31356343,071653069,musyoka.kioko@yahoo.com,1985-06-04,Female,Meru,South Imenti,Nkuene,"House 289, Argwings Kodhek Road, Outering",24-Oct-22,Pending,Lenana School,Certificate,Economics,128839,2022/2023
SCH-000755,Cynthia Gichuki,95 115 329,NULL,,2001-02-24,Male,Turkana,Turkana South,Kalamon,"House 413, Parklands Street, Kilimani",2022-01-26,NULL,Egerton University,Postgraduate,Architecture,190893,2025/2026
SCH-000756,Nicholas Faith Awino,76679708,072587676,nicholas.awino@yahoo.com,1978-11-11,Male,Nairobi,Westlands,Mountain View,"House 210, Kiambu Avenue, Lavington",27/10/2022,Inactive,Kenya Methodist University,Postgraduate,Social Work,220256,2025/2026
SCH-000757,Alexander Naliaka,74-025-259,070297440,alexander.naliaka@hotmail.com,1990-08-01,Female,Kiambu,Githunguri,Githunguri,"Plot 281, Lane 6, Garden Estate",2023-01-01,Pending,Mount Kenya University,Undergraduate,Economics,422174,2023/2024
SCH-000758,Sophia  Mark  Omondi,35045820,072337896,sophia.omondi@hotmail.com,1965-12-18,Male,Kilifi,Kilifi South,Mtepeni,"House 306, Uhuru Drive, Kilimani",28/02/2022,Inactive,Eldoret National Polytechnic,Certificate,Agriculture,102256,2022/2023
SCH-000759,Mukami Onsongo Kioko,49 475 426,071100056,mukami.kioko@outlook.com,1997-09-06,Female,Kilifi,Rabai,Mwawesa,"Plot 46, Lane 19, Lenana",12 Sep 2023,Active,Mount Kenya University,Certificate,Public Health,342722,2024/2025
SCH-000760,Ondieki Wanyonyi,37685026,071375943,ondieki.wanyonyi@yahoo.com,2004-04-01,Female,Nairobi,Westlands,Kitisuru,"Plot 36, Lane 10, Parklands",17-Feb-23,Active,Kenya Methodist University,Undergraduate,Civil Engineering,448776,2022/2023
SCH-000761,Kipkoech C. Wabomba,33847090,078880853,kipkoech.wabomba@gmail.com,1976-05-22,Female,Mombasa,Likoni,Shika Adabu,"Plot 107, Lane 4, Kenyatta",23-Oct-2024,Inactive,Coast Institute of Technology,Certificate,Economics,291495,2025/2026
SCH-000762,Elijah Achieng Cherono,48493281,010523830,elijah.cherono@yahoo.com,1979-07-21,Male,Meru,Igembe North,Ntunene,"Plot 397, Lane 14, Mombasa Road",21-11-2024,Inactive,Lenana School,Secondary,Law,344420,2022/2023
SCH-000763,George Baya,56574888,011438943,george.baya@yahoo.com,1979-12-02,Female,Machakos,Kathiani,Lower Kaewa/Iveti,"Plot 84, Lane 10, Thika",2022-07-26,Active,Mang'u High School,Undergraduate,Nursing,261147,2023/2024
SCH-000764,Florence Kipkoech,33820621,0116.084.20,florence.kipkoech@gmail.com,1950-11-10,Female,Bungoma,Mt. Elgon,Elgon,"Plot 438, Lane 18, Moi Avenue",15-05-2025,Pending,Starehe Boys Centre,Undergraduate,Civil Engineering,81767,2023/2024
SCH-000765,Priscilla Catherine Odhiambo,46260563,077556996,priscilla.odhiambo@gmail.com,1958-03-09,Female,Nairobi,Dagoretti North,Kileleshwa,"Plot 80, Lane 13, Tom Mboya",05-Jan-2024,Inactive,Kenya High School,Postgraduate,Computer Science,279622,2022/2023
SCH-000766,Janet Ongaya,87036318,011447617,janet.ongaya@gmail.com,1984-05-06,Female,Nairobi,Kibra,Makina,"Plot 323, Lane 6, Kilimani",2022-09-24,Pending,Mount Kenya University,Undergraduate,Medicine,415686,2022/2023
SCH-000767,Syombua Wabomba,25125619,079516056,syombua.wabomba@hotmail.com,1963-07-09,Female,Mombasa,Kisauni,Mtopanga,"House 276, Kiambu Road Drive, Tom Mboya",30-May-22,Pending,Alliance High School,Diploma,Architecture,379371,2025/2026
SCH-000768,Kipkorir Githinji,99066240,011300903,kipkorir.githinji@outlook.com,1999-01-13,Female,Nairobi,Dagoretti North,Kawangware,"House 188, Outering Avenue, Outering",2025-05-24,Pending,Mang'u High School,Certificate,Medicine,327753,2025/2026
SCH-000769,Elijah Marete,N/A,011558001,elijah.marete@gmail.com,1971-01-18,Female,Bungoma,Bumula,South Bukusu,"House 341, Kiambu Avenue, Kiambu Road",13/10/2022,Pending,Kabianga High School,Postgraduate,Law,129307,2022/2023
SCH-000770,Teresa Mokua Olela,40486002,072984826,teresaolela@outlook.com,09-20-1991,FEMALE,Trans Nzoia,Endebess,Chepchoina,"House 461, Kangundo Ave, Likoni",2022-04-03,Pending,Strathmore University,DIPLOMA,Architecture,127224,2022 /2023
SCH-000771,Jonathan Nyambane,99571805,077888356,jonathan.nyambane@outlook.com,1986-12-14,Female,Kakamega,Butere,Marama South,"Plot 288, Lane 1, Lavington",01-02-2023,Pending,Strathmore University,Diploma,Journalism,117937,2024/2025
SCH-000772,Nabwire Jepkorr,15406577,078260751,nabwire.jepkorir@gmail.com,1984-05-16,Male,Nairobi,Dagoretti North,Kawangware,N/A,2025-06-03,Inactive,Moi High School Kabarak,Postgraduate,Medicine,381556,2023/2024
SCH-000773,Harun Mwakideu,99068383,075771092,harun.mwakideu@gmail.com,1972-12-15,Female,Nairobi,Dagoretti South,Mutuini,"House 197, Argwings Kodhek Avenue, Kiambu",22-Sep-24,Active,Mang'u High School,Undergraduate,Education,125164,2023/2024
SCH-000774,Stephen Muthaama,59427999,075632994,stephen.muthama@yahoo.com,1971-12-05,Female,Machakos,Masinga,Muthesya,"House 229, Ngong Road Drive, Waiyaki",19-10-2022,Pending,Kenya Methodist University,Undergraduate,Civil Engineering,284401,2025/2026
SCH-000775,Muthaa Jebt,60-968-846,072856722,muthaa.jebet@gmail.com,1996-03-09,Male,Kilifi,Kilifi South,Junju,"Plot 58, Lane 10, Ruiru",03/21/2024,Inactive,Prestige Academy,Undergraduate,Information Technology,116410,2025/2026
SCH-000776,Kemunto Chepkorir,59498486,071411991,kemunto.chepkorir@gmail.com,1967-05-02,Male,Nairobi,Kibra,Sarang'ombe,"Plot 223, Lane 9, Ngong Road",17-Dec-2022,Inactive,JKUAT,Undergraduate,Economics,298295,2025/2026
SCH-000777,Kipsang Nabwire,88445646,072550521,kipsang.nabwire@gmail.com,1993-11-22,Female,Kiambu,Githunguri,Ngewa,"Plot 373, Lane 18, Thika",07-Feb-23,Inactive,Kenyatta University,Diploma,Medicine,434141,2022/2023
SCH-000778,Kipsang Anna Kipsang,47401092,077198136,kipsang.kipsang@hotmail.com,1980-08-10,Female,Nairobi County,Dagoretti South,Waithaka,"Plot 469, Lane 14, Waiyaki",2023-12-24,Active,Maseno School,Diploma,Economics,91896,2025/2026
SCH-000779,Thomas David Gitobu,11978622,078871271,thomas.gitobu@gmail.com,1987-05-11,Male,Kiambu,Githunguri,Githunguri,"Plot 333, Lane 7, Kiambu Road",27-Aug-2022,Active,Starehe Boys Centre,Secondary,Public Health,193294,2024/2025
SCH-000780,Nahum Wanjohi,31255444,076990293,nahum.wanjohi@gmail.com,1975-04-07,Male,Turkana,Loima,Kotaruk/Lobei,"House 16, Kikuyu Drive, Jogoo",23-09-2023,Active,Maranda High School,Undergraduate,Agriculture,142691,2024/2025
SCH-000781,Micah Kipaati,58064835,011423089,micah.kipaati@outlook.com,1956-08-06,Male,Kakamega,Matungu,Koyonzo,"Plot 146, Lane 15, Karen",2024-09-18,Pending,Maseno School,Secondary,Social Work,318985,2023/2024
SCH-000782,"Jepkorir, Cherono",95843097,078163521,cherono.jepkorir@yahoo.com,1978-05-16,Female,Bungoma,Webuye East,Mihuu,"Plot 435, Lane 12, River Road",10-Mar-23,Pending,Prestige Academy,Postgraduate,Economics,324123,2023/2024
SCH-000783,Mogaka Habakkuk Ngeno,35079956,073394795,m.ngeno@hotmail.com,22/04/2004,female,Kilifi,Kilifi South,Chasimba,"Plot 313, Lane 19, Outering",22 Jun 2025,INACTIVE,Starehe Boys Centre,CERTIFICATE,Law,155381,2023-2024
SCH-000784,Kipngetich Nabwire,60984196,010847263,kipngetich.nabwire@gmail.com,1978-12-06,Male,Nairobi,Westlands,Kitisuru,"Plot 18, Lane 14, Langata",30-Dec-2022,Active,St. Joseph's School,Undergraduate,Social Work,298885,2022/2023
SCH-000785,Joshua Mwinyi,83470479,077618384,joshua.mwinyi@yahoo.com,1973-07-10,Female,Machakos,Mavoko,Syokimau/Mulolongo,"Plot 300, Lane 5, Athi River",06-03-2025,Pending,N/A,N/A,Journalism,178831,2023/2024
SCH-000786,Christopher Wamuyu,85-102-924,070708684,christopher.wamuyu@gmail.com,1993-06-15,Female,Nairobi,Dagoretti South,Waithaka,"Plot 134, Lane 2, Kiambu",2023-03-25,Active,Kenya Methodist University,Undergraduate,Civil Engineering,72603,2023/2024
SCH-000787,Chepkorir Ondieki Kimutai,77779642,079771485,chepkorir.kimutai@gmail.com,1998-04-03,Female,Kakamega,Ikolomani,Idakho South,"Plot 182, Lane 5, Lavington",2022-03-20,Inactive,Mount Kenya University,Diploma,Law,215195,2023/2024
SCH-000788,Mwania Gichuru,69686509,076258266,mwania.gichuru@hotmail.com,1956-08-06,Male,Kakamega,Shinyalu,Isukha South,"Plot 368, Lane 17, Kasarani",09-Jun-2024,Pending,Moi High School Kabarak,Secondary,Journalism,271783,2024/2025
SCH-000789,Chepngeno Lydia Kipchumba,54589439,254 794 983 43,chepngeno.kipchumba@outlook.com,1982-11-20,Male,Nairobi,Dagoretti South,Waithaka,"Plot 161, Lane 13, Kangundo",18-May-23,Inactive,Prestige Academy,Postgraduate,Nursing,133790,2024/2025
SCH-000790,Isaiah M. Njuguna,30485751,072624900,isaiah.njuguna@gmail.com,1988-07-01,Male,Kakamega,Ikolomani,Idakho North,"Plot 282, Lane 7, Likoni",15/01/2023,Pending,Maranda High School,Diploma,Social Work,112565,2022/2023
SCH-000791,Njeri Munyori,30047069,011516650,njeri.munyori@hotmail.com,1998-09-27,Female,TRANS NZOIA,Endebess,Matumbei,"House 49, Ruaraka Street, Tom Mboya",02 Apr 2024,Pending,Kenya Methodist University,Certificate,Information Technology,328763,2024/2025
SCH-000792,Zechariah Mcharo,70640795,076420737,zechariah.mcharo@gmail.com,1959-07-07,Male,Machakos,Kathiani,Kathiani Central,"Plot 208, Lane 16, Uhuru",08-Sep-2025,Inactive,Moi University,Diploma,Education,270624,2022/2023
SCH-000793,Githinji Korir,64286033,010481016,githinji.korir@gmail.com,2001-01-16,Male,Nairobi,Lang'ata,Nyayo Highrise,"House 349, Karen Drive, Kasarani",04-Mar-25,Pending,Kenyatta University,Diploma,Medicine,143732,2024/2025
SCH-000794,Beatrice Kimani Kibathi,54343467,072103974,beatrice.kibathi@gmail.com,1999-10-03,Female,,Soy,Segero/Barsombe,"Plot 222, Lane 11, River Road",2023-03-08,Pending,,N/A,Business,407499,2024/2025
SCH-000795,John Musyimi,53305731,070984832,john.musyimi@yahoo.com,1980-02-23,Male,Mombasa,Kisauni,Mtopanga,N/A,01/11/2024,Pending,Coast Institute of Technology,Postgraduate,Agriculture,245327,2022/2023
SCH-000796,Lois Chepngeno,83381520,011919351,lois.chepngeno@hotmail.com,1982-09-15,Female,Bungoma,Mt. Elgon,Kapkateny,"Plot 328, Lane 14, Mombasa Road",25-Feb-2024,Active,Prestige Academy,Certificate,Public Health,346590,2023/2024
SCH-000797,Jane Mulandi,40540451,011760060,jane.mulandi@outlook.com,2002-04-04,Male,Meru County,Igembe North,Ntunene,"Plot 18, Lane 3, Ngong Road",20230515,Pending,Green Garden Academy,Certificate,Engineering,174084,2023/2024
SCH-000798,Grace Kasina Chepngeno,95347156,078787892,grace.chepngeno@gmail.com,1991-09-21,Male,Kakamega,Mumias East,Lusheya/Lubinu,"House 169, Kilimani Street, Uhuru",27-06-2023,Pending,Lenana School,Secondary,Nursing,121069,2023/2024
SCH-000799,Robert Oduya,82486770,072991300,robert.oduya@gmail.com,2002-07-18,Male,Kakamega,Shinyalu,Isukha West,"Plot 385, Lane 20, Mugumo",2024-04-19,Active,Prestige Academy,Certificate,Journalism,154807,2025/2026
SCH-000800,Wambui Musila,99543733,074584569,wambui.musila@gmail.com,1983-10-25,Male,Kisumu,Kisumu Central,Shauri Moyo,"House 29, Juja Street, Kangundo",24-01-2024,Active,Kenyatta University,Undergraduate,Nursing,162869,2023/2024
SCH-000801,Faith Mitei,68802124,071208111,faith.mitei@gmail.com,2001-12-14,Female,Kilifi,Magarini,Adu,"Plot 345, Lane 10, Ruiru",10-Apr-25,Active,Rift Valley Institute,Undergraduate,Accounting,156805,2023/2024
SCH-000802,"Musyimi, Awino Mwangi",72284373,011279868,awino.musyimi@yahoo.com,1977-11-22,Female,Nairobi County,Dagoretti South,Mutuini,N/A,2023-01-21,Inactive,Starehe Boys Centre,N/A,Agriculture,393645,2024/2025
SCH-000803,Mueni Kipkemboi,10632635,077386814,mueni@gmail.com,03-16-1976,F,Bungoma,Sirisia,Namwela,Plot207Lane16Uhuru,18-Mar-2022,pending,Alliance High School,DIPLOMA,Agriculture,151287,2025-2026
SCH-000804,Ruth Wekesa Gacheru,N/A,079436575,gacheruruth@gmail.com,06/06/1962,Male,Kakamega,Shinyalu,Isukha South,Plot 91 Lane 18 Jogoo,20/08/2024,Active,Maranda High School,DIPLOMA,Journalism,186998,2024-2025
SCH-000805,Naserian Wambugu Muema,1163-0877,073782316,naserian.muema@yahoo.com,1981-04-05,Male,Kakamega,Mumias West,West Wanga,"House 115, Kenyatta Avenue, Ngong",07-Feb-2024,Active,Coast Institute of Technology,Certificate,Journalism,159075,2024/2025
SCH-000806,Mutinda Njuguna,63415303,078400404,mutinda.njuguna@yahoo.com,1978-12-13,Female,Nakuru,Gilgil,Murindat,"Plot 43, Lane 17, Jogoo",05/19/2025,Active,Kabianga High School,Certificate,Accounting,232805,2023/2024
SCH-000807,James Gichuru Matoke,13713066 ,011679464,james.matoke@gmail.com,1989-08-12,Male,NAIROBI,KASARANI,KASARANI,"House 124, Uhuru Avenue, Thika Superhighway",13-Dec-22,Inactive,St. Joseph's School,Secondary,Medicine,435762,2025/2026
SCH-000808,Vincent Amos Kenga,NULL,075254832,vincent.kenga@gmail.com,1964-03-15,Male,Kisumu,Muhoroni,Chemelil,"Plot 221, Lane 11, Juja",24/02/2025,Inactive,Coast Institute of Technology,Undergraduate,Information Technology,162552,2022/2023
SCH-000809,Alexander Mwakisha,90783964,011610365,alexander.mwakisha@gmail.com,1977-12-22,Female,Kiambu,Kikuyu,Sigona,"Plot 70, Lane 4, Thika",25 Sep 2023,Active,Maseno University,Diploma,Medicine,107626,2022/2023
SCH-000810,Muema Akkinyi,64020132,076138657,m.akinyi@hotmail.com,27/05/1984,Female,Meru,North Imenti,Nkubu,"House 119, Kiambu Drive, Argwings Kodhek",20/09/2023,Pending,Green Garden Academy,CERTIFICATE,Engineering,144721,2022 / 2023
SCH-000811,Kebaso Kinyua,38947425,079718016,kebaso.kinyua@hotmail.com,1987-07-27,Male,Meru,Igembe South,Athiru Ruujine,"House 349, Kenyatta Drive, Langata",26-Feb-2024,Active,Strathmore University,Diploma,Agriculture,335179,2024/2025
SCH-000812,Muriuki Langat,62862467,075555607,muriuki.langat@hotmail.com,1993-12-16,Male,Kisumu,Nyakach,Central Nyakach,"Plot 358, Lane 13, Garden Estate",20230509,Pending,Egerton University,Secondary,Accounting,405236,2022/2023
SCH-000813,Kagwiria Njeri Mwakisha,46018367,075815133,kagwiria.mwakisha@gmail.com,1963-08-15,Male,Nakuru,Molo,N/A,"Plot 401, Lane 6, Kiambu",20-Jul-2023,Inactive,Eldoret National Polytechnic,Secondary,Medicine,72639,2023/2024
SCH-000814,Deborah Musila,43247799,071676149,deborah.musila@gmail.com,1979-10-24,Female,Kakamega,Mumias East,Malaha/Isongo/Masindi,"House 405, Jogoo Avenue, Kenyatta",13-01-2025,Active,Egerton University,Undergraduate,Agriculture,191631,2024/2025
SCH-000815,Mugo Mwinyi,11263526,072447924,mugo80@gmail.com,1971-07-15,FEMALE,Kakamega,Ikolomani,Idakho East,"Plot 373, Ln 13, Waiyaki",12-11-2022,active,Maseno University,CERTIFICATE,Information Technology,420639,2022 /2023
SCH-000816,Benjamin Simon Rotich,58269850,071983473,benjamin.rotich@hotmail.com,1967-09-16,Female,Meru,Central Imenti,Mwangathia,"House 321, Argwings Kodhek Drive, Outering",2022-07-02,Inactive,Eldoret National Polytechnic,Certificate,Social Work,178588,2024/2025
SCH-000817,Rweria Kihmba,73366381,,rweria.kihumba@gmail.com,1994-03-02,Female,NULL,Masinga,Ekalakala,"House 193, Lavington Road, Tom Mboya",2024-12-02,Active,Egerton University,Certificate,Accounting,142270,2023/2024
SCH-000818,Wanyonyi Kiprop Owuor,34216590,073997032,wanyonyi.owuor@gmail.com,1993-02-20,Female,Mombasa,Jomvu,Miritini,"Plot 439, Lane 6, Kilimani",09-07-2023,Inactive,Moi University,Certificate,Social Work,151998,2023/2024
SCH-000819,Eunice Mutua Senteu,64644684,078211636,eunice.senteu@yahoo.com,1976-02-26,Female,Mombasa,Kisauni,Mwakirunge,"Plot 289, Lane 8, Tom Mboya",13/05/2025,Pending,Eldoret National Polytechnic,Postgraduate,Medicine,135283,2024/2025
SCH-000820,Odhiambo Nmaukhula,52549710,010648467,odhiambo.namukhula@gmail.com,1998-01-01,Male,Meru,North Imenti,Mweronkanga,"House 173, Athi River Street, Athi River",22-Apr-2023,Pending,Maseno School,Postgraduate,Medicine,155471,2023/2024
SCH-000821,Isaiah Haggai Kipkorir,56 673 900,073401009,i.kipkorir@hotmail.com,1967-08-26,Male,Uasin Gishu,Turbo,Ngenyilel,"Plot 317, Lane 3, Kiambu Road",N/A,Inactive,,POSTGRADUATE,Education,392904,2025 / 2026
SCH-000822,silas peace mungai,87368164,070960950,silas.mungai@gmail.com,1979-12-19,Female,Uasin Gishu,Turbo,N/A,"Plot 296, Lane 11, Athi River",N/A,Inactive,N/A,Postgraduate,Journalism,335188,2023/2024
SCH-000823,Kathure Awuor,64140401,+25472438724,kathure.awuor@gmail.com,,Male,Nairobi,Lang'ata,Mugumu-ini,"Plot 430, Lane 9, Thika Superhighway",06/10/2022,Active,Mang'u High School,Diploma,Computer Science,136242,2023/2024
SCH-000824,Nanjala Musalia,68152649,079923390,nanjala_musalia@gmail.com,14-Jan-1988,MALE,NULL,Rabai,Ruruma,"Plot 404, Ln 19, Ngong Rd",NULL,A,JKUAT,POSTGRADUATE,Agriculture,78483,2024-2025
SCH-000825,Senteu Githinji,99624588,072557959,senteu.githinji@outlook.com,2000-07-24,Male,Mombasa,Kisauni,Mjambere,"House 239, Ruaraka Drive, Waiyaki",2024-01-01,Active,Strathmore University,Undergraduate,Computer Science,375293,2025/2026
SCH-000826,Naliaka Kinya Keter,40299882,077259346,naliaka.keter@hotmail.com,1954-04-11,Male,Nyeri,Tetu,Dedan Kimathi,"Plot 304, Lane 5, Kitisuru",19 Feb 2023,Active,Coast Institute of Technology,Undergraduate,Social Work,284950,2025/2026
SCH-000827,Amos Kinya,19509607,070924008,amos.kinya@gmail.com,1996-02-14,Female,Kilifi,Malindi,Shella,"House 38, Uhuru Avenue, Langata",20230117,Pending,Kabianga High School,Undergraduate,Journalism,135512,2024/2025
SCH-000828,Gitobu Mboru,56995391,071625769,g.mburu@gmail.com,12 Jul 2006,Female,Turkana,Turkana South,Katilu,"plot 378, lane 14, outering",2024-05-20,INACTIVE,Maseno School,UNDERGRADUATE,Agriculture,333036,2025-2026
SCH-000829,Munyao Nafula,18667877,076111943,munyao.nafula@gmail.com,1960-01-21,Male,Mombasa,Likoni,Bofu,"Plot 391, Lane 16, Westlands",23/06/2024,Inactive,St. Joseph's School,Diploma,Architecture,118063,2024/2025
SCH-000830,Alice Kipsang Barasa,36512868,073544613,alice.barasa@gmail.com,1985-08-21,Male,Kiambu,Kikuyu,Sigona,"Plot 204, Lane 16, Lenana",2023-08-30,Active,Coast Institute of Technology,Certificate,Journalism,143021,2025/2026
SCH-000831,Jepkoech Ollela,75817532,075770361,jepkoech.olela@gmail.com,1990-11-10,Female,Trans Nzoia,Kiminini,Sirende,"House 448, Karen Drive, Kilimani",21-Jun-2022,Inactive,University of Nairobi,Undergraduate,Law,201122,2024/2025
SCH-000832,Malachi Kagwe,69278774,077283086,,1966-08-17,Female,Kiambu,,Kiuu,"Plot 66, Lane 11, Kileleshwa",2025-10-15,Active,Kabianga High School,N/A,Law,180662,2023/2024
SCH-000833,Harun Mwirigi,93868796,011113341,harun.mwirigi@outlook.com,,Male,Nyeri,Mukurweini,Mukurwe-ini West,"House 19, Likoni Drive, Ngong",13-09-2025,Active,,Certificate,Architecture,332981,2024/2025
SCH-000834,Grace Adoyo,61753132,074731035,grace.adoyo@gmail.com,1992-12-20,Female,Bomet,Sotik,Chemagel,"House 163, Likoni Street, Uhuru",17-Nov-23,Active,Mang'u High School,Postgraduate,Social Work,257851,2023/2024
SCH-000835,Adhiambo Kynya,58537393,011169161,adhiambo.kinya@gmail.com,1975-09-04,Female,Nairobi,Kasarani,Kamulu,"Plot 330, Lane 5, Moi Avenue",2024-10-08,Inactive,Kenyatta University,Certificate,Economics,153464,2025/2026
SCH-000836,Kebaso Omar,72 002 380,071639424,kebaso.omar@hotmail.com,2003-03-18,Female,Nyeri,Tetu,Dedan Kimathi,"Plot 188, Lane 8, Outering",16/02/2025,Active,Moi High School Kabarak,Certificate,Accounting,176942,2022/2023
SCH-000837,Moses Cherono Kibathi,42454583,011476311,moses.kibathi@yahoo.com,1977-03-11,Female,MERU,NORTH IMENTI,NYAKI WEST,"House 253, Mugumo Street, Limuru",01-Mar-22,Inactive,Lenana School,Undergraduate,Public Health,139611,2023/2024
SCH-000838,Mwende Kimutai,68606757,072256250,mwende.kimutai@yahoo.com,1994-12-26,Female,Kakamega,Mumias East,East Wanga,"Plot 214, Lane 15, Jogoo",2023-01-20,Inactive,Kabianga High School,Postgraduate,Computer Science,175639,2023/2024
SCH-000839,MONICA IRENE MUSYIMI,74434188,011955764,monicamusyimi@yahoo.com,1968-01-11,Female,Uasin Gishu,Kesses,Cheptiret/Kipchamo,Plot442Lane18Ruaraka,19-Jan-25,ACTIVE,Kenya High School,SECONDARY,Agriculture,269999,2023-2024
SCH-000840,Christopher Matoke,11123267,075669115,christopher.matoke@yahoo.com,1972-10-14,Male,Mombasa,Nyali,Kongowea,"Plot 292, Lane 9, Ruaraka",01-27-2023,Inactive,Coast Institute of Technology,Undergraduate,Economics,322880,2024/2025
SCH-000841,Kasina Arwiti,30448683,071805719,kasina.awiti@yahoo.com,2002-06-06,Male,Mombasa,Likoni,Mtongwe,"House 167, Thika Superhighway Road, Kangundo",2025-12-10,Active,Kenya Methodist University,Postgraduate,Architecture,250971,2025/2026
SCH-000842,Teresa Veronica Mwinyi,28206262,010699875,teresa.mwinyi@gmail.com,1998-09-27,Female,Bomet,Chepalungu,Siongiroi,"Plot 69, Lane 20, Juja",01/12/2024,NULL,N/A,Postgraduate,Architecture,211147,2022/2023
SCH-000843,Kipkorir Judy Wekesa,6020-4030,075546912,kipkorir.wekesa@gmail.com,1995-11-02,Female,Nairobi,Lang'ata,Mugumu-ini,"House 79, Langata Street, Lavington",2025-10-17,Active,Coast Institute of Technology,Postgraduate,Nursing,266483,2022/2023
SCH-000844,Muthaa Micah Ojwang,36003419,070427272,muthaa.ojwang@hotmail.com,2005-12-24,Male,Meru,Igembe Central,Athiru Gaiti,"Plot 40, Lane 5, Uhuru",03-04-2022,Pending,Lenana School,Postgraduate,Public Health,105460,2023/2024
SCH-000845,Ezekiel Jepkorir Mogaka,24320131,070273575,ezekiel.mogaka@hotmail.com,1969-12-05,Male,Bungoma,Sirisia,Namwela,"House 315, Ngong Road Road, Uhuru",01/21/2024,Active,Lenana School,NULL,Economics,179664,2025/2026
SCH-000846,Adhiambo Lubagna,32662280,072211474,adhiambo.lubanga@outlook.com,2004-05-26,Male,Bungoma,Kabuchai,West Nalondo,"Plot 464, Lane 15, River Road",2024-02-03,Inactive,Strathmore University,Postgraduate,Medicine,217487,2023/2024
SCH-000847,Daniel Kathure Mitei,15062785,078666582,daniel.mitei@yahoo.com,1976-08-06,Female,Nairobi,Kibra,Lindi,"Plot 442, Lane 1, Waiyaki",10/11/2022,Active,University of Nairobi,Diploma,Journalism,344012,2024/2025
SCH-000848,Ojwang M. Wangari,36911168,072695379,ojwang.wangari@outlook.com,1966-06-03,Female,Nairobi,Kasarani,Kasarani,"Plot 6, Lane 14, Lenana",09-06-2022,Active,Green Garden Academy,Diploma,Economics,269058,2025/2026
SCH-000849,Mutua Kiprop Gikonyo,11523442,072620526,mutua.gikonyo@hotmail.com,1990-12-09,Female,Kiambu,Ruiru,Kahawa Wendani,"House 172, Ruiru Avenue, Kitisuru",04-10-2023,Active,Kenya High School,Certificate,Education,113104,2022/2023
SCH-000850,Rweria Mark Maingi,58561828,075690480,rweria_maingi@gmail.com,01-14-1980,F,Trans Nzoia,Endebess,Chepchoina,House113AthiRiverRdKiambu,16-03-2024,Inactive,Moi University,UNDERGRADUATE,Medicine,265539,2025-2026
SCH-000851,Mitei Kamau Ombati,69224618,077408763,kamau.mitei@gmail.com,N/A,Male,Bungoma,,West Nalondo,"Plot 67, Lane 10, Argwings Kodhek",01/06/2024,Pending,Starehe Boys Centre,Secondary,Medicine,122522,2023/2024
SCH-000852,Chepkorir Lenguro,28082355,010637544,chepkorir.lenguro@gmail.com,1965-05-06,Male,Mombasa,Nyali,Frere Town,"Plot 111, Lane 16, Parklands",09/03/2023,Inactive,Moi High School Kabarak,Diploma,Journalism,227823,2025/2026
SCH-000853,Chepkoech Cherono,,NULL,chepkoech.cherono@outlook.com,N/A,Male,TRANS NZOIA,Kwanza,Bidii,"House 311, Tom Mboya Avenue, Kangundo",2024-01-10,N/A,Maseno University,Undergraduate,Civil Engineering,285267,2023/2024
SCH-000854,Opiyo Mwania,93410225,010594581,opiyo.mwania@gmail.com,1998-10-16,Female,Nairobi,Westlands,Kitisuru,"Plot 460, Lane 4, Ngong Road",2022-08-11,Inactive,St. Joseph's School,Postgraduate,Public Health,137435,2022/2023
SCH-000855,Martin Wanjala,27988956,N/A,martin.wanjala@gmail.com,NULL,Male,Kakamega,Mumias East,Malaha/Isongo/Masindi,"Plot 376, Lane 17, Outering",20240912,Pending,Coast Institute of Technology,NULL,Computer Science,407563,2022/2023
SCH-000856,Nicholas Khaemba Nganga,N/A,071653404,nicholas.nganga@gmail.com,1978-04-23,Female,Trans Nzoia,,Keiyo,"House 281, Mugumo Street, Juja",2022-04-22,Inactive,Starehe Boys Centre,Diploma,Architecture,334558,2024/2025
SCH-000857,Nduku Ann Nafula,59431339,072335537,N/A,2002-11-05,Female,,Turkana East,Kapedo/Napeitom,"Plot 258, Lane 13, Jogoo",30-09-2024,Pending,N/A,Undergraduate,Social Work,181425,2025/2026
SCH-000858,Nyambane Mogaka Chepkorir,98126574,25479444643,nyambane.chepkorir@outlook.com,1997-10-22,Male,Bungoma,Webuye East,Ndivisi,"Plot 41, Lane 18, Karen",2024-01-15,Pending,Mang'u High School,Secondary,Agriculture,166733,2022/2023
SCH-000859,Muthoni Maina Oseko,44330502,011596602,muthoni.oseko@hotmail.com,1985-02-14,Female,Machakos,Yatta,Kithimani,"Plot 195, Lane 16, Kitisuru",11/02/2022,Pending,Kenya Methodist University,Undergraduate,Education,281715,2022/2023
SCH-000860,Chepkorir Kiprop,78870570,NULL,chepkorir.kiprop@gmail.com,1979-03-05,Male,Mombasa,Likoni,Bofu,"Plot 5, Lane 5, Lenana",12/06/2023,Active,Starehe Boys Centre,Certificate,Engineering,121484,2022/2023
SCH-000861,Kiprono Mwamburi,82794055,073699064,kiprono.mwamburi@gmail.com,1984-06-07,Male,Kisumu,Kisumu West,Central Kisumu,"House 65, Kiambu Road Road, Tom Mboya",11-May-2023,Active,Maseno School,Postgraduate,Architecture,189142,2024/2025
SCH-000862,"Koross, Kioko Mukhwana",43915764,071117318,kioko.koross@yahoo.com,2004-11-13,Male,Kiambu,Limuru,Ndeiya,"Plot 478, Lane 3, Athi River",2022-03-21,Active,Rift Valley Institute,Undergraduate,Accounting,105737,2023/2024
SCH-000863,Anthony Gikonyyo,79630194,073149419,anthony.gikonyo@hotmail.com,1961-12-16,Male,Uasin Gishu,Moiben,Kimumu,"Plot 90, Lane 19, Parklands",27-Dec-2024,,N/A,Postgraduate,Business,360090,2023/2024
SCH-000864,Moses Brian Karanja,13017249,25479895338,N/A,1962-04-10,Female,Kiambu,Githunguri,Ngewa,"House 14, Kangundo Road, Ngong Road",2024-01-20,Inactive,Moi University,Certificate,Business,231020,2022/2023
SCH-000865,Oduya Nahum Kiarie,62063088,071730222,oduya.kiarie@hotmail.com,2002-05-23,Male,Bomet,Bomet Central,Silibwet Township,"Plot 325, Lane 20, Limuru",09-Oct-2023,Pending,Starehe Boys Centre,Undergraduate,Economics,140286,2024/2025
SCH-000866,Mworoa Mutwiri Erick,10370853,011224256,mutwiri.mworoa@gmail.com,1987-11-13,Male,Mombasa,Changamwe,Miritini,"Plot 246, Lane 4, Lavington",28-Jan-2022,Active,Kenya Methodist University,Undergraduate,Engineering,274640,2022/2023
SCH-000867,Kipchumba Adoyo,15961044,076672838,kipchumba.adoyo@yahoo.com,1993-10-26,Female,Kiambu,Kikuyu,Sigona,"Plot 359, Lane 14, River Road",18-03-2024,Inactive,University of Nairobi,Diploma,Nursing,160834,2023/2024
SCH-000868,Flora Nzioka,47628190,074432247,flora.nzioka@gmail.com,1973-01-21,Male,Nakuru,Kuresoi South,Amalo,"Plot 105, Lane 12, Limuru",24/03/2023,Active,St. Joseph's School,Postgraduate,Accounting,171694,2023/2024
SCH-000869,Lois Mchao,55552113,079641838,lois.mcharo@yahoo.com,2002-04-15,Male,Meru,Central Imenti,Mwangathia,"Plot 479, Lane 12, Kiambu",20250707,Pending,St. Joseph's School,Undergraduate,Education,144143,2025/2026
SCH-000870,Judith Kamau Mogaka,44-518-559,010904614,judith.mogaka@yahoo.com,1997-01-21,Male,Nyeri,Nyeri Town,Rware,"House 104, Jogoo Drive, Kileleshwa",12-06-2024,Active,Kenyatta University,Certificate,Civil Engineering,219549,2024/2025
SCH-000871,Syokau Wafula Njoroge,28774471,073710405,syokau.njoroge@gmail.com,1977-07-20,Male,Mombasa,Jomvu,Jomvu Kuu,"House 182, Kiambu Road, Garden Estate",08-Aug-22,Inactive,Kabianga High School,Diploma,Journalism,186768,2024/2025
SCH-000872,jebiwott adhiambo mutisya,79386491,072586097,jebiwott.mutisya@outlook.com,1989-02-06,Female,Bungoma,Kabuchai,Mukuyuni,"Plot 231, Lane 15, Kiambu Road",2023-04-26,Pending,Eldoret National Polytechnic,Secondary,Economics,368378,2023/2024
SCH-000873,F. D. Wambui,28699996,074586953,florence.wambui@yahoo.com,1985-11-03,Male,Bomet,Chepalungu,Nyongores,"Plot 378, Lane 4, Kasarani",10/28/2025,Inactive,Kabianga High School,Diploma,Social Work,163702,2023/2024
SCH-000874,Naipanoi Rimberia,,079248063,naipanoi.rimberia@gmail.com,1986-12-27,Female,Machakos,Matungulu,Matungulu West,"Plot 185, Lane 11, Kiambu",12-12-2022,Inactive,Eldoret National Polytechnic,Undergraduate,Engineering,244286,2025/2026
SCH-000875,Okello Nganga,25046526,072800016,okello.nganga@hotmail.com,1967-03-22,Female,Machakos,Machakos Town,Machakos Central,"Plot 290, Lane 1, Lenana",05/17/2022,Active,Starehe Boys Centre,Secondary,Accounting,135589,2024/2025
SCH-000876,Elijah Nanjaa,N/A,,elijah.nanjala@gmail.com,1966-03-06,Male,Machakos,Mavoko,Kinanie,"Plot 384, Lane 1, Ruaraka",2022-07-27,Active,,Diploma,Social Work,166802,2022/2023
SCH-000877,Naisula Wandera,9092-1574,010422261,naisula.wandera@hotmail.com,1953-01-05,Female,BOMET,Konoin,Chepchabs,"Plot 202, Lane 9, River Road",2023-05-05,Pending,Kenya Methodist University,Undergraduate,Business,407461,2022/2023
SCH-000878,Brenda Btt,87031272,011668289,bbett@gmail.com,1982-05-12,Male,Nyeri,Mukurweini,Rugi,"Plot 287, Lane 2, Kangundo",03/04/2023,Inactive,Eldoret National Polytechnic,Undergraduate,Agriculture,196621,2023/2024
SCH-000879,Muthuri Korir,71740969,076673506,muthuri.korir@hotmail.com,1984-03-08,Female,Turkana,Turkana East,Lokichar,"Plot 278, Lane 1, Parklands",13/12/2024,Inactive,JKUAT,Diploma,Information Technology,205609,2022/2023
SCH-000880,Jane Kinsyua,34260309,073812617,jane88@outlook.com,1999-06-16,MALE,Bomet,Sotik,Rongena/Manaret,Plot99Lane20RiverRd,10/04/2024,active,Lenana School,SECONDARY,Journalism,118627,2024- 2025
SCH-000881,Wambui Joy Mokua,33218937,0724-110-42,wambui.mokua@yahoo.com,1983-11-18,Female,Kisumu,Seme,Central Seme,"Plot 16, Lane 13, Tom Mboya",26-02-2024,Inactive,Maseno School,Postgraduate,Accounting,170304,2024/2025
SCH-000882,Anyango Ochieng,44612609,078535777,ochienganyango@hotmail.com,05/20/1998,male,Nakuru,Molo,Turi,"Plot 213, Lane 19, Kiambu Road",2024-06-01,Inactive,Maranda High School,CERTIFICATE,Medicine,119537,2022–2023
SCH-000883,Edward Micah Mutune,57887366,078419116,edward.mutune@yahoo.com,1972-06-17,Male,Nyeri,Mathira,Kirimukuyu,"Plot 149, Lane 17, Jogoo",20250722,Inactive,Alliance High School,Undergraduate,Information Technology,178060,2025/2026
SCH-000884,Alice Charity Wanyoike,72 213 255,010335122,alice.wanyoike@yahoo.com,1997-09-21,Female,Machakos,Machakos Town,NULL,"House 41, Athi River Drive, Uhuru",07/10/2023,Active,NULL,Diploma,Computer Science,150309,2024/2025
SCH-000885,moraa kipkirui,65243280,072761706,,1969-02-25,Male,NULL,Bomet Central,Mutarakwa,"House 179, Mombasa Road Drive, Mombasa Road",,Inactive,Green Garden Academy,Diploma,Engineering,187865,2024/2025
SCH-000886,Dorothy Towett,86986647,078600525,dorothy.towett@gmail.com,1991-01-12,Male,Kilifi,Magarini,Sabaki,"Plot 154, Lane 14, Karen",02-03-2025,Pending,Alliance High School,Secondary,Computer Science,184170,2024/2025
SCH-000887,Amos Kebaso,78782838,079146982,amos.kebaso@gmail.com,1974-02-02,Male,NAIROBI,Dagoretti North,Kilimani,"House 306, Mugumo Avenue, Kiambu Road",07/19/2025,Inactive,Eldoret National Polytechnic,Postgraduate,Business,296395,2022/2023
SCH-000888,Gitobu Christopher Kipsang,25681323,079563075,gitobu.kipsang@yahoo.com,1969-06-11,Male,Kisumu,Seme,Central Seme,"House 463, Ruiru Street, Tom Mboya",26/01/2025,Pending,Kenyatta University,Postgraduate,Agriculture,224687,2025/2026
SCH-000889,Muriuki Nabea,47299640,011279636,muriuki.nabea@gmail.com,1981-02-07,Male,Kilifi,Magarini,Magarini,"Plot 314, Lane 10, Kiambu Road",28-01-2023,Pending,JKUAT,Postgraduate,Agriculture,439821,2022/2023
SCH-000890,Jebet Nekesa Otieno,87034382,078858864,jebet.otieno@gmail.com,1973-04-08,Female,Kiambu,Lari,Kinale,"House 359, Limuru Drive, Kileleshwa",02/04/2024,Active,Mang'u High School,Postgraduate,Information Technology,309577,2025/2026
SCH-000891,Chepkoech Chepkkirui,37921512,N/A,chepkoech.chepkirui@gmail.com,1969-12-21,Female,,Kiminini,Sirende,"Plot 145, Lane 2, Garden Estate",2022-05-20,Pending,Prestige Academy,Diploma,Medicine,204843,2024/2025
SCH-000892,Kaloki Joy Lubanga,14985525,077947531,kaloki.lubanga@outlook.com,1985-10-08,Female,Mombasa,Nyali,Ziwa la Ng'ombe,"Plot 59, Lane 17, Thika",16-02-2022,Inactive,Rift Valley Institute,Certificate,Economics,123595,2022/2023
SCH-000893,Auma Wanjiku Awino,42945212,011517664,auma.awino@gmail.com,1981-08-03,Male,Nakuru,Nakuru Town East,Menengai,"Plot 332, Lane 13, Moi Avenue",2024-07-01,Pending,Moi University,Secondary,Engineering,137600,2024/2025
SCH-000894,Anthony Martin Wangari,72-505-408,076283524,NULL,1965-02-25,Female,Nyeri,Nyeri Town,Kiganjo/Mathari,"Plot 411, Lane 9, Ngong",28/04/2024,Active,Starehe Boys Centre,Postgraduate,Medicine,213979,2023/2024
SCH-000895,Chepkorir Mutune,75655873,079 532 016,chepkorir.mutune@yahoo.com,2001-04-28,Female,BUNGOMA,,Elgon,"House 172, Moi Avenue Road, Parklands",12/15/2025,,Coast Institute of Technology,Postgraduate,Economics,133581,2025/2026
SCH-000896,Kimeu Kwamboka Wamuyu,88448668,074358500,kimeu.wamuyu@yahoo.com,1998-05-09,Male,Bomet,Bomet Central,Mutarakwa,"House 352, Argwings Kodhek Drive, Kiambu",08-11-2025,Pending,Kenya Methodist University,Certificate,Economics,258678,2022/2023
SCH-000897,Namukhula Macharia,46 167 085,011383349,namukhula.macharia@gmail.com,1953-06-25,Male,Uasin Gishu,Moiben,Sergoit,"Plot 74, Lane 16, Ruiru",09/02/2025,Active,Maranda High School,Secondary,Social Work,167379,2025/2026
SCH-000898,Jacqueline Jepkorir,62504528,076831541,jacqueline.jepkorir@outlook.com,N/A,Male,NULL,Nakuru Town West,Rhoda,"Plot 298, Lane 20, Mugumo",N/A,Inactive,Mang'u High School,Undergraduate,Law,396600,2025/2026
SCH-000899,Wachira Gitobu,43 538 762,077949756,wachira.gitobu@gmail.com,1980-12-08,Female,NAIROBI,Westlands,Kangemi,"House 209, Westlands Avenue, Moi Avenue",08/03/2024,Pending,Maseno University,Diploma,Medicine,185892,2022/2023
SCH-000900,Oduya Nabwire,82978342,076370328,o.nabwire@gmail.com,17-Oct-1987,female,Nairobi,Westlands,Mountain View,Plot210Lane5KiambuRd,2023-10-16,active,Strathmore University,CERTIFICATE,Economics,177350,2025–2026
SCH-000901,Jonah Faith Awiti,20439138,076309969,jonah.awiti@hotmail.com,1969-06-01,Male,Nairobi,Lang'ata,Nairobi West,"House 408, Ngong Road Street, Juja",22-Mar-2023,Active,Maseno School,Certificate,Accounting,451279,2025/2026
SCH-000902,Awuor Bridget Gacheru,23766380,079450905,awuor.gacheru@outlook.com,1986-09-19,Male,Kiambu,Kikuyu,Kinoo,"Plot 52, Lane 19, Kiambu",2022-07-01,Pending,Mount Kenya University,Secondary,Social Work,126758,2022/2023
SCH-000903,Jonathan Mutua,63296865,070386433,jonathan.mutua@yahoo.com,1950-04-09,Male,Machakos,Kathiani,Kathiani Central,"House 416, Ngong Road Road, Thika Superhighway",2023-09-19,Active,Kenyatta University,Undergraduate,Journalism,330125,2022/2023
SCH-000904,Wairimu Kamau,65277579,076667799,wairimu.kamau@yahoo.com,2003-02-16,Male,Nairobi,Dagoretti North,Kilimani,"Plot 87, Lane 4, Likoni",11/04/2025,Pending,St. Joseph's School,Diploma,Law,117295,2022/2023
SCH-000905,Victor Gitobu Musila,71195665,074307388,victor.musila@outlook.com,1973-03-11,Male,Bomet,Sotik,Ndanai/Abosi,"Plot 245, Lane 11, Garden Estate",2024-07-09,Active,University of Nairobi,Secondary,Journalism,367628,2025/2026
SCH-000906,Nasimiyu Korir,18579673,072124052,nasimiyu.korir@gmail.com,2001-05-12,Female,Machakos,Masinga,Muthesya,"Plot 212, Lane 20, Moi Avenue",2025-02-10,Active,Starehe Boys Centre,Diploma,Education,280761,2022/2023
SCH-000907,Wangeci Mwakideu,72365495,078713608,,1962-11-20,Female,Meru,Central Imenti,Mwangathia,"Plot 306, Lane 11, River Road",22/08/2023,Inactive,University of Nairobi,Undergraduate,Civil Engineering,180624,2024/2025
SCH-000908,jepkoech cherono,40-317-689,010503433,jepkoech.cherono@yahoo.com,1994-08-06,Female,Turkana,Turkana West,Kakuma,"House 40, Mombasa Road Road, Argwings Kodhek",2022-01-09,Active,Maseno School,Secondary,Law,173625,2024/2025
SCH-000909,Wachira Mutinda Achieng,73369617,011313699,wachira.achieng@gmail.com,2004-11-22,Female,Meru,Tigania West,Kianjai,"Plot 330, Lane 17, Ngong Road",24-03-2024,Inactive,Prestige Academy,Certificate,Social Work,147186,2024/2025
SCH-000910,Dorothy Jepkorir,39413080,075766938,dorothy.jepkorir@gmail.com,1984-12-21,Male,Bomet,Bomet Central,Mutarakwa,"Plot 209, Lane 14, Kiambu Road",19-06-2025,Active,Green Garden Academy,Postgraduate,Economics,329791,2024/2025
SCH-000911,Nyambura Bridget Awuor,38 402 180,075425766,nyambura.awuor@gmail.com,,Female,N/A,Webuye East,Ndivisi,"House 159, River Road Avenue, Parklands",03/07/2025,Pending,Mang'u High School,NULL,Public Health,149900,2022/2023
SCH-000912,Muthoni Opiyo,,011870118,muthoni.opiyo@yahoo.com,1970-07-11,Male,Kilifi,,Mariakani,"Plot 215, Lane 7, Tom Mboya",12-Dec-2024,Pending,Alliance High School,NULL,Law,261618,2025/2026
SCH-000913,Alice Wairimu Odhiambo,85887403,078998062,N/A,N/A,Female,Nairobi County,Westlands,Mountain View,"House 189, River Road Road, Athi River",12-06-2023,Pending,JKUAT,Postgraduate,Agriculture,320566,2024/2025
SCH-000914,John Onsongo,81 344 862,071295472,john.onsongo@gmail.com,1971-12-01,Male,Nairobi,Kibra,Makina,"House 202, Ngong Road Road, Ruaraka",13-Sep-2023,Inactive,Mount Kenya University,Undergraduate,Civil Engineering,182383,2024/2025
SCH-000915,Habakkuk Cecilia Maina,81874786,071398461,NULL,1983-07-22,Female,Bomet,BometEast,Longisa,NULL,N/A,Pending,Moi University,Postgraduate,Engineering,213024,2023/2024
SCH-000916,Kioko Jepkoeech,26935536,075704887,kioko.jepkoech@yahoo.com,1965-07-28,Male,Kisumu,Nyakach,South West Nyakach,"House 216, Thika Superhighway Drive, Argwings Kodhek",19-11-2024,Active,JKUAT,Secondary,Medicine,304385,2024/2025
SCH-000917,David Cheronu,12458919,075184687,david.cherono@gmail.com,1993-09-25,Male,Kiambu,Ruiru,Kahawa Sukari,"House 107, Uhuru Road, Kikuyu",06/24/2025,Active,Coast Institute of Technology,Secondary,Public Health,426873,2023/2024
SCH-000918,Daniel Onditi Gacheru,NULL,079964117,daniel.gacheru@gmail.com,1965-02-19,Female,Bomet,Chepalungu,Kongasis,"Plot 232, Lane 12, Lenana",02-Oct-22,Active,Moi High School Kabarak,Undergraduate,Journalism,168306,2024/2025
SCH-000919,Moraa Omar,14511005,071182326,moraa.omar@outlook.com,1969-08-02,Male,Machakos,Kathiani,Mitaboni,"House 324, Thika Superhighway Drive, Kiambu Road",04/08/2023,Active,Rift Valley Institute,Diploma,Education,197337,2022/2023
SCH-000920,"Simiyu, Faith Mbaka",19273191,011219984,faith.simiyu@hotmail.com,1986-04-19,Male,Nairobi,Lang'ata,Karen,"Plot 471, Lane 20, Kiambu",03-16-2024,Active,Eldoret National Polytechnic,Secondary,Social Work,253168,2023/2024
SCH-000921,Gilbert Mutwiri,19160128,078898715,gilbert.mutwiri@yahoo.com,1962-07-24,Female,Trans Nzoia,Endebess,Matumbei,"House 400, Kiambu Road Street, Mombasa Road",10-Apr-25,Pending,Lenana School,Certificate,Accounting,174247,2022/2023
SCH-000922,Nokun Chepkirui,23316648,011500013,nokun.chepkirui@gmail.com,1972-07-15,Male,Machakos,Mavoko,Athi River,"Plot 17, Lane 8, Lavington",04/02/2022,Inactive,Coast Institute of Technology,Diploma,Education,208217,2025/2026
SCH-000923,"Kaimenyi, Silas",78175036 ,070368818,silas.kaimenyi@outlook.com,1986-06-07,Female,Nakuru,Rongai,Menengai West,"Plot 217, Lane 9, River Road",06-10-2023,Inactive,Kabianga High School,Diploma,Journalism,230007,2024/2025
SCH-000924,Khaemba Kipsang,18990534,079361062,khaemba.kipsang@yahoo.com,1975-06-06,Male,,Lugari,Lugari,"Plot 217, Lane 1, Ruiru",23-Apr-2022,Pending,St. Joseph's School,Undergraduate,Medicine,124946,2025/2026
SCH-000925,Wabomba Patrick Wangari,48164274,073323812,N/A,1997-11-24,Male,Bungoma,Kabuchai,Mukuyuni,"Plot 240, Lane 3, Athi River",23-06-2022,Active,Egerton University,Certificate,Engineering,81337,2025/2026
SCH-000926,Adoyo Mwirigi,86057239,073353560,adoyo.mwirigi@outlook.com,1954-02-26,Male,Nyeri,Mathira,Ruguru,"Plot 129, Lane 11, Argwings Kodhek",2024-06-15,Active,Kenyatta University,Postgraduate,Accounting,274429,2024/2025
SCH-000927,Martha Cheruiyot,45545064,079550162,martha.cheruiyot@gmail.com,1977-02-15,Female,Nairobi,Kibra,Makina,"Plot 73, Lane 12, Tom Mboya",,N/A,Strathmore University,Postgraduate,Economics,148515,2023/2024
SCH-000928,Leshan Waithea,37154707,077556774,leshan.waithera@gmail.com,1983-04-03,Male,Kiambu,N/A,Sigona,"Plot 53, Lane 7, Kangundo",28-Jul-2022,Active,University of Nairobi,Postgraduate,Economics,188284,2025/2026
SCH-000929,Habakkuk Kipngetich Wanyonyi, 75343668,011843534,habakkuk.wanyonyi@gmail.com,1998-09-22,Male,Nairobi,NULL,Mountain View,"Plot 181, Lane 1, Mombasa Road",03-May-2024,Active,Strathmore University,Certificate,Information Technology,240820,2025/2026
SCH-000930,Jepkoech Christopher Momanyi,27879065,011531562,jepkoech.momanyi@yahoo.com,1988-05-24,Male,Meru,Igembe South,Mau/Antuamburi,"Plot 206, Lane 9, Ngong",20230429,Pending,Egerton University,Postgraduate,Medicine,112847,2024/2025
SCH-000931,Andrew Osebbe,15679986,072522868,andrew.osebe@outlook.com,1969-09-22,Male,Kiambu,Ruiru,Gatong'ora,"Plot 194, Lane 9, Kangundo",04/13/2024,Inactive,Kenyatta University,Certificate,Medicine,98360,2024/2025
SCH-000932,Barnabas Leshan Wangari,61660590,073468852,barnabas.wangari@hotmail.com,2003-07-24,Male,Meru,Igembe North,Antubetwe Kiongo,"Plot 467, Lane 15, Lavington",26/07/2023,Pending,Starehe Boys Centre,Undergraduate,Education,481961,2023/2024
SCH-000933,Mary Mark Mwakisha,47549647,010817307,mary@gmail.com,25 Oct 2004,Female,Kisumu,Kisumu West,North Kisumu,"Plot 397, Lane 1, Thika Superhighway",2024-01-20,pending,St. Joseph's School,UNDERGRADUATE,Engineering,136298,2023–2024
SCH-000934,Jacqueline Awiti Lubanga,25651239,011578416,j.lubanga@gmail.com,1979-09-24,M,Nairobi,Dagoretti North,Gatina,House428NgongRdDriveMombasaRd,11-06-2025,ACTIVE,Eldoret National Polytechnic,SECONDARY,Social Work,438608,2024–2025
SCH-000935,Mwangi Kerubo Awuor,48333001,011884796,mwangi.awuor@hotmail.com,NULL,Female,Nairobi,Westlands,Parklands,"House 13, Kangundo Street, Karen",16-Jan-2024,Active,Kenyatta University,Undergraduate,Accounting,188045,2023/2024
SCH-000936,Adhiambo Mugo Githua,27686895,073903108,adhiambo.githua@outlook.com,1986-10-13,Male,Mombasa,Likoni,Tsimba,"Plot 402, Lane 2, Kileleshwa",02-Oct-2024,Pending,Kabianga High School,Diploma,Accounting,171801,2022/2023
SCH-000937,Flora Stephen Mumo,89118492,078738437,flora.mumo@gmail.com,1981-10-10,Male,Uasin Gishu,Ainabkoi,Racecourse,"Plot 313, Lane 12, Kileleshwa",14-06-2024,Active,Moi High School Kabarak,Undergraduate,Education,460978,2023/2024
SCH-000938,Kagendo Kymutai,59-587-404,011479588,kagendo.kimutai@gmail.com,1960-11-26,Male,Nairobi,Kibra,Makina,N/A,06/08/2022,N/A,Mount Kenya University,NULL,Education,149207,2024/2025
SCH-000939,Kipkoech Faith Kiprono,74547148,074643458,kipkoech.kiprono@gmail.com,1979-05-14,Male,Kakamega,Mumias West,Etenje,"House 56, Langata Road, Outering",06-Jun-2023,Active,St. Joseph's School,Undergraduate,Information Technology,196736,2024/2025
SCH-000940,Amos Ngeno,35338379,072414341,amos.ngeno@yahoo.com,1999-09-08,Male,Kakamega,Butere,Marama North,"Plot 87, Lane 12, Ruaraka",05-11-2025,Inactive,Green Garden Academy,Diploma,Architecture,475972,2025/2026
SCH-000941,Emily Awuor Nafula,84-776-506,070815873,emily.nafula@gmail.com,2004-09-01,Male,Nairobi,Lang'ata,NULL,,2023-04-05,N/A,Strathmore University,Certificate,Social Work,152424,2023/2024
SCH-000942,Mutisya Harun Kiprop,26692837,070586668,NULL,11-Jun-1977,F,Kilifi,Kilifi South,Chasimba,Plot 69 Lane 3 Kangundo,2025-04-12,pending,Coast Institute of Technology,UNDERGRADUATE,Law,428265,2024–2025
SCH-000943,Kerubo Naipanoi Cherono,66434872,NULL,kerubo.cherono@gmail.com,1977-02-16,Male,Nairobi,Kasarani,Ruai,"Plot 456, Lane 4, Kangundo",24/07/2025,Pending,N/A,Undergraduate,Journalism,369915,2025/2026
SCH-000944,Lois Waanyonyi,24957006,079788073,lois.wanyonyi@gmail.com,1986-11-22,Male,Turkana,Turkana West,Kakuma,"House 308, Kiambu Road Road, Langata",15-Apr-2024,Pending,Kenya Methodist University,Undergraduate,Civil Engineering,127502,2025/2026
SCH-000945,Kipchirchir Oseko,31889608,0117-986-37,kipchirchir.oseko@gmail.com,1983-02-09,Female,Mombasa,Nyali,Kongowea,"Plot 322, Lane 9, Kangundo",2022-02-15,Inactive,Moi High School Kabarak,Diploma,Architecture,74446,2022/2023
SCH-000946,Mukami Mbaka,43170318,074100397,N/A,1975-01-15,Male,Nyeri,Mukurweini,Mukurwe-ini West,"House 91, Kasarani Drive, Athi River",2024-06-24,Inactive,Maranda High School,Undergraduate,Accounting,315542,2022/2023
SCH-000947,Nasimiyu Kipchumba,29741598,071738076,nasimiyu.kipchumba@hotmail.com,1959-07-05,Male,Kilifi,Kaloleni,Kaloleni,"Plot 180, Lane 17, Jogoo",2024-06-04,Pending,Coast Institute of Technology,Undergraduate,Education,199617,2025/2026
SCH-000948,Edith Mburu,28778595,072207220,edith.mburu@yahoo.com,1957-06-12,Male,Nakuru,Molo,Turi,"Plot 206, Lane 17, Ruaraka",20221102,Inactive,Strathmore University,Postgraduate,Law,352640,2025/2026
SCH-000949,Alice Jonathan Juma,31245020,079231939,alice.juma@yahoo.com,1972-04-13,Male,BUNGOMA,WEBUYE EAST,,"Plot 466, Lane 1, Kasarani",2025-05-20,Pending,Mang'u High School,,Social Work,192587,2022/2023
SCH-000950,Harun Mutua Kiarie,37-425-725,011519696,harun.kiarie@gmail.com,1969-01-17,Male,Machakos,Yatta,Katangi,"House 401, Mombasa Road Street, Kenyatta",,Pending,Kabianga High School,N/A,Agriculture,82662,2025/2026
SCH-000951,Naserian Koech,20253315,076634640,naserian.koech@outlook.com,1964-06-02,Male,Turkana,Turkana South,Katilu,"Plot 232, Lane 13, Ruaraka",14-12-2025,Inactive,Starehe Boys Centre,Undergraduate,Civil Engineering,146133,2025/2026
SCH-000952,Micah Thomas Ndunge,8064-7142,010737430,micah.ndunge@outlook.com,2004-08-18,Female,Bungoma,Kabuchai,Bwake/Luuya,"House 111, Outering Road, Langata",06 Feb 2025,Active,Egerton University,Certificate,Agriculture,264449,2025/2026
SCH-000953,"Akinyi, Harun Kilonzo",14918680,075342606,harun.akinyi@gmail.com,1971-02-17,Female,Machakos,Matungulu,Matungulu West,"House 423, Ngong Street, Moi Avenue",20-Aug-25,Pending,Mang'u High School,Certificate,Social Work,279807,2025/2026
SCH-000954,Awino Cheruiyot,16882306,079108208,awino.cheruiyot@gmail.com,1992-02-18,Female,Uasin Gishu,Soy,Kapkures,"Plot 112, Lane 3, Uhuru",05-02-2024,Pending,Kenyatta University,Certificate,Engineering,352043,2023/2024
SCH-000955,Onsongo George Wambugu,32046483,078744602,onsongo.wambugu@outlook.com,1968-06-04,Male,Uasin Gishu,Ainabkoi,Ainabkoi/Olare,"Plot 63, Lane 2, Kangundo",04-10-2025,Pending,St. Joseph's School,Postgraduate,Architecture,172867,2023/2024
SCH-000956,Kinyua Wanyonyi,83012855,078518738,kinyua.wanyonyi@yahoo.com,2003-12-01,Male,Machakos,Yatta,Katangi,"Plot 201, Lane 20, Kiambu",20/03/2022,Pending,Maseno School,Postgraduate,Computer Science,158443,2024/2025
SCH-000957,M. O. Mitei,20525655,076793756,mark.mitei@gmail.com,1961-05-22,Female,BUNGOMA,Sirisia,Lwandanyi,"Plot 466, Lane 2, Karen",2025-12-28,Active,Maranda High School,NULL,Business,203971,2025/2026
SCH-000958,Zephaniah Muthuri,77465708,075584492,zephaniah.muthuri@outlook.com,1961-04-04,Female,Kakamega,Matungu,Khalaba,"Plot 353, Lane 11, Kiambu",2023-03-29,Pending,Rift Valley Institute,Diploma,Law,293066,2022/2023
SCH-000959,Gichuru Mwirigi Kibathi,48143081,076352371,gichuru.kibathi@gmail.com,1979-05-18,Male,Nakuru,Rongai,Soin,"Plot 300, Lane 8, Garden Estate",01-09-2024,Pending,Rift Valley Institute,Diploma,Medicine,259454,2023/2024
SCH-000960,Awiti Mohamed,97518125,NULL,awiti.mohamed@outlook.com,1982-02-09,Male,Bungoma,Kabuchai,Kabuchai/Chwele,,21-Jun-2023,Inactive,Alliance High School,Undergraduate,Economics,246152,2022/2023
SCH-000961,Mulwa Kiprop Salim,80458179,079728669,mulwa.salim@hotmail.com,1976-05-25,Female,Nakuru,Nakuru Town West,London,"Plot 119, Lane 10, Parklands",11/19/2022,Inactive,Maseno University,Certificate,Computer Science,122655,2022/2023
SCH-000962,wachira kipngetich kivuva,23089706,070660464,wachira.kivuva@gmail.com,1992-01-25,Male,Bungoma,Sirisia,Malakisi/South Kulisiru,"Plot 429, Lane 18, Ruiru",24 Jan 2024,Active,Maseno School,Undergraduate,Nursing,92318,2024/2025
SCH-000963,Jonah Anyango,34546715,011977336,j.anyango@gmail.com,2006-07-17,FEMALE,Nakuru,Naivasha,Maiella,House 216 Kasarani Road Garden Estate,2025-01-17,I,Mount Kenya University,POSTGRADUATE,Social Work,413252,2024 / 2025
SCH-000964,Kilonzo Ndunge,19026390,072671612,kilonzo.ndunge@outlook.com,1996-02-22,Male,Kakamega,Shinyalu,Isukha West,"House 24, Karen Street, Ngong Road",11-Jun-2023,Inactive,Maseno University,Secondary,Economics,207373,2023/2024
SCH-000965,Charity Chepkwony,58660985,078655147,charity.chepkwony@gmail.com,1999-12-10,Female,Mombasa,Kisauni,Mtopanga,"House 35, Mombasa Road Road, Ruiru",15/12/2024,Active,Egerton University,Undergraduate,Architecture,157377,2023/2024
SCH-000966,Susan Wafula Lubanga,71384698,011379490,susan.lubanga@gmail.com,1980-03-05,Female,Trans Nzoia,Cherangany,Motosi,"Plot 79, Lane 5, Mugumo",19/09/2023,Pending,Maseno School,Postgraduate,Economics,278428,2023/2024
SCH-000967,Nahum Okenllo,33851205,011682534,nahum.okello@hotmail.com,1991-09-09,Female,Kisumu,Nyakach,North Nyakach,"House 228, Thika Superhighway Street, Argwings Kodhek",09-Oct-24,Pending,Kabianga High School,Certificate,Journalism,172267,2024/2025
SCH-000968,Wamalwa Wairimu,56646447,078596537,wamalwa.wairimu@gmail.com,1994-11-03,Male,Bungoma County,Kimilili,Kimilili,"House 418, Mugumo Road, Karen",20220822,Pending,Lenana School,Certificate,Architecture,305863,2024/2025
SCH-000969,Ombati Naebwire,19717833,011877796,ombati.nabwire@hotmail.com,1992-08-13,Female,Kakamega,Ikolomani,Idakho East,"House 15, Thika Superhighway Drive, Uhuru",2023-05-23,Inactive,Lenana School,Diploma,Education,110550,2024/2025
SCH-000970,Grace Ombati Musyoka,45149345,073350922,grace.musyoka@gmail.com,1991-03-01,Male,Nyeri,Mathira,Konyu,"Plot 420, Lane 18, Thika",10-11-2025,Active,Alliance High School,Postgraduate,Information Technology,324164,2025/2026
SCH-000971,Kipkirui Grace Mwangi,14273658,078779425,kipkirui.mwangi@hotmail.com,1993-03-10,Male,Trans Nzoia,Cherangany,Cherangany/Suwerwa,"House 379, Uhuru Street, Lavington",13-07-2025,Pending,Starehe Boys Centre,Diploma,Journalism,196413,2024/2025
SCH-000972,Mukami Auma,25226934,073300039,mauma@gmail.com,1995-12-20,male,N/A,N/A,Marama Central,Plot 94 Lane 19 Moi Avenue,04-15-2022,N/A,St. Joseph's School,CERTIFICATE,Business,96845,2023 / 2024
SCH-000973,Mark Moses Marete,63223998,011766347,mark.marete@hotmail.com,1965-10-28,Female,Bomet,Bomet East,Kembu,"Plot 5, Lane 1, Waiyaki",2023-10-08,Pending,Maranda High School,Postgraduate,Economics,437767,2022/2023
SCH-000974,Masinde Leshan,32258756,071737499,masinde.leshan@yahoo.com,1984-11-04,Female,Nakuru,Rongai,Solai,"Plot 392, Lane 15, Mombasa Road",05/08/2022,Inactive,Mount Kenya University,Diploma,Computer Science,114161,2024/2025
SCH-000975,Wambui Beatrice Maingi,61617675,073678548,wambui.maingi@yahoo.com,1953-12-12,Male,Kisumu,Muhoroni,Muhoroni/Koru,"House 202, Uhuru Road, Karen",21-12-2025,Inactive,Maseno School,Certificate,Business,249008,2022/2023
SCH-000976,Anthony Salim,38292455,+25470676548,anthony.salim@gmail.com,,Female,Nairobi,Lang'ata,Nairobi West,"House 436, Karen Drive, Thika",21/05/2022,Active,Kenya High School,Postgraduate,Business,105881,2024/2025
SCH-000977,Mutisya Kipngetich,95190598,N/A,mutisya.kipngetich@gmail.com,1965-12-11,Female,Kakamega,Lugari,Manda/Shivanga,NULL,19-10-2023,Active,,Postgraduate,Law,133473,2022/2023
SCH-000978,Sophia Edith Auma,85171040,078213299,sophia.auma@gmail.com,1997-05-05,Male,Nyeri,Tetu,Aguthi/Gaaki,"House 270, Waiyaki Road, Langata",25 Dec 2025,Active,Moi University,Undergraduate,Engineering,212949,2023/2024
SCH-000979,Brian Muthuri Karanja,33883732,011688240,brian.karanja@gmail.com,1988-10-06,Female,Kilifi,Magarini,Garashi,"Plot 433, Lane 2, Lavington",2024-01-24,Pending,University of Nairobi,Undergraduate,Social Work,124398,2023/2024
SCH-000980,Wamalwa Kamau,40109240,070603719,wamalwa.kamau@gmail.com,1991-01-18,Male,Nairobi,Dagoretti North,Kawangware,"Plot 384, Lane 15, Juja",20230602,Pending,Green Garden Academy,Undergraduate,Accounting,160361,2022/2023
SCH-000981,Florence KiprotichKasina,23306584,076465917,florence.kiprotich@gmail.com,1957-12-07,Male,Mombasa,Nyali,Kongowea,"Plot 186, Lane 14, Thika Superhighway",03-Nov-2025,Inactive,Coast Institute of Technology,Diploma,Economics,174410,2022/2023
SCH-000982,Robert Kiraie,30344320,073398241,robert.kiarie@hotmail.com,1989-11-27,Female,Nairobi,Westlands,Parklands,"Plot 304, Lane 1, Parklands",27-Aug-25,Active,Maseno School,Diploma,Civil Engineering,247858,2022/2023
SCH-000983,Omar Jepkorir,81833417,077827196,jepkorir.omar@yahoo.com,1958-06-19,Male,TRANS NZOIA,CHERANGANY,MOTOSI,"House 445, Kilimani Avenue, Moi Avenue",08-06-2023,Pending,St. Joseph's School,Certificate,Civil Engineering,142920,2025/2026
SCH-000984,Kimeu Omar,29920279,075512032,kimeu61@gmail.com,06-Feb-1980,Female,Nakuru County,Naivasha,Lake View,"plot 107, lane 1, karen",2023-10-31,I,St. Joseph's School,DIPLOMA,Nursing,217645,2022- 2023
SCH-000985,Aoko Kamande,90316913,079455960,aoko.kamande@yahoo.com,2001-03-09,Female,Nairobi,Kasarani,Njiru,"House 433, Kasarani Road, Westlands",2024-08-08,Pending,Mang'u High School,Secondary,Medicine,344130,2023/2024
SCH-000986,Kariuki Jebet Koech,52846556,NULL,kariuki.koech@gmail.com,1967-01-02,Female,Kiambu,Lari,Kinale,N/A,01-06-2024,Inactive,NULL,Secondary,Medicine,437915,2025/2026
SCH-000987,Esther Simiyu,55049676,011338667,esther.simiyu@yahoo.com,1996-01-18,Female,Bomet,Konoin,Boito,"House 317, Mombasa Road Street, Thika",2022-03-22,Pending,Maseno School,Undergraduate,Public Health,101993,2023/2024
SCH-000988,Isaac Aly,36943494,011764919,isaac.ali@gmail.com,1964-07-16,Female,Meru,Tigania East,Thangatha,"House 125, Garden Estate Avenue, Thika Superhighway",2024-11-17,Active,Moi University,Certificate,Business,170014,2022/2023
SCH-000989,Syokau Omondi Wekesa,28156328,010986658,syokau.wekesa@yahoo.com,01-Aug-1991,male,Kisumu,Kisumu East,Manyatta 'B',"Plot 391, Lane 12, Athi River",16/12/2024,A,N/A,N/A,Agriculture,445668,2025-2026
SCH-000990,Kanana Awuor Wamuyu,92746886,075511374,kanana.wamuyu@gmail.com,1961-09-11,Male,Machakos,Mavoko,,"Plot 108, Lane 20, Ruiru",22/06/2025,Active,Kenya Methodist University,Certificate,Agriculture,197339,2025/2026
SCH-000991,Jeremiah Wamuyu,28785946,077556168,jeremiah.wamuyu@yahoo.com,1982-08-06,Female,Kiambu,N/A,Kiuu,"House 297, Kiambu Road Street, Ruiru",20/09/2022,Inactive,Alliance High School,N/A,Accounting,239297,2025/2026
SCH-000992,Khaemba Naliaka,57455285,071283842,khaemba.naliaka@gmail.com,1993-12-27,Female,Nairobi,Kibra,Lindi,"House 114, Garden Estate Avenue, Waiyaki",02/01/2023,Active,Kenyatta University,Undergraduate,Architecture,273237,2025/2026
SCH-000993,Mwikali Musyoka,79427754,072558648,mmusyoka@gmail.com,21/02/1961,male,Kisumu,Seme,East Seme,Plot166Lane3Limuru,31-Dec-23,Active,Coast Institute of Technology,POSTGRADUATE,Law,202785,2022 / 2023
SCH-000994,Isaac Oduya Onsongo,83608832,010354063,isaac.onsongo@outlook.com,1982-05-27,Female,Kiambu,Kikuyu,Kinoo,"Plot 371, Lane 10, Lavington",2022-04-18,Pending,Maseno School,Secondary,Economics,217311,2023/2024
SCH-000995,Kemunto Kamande,71814219 ,+254 107 801 89,kemunto.kamande@gmail.com,1984-12-04,Male,Bungoma,Webuye East,Ndivisi,"Plot 344, Lane 9, Limuru",18-08-2024,Pending,Mang'u High School,Diploma,Civil Engineering,108852,2024/2025
SCH-000996,Nokun Situma,62794884,011294048,nokun.situma@gmail.com,1984-04-13,Female,Uasin Gishu,Kapseret,Ngeria,"House 126, Kangundo Road, Argwings Kodhek",01-Dec-2025,Inactive,Moi University,Certificate,Business,410445,2023/2024
SCH-000997,Namukhula Muthoka,37618698,N/A,NULL,,Male,NAIROBI,Lang'ata,Mugumu-ini,"Plot 224, Lane 17, River Road",2025-09-30,Pending,Kabianga High School,Diploma,Engineering,251625,2023/2024
SCH-000998,Munyao Awiti,38731535,079741041,munyao.awiti@gmail.com,1989-12-07,Male,MOMBASA,NYALI,ZIWA LA NG'OMBE,"Plot 189, Lane 8, Thika",15/04/2024,Inactive,Mang'u High School,Undergraduate,Agriculture,167029,2024/2025
SCH-000999,Nabea Mwangi,88091841,077935111,nabea.mwangi@gmail.com,1988-08-11,Male,Nakuru,Nakuru Town East,Biashara,"House 139, Kiambu Drive, Parklands",13-11-2023,Pending,Coast Institute of Technology,Secondary,Journalism,188292,2023/2024
SCH-001000,Margaret Kihika,12346084,077550929,margaret.kihika@gmail.com,2005-05-09,Male,Nairobi,Lang'ata,Nyayo Highrise,"Plot 409, Lane 16, Kilimani",20-Aug-2022,Inactive,JKUAT,Certificate,Economics,148417,2024/2025
SCH-001001,Onsongo Chepkirui,65823059,073421712,onsongo.chepkirui@yahoo.com,1969-09-11,Male,Machakos,Mavoko,Muthwani,"House 107, Outering Road, Mugumo",01-Apr-25,Pending,Alliance High School,Secondary,Nursing,248775,2023/2024
SCH-001002,Kaloki Koech,30641480,072124841,kaloki.koech@outlook.com,2001-05-08,Female,BUNGOMA,Sirisia,Namwela,"Plot 329, Lane 15, Uhuru",12-01-2024,Inactive,Egerton University,Postgraduate,Public Health,272003,2022/2023
SCH-001003,Rose Mokua,18-024-377,074951089,rose.mokua@gmail.com,1984-06-13,Male,Meru,South Imenti,Abogeta West,"Plot 54, Lane 9, Ruiru",20240202,Active,Egerton University,Diploma,Civil Engineering,138835,2022/2023
SCH-001004,Jane Mcharo,34 049 258,011108882,jane.mcharo@hotmail.com,1992-09-06,Male,Nairobi,Lang'ata,South C,"House 1, Kitisuru Road, Thika",16/11/2022,Inactive,St. Joseph's School,Diploma,Nursing,151320,2022/2023
SCH-001005,Kwamboka Isaiah Okello,18234220,0785-478-18,kwamboka_okello@yahoo.com,12-May-82,Female,Meru,Tigania West,Kianjai,Plot21Lane11Kikuyu,27-Dec-2025,A,Prestige Academy,POSTGRADUATE,Economics,138327,2023- 2024
SCH-001006,Simon Nabea Kenga,29886386,010177627,simon.kenga@gmail.com,1952-01-15,Male,Machakos,Matungulu,Tala,"Plot 340, Lane 10, Uhuru",07-04-2023,Inactive,JKUAT,Secondary,Social Work,452377,2023/2024
SCH-001007,Gladys Muthuri,43316955,072526465,gladys.muthuri@gmail.com,1975-07-05,Male,Kakamega,Shinyalu,Isukha West,"House 452, Mombasa Road Road, Uhuru",14/03/2025,Pending,Rift Valley Institute,Certificate,Public Health,55422,2024/2025
SCH-001008,Esther Mwania,3543-1755,076307732,esther.mwania@hotmail.com,1997-07-21,Female,Uasin Gishu,Moiben,Kimumu,"House 377, Waiyaki Road, Westlands",30/06/2024,Inactive,Green Garden Academy,Postgraduate,Architecture,107147,2024/2025
SCH-001009,Timothy Musyoka Mugo,64788573,25478674161,timothy.mugo@yahoo.com,1986-06-17,Female,Trans Nzoia,Cherangany,Motosi,"Plot 1, Lane 13, Moi Avenue",01/29/2025,Inactive,St. Joseph's School,Undergraduate,Engineering,181304,2025/2026
SCH-001010,Kiprop Leshan,79651607,073237015,k.leshan@gmail.com,1984-02-05,Male,Bungoma,Webuye West,Sitikho,"plot 89, lane 2, ngong",18/01/2025,inactive,University of Nairobi,POSTGRADUATE,Public Health,90622,2024–2025
SCH-001011,Kiprop Pauline,50983865,076560954,pauline.kiprop@gmail.com,1995-08-03,Female,Trans Nzoia,Kiminini,Waitaluk,"Plot 350, Lane 20, Mugumo",2025-09-22,Active,Prestige Academy,Undergraduate,Engineering,340848,2024/2025
SCH-001012,Senteu Ogero,81563076,072304914,senteu.ogero@outlook.com,1985-03-11,Male,Nakuru,Bahati,Kabatini,"Plot 168, Lane 15, Ngong",08/06/2023,Inactive,University of Nairobi,Secondary,Accounting,125855,2023/2024
SCH-001013,Maina Matthew Opiyo,45143561,010614196,maina.opiyo@yahoo.com,1992-10-11,Female,Nairobi,Kasarani,Mwiki,"Plot 195, Lane 10, Moi Avenue",20-Dec-23,Pending,Kabianga High School,Secondary,Business,283819,2022/2023
SCH-001014,Chepngeno Kenga,77959317,071108800,chepngeno@outlook.com,11/03/1985,Male,Nakuru,Rongai,Solai,"House 166, Tom Mboya Drive, Kiambu",2022-09-10,I,Kenya High School,UNDERGRADUATE,Business,222680,2022–2023
SCH-001015,Thomas Jepkoech,49761155,072993111,thomas.jepkoech@hotmail.com,1989-08-05,Male,Kakamega,Mumias West,West Wanga,"Plot 14, Lane 1, Lenana",06/29/2022,Active,Alliance High School,Secondary,Education,176418,2025/2026
SCH-001016,Kanana Rimberia Kiarie,17082790,076343312,kanana.kiarie@gmail.com,1996-08-07,Male,Nairobi,Kasarani,Ruai,"House 149, Kileleshwa Road, River Road",20230322,Inactive,Green Garden Academy,Certificate,Civil Engineering,228592,2022/2023
SCH-001017,Faith Oduya,97489300,070781223,faith.oduya@outlook.com,1994-01-11,Male,Trans Nzoia,Kiminini,Sirende,"Plot 374, Lane 19, Limuru",04-04-2025,Active,Maseno University,Postgraduate,Computer Science,258539,2023/2024
SCH-001018,Auma Mugo,53158132,254 734 715 66,auma.mugo@outlook.com,1977-03-24,Male,Kiambu,Githunguri,Githiga,"Plot 191, Lane 20, Argwings Kodhek",2024-01-07,Pending,Kabianga High School,Certificate,Information Technology,316829,2022/2023
SCH-001019,Kipkemboi Mwiakli,17625072,074112688,kipkemboi.mwikali@gmail.com,1981-02-02,Female,Nairobi,Dagoretti North,Kilimani,"Plot 314, Lane 2, Langata",08/02/2022,Inactive,Mang'u High School,Certificate,Engineering,139016,2024/2025
SCH-001020,Adhiambo Joel Kenga,66844852,010204081,adhiambo.kenga@gmail.com,1976-07-15,Male,Mombasa County,Jomvu,Mikindani,"House 3, Kitisuru Avenue, Outering",12-16-2025,Inactive,Mount Kenya University,Postgraduate,Business,60883,2023/2024
SCH-001021,Gilbert Wafula,68829908,078320745,gilbert.wafula@yahoo.com,2002-08-02,Female,Kisumu,Kisumu West,North Kisumu,"Plot 435, Lane 15, Kangundo",11-10-2022,Active,Lenana School,Secondary,Information Technology,197354,2022/2023
SCH-001022,Matthew Muthaa Kipkirui,1035-7092,078766538,,1997-07-05,Female,Kiambu,Lari,Nyanduma,"Plot 325, Lane 10, Kileleshwa",04/17/2022,Inactive,Maseno School,Secondary,Architecture,304257,2025/2026
SCH-001023,Patrick Senteu Otieno,14305217,011406400,patrick.otieno@gmail.com,1962-04-28,Male,Kakamega,Mumias West,Mutema,"House 421, Lavington Street, Garden Estate",30-04-2023,Inactive,Moi High School Kabarak,Diploma,Civil Engineering,383080,2025/2026
SCH-001024,Simiyu Koross,18604884,072805154,simiyu.koross@gmail.com,1991-04-19,Female,Kakamega,Butere,Marama Central,"Plot 26, Lane 3, Tom Mboya",22/07/2023,Inactive,Alliance High School,Certificate,Social Work,183250,2023/2024
SCH-001025,Aoko Saidismu,16357179,011606030,aoko.saidimu@gmail.com,1985-09-21,Male,Nairobi,Dagoretti South,Riruta,"House 427, Likoni Road, Kiambu Road",21-02-2023,Inactive,Alliance High School,Diploma,Medicine,83969,2022/2023
SCH-001026,Rweria Catherine Kivuva,86520791,079337809,rweria.kivuva@yahoo.com,1990-09-28,Male,Nairobi,Dagoretti South,Waithaka,"House 179, Lenana Road, Kileleshwa",02/19/2024,Active,Kenya High School,Diploma,Computer Science,131597,2024/2025
SCH-001027,Naserian Ondieki,42390660,074387538,naserian.ondieki@outlook.com,1967-12-10,Male,Kilifi,Kaloleni,Mariakani,"House 422, Thika Superhighway Avenue, Mombasa Road",14/03/2022,Active,Egerton University,Postgraduate,Agriculture,254169,2024/2025
SCH-001028,John Kimani Kivuva,63573878,010499762,NULL,2004-01-19,Female,Nakuru,Bahati,N/A,"Plot 44, Lane 17, Outering",30-12-2023,Inactive,NULL,Diploma,Civil Engineering,158024,2023/2024
SCH-001029,Nicholas Kamotho,10 713 121,073422330,nicholas@yahoo.com,1990-02-11,Female,Nairobi,Kibra,Lindi,"Plot 158, Lane 9, Mombasa Road",2022-07-17,Active,Alliance High School,Certificate,Architecture,155075,2022/2023
SCH-001030,Anyango Faith Muema,66755255,077808517,faith.anyango@yahoo.com,2004-03-23,Female,Kisumu,Seme,North Seme,"Plot 196, Lane 11, Karen",22 Sep 2023,Active,Moi University,Undergraduate,Journalism,163259,2024/2025
SCH-001031,Jane Ndegaw,25851419,071888900,jane.ndegwa@gmail.com,1969-12-06,Female,Nakuru,Molo,Elburgon,"House 372, Westlands Road, Kilimani",06/07/2025,Active,Kenyatta University,Secondary,Civil Engineering,380642,2023/2024
SCH-001032,Dorothy Rimbberia,10596673,072555647,dorothy.rimberia@yahoo.com,1994-12-07,Female,Kakamega,Mumias East,Malaha/Isongo/Masindi,"House 417, Kangundo Road, Parklands",21/06/2023,Active,Moi University,Diploma,Computer Science,342964,2025/2026
SCH-001033,Adhiambo Momanyi Kihika,99224381,078455906,adhiambo@gmail.com,1971-05-25,MALE,Nairobi,Kibra,Laini Saba,"Plot 74, Ln 11, Mombasa Rd",2023-01-19,inactive,Green Garden Academy,POSTGRADUATE,Accounting,323854,2025–2026
SCH-001034,Stephen Mulandi,34874358,010512578,stephen.mulandi@hotmail.com,1973-02-15,Female,Mombasa County,Mvita,N/A,"Plot 120, Lane 13, Parklands",11/08/2024,Pending,N/A,N/A,Information Technology,283390,2022/2023
SCH-001035,Amos Mutisya,90458662,077755288,amos.mutisya@gmail.com,1991-04-06,Female,Meru,Tigania West,Akithi,"House 251, Kenyatta Street, Langata",17-05-2022,Pending,JKUAT,Secondary,Accounting,305642,2022/2023
SCH-001036,Ruth Kioko,78189543,075 669 793,ruth.kioko@gmail.com,1987-07-19,Male,Nakuru,Kuresoi North,Kamara,"Plot 165, Lane 14, Mugumo",14/04/2024,Active,Mang'u High School,Postgraduate,Public Health,143985,2024/2025
SCH-001037,Wamalwa Njuguna Rimberia,59388622,011395124,wamalwa.rimberia@outlook.com,1978-11-20,Female,Uasin Gishu,Moiben,Tembelio,"Plot 376, Lane 14, Ruiru",06-May-2023,Active,St. Joseph's School,Postgraduate,Nursing,422272,2022/2023
SCH-001038,Leah Langat,70007583,071376670,leah39@gmail.com,24-Apr-95,male,Kilifi,Magarini,Adu,Plot204Lane10TomMboya,24-07-2025,Active,University of Nairobi,UNDERGRADUATE,Economics,164969,2024- 2025
SCH-001039,Sophia Nahum Senteu,91772015,077123143,sophia.senteu@hotmail.com,1961-04-28,Male,Mombasa,Likoni,Tsimba,"House 143, Likoni Drive, Mombasa Road",20220825,Pending,Kenya Methodist University,Postgraduate,Law,204957,2023/2024
SCH-001040,Mutheu Mukhwana Owuor,78148504,072337780,m.owuor@outlook.com,1995-07-05,Female,Uasin Gishu,Kapseret,Langas,"Plot 338, Lane 11, Westlands",08/11/2023,active,University of Nairobi,UNDERGRADUATE,Computer Science,398361,2024- 2025
SCH-001041,Mwania Nekesa,32650041,070520515,mwania.nekesa@yahoo.com,1966-06-06,Female,Bomet,Sotik,Ndanai/Abosi,"House 396, Thika Superhighway Drive, Uhuru",05-Oct-2024,Active,Lenana School,Diploma,Agriculture,312651,2025/2026
SCH-001042,Faith Owuorr,19492547,074888769,faith.owuor@gmail.com,2002-12-06,Female,Kilifi,Rabai,Mwawesa,"Plot 292, Lane 17, Garden Estate",2023-09-16,Pending,Kabianga High School,Secondary,Social Work,309660,2025/2026
SCH-001043,Leah Chepkoech Macharia,66132595,077311787,leah.macharia@outlook.com,1971-08-25,Male,Nairobi,Lang'ata,Nyayo Highrise,"Plot 331, Lane 14, Thika Superhighway",2023-07-20,Inactive,Lenana School,Undergraduate,Social Work,166971,2024/2025
SCH-001044,Nduku Salim,80935218,074902989,nduku.salim@gmail.com,1972-11-15,Female,Kiambu,Lari,Kijabe,"House 408, Kiambu Road Street, River Road",08 Apr 2022,Pending,Moi University,Secondary,Journalism,429080,2023/2024
SCH-001045,Kipkemboi Ali,42854392,075137875,kipkemboi.ali@gmail.com,1997-04-21,Female,Machakos,Mavoko,Kinanie,"Plot 153, Lane 15, Westlands",08/06/2025,Pending,Maranda High School,Secondary,Engineering,364832,2023/2024
SCH-001046,Deborah Mutisya Wanyoike,88306842,078332934,deborah.wanyoike@outlook.com,1962-02-18,Female,,Malindi,Jilore,,N/A,Pending,Mount Kenya University,Undergraduate,Architecture,301812,2022/2023
SCH-001047,Kiprotich Musyoka,72117013,011900058,musyokakiprotich@outlook.com,01/09/1970,male,Kilifi,Malindi,Jilore,"plot 421, lane 16, kileleshwa",23-Dec-22,pending,Mang'u High School,CERTIFICATE,Engineering,133071,2024 / 2025
SCH-001048,Dorothy Mbaka Maina,68402385,011874001,dorothy.maina@outlook.com,1979-08-15,Male,Meru,Buuri,Timau,"Plot 248, Lane 8, Athi River",2025-09-11,Pending,Lenana School,Undergraduate,Architecture,405313,2025/2026
SCH-001049,Brian Wamuyu,36358707,010716537,brian.wamuyu@yahoo.com,1997-05-22,Female,Kakamega,Shinyalu,Isukha North,"Plot 343, Lane 2, Kangundo",11-Apr-25,Active,Moi University,Postgraduate,Civil Engineering,274641,2023/2024
SCH-001050,Gilbert Mutheu Mworoa,71596905,071207819,gilbert.mworoa@gmail.com,1990-12-18,Female,Nakuru,Molo,Marioshoni,"House 432, Westlands Road, Kangundo",25-Nov-2025,Inactive,Green Garden Academy,Certificate,Education,344657,2025/2026
SCH-001051,Joy Rweria Maina,45152963,073441390,joy.maina@gmail.com,1989-01-03,Female,Turkana,Turkana North,Kaikor,"Plot 204, Lane 1, Langata",18-02-2023,Inactive,Strathmore University,Postgraduate,Journalism,256447,2025/2026
SCH-001052,Jonah Wanyuike,25457874,072517143,jonah.wanyoike@gmail.com,1989-04-06,Male,Nairobi,Kasarani,Kamulu,"House 239, Athi River Street, Likoni",01-Jul-23,Pending,Lenana School,Certificate,Education,244448,2022/2023
SCH-001053,Gichuru Lois Kagwiria,46990787,072840418,lois.gichuru@gmail.com,1973-09-10,Male,UASIN GISHU,Turbo,Kiplombe,"House 366, Kenyatta Drive, Moi Avenue",22 Dec 2022,Inactive,University of Nairobi,Undergraduate,Engineering,330648,2024/2025
SCH-001054,Nicholas Kipkirui,31840594,071515916,nicholas.kipkirui@outlook.com,1981-09-27,Female,Nakuru,Kuresoi North,Sirikwa,"House 199, Mugumo Avenue, Kiambu",05/13/2023,Active,Alliance High School,Undergraduate,Agriculture,212215,2024/2025
SCH-001055,Janet Wadada,13225980,075186057,janet.wadada@outlook.com,1967-07-15,Male,KIAMBU,KIKUYU,KIKUYU,"Plot 163, Lane 8, Kileleshwa",01/13/2025,Inactive,Alliance High School,Diploma,Social Work,239072,2025/2026
SCH-001056,Chepkoech Wekesa,88153810,071720466,chepkoech.wekesa@gmail.com,1971-12-09,Female,Kisumu,Muhoroni,Muhoroni/Koru,"House 248, Garden Estate Road, Westlands",03/11/2024,Active,Lenana School,Undergraduate,Business,350647,2022/2023
SCH-001057,Ruth Kipchumba,57509988,076289346,ruth.kipchumba@hotmail.com,1985-08-22,Female,Mombasa County,Jomvu,Jomvu Kuu,"House 269, Kiambu Drive, Kitisuru",20-02-2025,Active,Maseno University,Postgraduate,Law,107411,2023/2024
SCH-001058,Naisula Kipsang Mutua,41277403,070668151,naisula.mutua@yahoo.com,1997-09-26,Female,Kisumu,Kisumu Central,Market Milimani,"Plot 97, Lane 20, Parklands",2023-12-14,Active,Moi University,Postgraduate,Accounting,96241,2024/2025
SCH-001059,Hannah Muema,92720952,077526717,hannah.muema@gmail.com,1986-10-13,Male,Kisumu,Nyakach,South West Nyakach,"Plot 35, Lane 15, Kasarani",2025-08-12,Pending,Kenya Methodist University,Postgraduate,Law,329780,2022/2023
SCH-001060,Janet Beatrice Towett,63217173,076147263,janet.towett@gmail.com,2001-05-07,Male,NULL,Kibra,Woodley,N/A,20/01/2023,Inactive,Moi High School Kabarak,Certificate,Law,283408,2023/2024
SCH-001061,Alice Kimani,34608805,073850491,alice.kimani@gmail.com,1998-03-14,Female,Trans Nzoia,Endebess,Chepchoina,"House 283, Waiyaki Street, Ruaraka",22-05-2025,Pending,Green Garden Academy,Secondary,Law,114961,2023/2024
SCH-001062,Janet Mutua,46004061,011909593,janet.mutua@hotmail.com,1962-04-12,Female,Bomet,Bomet Central,Singorwet,"Plot 202, Lane 20, Jogoo",06-10-2023,Active,Maseno School,Postgraduate,Agriculture,152194,2025/2026
SCH-001063,Ojwang Cheruiyot,56 982 946,077439333,ojwang.cheruiyot@outlook.com,1975-03-23,Male,Mombasa,Mvita,Tudor,"Plot 387, Lane 17, Garden Estate",01 Aug 2022,Inactive,Maseno School,Undergraduate,Engineering,148341,2024/2025
SCH-001064,Anyango Kipkoech Mulwa,83018930,010237422,anyango.mulwa@gmail.com,1974-10-01,Male,Turkana,Loima,Lokiriama/Lorengippi,"Plot 90, Lane 3, Thika Superhighway",2024-04-12,Pending,Coast Institute of Technology,Undergraduate,Engineering,160176,2025/2026
SCH-001065,"Kimutai, Beatrice",12648580,073486065,beatrice65@gmail.com,02-Apr-1978,Female,Meru,Igembe South,Athiru Gaiti,"house 40, ruaraka road, kiambu road",2023-09-08,pending,Rift Valley Institute,UNDERGRADUATE,Business,83674,2022 /2023
SCH-001066,Moraa Cebet,24649741,079234000,N/A,1987-07-27,Female,Trans Nzoia,Saboti,Machewa,N/A,20251227,Inactive,Kabianga High School,Certificate,Public Health,229576,2024/2025
SCH-001067,Gitonga Chepkwony,50998106,011843826,gitonga.chepkwony@yahoo.com,1979-06-15,Male,Kiambu,Limuru,Ndeiya,"Plot 300, Lane 17, River Road",20230222,Inactive,University of Nairobi,Certificate,Computer Science,165539,2024/2025
SCH-001068,Deborah Muthuri,62560511,073446834,deborah.muthuri@yahoo.com,NULL,Female,Bomet,Sotik,Chemagel,"House 134, Karen Avenue, Westlands",21/04/2024,NULL,Kenya High School,Undergraduate,Architecture,192416,2023/2024
SCH-001069,Wanyonyi Harun Kanana,85902034,077231654,harun.wanyonyi@hotmail.com,1964-10-17,Male,Kilifi,Malindi,Kakuyuni,"Plot 460, Lane 8, Limuru",01-04-2024,Inactive,Alliance High School,Diploma,Information Technology,112558,2024/2025
SCH-001070,Mutheu Mutua,87921068,071153664,mutheu.mutua@yahoo.com,1966-02-23,Female,Machakos,Kathiani,Lower Kaewa/Iveti,"Plot 17, Lane 6, Karen",07/11/2024,Inactive,Mount Kenya University,Certificate,Public Health,207065,2022/2023
SCH-001071,Caroline Mwakideu,NULL,011693379,caroline.mwakideu@gmail.com,1974-07-21,Male,Meru,Igembe North,Antuamburi,"Plot 138, Lane 5, Jogoo",2024-01-29,Inactive,JKUAT,Undergraduate,Law,219105,2024/2025
SCH-001072,Okoth Leshan,72895019,076245450,okoth.leshan@gmail.com,1994-12-05,Female,Bomet,Bomet Central,Ndarawetta,"House 164, Kiambu Road Drive, Mugumo",20-Jul-2022,Pending,Green Garden Academy,Certificate,Business,387888,2022/2023
SCH-001073,Naserian  Bett,19178028,079847582,naserian.bett@hotmail.com,1999-06-12,Male,Mombasa,Changamwe,Airport,"House 89, Uhuru Street, Langata",09-05-2025,Pending,Coast Institute of Technology,Diploma,Medicine,109111,2024/2025
SCH-001074,Christopher Jepkorir,52414064,071884476,christopher.jepkorir@hotmail.com,1993-03-28,Female,Nyeri,Othaya,Karima,"Plot 305, Lane 17, Ruaraka",06-19-2022,Pending,Kenyatta University,Undergraduate,Law,328466,2025/2026
SCH-001075,Rachel Githue,77121355,071206436,rachel.githua@gmail.com,1979-12-15,Male,N/A,N/A,Kilimani,"Plot 243, Lane 2, Karen",,Inactive,Maseno University,Diploma,Medicine,260126,2025/2026
SCH-001076,Kioko Chepkwony,81436260,070284785,kioko.chepkwony@gmail.com,1986-02-26,Female,Uasin Gishu,Moiben,Kimumu,"House 343, Langata Drive, Langata",2023-11-19,Inactive,Rift Valley Institute,Secondary,Engineering,191648,2023/2024
SCH-001077,Ruth Achieng,67643368,075933832,ruth.achieng@gmail.com,1991-09-10,Male,NULL,Kilifi North,Sokoni,"Plot 181, Lane 15, Kikuyu",04/28/2023,Active,Rift Valley Institute,,Accounting,244578,2022/2023
SCH-001078,Momanyi Jepchumba Owuor,81973483,075176510,momanyi.owuor@gmail.com,1975-04-11,Female,Nairobi,Lang'ata,Karen,"Plot 284, Lane 12, Juja",13-08-2025,Active,Egerton University,Undergraduate,Business,182313,2022/2023
SCH-001079,Gilbert Kanmapiu,40333941,NULL,gilbert.kanampiu@hotmail.com,2003-12-04,Male,NULL,Likoni,Bofu,"Plot 478, Lane 12, Kiambu",03/04/2022,Pending,NULL,Certificate,Economics,199902,2025/2026
SCH-001080,Michael Mohamed,81-260-169,077315630,michael.mohamed@gmail.com,1999-02-07,Male,Machakos,Yatta,Katangi,"Plot 108, Lane 20, Moi Avenue",N/A,Active,Maseno University,N/A,Accounting,305695,2022/2023
SCH-001081,Hannah Wanyonyi Mogaka,36252609,078987165,hannah.mogaka@hotmail.com,1975-01-06,Female,NULL,Tigania West,,"Plot 155, Lane 13, Westlands",03 Aug 2024,Active,Moi High School Kabarak,Postgraduate,Journalism,198235,2025/2026
SCH-001082,Okoth Tsumaa, 47117787,071702485,okoth.tsuma@gmail.com,1985-12-01,Male,Kakamega,Khwisero,Kisa East,"House 76, Juja Road, Kiambu",08-Jun-2023,Pending,Green Garden Academy,Postgraduate,Architecture,170427,2024/2025
SCH-001083,chepkirui joel akinyi,41208729,+254 116 138 80,chepkirui_akinyi@yahoo.com,11/10/1998,male,Meru,Igembe South,Athiru Gaiti,"PLOT 225, LANE 16, LAVINGTON",28-05-2023,A,Lenana School,POSTGRADUATE,Public Health,311853,2024 /2025
SCH-001084,Haggai Hope Wambui,72923973,010698266,haggai.wambui@gmail.com,1955-02-11,Female,Meru,Buuri,Kisima,"Plot 336, Lane 5, Ruaraka",2024-08-08,Inactive,Maranda High School,Postgraduate,Medicine,235518,2022/2023
SCH-001085,Njuguna Nabwire Rimberia,85891663,074158840,njuguna.rimberia@gmail.com,1994-08-12,Male,Turkana,Turkana East,Katilia,"House 227, Karen Street, Tom Mboya",04/28/2024,Pending,Kenyatta University,Certificate,Computer Science,277513,2024/2025
SCH-001086,Kariuki Koench,61-372-134,077325246,kariuki.koech@yahoo.com,1990-11-14,Male,Bungoma,Mt. Elgon,Kaptama,"House 129, Mugumo Drive, Tom Mboya",13/03/2025,Pending,Maseno University,Diploma,Accounting,208462,2023/2024
SCH-001087,MALACHI ROSE CHEPNGENO,28008622,071831440,malachi.chepngeno@yahoo.com,1986-04-27,Female,NAKURU,Kuresoi South,Amalo,"House 21, Waiyaki Avenue, Kangundo",05/31/2024,Active,Maseno School,Diploma,Journalism,365112,2025/2026
SCH-001088,Achieng Grace Mcharo,62687851,078862377,achieng.mcharo@outlook.com,1990-03-08,Male,Bungoma,Webuye West,Kimilili,"House 474, Kilimani Road, Waiyaki",26-Apr-2024,Active,Maseno School,Secondary,Agriculture,127732,2025/2026
SCH-001089,Chepngeno Ombati,93612431,074585731,chepngeno.ombati@gmail.com,1990-03-10,Male,Bomet,Chepalungu,Sigour,N/A,06/06/2024,Inactive,Prestige Academy,Secondary,Information Technology,158583,2024/2025
SCH-001090,Wekesa Njeri Mungai,41923612,075481886,wekesa.mungai@gmail.com,2002-11-02,Female,Machakos,Kangundo,Kangundo North,"Plot 336, Lane 14, River Road",01 Sep 2025,Inactive,Kenya Methodist University,Diploma,Business,269225,2025/2026
SCH-001091,MargaretMarete,21965928,074823328,margaret.marete@outlook.com,1985-01-17,Female,Kilifi,Malindi,Kakuyuni,"Plot 397, Lane 7, Kiambu",11-Mar-2025,,,Postgraduate,Computer Science,261539,2025/2026
SCH-001092,Kinyua Munyao,91-506-018,077266625,kinyua.munyao@yahoo.com,N/A,Female,Mombasa,NULL,Mwakirunge,"Plot 474, Lane 9, Athi River",27-May-2025,Inactive,,Postgraduate,Law,421545,2024/2025
SCH-001093,Githinji Michael Omar,96 969 050,071810032,githinji.omar@outlook.com,1981-09-06,Female,Kisumu,Kisumu Central,Nyalenda 'B',"Plot 409, Lane 6, Langata",31-07-2022,Inactive,Strathmore University,Postgraduate,Architecture,168968,2023/2024
SCH-001094,Muthaa Faith Rono,39783273,075720617,muthaa.rono@gmail.com,1983-11-17,Male,Machakos,Yatta,Katangi,"Plot 23, Lane 13, Argwings Kodhek",06/04/2024,Active,Coast Institute of Technology,Postgraduate,Architecture,190410,2025/2026
SCH-001095,Ndunge Momanyi,92287420,075501623,ndunge.momanyi@yahoo.com,1982-09-11,Female,Meru,Buuri,Ruiri/Rwarera,"House 312, Ngong Drive, Argwings Kodhek",14-Jan-2025,Inactive,Kenyatta University,Postgraduate,Architecture,237383,2024/2025
SCH-001096,Bosibori Mukhwana,45365918,079485749,bosibori.mukhwana@gmail.com,1951-09-16,Male,BUNGOMA,WEBUYE EAST,MIHUU,"House 178, Ruaraka Street, Athi River",23-05-2022,Inactive,Maseno University,Postgraduate,Law,227826,2024/2025
SCH-001097,Sharon Erick Kiprono,39924449,079678266,sharonkiprono@gmail.com,04/07/1981,Female,Turkana,Loima,Turkwel,"plot 194, lane 17, kikuyu",20230418,active,Maseno School,CERTIFICATE,Medicine,236855,2022 /2023
SCH-001098,Syombua Mwaura,62194039,070962500,syombua.mwaura@gmail.com,1969-09-02,Male,Kiambu,Kikuyu,Nachu,"Plot 196, Lane 10, Mombasa Road",28-Dec-22,Pending,Maranda High School,Postgraduate,Architecture,90259,2022/2023
SCH-001099,Nashipae Kipchumba,84819541,070800281,nashipae.kipchumba@gmail.com,1969-05-12,Female,Mombasa,Likoni,Bofu,"Plot 101, Lane 3, Athi River",10-01-2024,Inactive,Strathmore University,Postgraduate,Public Health,177822,2024/2025
SCH-001100,Wanjiru Wabomba Lubanga,30944246,078271482,wanjiru.lubanga@gmail.com,1992-07-10,Female,Uasin Gishu,Soy,Kipsomba,"Plot 132, Lane 16, Kiambu Road",27-Dec-2022,Inactive,Eldoret National Polytechnic,Postgraduate,Engineering,137000,2023/2024
SCH-001101,Naliaka Hannah Mugo,43296039,070633917,naliaka.mugo@gmail.com,2000-03-09,Female,Kakamega,Ikolomani,Idakho Central,"Plot 335, Lane 15, Garden Estate",07-08-2022,,Coast Institute of Technology,Undergraduate,Education,104041,2022/2023
SCH-001102,Sharon Kinyoa,74731404,071747375,sharon.kinyua@outlook.com,1994-01-23,Female,Machakos,Kathiani,Lower Kaewa/Iveti,"Plot 56, Lane 4, Westlands",10/20/2022,Pending,Rift Valley Institute,Undergraduate,Nursing,241295,2024/2025
SCH-001103,Beatrice Gathoni Chepkwony,53969051,070936050,beatrice.chepkwony@outlook.com,1987-06-19,Female,Kiambu,Kiambu,Kihara,"Plot 479, Lane 6, Moi Avenue",13/07/2024,Active,Alliance High School,Postgraduate,Education,154813,2025/2026
SCH-001104,Wanyonyi Haggai Jebet,11083382,010760772,w.j@hotmail.com,03-01-1966,Male,Turkana,Loima,Loima,Plot95Lane14Kiambu,28/06/2022,inactive,St. Joseph's School,DIPLOMA,Architecture,112176,2023–2024
SCH-001105,Philemon Ondieki,43777420,+254 798 710 59,philemon.ondieki@hotmail.com,1994-02-18,Female,Machakos,Mavoko,Kinanie,"Plot 168, Lane 11, Ngong",12-Oct-2022,Inactive,Moi University,Postgraduate,Law,224225,2022/2023
SCH-001106,Diana Kinyua Wachira,15838870,011445080,diana.wachira@gmail.com,1999-08-24,Female,Mombasa,NULL,Chaani,"Plot 397, Lane 19, River Road",08/21/2022,Pending,Strathmore University,Certificate,Agriculture,189520,2023/2024
SCH-001107,Eunice Mtwirigi,19711151,079731475,eunice.mwirigi@gmail.com,1980-04-09,Male,Mombasa,Mvita,Tononoka,"Plot 88, Lane 12, Kikuyu",02-09-2023,Active,Green Garden Academy,Diploma,Education,141834,2023/2024
SCH-001108,Ali Mwende,54335867,011440536,mwende.ali@gmail.com,2002-06-16,Female,Mombasa,Jomvu,Miritini,"Plot 261, Lane 4, Thika",2022-09-16,Pending,University of Nairobi,Secondary,Computer Science,320394,2024/2025
SCH-001109,Judy Chepngeno Ochieng,53298009 ,073863917,judy.ochieng@gmail.com,1972-10-21,Female,Machakos,Yatta,N/A,"House 243, Thika Superhighway Avenue, Garden Estate",04/11/2022,,Moi High School Kabarak,NULL,Information Technology,375619,2025/2026
SCH-001110,Haggai Kemie,22553839,078615289,haggai.kemei@gmail.com,1959-07-25,Female,Nakuru,Nakuru Town East,Kivumbini,"Plot 172, Lane 5, Mombasa Road",04/07/2022,Pending,Kenya Methodist University,Secondary,Nursing,134154,2025/2026
SCH-001111,Masinde Musalia,86-830-303,072364962,masinde.musalia@hotmail.com,1981-02-15,Male,Kiambu,Ruiru,Kahawa Wendani,"House 21, Karen Drive, Lavington",02/01/2024,Inactive,Lenana School,Postgraduate,Law,212290,2024/2025
SCH-001112,Mukami Mwirgii,27371884,010185548,mukami.mwirigi@gmail.com,1977-05-13,Female,Kiambu,Kikuyu,Sigona,"House 397, Parklands Avenue, Kenyatta",22-05-2025,Active,Rift Valley Institute,Diploma,Nursing,263634,2024/2025
SCH-001113,Simon Martin Wachira,72220991,072164387,simon.wachira@outlook.com,1983-09-10,Female,Kiambu,Kiambu,Riabai,"Plot 144, Lane 1, Mombasa Road",20/01/2022,Pending,N/A,Secondary,Public Health,72867,2025/2026
SCH-001114,Jonathan Nyambane,80202733,073343255,jonathan.nyambane@yahoo.com,1976-05-20,Male,Kilifi,KilifiSouth,Shimo la Tewa,"Plot 95, Lane 2, Moi Avenue",10 Dec 2025,Inactive,Rift Valley Institute,Secondary,Nursing,258789,2023/2024
SCH-001115,Cherono Nahum Mungai,46797799,078577209,cherono.mungai@gmail.com,1994-10-03,Female,Trans Nzoia,Cherangany,Cherangany/Suwerwa,"Plot 192, Lane 18, Ngong Road",2023-05-21,Inactive,Kabianga High School,Diploma,Engineering,298278,2023/2024
SCH-001116,Rose Awiti Mitei,60012498,075291752,rosemitei@hotmail.com,23-07-1982,FEMALE,Nyeri,Othaya,Iria-ini,"House 357, Ruiru St, Thika",2024-07-29,ACTIVE,Coast Institute of Technology,CERTIFICATE,Social Work,224699,2022 /2023
SCH-001117,Nabwire Rimberia,34566728,011292319,nabwire.rimberia@gmail.com,1969-10-21,Female,Nakuru,Nakuru Town West,Rhoda,"Plot 232, Lane 17, Outering",N/A,Pending,N/A,Diploma,Accounting,319961,2025/2026
SCH-001118,Awiti Kivuva,68964116,010786842,awiti.kivuva@gmail.com,,Female,Kakamega,,NULL,"Plot 188, Lane 13, Langata",02-May-2025,Pending,St. Joseph's School,Certificate,Law,309153,2023/2024
SCH-001119,Kinya Patrick Kipkoech,75565298,078561992,kinya.kipkoech@gmail.com,1968-02-22,Male,Nairobi,Dagoretti South,Waithaka,"House 94, Garden Estate Street, Argwings Kodhek",2025-09-11,Inactive,Maranda High School,Diploma,Architecture,279480,2023/2024
SCH-001120,Atieno Kangogo,45449104,011551523,atieno.kangogo@yahoo.com,1973-04-14,Female,Nairobi,Dagoretti South,Mutuini,"Plot 402, Lane 6, Kilimani",10-Jan-24,Inactive,St. Joseph's School,Diploma,Accounting,150471,2023/2024
SCH-001121,Flora Mbuthia,51 570 260,078147033,flora.mbuthia@gmail.com,1999-06-23,Female,Bomet,Sotik,Kapletundo,"House 320, Kasarani Street, Kikuyu",14/02/2023,Inactive,Kenya High School,Diploma,Public Health,248681,2022/2023
SCH-001122,Priscilla Kioko,46854409,077169501,priscilla.kioko@hotmail.com,1983-06-06,Male,Kakamega,Shinyalu,Isukha Central,"Plot 279, Lane 7, Kitisuru",26-Jan-2025,Pending,Strathmore University,Secondary,Education,237926,2022/2023
SCH-001123,Naliaka Musyoka Cherono,17350085,078289048,,1968-12-13,Male,Machakos,Machakos Town,Kalama,"House 302, Juja Avenue, Kiambu",N/A,Pending,Mount Kenya University,Diploma,Architecture,132549,2022/2023
SCH-001124,Kemunto Njuguna,14665068,011180573,kemunto.njuguna@hotmail.com,1974-09-16,Female,Bungoma,Webuye East,Ndivisi,"House 257, Kileleshwa Road, Athi River",23-Dec-2022,Active,Moi High School Kabarak,Diploma,Medicine,177452,2022/2023
SCH-001125,Anna Stephen Omar,45109738,078302273,anna.omar@gmail.com,2000-11-03,Female,Kilifi,Kaloleni,Mwanamwinga,"House 413, Kitisuru Street, Thika",21/07/2025,Pending,Moi High School Kabarak,Undergraduate,Education,251441,2022/2023
SCH-001126,Sharon  Musyimi,80 957 420,25476767725,sharon.musyimi@yahoo.com,2005-08-08,Male,Kilifi,Kaloleni,Kaloleni,"House 160, Athi River Drive, Ruiru",28/03/2022,Pending,Eldoret National Polytechnic,Undergraduate,Public Health,286438,2023/2024
SCH-001127,Chepkirui Jeporir,72 878 778,0767.220.33,chepkirui87@outlook.com,1990-03-27,Female,Kakamega,Butere,Marama South,"House 461, Tom Mboya Drive, Kitisuru",03-29-2024,Pending,Moi High School Kabarak,Certificate,Social Work,135516,2022/2023
SCH-001128,JOY ANDREW MWAKIDEU,77-699-065,+25471413801,joy.mwakideu@yahoo.com,1985-03-06,Male,Nakuru,Kuresoi North,Kamara,"Plot 263, Lane 19, Karen",2023-02-08,Active,St. Joseph's School,Certificate,Economics,148621,2022/2023
SCH-001129,NAHUM LUBANGA,99 363 234,25479714621,nahum.lubanga@hotmail.com,1974-08-13,Male,Kiambu,Lari,Kijabe,"Plot 292, Lane 17, Athi River",2025-07-22,Active,Maranda High School,Secondary,Agriculture,324069,2025/2026
SCH-001130,Jebiwott Awity, 61599700,070862080,jebiwott.awiti@yahoo.com,1989-03-19,Male,Kiambu,Ruiru,Kahawa Wendani,"Plot 440, Lane 14, Kikuyu",27-Apr-22,Active,Kenya Methodist University,Diploma,Nursing,222746,2024/2025
SCH-001131,Thomas  Kimani  Wanjohi,24-569-958,077177979,thomas.wanjohi@gmail.com,1988-05-19,Female,Nyeri,Mathira,Ruguru,"House 351, Lenana Drive, Moi Avenue",02/07/2023,Pending,Starehe Boys Centre,Postgraduate,Medicine,246167,2023/2024
SCH-001132,Syombua Mwirigi,65798756,077309501,syombua.mwirigi@gmail.com,1982-03-28,Female,Nairobi,Dagoretti South,Uthiru,"House 369, Lenana Street, Uhuru",28/07/2025,Pending,Kenya High School,Secondary,Information Technology,433040,2025/2026
SCH-001133,Joseph Ombati,69372702,079317090,josephombati@gmail.com,1980-04-02,Female,,N/A,Kileleshwa,"Plot 13, Lane 9, Limuru",2024-10-22,Active,Egerton University,Secondary,Medicine,406462,2024/2025
SCH-001134,Muthuri Salim,10292428,072511640,muthuri_salim@yahoo.com,1984-12-26,Female,Bungoma,Kimilili,Kibingei,"Plot 107, Lane 20, Limuru",28-08-2022,Pending,,Diploma,Architecture,121886,2024/2025
SCH-001135,Agnes Muhamed, 52881821,+25478222235,a.mohamed@gmail.com,1983-12-16,Female,Kisumu,Nyando,East Kano/Wawidhi,"House 378, Ngong Road Street, Kikuyu",2022-05-12,Inactive,Maseno School,Certificate,Business,408406,2023/2024
SCH-001136,"Oduya, Naserian Moses",30 793 913,073364110,naserian.oduya@outlook.com,1960-04-19,Female,Uasin Gishu,Soy,Moi's Bridge,"Plot 366, Lane 4, Outering",20-12-2023,Inactive,Starehe Boys Centre,Postgraduate,Civil Engineering,253722,2022/2023
SCH-001137,Nicholas Chepkoriir,5699-1068,254 723 769 22,nicholas@yahoo.com,1993-09-16,Male,NAIROBI,WESTLANDS,KITISURU,"Plot 448, Lane 1, Parklands",16/02/2025,Active,Maseno School,Secondary,Information Technology,429916,2024/2025
SCH-001138,Faith  Deborah  Anyango,3956-6459,+25477847775,faith.anyango@gmail.com,1986-11-08,Female,Kisumu,Kisumu Central,Shauri Moyo,"Plot 54, Lane 14, Outering",N/A,Pending,Kenya High School,Secondary,Agriculture,230073,2025/2026
SCH-001139,KEVIN WEKESA,21-646-351,078 290 988,kevin.wekesa@gmail.com,2005-07-25,Female,Kilifi,Magarini,Sabaki,"House 284, Thika Road, Uhuru",22/12/2024,Pending,University of Nairobi,Undergraduate,Computer Science,172910,2022/2023
SCH-001140,Ezekiel Agnes Mwangi,96244314,074775133,ezekiel.mwangi@hotmail.com,1991-11-21,Male,Kakamega,Matungu,Kholera,"Plot 464, Lane 5, Karen",2024-02-05,Active,Moi High School Kabarak,Postgraduate,Agriculture,296526,2024/2025
SCH-001141,Paul Anyango,79177210,076112757,paul74@gmail.com,1982-07-03,Male,Kakamega,Lugari,Lugari,"Plot 33, Lane 6, Mombasa Road",05/06/2023,Pending,Alliance High School,Postgraduate,Information Technology,200860,2022/2023
SCH-001142,"Kasina, Senteu Irene",64003293,079403840,senteu.kasina@gmail.com,1990-07-21,Female,Meru,Tigania West,Kianjai,"Plot 455, Lane 9, Tom Mboya",07-09-2025,Active,Coast Institute of Technology,Secondary,Journalism,194956,2022/2023
SCH-001143,Mutinda Baye,56 814 976,011790641,mutindabaya@gmail.com,1979-08-04,Female,Bungoma,Webuye West,Sitikho,"Plot 193, Lane 20, Kileleshwa",02/11/2024,Inactive,St. Joseph's School,Postgraduate,Architecture,167306,2025/2026
SCH-001144,Mark Moraa Gichuru,45651567,010179574,N/A,2002-09-18,Female,Machakos,Matungulu,Matungulu East,"Plot 61, Lane 2, Kileleshwa",06/03/2022,NULL,Green Garden Academy,Diploma,Accounting,128337,2023/2024
SCH-001145,Haggai Munyori,36869304,073930569,haggai.munyori@outlook.com,1980-07-18,Female,Bungoma,Webuye East,Mihuu,"House 303, Outering Avenue, Jogoo",05/04/2022,Active,Kenyatta University,Undergraduate,Public Health,208524,2022/2023
SCH-001146,"Munyao, Mutinda Gilbert", 35980604,+254 764 139 43,mutinda.munyao@gmail.com,1969-02-23,Male,Kiambu,Lari,Kamburu,"Plot 39, Lane 16, Waiyaki",21-07-2025,Pending,Lenana School,Diploma,Education,97587,2023/2024
SCH-001147,Alice Wanyoike,72 213 255,0103-351-22,alicewanyoike@yahoo.com,1997-09-21,Female,Machakos,Machakos Town,NULL,"House 41, Athi River Drive, Uhuru",07/10/2023,Active,NULL,Diploma,Computer Science,150309,2024/2025
SCH-001148,Oduya Mutaai,68256986 ,+254 734-954-38,o.mutai@yahoo.com,1997-06-15,Male,Bungoma,Webuye East,Mihuu,"House 193, Juja Avenue, Lavington",2025-10-07,Pending,Strathmore University,Postgraduate,Architecture,405721,2023/2024
SCH-001149,A. J. Kipkorir, 91786040,+254 117-687-96,,03-Dec-97,M,Turkana,Turkana East,Kapedo/Napeitom,"House 141, Kangundo Avenue, Tom Mboya",24-Oct-23,N/A,Coast Institute of Technology,SECONDARY,Agriculture,129189,2022–2023
SCH-001150,A. Kivuva,6896-4116,010 786 842,awiti.kivuva@gmail.com,,Female,Kakamega,,NULL,"Plot 188, Lane 13, Langata",02-May-2025,Pending,St. Joseph's School,Certificate,Law,309153,2023/2024
SCH-001151,Paul Anyanog,7917-7210,+254 768-192-62,panyango@gmail.com,1982-07-03,Male,Kakamega,Lugari,Lugari,"House 395, Kangundo Road, Athi River",05/06/2023,Pending,Alliance High School,Postgraduate,Information Technology,200860,2022/2023
SCH-001152,EUNICE MWIRIGI,1971-1151,079731475,eunice.mwirigi@gmail.com,1980-04-09,Male,Mombasa,Mvita,Tononoka,"Plot 88, Lane 12, Kikuyu",02-09-2023,Active,Green Garden Academy,Diploma,Education,141834,2023/2024
SCH-001153,"Mwangi, Ezekiel Agnes",96-244-314,+25474775133,ezekiel.mwangi@hotmail.com,1991-11-21,Male,Kakamega,Matungu,Kholera,"Plot 464, Lane 5, Karen",2024-02-05,Active,Moi High School Kabarak,Postgraduate,Agriculture,296526,2024/2025
SCH-001154,"Kiprono, Nduku", 84965763,+25411664153,nduku.kiprono@gmail.com,1954-07-20,Male,Bungoma,Kabuchai,Mukuyuni,"Plot 13, Lane 19, Kitisuru",2024-10-24,Inactive,Eldoret National Polytechnic,Secondary,Economics,280417,2025/2026
SCH-001155,"Koech, Kinyua", 74492536,+254 769 033 57,kinyua.koech@yahoo.com,1982-07-03,Male,Kisumu,Kisumu Central,Market Milimani,"Plot 376, Lane 9, Kiambu Road",2023-10-31,Inactive,Mount Kenya University,Postgraduate,Public Health,317665,2022/2023
SCH-001156,M. O. Nduku,5214-6187,+254 794-040-66,mutheu.nduku@hotmail.com,1979-10-25,Female,Uasin Gishu,Turbo,Tapsagoi,"Plot 390, Lane 7, Likoni",02-01-2022,Active,Kenya High School,Undergraduate,Nursing,115957,2024/2025
SCH-001157,Mutinda MunyaoGilbert,35980604,076413943,mutinda.munyao@gmail.com,1969-02-23,Male,Kiambu,Lari,Kamburu,"Plot 39, Lane 16, Waiyaki",21-07-2025,Pending,Lenana School,Diploma,Education,97587,2023/2024
SCH-001158,Kimani Motua,67-937-221,254 105 846 80,kimani_mutua@gmail.com,1999-11-04,Female,Kiambu,Kiambu,Ndumberi,"House 159, Karen Drive, Kenyatta",2022-12-20,Pending,Moi University,Postgraduate,Information Technology,120838,2025/2026
SCH-001159,Florence Kiprotich,23346779,075166582,florence.kiprotich@outlook.com,1972-07-27,Female,Meru,Buuri,Kibirichia,"Plot 251, Lane 19, Thika Superhighway",22-Mar-2025,Pending,Maranda High School,Secondary,Information Technology,160744,2022/2023
SCH-001160,"Chepngeno, Kwamboka",37-406-375,+25472967934,kwambokachepngeno@gmail.com,2003-01-01,male,Nairobi,Westlands,Kangemi,NULL,2025-11-05,I,Moi University,SECONDARY,Medicine,272635,2024 /2025
SCH-001161,Janet Momanyy,21 477 571,0707.186.09,janet_momanyi@gmail.com,2001-12-11,Male,Kilifi,Ganze,Bamba,"Plot 312, Lane 13, Kangundo",2022-04-20,Inactive,Kenyatta University,Undergraduate,Accounting,146633,2023/2024
SCH-001162,Patrick Senteu Otieno,14305217,011927074,patrick@gmail.com,1962-04-28,Male,Kakamega,Mumias West,Mutema,"Plot 102, Lane 6, Ngong Road",30-04-2023,Inactive,Moi High School Kabarak,Diploma,Civil Engineering,383080,2025/2026
SCH-001163,Hope Wafula,58582114,073577963,hope.wafula@gmail.com,1977-08-24,Male,Bomet,BometCentral,Singorwet,"Plot 287, Lane 12, Argwings Kodhek",26 Dec 2023,Active,Moi University,Diploma,Public Health,111973,2025/2026
SCH-001164,I. Kagwe,5258-2456,011 464 610,isaiah.kagwe@yahoo.com,1984-11-13,Female,Machakos,Mavoko,Syokimau/Mulolongo,"House 476, Thika Superhighway Street, Kangundo",2023-04-25,Active,JKUAT,Secondary,Law,201380,2024/2025
SCH-001165,MATTHEW MUTHAA KIPKIRUI,10 357 092,25478766538,,1997-07-05,Female,Kiambu,Lari,Nyanduma,"Plot 325, Lane 10, Kileleshwa",04/17/2022,Inactive,Maseno School,Secondary,Architecture,304257,2025/2026
SCH-001166,MUTHURI SALIM,1029-2428,0729.155.65,muthuri.salim@yahoo.com,1984-12-26,Female,Bungoma,Kimilili,Kibingei,"Plot 373, Lane 3, Uhuru",28-08-2022,Pending,,Diploma,Architecture,121886,2024/2025
SCH-001167,Philemon Ondieki,43777420,079316898,ondiekiphilemon@hotmail.com,1994-02-18,Female,Machakos,Mavoko,Kinanie,"House 450, Lavington Road, Kilimani",12-Oct-2022,Inactive,Moi University,Postgraduate,Law,224225,2022/2023
SCH-001168,Kilonzo Zechariah,16927312 ,0758.747.33,zechariah.kilonzo@hotmail.com,1999-07-14,Male,Mombasa,Changamwe,Changamwe,"House 475, Likoni Road, Thika Superhighway",2025-06-01,Active,Maseno University,Undergraduate,Public Health,285372,2022/2023
SCH-001169,Habakkuk Lesahn,80425944 ,25471336992,lesh@hotmail.com,1999-10-22,male,Nakuru,Kuresoi South,Amalo,"Plot 383, Lane 8, Argwings Kodhek",05/11/2022,I,Prestige Academy,CERTIFICATE,Business,105321,2022 / 2023
SCH-001170,Mumo Nafula,71036929,078711931,mumo.nafula@outlook.com,1978-05-02,Male,Turkana,Turkana East,Lokichar,"Plot 224, Lane 4, Kangundo",25-Sep-2025,Active,Moi High School Kabarak,Secondary,Civil Engineering,423653,2023/2024
SCH-001171,Kiprop Pauline,50983865,076560954,pauline.kiprop@gmail.com,1995-08-03,Female,Trans Nzoia,Kiminini,Waitaluk,"Plot 350, Lane 20, Mugumo",2025-09-22,Active,Prestige Academy,Undergraduate,Engineering,340848,2024/2025
SCH-001172,D. Towett,86 986 647,078600525,dorothy.towett@gmail.com,1991-01-12,Male,Kilifi,Magarini,Sabaki,"Plot 154, Lane 14, Karen",02-03-2025,Pending,Alliance High School,Secondary,Computer Science,184170,2024/2025
SCH-001173,andrew muthaa osebe,15679986 ,+25472522868,andrew.osebe@outlook.com,1969-09-22,Male,Kiambu,Ruiru,Gatong'ora,"Plot 194, Lane 9, Kangundo",04/13/2024,Inactive,Kenyatta University,Certificate,Medicine,98360,2024/2025
SCH-001174,JUDITH OMBATI, 83601776,0756.288.66,judith.ombati@hotmail.com,1993-01-16,Female,Uasin Gishu,Soy,Kipsomba,"House 134, Thika Superhighway Street, Tom Mboya",12-Nov-2024,Inactive,Coast Institute of Technology,Diploma,Agriculture,128302,2022/2023
SCH-001175,MUMO SHARON MWOROA,13-306-687,075130750,mumo.mworoa@hotmail.com,1996-05-04,Male,Bungoma,Sirisia,Malakisi/South Kulisiru,"Plot 283, Lane 19, Kangundo",09/17/2023,Active,Kabianga High School,Certificate,Civil Engineering,369893,2022/2023
SCH-001176,Janet Mwania Karanja,12193862,076683162,janet.karanja@gmail.com,1978-09-27,Female,Kakamega,Mumias East,East Wanga,"House 365, Kikuyu Street, Kilimani",NULL,Inactive,University of Nairobi,Undergraduate,Computer Science,318170,2023/2024
SCH-001177,Robert Mokua,3055-9033,25479810500,rmokua@yahoo.com,1995-10-25,Male,Kiambu,Ruiru,Gatong'ora,N/A,03-May-2022,Inactive,,Undergraduate,Social Work,231246,2023/2024
SCH-001178,Cherotich Wabobma,90 190 366,25473956666,cherotich82@yahoo.com,1979-01-27,Female,Kilifi,Kaloleni,Kayafungo,"House 411, Ngong Road Street, River Road",2023-12-18,Inactive,Strathmore University,Diploma,Computer Science,177091,2025/2026
SCH-001179,Kioko Bett,11991297,075495137,k.b@outlook.com,1967-12-10,Female,Bungoma,Sirisia,Malakisi/South Kulisiru,"Plot 254, Lane 6, Parklands",03-Jul-2024,Active,Starehe Boys Centre,Certificate,Nursing,265167,2022/2023
SCH-001180,Naserian Jouma, 93792514,+254 704-070-31,NULL,1970-10-02,Female,Turkana,Turkana East,Lokichar,,18 Sep 2025,Inactive,Maranda High School,Undergraduate,Engineering,251983,2025/2026
SCH-001181,Alice Kimani,34608805,073222029,alice48@gmail.com,1998-03-14,Female,Trans Nzoia,Endebess,Chepchoina,"House 251, Juja Street, Jogoo",22-05-2025,Pending,Green Garden Academy,Secondary,Law,114961,2023/2024
SCH-001182,Kipkemboi Oppiyo,8193-3142,073 700 480,kopiyo@gmail.com,1974-04-03,Female,Kiambu,Githunguri,Ikinu,"House 192, Tom Mboya Avenue, Parklands",30-04-2024,Inactive,Kabianga High School,Undergraduate,Education,321594,2023/2024
SCH-001183,Miriam Njuguna Mutinda,88387626,010826798,miriammutinda@gmail.com,1980-04-22,Male,Uasin Gishu,Ainabkoi,Racecourse,"Plot 237, Lane 8, Likoni",08/27/2025,Inactive,Lenana School,Undergraduate,Civil Engineering,314122,2025/2026
SCH-001184,Nabea Nanjala Margaret, 66772359,0793-413-92,nanjala.nabea@gmail.com,1970-08-21,Female,Nairobi County,Lang'ata,Mugumu-ini,"Plot 354, Lane 19, Uhuru",29-10-2022,Active,Maranda High School,Diploma,Social Work,97464,2023/2024
SCH-001185,Agnes Flora Lubanga,83425325,070862890,agneslubanga@gmail.com,1981-01-11,Female,Nyeri,Kieni,Naromoru/Kiamathaga,"House 365, Ruiru Drive, Argwings Kodhek",2025-03-29,Active,Coast Institute of Technology,Secondary,Computer Science,447729,2023/2024
SCH-001186,Mutinda  Njuguna,6341-5303,+254 784-004-04,mutinda.njuguna@yahoo.com,1978-12-13,Female,Nakuru,Gilgil,Murindat,"Plot 43, Lane 17, Jogoo",05/19/2025,Active,Kabianga High School,Certificate,Accounting,232805,2023/2024
SCH-001187,Hannah Mwamburai,90611355,076264708,hannah.mwamburi@hotmail.com,1981-12-01,Female,Machakos,Machakos Town,Mutituni,"House 354, Langata Drive, Kikuyu",21-01-2023,Active,Kabianga High School,Postgraduate,Information Technology,206748,2024/2025
SCH-001188,Kiprop Gitonga,6519-2060,073759233,kipropgitonga@gmail.com,1969-02-15,Male,Kiambu,Kikuyu,Kikuyu,"Plot 12, Lane 8, Ngong",08-Mar-2025,Pending,JKUAT,Undergraduate,Public Health,257566,2025/2026
SCH-001189,Jonathan Nyambane,99571805,077888356,jonathan.nyambane@outlook.com,1986-12-14,Female,Kakamega,Butere,Marama South,"Plot 288, Lane 1, Lavington",01-02-2023,Pending,Strathmore University,Diploma,Journalism,117937,2024/2025
SCH-001190,Waithera Joseph Adoyo,46-102-405,010 770 909,joseph_waithera@yahoo.com,02-16-1987,MALE,Nairobi,Dagoretti North,Kileleshwa,Plot23Lane10Lenana,12-15-2022,pending,Moi High School Kabarak,CERTIFICATE,Engineering,244512,2024 /2025
SCH-001191,ALEXANDER WANGECI MWANGOLO,56268308 ,254 118 007 91,alexander.mwangolo@yahoo.com,1979-08-28,Female,Mombasa,Changamwe,Changamwe,"House 69, Jogoo Street, Athi River",08/08/2024,Inactive,Lenana School,Certificate,Accounting,296817,2022/2023
SCH-001192,ondieki simiyu gichuru,67-054-128,0799-486-84,ondieki_gichuru@yahoo.com,1964-04-02,F,Nairobi,Dagoretti South,Mutuini,Plot369Lane18Kangundo,23/12/2025,Active,Maseno University,CERTIFICATE,Architecture,393572,2025-2026
SCH-001193,Anna Omr,45 109 738,+254 783-022-73,a.o@gmail.com,2000-11-03,Female,Kilifi,Kaloleni,Mwanamwinga,"House 413, Kitisuru Street, Thika",21/07/2025,Pending,Moi High School Kabarak,Undergraduate,Education,251441,2022/2023
SCH-001194,Kinya Mutua,42292892,079934963,kinya.mutua@outlook.com,1962-01-28,Male,Nairobi,Dagoretti North,Kileleshwa,"House 4, Langata Drive, Mugumo",23 May 2024,Pending,Rift Valley Institute,Secondary,Engineering,106999,2025/2026
SCH-001195,M. Kipkemboi,1063-2635,254 773 868 14,mueni@gmail.com,03-16-1976,F,Bungoma,Sirisia,Namwela,Plot207Lane16Uhuru,18-Mar-2022,pending,Alliance High School,DIPLOMA,Agriculture,151287,2025-2026
SCH-001196,Ojwang Maatoke,51910609 ,+254 788 459 32,omatoke@gmail.com,1996-03-26,Female,Kisumu,Seme,North Seme,"House 443, Garden Estate Avenue, Karen",2024-01-03,Inactive,Moi University,Undergraduate,Economics,164392,2023/2024
SCH-001197,A. S. Gichuru,7435-4434,254 108 787 15,ann.gichuru@yahoo.com,N/A,Female,Meru,South Imenti,Igoji East,"House 74, Westlands Street, Juja",2023-02-21,Pending,Mang'u High School,Diploma,Journalism,160489,2025/2026
SCH-001198,bridget kiprono,41 665 325,+254 775-817-28,bridget.kiprono@gmail.com,1993-12-09,Male,Uasin Gishu,Kapseret,Ngeria,"Plot 466, Lane 9, Ngong",09/09/2024,Inactive,Maranda High School,Undergraduate,Medicine,270998,2023/2024
SCH-001199,Mwirigi Margaret Flora,75-796-428,0756.771.44,margaretmwirigi@gmail.com,2003-06-16,Male,Bomet,Chepalungu,Nyongores,"Plot 284, Lane 17, Kiambu",23/12/2023,Inactive,Maseno School,Secondary,Accounting,178192,2025/2026
SCH-001200,Wairimu Jeremiah Ali,14874387,072514925,aliwairimu@gmail.com,1992-06-28,Female,Nakuru,Nakuru Town East,Biashara,"Plot 301, Lane 7, Langata",14-Apr-24,Active,Mount Kenya University,Postgraduate,Nursing,201847,2024/2025
SCH-001201,Kebaso Esther,49 320 205,075 495 044,esther.kebaso@hotmail.com,1981-07-08,Female,Kiambu,Kikuyu,Kikuyu,"Plot 457, Lane 14, Kasarani",2023-01-07,Inactive,Maseno School,Certificate,Engineering,238971,2024/2025
SCH-001202,robert oduya,82486770 ,+254 729-913-00,robert.oduya@gmail.com,2002-07-18,Male,Kakamega,Shinyalu,Isukha West,"Plot 385, Lane 20, Mugumo",2024-04-19,Active,Prestige Academy,Certificate,Journalism,154807,2025/2026
SCH-001203,Muthoka  Kilonzo, 63659879,+254 114-202-63,muthoka.kilonzo@yahoo.com,1981-02-09,Male,Kilifi,Rabai,Kambe/Ribe,"Plot 432, Lane 15, Langata",04-10-2025,Inactive,Moi University,Secondary,Social Work,95531,2024/2025
SCH-001204,caroline kagwiria salim, 38790311,254 775 365 50,caroline.salim@gmail.com,1975-07-16,Male,Nakuru,Naivasha,Lake View,"House 281, Kenyatta Road, Kenyatta",03-09-2025,Pending,Egerton University,Undergraduate,Medicine,340342,2024/2025
SCH-001205,Kevin Sgei,3610-3070,254 709 262 19,k.sigei@gmail.com,20-Aug-1985,Male,Bungoma,Kabuchai,Kabuchai/Chwele,"House 88, Juja Drive, Mugumo",2022-01-18,A,Lenana School,POSTGRADUATE,Architecture,171226,2025- 2026
SCH-001206,Anthony Gikonyyo,79630194,073149419,anthony.gikonyo@hotmail.com,1961-12-16,Male,Uasin Gishu,Moiben,Kimumu,"Plot 90, Lane 19, Parklands",27-Dec-2024,,N/A,Postgraduate,Business,360090,2023/2024
SCH-001207,Kwamboka Salmi,1385-6812,0715-696-56,kwamboka_salim@yahoo.com,1978-11-02,Female,Nairobi,Dagoretti North,Kilimani,"House 353, Kitisuru Avenue, Moi Avenue",17/06/2024,Active,Maranda High School,Certificate,Information Technology,71029,2023/2024
SCH-001208,Timothy Musyoka Mugo,64788573,25478674161,timothy.mugo@yahoo.com,1986-06-17,Female,Trans Nzoia,Cherangany,Motosi,"Plot 1, Lane 13, Moi Avenue",01/29/2025,Inactive,St. Joseph's School,Undergraduate,Engineering,181304,2025/2026
SCH-001209,Muthuri Mitie,6054-3809,254 745 503 99,m.mitei@gmail.com,1971-08-10,Male,Trans Nzoia,,Cherangany/Suwerwa,"House 9, Moi Avenue Drive, Tom Mboya",,Active,University of Nairobi,Secondary,Public Health,84918,2024/2025
SCH-001210,JEPKOECH CHERONO, 40317689,+25410503433,jepkoech.cherono@yahoo.com,1994-08-06,Female,Turkana,Turkana West,Kakuma,"House 40, Mombasa Road Road, Argwings Kodhek",2022-01-09,Active,Maseno School,Secondary,Law,173625,2024/2025
SCH-001211,Benjamin Cepkwony,61 846 177,+254 728 181 78,N/A,1993-02-06,Female,Bungoma,Kanduyi,Marakaru/Tuuti,"Plot 419, Lane 18, Kilimani",05/22/2023,,Coast Institute of Technology,Certificate,Business,357894,2023/2024
SCH-001212,Nanjala Muaslia,6815-2649,079 923 390,nanjala21@gmail.com,14-Jan-1988,MALE,NULL,Rabai,Ruruma,"Plot 404, Ln 19, Ngong Rd",NULL,A,JKUAT,POSTGRADUATE,Agriculture,78483,2024-2025
SCH-001213,J. Wachira,8564-3715,0722-459-18,,1992-12-07,Male,Uasin Gishu,Soy,Kapkures,"House 33, Argwings Kodhek Road, Lavington",09 May 2022,N/A,Eldoret National Polytechnic,Undergraduate,Public Health,313944,2024/2025
SCH-001214,Wambui Mwwamburi,37383624,076804098,N/A,2001-06-24,Male,Kakamega,NULL,,"Plot 374, Lane 17, Limuru",2025-08-10,Active,Kenya High School,Certificate,Agriculture,241924,2025/2026
SCH-001215,Wachira Kamande,97 037 399,011606356,wachira56@hotmail.com,1964-06-02,Female,Nairobi,Kibra,Sarang'ombe,"House 318, Kangundo Road, Juja",2024-09-11,Pending,Maranda High School,Undergraduate,Public Health,273406,2024/2025
SCH-001216,MURIUKI NDUNDA,3951-0147,254 707 664 43,muriukindunda@yahoo.com,2003-05-10,Male,NAKURU,Subukia,Kabazi,"HOUSE 181, TOM MBOYA AVENUE, WAIYAKI",21/08/2022,active,Maranda High School,SECONDARY,Education,434883,2024 / 2025
SCH-001217,Matthew Nzioka,80973199,011373722,matthew.nzioka@gmail.com,1970-07-12,Male,Bomet,Chepalungu,Nyongores,"Plot 471, Lane 2, Karen",17-Oct-24,Pending,Maseno University,Secondary,Medicine,134003,2025/2026
SCH-001218,Alexander  Mwakideu,52097153,077846866,alexander.mwakideu@outlook.com,1976-02-23,Female,Kiambu,Kiambu,Ndumberi,"Plot 469, Lane 8, Kilimani",25/04/2023,Active,Strathmore University,Postgraduate,Civil Engineering,216277,2024/2025
SCH-001219,"Mungai, Silas Peace",87-368-164,0709.609.50,silas.mungai@gmail.com,1979-12-19,Female,Uasin Gishu,Turbo,N/A,"Plot 296, Lane 11, Athi River",N/A,Inactive,N/A,Postgraduate,Journalism,335188,2023/2024
SCH-001220,"Macharia, Namukhula",4616-7085,011383349,namukhula.macharia@gmail.com,1953-06-25,Male,Uasin Gishu,Moiben,Sergoit,"Plot 74, Lane 16, Ruiru",09/02/2025,Active,Maranda High School,Secondary,Social Work,167379,2025/2026
SCH-001221,I. Mwirigi,55 161 836,+254 112 936 97,irene.mwirigi@gmail.com,1976-05-18,Male,Machakos,Kangundo,Kangundo West,"Plot 29, Lane 18, Mugumo",23-Nov-2025,Inactive,Strathmore University,Diploma,Accounting,238276,2022/2023
SCH-001222,Oduya Khaemba,87653536,070304483,oduya.khaemba@gmail.com,02-Jan-00,male,NAKURU,Molo,Elburgon,"PLOT 247, LANE 6, LAVINGTON",27-03-2024,INACTIVE,Kenya Methodist University,UNDERGRADUATE,Accounting,210553,2024-2025
SCH-001223,Kanampiu Muslia,84166566 ,25477504276,kanampiu.musalia@gmail.com,1965-04-22,Male,Nyeri,Mathira,Iriaini,"Plot 165, Lane 4, Kenyatta",20231025,Inactive,Maseno University,Undergraduate,Agriculture,347606,2022/2023
SCH-001224,Syokau Kivuva,78497889,074453150,syokau.kivuva@outlook.com,1970-10-15,Female,Mombasa,Nyali,Mkomani,"Plot 75, Lane 3, Langata",05/02/2025,Active,,Certificate,Law,148423,2022/2023
SCH-001225,Rose Mitei,60 012 498,+254 752 917 52,rosemitei71@hotmail.com,23-07-1982,FEMALE,Nyeri,Othaya,Iria-ini,"House 357, Ruiru St, Thika",2024-07-29,ACTIVE,Coast Institute of Technology,CERTIFICATE,Social Work,224699,2022 /2023
SCH-001226,Jebet  Harun  Mulandi,7038-8500,0105-708-88,jebet.mulandi@gmail.com,1960-10-22,Female,Uasin Gishu,Ainabkoi,Kaptagat,"Plot 277, Lane 15, Ngong Road",02-Jul-25,Pending,Strathmore University,Secondary,Information Technology,397066,2024/2025
SCH-001227,"Kipchumba, Wambugu", 50790697,0776-864-48,wambugu97@gmail.com,09-03-1997,MALE,Nakuru,Gilgil,Gilgil,"Plot 92, Lane 8, Likoni",12-10-2025,INACTIVE,Lenana School,SECONDARY,Social Work,177783,2022- 2023
SCH-001228,Jane Ndegaw,25851419,071888900,jane.ndegwa@gmail.com,1969-12-06,Female,Nakuru,Molo,Elburgon,"House 372, Westlands Road, Kilimani",06/07/2025,Active,Kenyatta University,Secondary,Civil Engineering,380642,2023/2024
SCH-001229,"Baya, Onyango Allan", 17773636,0724.473.98,onyango.baya@hotmail.com,N/A,Male,Machakos,Matungulu,Kyeleni,"Plot 304, Lane 1, Juja",23/05/2022,Pending,Mount Kenya University,Diploma,Medicine,211956,2023/2024
SCH-001230,Kipkorir Mogaka Kerubo,89426243 ,+25472701568,mogaka.kipkorir@hotmail.com,1972-08-24,Male,Bungoma,Mt. Elgon,Kaptama,"House 246, Thika Superhighway Road, River Road",20220202,Pending,Kenya Methodist University,Diploma,Education,403982,2025/2026
SCH-001231,Martha Acheing,95 094 024,+25474507541,martha.achieng@outlook.com,1984-05-27,Female,Kakamega,Butere,Marama South,"Plot 246, Lane 5, Ngong",02/02/2023,Pending,Maseno University,Postgraduate,Information Technology,312610,2023/2024
SCH-001232,Leah Cherono,28237898,076702756,leah.cherono@outlook.com,1977-07-15,Male,Kakamega,Lugari,Mautuma,"House 143, Likoni Road, Ruiru",07-12-2022,Active,Maranda High School,Undergraduate,Business,197027,2022/2023
SCH-001233,Gathoni Bett,71524281,072589739,gathoni.bett@gmail.com,2003-05-21,Male,Machakos,Machakos Town,Mutituni,"Plot 406, Lane 20, Parklands",2025-11-06,Inactive,Maseno University,Diploma,Journalism,155611,2022/2023
SCH-001234,Awino Jepkoech Kipkorir,91786040,,,03-Dec-97,M,Turkana,Turkana East,Kapedo/Napeitom,"House 141, Kangundo Avenue, Tom Mboya",24-Oct-23,N/A,Coast Institute of Technology,SECONDARY,Agriculture,129189,2022–2023
SCH-001235,SAMUEL MWANIA,18-115-148,077 189 334,samuel.mwania@yahoo.com,1971-02-06,Female,Uasin Gishu,Turbo,Kiplombe,"Plot 292, Lane 7, Karen",20-Jan-2023,Pending,Eldoret National Polytechnic,Undergraduate,Civil Engineering,293395,2025/2026
SCH-001236,Flora Stephen Mumo,89118492,078801964,floramumo@gmail.com,1981-10-10,Male,Uasin Gishu,Ainabkoi,Racecourse,"Plot 325, Lane 17, River Road",14-06-2024,Active,Moi High School Kabarak,Undergraduate,Education,460978,2023/2024
SCH-001237,Benjamin Chepkirui,19576043,078423918,chepkiruibenjamin@gmail.com,2006-04-26,Female,Mombasa,Changamwe,Airport,"House 365, Argwings Kodhek Drive, Tom Mboya",09 Oct 2025,Inactive,Kabianga High School,Secondary,Information Technology,417029,2023/2024
SCH-001238,Ombati Nabwire,19 717 833,254 118 777 96,ombatinabwire@hotmail.com,1992-08-13,Female,Kakamega,Ikolomani,Idakho East,"House 15, Thika Superhighway Drive, Uhuru",2023-05-23,Inactive,Lenana School,Diploma,Education,110550,2024/2025
SCH-001239,Chebet Wanjohi,89-013-846,011139312,c.wanjohi@hotmail.com,1973-05-27,Female,Nyeri,Kieni,Gatarakwa,"Plot 167, Lane 11, Langata",30-01-2023,Pending,Prestige Academy,Secondary,Journalism,274476,2023/2024
SCH-001240,Nahum Oknello,33-851-205,+25411682534,nahumokello@hotmail.com,1991-09-09,Female,Kisumu,Nyakach,North Nyakach,"House 228, Thika Superhighway Street, Argwings Kodhek",09-Oct-24,Pending,Kabianga High School,Certificate,Journalism,172267,2024/2025
SCH-001241,onsongo george wambugu,3204-6483,25478744602,onsongo.wambugu@outlook.com,1968-06-04,Male,Uasin Gishu,Ainabkoi,Ainabkoi/Olare,"Plot 63, Lane 2, Kangundo",04-10-2025,Pending,St. Joseph's School,Postgraduate,Architecture,172867,2023/2024
SCH-001242,Margaret Auma,28164926,072649850,margaret.auma@outlook.com,1976-03-05,Female,Mombasa,Changamwe,Miritini,"Plot 356, Lane 15, Ngong",07-Jun-22,Pending,Lenana School,Secondary,Public Health,116894,2024/2025
SCH-001243,"Chepngeno, Malachi Rose",2800-8622,0718-314-40,malachi.chepngeno@yahoo.com,1986-04-27,Female,NAKURU,Kuresoi South,Amalo,"House 21, Waiyaki Avenue, Kangundo",05/31/2024,Active,Maseno School,Diploma,Journalism,365112,2025/2026
SCH-001244,Nahum Mitie, 15200255,+254 709-329-68,miteinahum@gmail.com,1977-12-16,Male,Nairobi,Dagoretti South,Waithaka,"Plot 287, Lane 18, Argwings Kodhek",01-Jan-2024,Active,Kenya Methodist University,Postgraduate,Engineering,404575,2022/2023
SCH-001245,mwania nekesa,32-650-041,070 520 515,mwania.nekesa@yahoo.com,1966-06-06,Female,Bomet,Sotik,Ndanai/Abosi,"House 396, Thika Superhighway Drive, Uhuru",05-Oct-2024,Active,Lenana School,Diploma,Agriculture,312651,2025/2026
SCH-001246,Chepkorir Mutuune,75655873 ,0795.320.16,cmutune@yahoo.com,2001-04-28,Female,BUNGOMA,,Elgon,"House 172, Moi Avenue Road, Parklands",12/15/2025,,Coast Institute of Technology,Postgraduate,Economics,133581,2025/2026
SCH-001247,M. S. Mworoa,13 306 687,25475130750,mumo.mworoa@hotmail.com,1996-05-04,Male,Bungoma,Sirisia,Malakisi/South Kulisiru,"Plot 283, Lane 19, Kangundo",09/17/2023,Active,Kabianga High School,Certificate,Civil Engineering,369893,2022/2023
SCH-001248,Ronald Oar,53 764 429,0116-486-16,r.o@gmail.com,1984-03-20,Male,Trans Nzoia,Kwanza,Bidii,"Plot 266, Lane 12, Limuru",2024-07-03,Active,Kenyatta University,Postgraduate,Information Technology,169676,2024/2025
SCH-001249,Chepkoech Rnoo,97670851 ,0729-130-74,chepkoech_rono@hotmail.com,1990-10-01,Male,Nakuru,Molo,Marioshoni,"Plot 279, Lane 11, Kangundo",20240109,Pending,Kenya High School,Postgraduate,Social Work,356656,2023/2024
SCH-001250,Oduya Khaemba,87653536,070304483,oduya.khaemba@gmail.com,02-Jan-00,male,NAKURU,Molo,Elburgon,"PLOT 247, LANE 6, LAVINGTON",27-03-2024,INACTIVE,Kenya Methodist University,UNDERGRADUATE,Accounting,210553,2024-2025
SCH-001251,ADHIAMBO BARNABAS KINYA, 58537393,25411169161,adhiambo.kinya@gmail.com,1975-09-04,Female,Nairobi,Kasarani,Kamulu,"Plot 330, Lane 5, Moi Avenue",2024-10-08,Inactive,Kenyatta University,Certificate,Economics,153464,2025/2026
SCH-001252,Kiprop Leshn,7965-1607,25473237015,k@gmail.com,1984-02-05,Male,Bungoma,Webuye West,Sitikho,"plot 89, lane 2, ngong",18/01/2025,inactive,University of Nairobi,POSTGRADUATE,Public Health,90622,2024–2025
SCH-001253,Allan Gitobu,81624345,074227391,NULL,1983-03-15,Female,Trans Nzoia,Endebess,,,02/07/2024,Pending,Prestige Academy,Certificate,Law,163726,2025/2026
SCH-001254,Nabwire  Naliaka  Muriuki,53 771 746,+25471338025,nabwire.muriuki@outlook.com,2004-05-02,Male,Uasin Gishu,Soy,Kapkures,"Plot 411, Lane 8, Tom Mboya",01/12/2025,Active,Lenana School,Certificate,Business,240965,2025/2026
SCH-001255,Kinya Opiyo,24230201,,N/A,12-Oct-1957,Male,Nairobi,Westlands,,"plot 409, lane 20, river road",28-Jul-2025,Inactive,Rift Valley Institute,SECONDARY,Business,142241,2023 /2024
SCH-001256,Habakkuk Gacherru,67426412,079530326,hgacheru29@gmail.com,22-02-1986,M,Kiambu,Limuru,Limuru Central,"House 202, Mugumo Road, Uhuru",04-07-2023,pending,Strathmore University,UNDERGRADUATE,Engineering,323127,2024–2025
SCH-001257,JOHN ONSONGO,81-344-862,0712-954-72,john.onsongo@gmail.com,1971-12-01,Male,Nairobi,Kibra,Makina,"House 202, Ngong Road Road, Ruaraka",13-Sep-2023,Inactive,Mount Kenya University,Undergraduate,Civil Engineering,182383,2024/2025
SCH-001258,Ogero Wanjiru, 17170147,011905958,NULL,,Female,Mombasa,Changamwe,Chaani,"House 307, Lavington Road, Ruiru",28/09/2024,Inactive,N/A,Secondary,Education,207877,2024/2025
SCH-001259,Rimberia Wamalwa Njuguna, 59388622,+254 113-951-24,wamalwa.rimberia@outlook.com,1978-11-20,Female,Uasin Gishu,Moiben,Tembelio,"Plot 376, Lane 14, Ruiru",06-May-2023,Active,St. Joseph's School,Postgraduate,Nursing,422272,2022/2023
SCH-001260,Gichuru Okelloo,76703346,078352751,gichuru_okello@outlook.com,1992-05-14,Male,Trans Nzoia,Saboti,Machewa,"House 249, Kikuyu Avenue, Kenyatta",18/04/2025,Active,Moi University,Certificate,Social Work,223012,2024/2025
SCH-001261,Masinde Muselia,86830303 ,+25472364962,m.m@hotmail.com,1981-02-15,Male,Kiambu,Ruiru,Kahawa Wendani,"House 21, Karen Drive, Lavington",02/01/2024,Inactive,Lenana School,Postgraduate,Law,212290,2024/2025
SCH-001262,Anna Omsar,45109738 ,0783-022-73,annaomar@gmail.com,2000-11-03,Female,Kilifi,Kaloleni,Mwanamwinga,"House 413, Kitisuru Street, Thika",21/07/2025,Pending,Moi High School Kabarak,Undergraduate,Education,251441,2022/2023
SCH-001263,Achieng Oleila,36810554,010802469,achieng.olela@gmail.com,1984-05-15,Female,Kakamega,Butere,Marama North,"Plot 210, Lane 14, Athi River",15/04/2023,Pending,Maseno University,Undergraduate,Architecture,204538,2023/2024
SCH-001264,Gitonga Jepkorir,57802228,072547152,gjepkorir@gmail.com,2001-07-25,Female,N/A,Limuru,NULL,"House 182, Kileleshwa Drive, Westlands",09/03/2023,Active,Strathmore University,Secondary,Economics,158088,2024/2025
SCH-001265,GATHONI NAMUKHULA,63604794,078547025,gathoni.namukhula@yahoo.com,1963-02-20,Female,KIAMBU,RUIRU,KAHAWA SUKARI,"House 69, Parklands Road, Kiambu Road",09-07-2025,Inactive,Lenana School,Undergraduate,Public Health,309085,2024/2025
SCH-001266,Mwania Nduneg,87083341,NULL,mwania.ndunge@outlook.com,2004-01-28,Female,Uasin Gishu,,NULL,"House 217, Langata Drive, Ruiru",2024-08-22,Inactive,University of Nairobi,Postgraduate,Computer Science,411947,2025/2026
SCH-001267,Gitobu Mboru,56995391,071625769,g.mburu@gmail.com,12 Jul 2006,Female,Turkana,Turkana South,Katilu,"plot 378, lane 14, outering",2024-05-20,INACTIVE,Maseno School,UNDERGRADUATE,Agriculture,333036,2025-2026
SCH-001268,Bridget Towettt,84286913 ,0113.020.20,bridget@hotmail.com,1968-10-11,Male,Mombasa,Kisauni,Mtopanga,"House 15, Langata Street, Kangundo",20240128,Pending,Mount Kenya University,Undergraduate,Information Technology,79273,2024/2025
SCH-001269,Hannah  Wanyonyi  Mogaka,36 252 609,0789-871-65,hannah.mogaka@hotmail.com,1975-01-06,Female,NULL,Tigania West,,"Plot 155, Lane 13, Westlands",03 Aug 2024,Active,Moi High School Kabarak,Postgraduate,Journalism,198235,2025/2026
SCH-001270,muthoni opiyo,55-649-927,254 118 701 18,muthoni.opiyo@yahoo.com,1970-07-11,Male,Kilifi,,Mariakani,"Plot 215, Lane 7, Tom Mboya",12-Dec-2024,Pending,Alliance High School,NULL,Law,261618,2025/2026
SCH-001271,Senteu Mwango,95430630,070440398,senteu.mwango@gmail.com,1997-02-15,Male,Nairobi,Westlands,Kitisuru,"House 108, Jogoo Road, River Road",2025-05-19,Inactive,Kenyatta University,Postgraduate,Public Health,163847,2022/2023
SCH-001272,Mutisya Harun Kiprop,26692837,070586668,NULL,11-Jun-1977,F,Kilifi,Kilifi South,Chasimba,Plot 69 Lane 3 Kangundo,2025-04-12,pending,Coast Institute of Technology,UNDERGRADUATE,Law,428265,2024–2025
SCH-001273,DIANA PHILEMON OTULA,89-362-594,254 774 900 44,diana.otula@hotmail.com,1988-12-09,Male,Nyeri,Kieni,Mwiyogo/Endarasha,"House 480, Parklands Street, Garden Estate",30 Jun 2022,Pending,Prestige Academy,Diploma,Business,143014,2025/2026
SCH-001274,Kipkorir Oella,12152239 ,0723-062-97,kipkorirolela@gmail.com,1961-06-01,Female,Nairobi,Dagoretti North,Kilimani,"House 118, Westlands Road, Juja",2023-04-26,Active,Kenya Methodist University,Secondary,Accounting,158999,2025/2026
SCH-001275,Awino Kichirchir,77 409 527,+254 795 312 25,a.kipchirchir@gmail.com,1948-03-18,Male,Turkana,Turkana Central,Kalokol,"Plot 411, Lane 11, Jogoo",19/01/2024,Pending,St. Joseph's School,Postgraduate,Public Health,135285,2025/2026
SCH-001276,Auma Muugo,53158132 ,0734.715.66,aumamugo@outlook.com,1977-03-24,Male,Kiambu,Githunguri,Githiga,"Plot 191, Lane 20, Argwings Kodhek",2024-01-07,Pending,Kabianga High School,Certificate,Information Technology,316829,2022/2023
SCH-001277,Kathure Btet, 35966874,+25473240343,bettkathure@gmail.com,1975-12-18,Female,Nairobi,Dagoretti North,Kileleshwa,"House 172, Mombasa Road Avenue, Karen",24-Aug-24,Active,JKUAT,Diploma,Law,423009,2025/2026
SCH-001278,wanyonyi kiprop owuor,34 216 590,+254 739-970-32,wanyonyi.owuor@gmail.com,1993-02-20,Female,Mombasa,Jomvu,Miritini,"Plot 439, Lane 6, Kilimani",09-07-2023,Inactive,Moi University,Certificate,Social Work,151998,2023/2024
SCH-001279,Jepkoech Ollela,75817532,075770361,jepkoech.olela@gmail.com,1990-11-10,Female,Trans Nzoia,Kiminini,Sirende,"House 448, Karen Drive, Kilimani",21-Jun-2022,Inactive,University of Nairobi,Undergraduate,Law,201122,2024/2025
SCH-001280,Towett Bridget, 84286913,+25411302020,bridget.towett@hotmail.com,1968-10-11,Male,Mombasa,Kisauni,Mtopanga,"House 15, Langata Street, Kangundo",20240128,Pending,Mount Kenya University,Undergraduate,Information Technology,79273,2024/2025
SCH-001281,Peace Kipsang,41737742,011167961,peace.kipsang@yahoo.com,2004-05-09,Male,Uasin Gishu,Kapseret,Simat/Kapseret,"House 187, Tom Mboya Street, Parklands",03-10-2022,Active,Moi University,Certificate,Law,387604,2025/2026
SCH-001282,Rimberia Njuuna,3118-3862,254 742 471 00,rimberia.njuguna@gmail.com,NULL,Female,Turkana,Turkana East,Lokichar,"Plot 200, Lane 17, Ngong",02/12/2023,Pending,Moi University,NULL,Journalism,222875,2024/2025
SCH-001283,Charity Wamuyu,54698618,010703400,c.wamuyu@gmail.com,1986-03-27,Female,Machakos,Masinga,Ekalakala,"Plot 334, Lane 16, Langata",19-Jan-2024,Pending,Prestige Academy,Certificate,Public Health,128403,2022/2023
SCH-001284,Paul Owwuor,61-590-666,+254 724-784-79,paulowuor@gmail.com,1991-02-08,Male,Nairobi,Lang'ata,South C,"Plot 85, Lane 7, Mombasa Road",12-06-2024,Pending,Rift Valley Institute,Postgraduate,Medicine,157057,2023/2024
SCH-001285,Gichuru Lois Kagwiria,46990787,072134444,loisgichuru@gmail.com,1973-09-10,Male,UASIN GISHU,Turbo,Kiplombe,"Plot 199, Lane 5, Kangundo",22 Dec 2022,Inactive,University of Nairobi,Undergraduate,Engineering,330648,2024/2025
SCH-001286,bridget kiprono,4166-5325,254 775 817 28,bridget.kiprono@gmail.com,1993-12-09,Male,Uasin Gishu,Kapseret,Ngeria,"Plot 466, Lane 9, Ngong",09/09/2024,Inactive,Maranda High School,Undergraduate,Medicine,270998,2023/2024
SCH-001287,Mutua Rose Onsongo,72458202,071216846,mutua.onsongo@gmail.com,1970-09-03,Female,Nakuru,Molo,Marioshoni,"House 34, River Road Street, Limuru",20251130,Inactive,Kenya Methodist University,Secondary,Nursing,187749,2025/2026
SCH-001288,Onsongo Jepkrir, 38204138,078421583,o.j@outlook.com,1953-02-11,Male,Meru,Igembe South,Nkondi,"Plot 190, Lane 3, Athi River",19/04/2022,Pending,Prestige Academy,Diploma,Architecture,264711,2025/2026
SCH-001289,Michael Nafuula,30833313,075457280,mnafula@yahoo.com,1970-10-06,Male,Turkana,Turkana North,Kaikor,"Plot 50, Lane 15, Kiambu Road",20241024,Pending,Moi High School Kabarak,Certificate,Social Work,249169,2025/2026
SCH-001290,Nabwire Jekporir,1540-6577,25478260751,nabwire_jepkorir@gmail.com,1984-05-16,Male,Nairobi,Dagoretti North,Kawangware,N/A,2025-06-03,Inactive,Moi High School Kabarak,Postgraduate,Medicine,381556,2023/2024
SCH-001291,Nahum Mulandi,67601447,079610418,n.mulandi@gmail.com,,Male,Kilifi,Kilifi North,Kibarani,"House 113, Kangundo Street, Lavington",2024-11-05,Pending,Lenana School,Certificate,Social Work,255570,2022/2023
SCH-001292,Rweria Catherine Kivuva,86520791,079337809,rweria.kivuva@yahoo.com,1990-09-28,Male,Nairobi,Dagoretti South,Waithaka,"House 179, Lenana Road, Kileleshwa",02/19/2024,Active,Kenya High School,Diploma,Computer Science,131597,2024/2025
SCH-001293,Kevin Cheruiyott,41-387-892,0782-663-94,kcheruiyot@gmail.com,1979-10-15,Male,Nairobi,Lang'ata,South C,"Plot 359, Lane 1, Outering",2025-08-29,Active,Maranda High School,Undergraduate,Architecture,136953,2024/2025
SCH-001294,Nabea Wemalwa,11 101 134,073 194 578,nabea_wamalwa@gmail.com,1976-05-26,Male,Bungoma,Webuye East,Ndivisi,"House 42, Lavington Street, Ngong Road",09-09-2025,Pending,Kenya High School,Postgraduate,Education,241857,2022/2023
SCH-001295,Lenguro Ongeri,22425993,074871240,lenguro_ongeri@gmail.com,1969-03-27,Male,Bomet,Konoin,Chepchabs,"House 283, Kileleshwa Drive, River Road",26/06/2025,,Maranda High School,N/A,Education,431921,2024/2025
SCH-001296,Martin Wambugu Achieng,14253979,079637517,machieng@outlook.com,1976-02-13,Male,Kakamega,Khwisero,Kisa East,"Plot 144, Lane 6, Thika",05-Apr-2023,Pending,Mang'u High School,Diploma,Engineering,411798,2022/2023
SCH-001297,Kanampiu Githinji,89 541 250,075667256,kanampiu.githinji@gmail.com,1981-02-17,Female,Kilifi,Kilifi North,Kibarani,"Plot 5, Lane 11, Tom Mboya",2025-03-12,Pending,Kenyatta University,Certificate,Computer Science,141632,2022/2023
SCH-001298,Wanjiru Wabomba Lubanga,30944246,078271482,wanjiru.lubanga@gmail.com,1992-07-10,Female,Uasin Gishu,Soy,Kipsomba,"Plot 132, Lane 16, Kiambu Road",27-Dec-2022,Inactive,Eldoret National Polytechnic,Postgraduate,Engineering,137000,2023/2024
SCH-001299,Nyambura Awor,38 402 180,+254 754-257-66,nyambura_awuor@gmail.com,,Female,N/A,Webuye East,Ndivisi,"House 159, River Road Avenue, Parklands",03/07/2025,Pending,Mang'u High School,NULL,Public Health,149900,2022/2023
SCH-001300,"Jepkoech, Kioko Gitonga",26 935 536,+254 757 048 87,k.j@yahoo.com,1965-07-28,Male,Kisumu,Nyakach,South West Nyakach,"House 216, Thika Superhighway Drive, Argwings Kodhek",19-11-2024,Active,JKUAT,Secondary,Medicine,304385,2024/2025
SCH-001301,Mwamburi Hannah Jepchumba, 90611355,076 264 708,hannah.mwamburi@hotmail.com,1981-12-01,Female,Machakos,Machakos Town,Mutituni,"House 354, Langata Drive, Kikuyu",21-01-2023,Active,Kabianga High School,Postgraduate,Information Technology,206748,2024/2025
SCH-001302,sophia mark omondi,35045820 ,072337896,sophia.omondi@hotmail.com,1965-12-18,Male,Kilifi,Kilifi South,Mtepeni,"House 306, Uhuru Drive, Kilimani",28/02/2022,Inactive,Eldoret National Polytechnic,Certificate,Agriculture,102256,2022/2023
SCH-001303,Githinji Saidiimu,51 367 965,0768-325-22,saidimugithinji@hotmail.com,1968-08-09,Male,Nairobi,,Uthiru,"House 155, Ngong Road, Karen",2023-02-09,Pending,Maseno School,Diploma,Medicine,97330,2022/2023
SCH-001304,Kinyua Kremei, 38551356,+25472747228,kinyuakemei@gmail.com,1981-07-12,Male,Kakamega,Matungu,Mayoni,"House 221, Athi River Drive, Kitisuru",09/08/2024,Active,Alliance High School,Secondary,Agriculture,293494,2024/2025
SCH-001305,Muthoni Kpikorir,4015-8481,+254 708-216-27,muthoni.kipkorir@gmail.com,1972-05-03,Female,Nairobi,Kasarani,Njiru,"Plot 76, Lane 13, Waiyaki",2025-03-10,Pending,Maseno School,Secondary,Social Work,192117,2024/2025
SCH-001306,Kioko Karanja,58052871,070611324,k.k@gmail.com,1961-05-07,Male,Kisumu,Nyakach,West Nyakach,"Plot 355, Lane 4, Kangundo",2025-07-04,Inactive,Lenana School,Diploma,Journalism,264488,2025/2026
SCH-001307,John Musyimi,53305731,070984832,john.musyimi@yahoo.com,1980-02-23,Male,Mombasa,Kisauni,Mtopanga,N/A,01/11/2024,Pending,Coast Institute of Technology,Postgraduate,Agriculture,245327,2022/2023
SCH-001308,Agnes Mrohamed,5288-1821,0782.222.35,mohamedagnes@gmail.com,1983-12-16,Female,Kisumu,Nyando,East Kano/Wawidhi,"House 378, Ngong Road Street, Kikuyu",2022-05-12,Inactive,Maseno School,Certificate,Business,408406,2023/2024
SCH-001309,Florence Mitei,74609504,079483935,florence.mitei@outlook.com,1995-10-19,Female,Uasin Gishu,Turbo,Kamagut,"Plot 69, Lane 15, Lenana",08/03/2022,Inactive,Maseno School,Postgraduate,Social Work,130411,2023/2024
SCH-001310,Awiti Owuur,23582811,011922076,awiti.owuor@hotmail.com,1966-06-03,Male,Bungoma,Kimilili,Kimilili,"House 76, Kileleshwa Street, Kitisuru",27 Aug 2025,Pending,Lenana School,Diploma,Journalism,461610,2023/2024
SCH-001311,Munyao Naflua,1866-7877,+254 761-119-43,munyao.nafula@gmail.com,1960-01-21,Male,Mombasa,Likoni,Bofu,"Plot 391, Lane 16, Westlands",23/06/2024,Inactive,St. Joseph's School,Diploma,Architecture,118063,2024/2025
SCH-001312,Syombua Wairimnu,87943239 ,0714.451.39,swairimu@outlook.com,1988-04-01,Female,Nakuru,Molo,NULL,"Plot 455, Lane 12, Kitisuru",,Pending,Starehe Boys Centre,Undergraduate,Education,70392,2022/2023
SCH-001313,Waithera Cherono,25 706 912,071 438 249,cherono.waithera@hotmail.com,1982-04-02,Female,Nairobi,Dagoretti South,Riruta,"Plot 224, Lane 5, Langata",16-Jun-2023,Active,Moi High School Kabarak,Certificate,Computer Science,187667,2025/2026
SCH-001314,Florence Wambu,28 699 996,074586953,florencewambui@yahoo.com,1985-11-03,Male,Bomet,Chepalungu,Nyongores,"Plot 378, Lane 4, Kasarani",10/28/2025,Inactive,Kabianga High School,Diploma,Social Work,163702,2023/2024
SCH-001315,Kinyua Kipkemoi,10978095,010568358,kinyua.kipkemoi@gmail.com,1975-03-12,Male,Nakuru,Naivasha,Hells Gate,"Plot 111, Lane 5, Waiyaki",2023-10-10,Inactive,Moi High School Kabarak,Diploma,Accounting,163677,2025/2026
SCH-001316,Khaemba Langaat,3628-1402,0107-441-18,khaemba@yahoo.com,1992-08-16,Male,Kakamega,Shinyalu,N/A,"Plot 177, Lane 16, Kilimani",08/02/2023,Pending,Maseno School,Diploma,Medicine,357573,2025/2026
SCH-001317,"Kihika, Amos",3103-4531,+254 707-635-05,amos.kihika@outlook.com,1990-10-18,Female,Nairobi,Kasarani,Mwiki,"House 124, Argwings Kodhek Avenue, Langata",13/01/2022,Inactive,Lenana School,Postgraduate,Information Technology,72552,2022/2023
SCH-001318,BRENDA BETT,64215650 ,077775156,brenda.bett@gmail.com,1990-11-15,Female,Machakos,Matungulu,Matungulu West,"Plot 44, Lane 11, Waiyaki",22/08/2022,Active,Egerton University,Diploma,Computer Science,436495,2025/2026
SCH-001319,MUTWIRI ERICK MWOROA,10 370 853,011224256,mutwiri.mworoa@gmail.com,1987-11-13,Male,Mombasa,Changamwe,Miritini,"Plot 246, Lane 4, Lavington",28-Jan-2022,Active,Kenya Methodist University,Undergraduate,Engineering,274640,2022/2023
SCH-001320,Chepkoech Ondieki,76971243,073658094,N/A,1967-01-22,Female,NULL,Tetu,N/A,"Plot 177, Lane 17, Garden Estate",05-07-2022,Active,Prestige Academy,Undergraduate,Accounting,78767,2024/2025
SCH-001321,Kiprotich Mrwakideu, 26355844,25479352844,k.m@outlook.com,1995-09-05,Male,Nyeri,Othaya,Chinga,"Plot 179, Lane 14, Kiambu Road",28/03/2024,Inactive,JKUAT,Secondary,Accounting,79387,2022/2023
SCH-001322,Chepkorir Kmutai,77-779-642,0797-714-85,chepkorir.kimutai@gmail.com,1998-04-03,Female,Kakamega,Ikolomani,Idakho South,"Plot 182, Lane 5, Lavington",2022-03-20,Inactive,Mount Kenya University,Diploma,Law,215195,2023/2024
SCH-001323,Chepkoech Cheono,85584413 ,+254 755 818 01,cheronochepkoech@outlook.com,N/A,Male,TRANS NZOIA,Kwanza,Bidii,"House 311, Tom Mboya Avenue, Kangundo",2024-01-10,N/A,Maseno University,Undergraduate,Civil Engineering,285267,2023/2024
SCH-001324,Masinde  Nabea  Kipsang,88399776 ,+25410897970,masinde.kipsang@gmail.com,2000-01-01,Male,Mombasa,Changamwe,Changamwe,"Plot 47, Lane 1, Kiambu",11-17-2024,Active,Coast Institute of Technology,Postgraduate,Social Work,305985,2025/2026
SCH-001325,Musyimi John,53-305-731,254 709 848 32,john.musyimi@yahoo.com,1980-02-23,Male,Mombasa,Kisauni,Mtopanga,N/A,01/11/2024,Pending,Coast Institute of Technology,Postgraduate,Agriculture,245327,2022/2023
SCH-001326,Nabea  Mwangi, 88091841,077 935 111,nabea.mwangi@gmail.com,1988-08-11,Male,Nakuru,Nakuru Town East,Biashara,"House 139, Kiambu Drive, Parklands",13-11-2023,Pending,Coast Institute of Technology,Secondary,Journalism,188292,2023/2024
SCH-001327,Lubanga Susan Wafula,7138-4698,+254 113-794-90,susan.lubanga@gmail.com,1980-03-05,Female,Trans Nzoia,Cherangany,Motosi,"Plot 79, Lane 5, Mugumo",19/09/2023,Pending,Maseno School,Postgraduate,Economics,278428,2023/2024
SCH-001328,Agnes  Muthaa  Kipchirchir,43739900 ,0768-374-35,agnes.kipchirchir@gmail.com,1957-05-03,Male,NULL,Kisumu West,North Kisumu,N/A,NULL,Pending,Kenya High School,Secondary,Engineering,205903,2025/2026
SCH-001329,Jacqueline Awiti Lubanga,25651239,011578416,j.lubanga@gmail.com,1979-09-24,M,Nairobi,Dagoretti North,Gatina,House428NgongRdDriveMombasaRd,11-06-2025,ACTIVE,Eldoret National Polytechnic,SECONDARY,Social Work,438608,2024–2025
SCH-001330,Achieng Githue,88-960-861,070212018,a.g@hotmail.com,2003-07-18,Male,Nairobi,Dagoretti North,Kawangware,NULL,23-05-2025,Inactive,Strathmore University,Secondary,Social Work,144992,2022/2023
SCH-001331,Kagendo Kebaaso,78946993 ,010541766,kagendo.kebaso@gmail.com,2006-01-17,Female,Kisumu,Kisumu Central,Nyalenda 'B',"House 262, Kenyatta Drive, Kitisuru",11/24/2024,Pending,JKUAT,Secondary,Engineering,268371,2022/2023
SCH-001332,Kariuki Koench,61-372-134,077325246,kariuki.koech@yahoo.com,1990-11-14,Male,Bungoma,Mt. Elgon,Kaptama,"House 129, Mugumo Drive, Tom Mboya",13/03/2025,Pending,Maseno University,Diploma,Accounting,208462,2023/2024
SCH-001333,"Wekesa, Edith Naisula",39 009 803,0784.170.03,edith.wekesa@gmail.com,1974-04-03,Male,Kakamega,NULL,Chekalini,"Plot 98, Lane 16, Kiambu",N/A,Pending,Green Garden Academy,Diploma,Business,256289,2024/2025
SCH-001334,Okoth Mokua,44462133,071392369,okoth.mokua@gmail.com,1962-06-03,Female,Kilifi,Kilifi South,Mwarakaya,"Plot 187, Lane 14, Ngong Road",04/04/2022,Inactive,Egerton University,Certificate,Education,142957,2024/2025
SCH-001335,Wabomba Kimani Mcharo,52538666,011517591,wabomba.mcharo@gmail.com,1973-06-04,Male,Kisumu,Kisumu Central,Kaloleni,"House 151, Kasarani Drive, Argwings Kodhek",20241116,Inactive,JKUAT,Undergraduate,Education,235627,2022/2023
SCH-001336,Lois Njorooge,1390-4497,+254 733 377 43,lois_njoroge@gmail.com,1975-02-06,Male,Kakamega,Lugari,Chekalini,"House 31, Thika Street, Outering",,Active,Prestige Academy,Postgraduate,Architecture,251109,2024/2025
SCH-001337,R. Kioko,78-189-543,075 669 793,ruth.kioko@gmail.com,1987-07-19,Male,Nakuru,Kuresoi North,Kamara,"Plot 165, Lane 14, Mugumo",14/04/2024,Active,Mang'u High School,Postgraduate,Public Health,143985,2024/2025
SCH-001338,Christopher Wammuyu,85-102-924,070 708 684,christopher19@gmail.com,1993-06-15,Female,Nairobi,Dagoretti South,Waithaka,"Plot 134, Lane 2, Kiambu",2023-03-25,Active,Kenya Methodist University,Undergraduate,Civil Engineering,72603,2023/2024
SCH-001339,Muthoni Muthuri Kivuva,44065587,078968250,muthoni.kivuva@yahoo.com,1987-06-08,Male,NAIROBI,Kibra,Sarang'ombe,"Plot 86, Lane 10, Kenyatta",2022-09-17,Active,Kenyatta University,Secondary,Accounting,240829,2023/2024
SCH-001340,Rweria Catherine Kivuva,86520791,079337809,rweria.kivuva@yahoo.com,1990-09-28,Male,Nairobi,Dagoretti South,Waithaka,"House 179, Lenana Road, Kileleshwa",02/19/2024,Active,Kenya High School,Diploma,Computer Science,131597,2024/2025
SCH-001341,Barnabas Leshan Wangari,61660590,073145771,barnabas26@hotmail.com,2003-07-24,Male,Meru,Igembe North,Antubetwe Kiongo,"Plot 114, Lane 9, Uhuru",26/07/2023,Pending,Starehe Boys Centre,Undergraduate,Education,481961,2023/2024
SCH-001342,Victor Munga,78320452 ,254 763 063 67,victor@gmail.com,1953-11-08,Male,Kakamega,Khwisero,Kisa East,"House 177, Parklands Avenue, Kenyatta",21-Dec-2023,Active,Eldoret National Polytechnic,Diploma,Law,297073,2024/2025
SCH-001343,"Baya, Kariuki",6219-3650,0781-981-57,kariuki.baya@hotmail.com,1973-08-16,Male,Machakos,Matungulu,Matungulu West,"House 318, Langata Avenue, Mugumo",10/15/2022,Active,Maseno University,Undergraduate,Architecture,326084,2022/2023
SCH-001344,"Anyango, Timothy Martha",3116-1881,0769-803-33,timothy.anyango@yahoo.com,NULL,Female,Bungoma,Kimilili,NULL,"House 45, Kasarani Drive, Likoni",18 Dec 2023,Inactive,,Diploma,Journalism,289256,2025/2026
SCH-001345,Kathure Wanyoika,20204415 ,25478287155,kwanyoike@gmail.com,06-05-1998,male,Bomet,Chepalungu,Chebunyo,"PLOT 377, LANE 9, MOI AVENUE",11/09/2023,N/A,,POSTGRADUATE,Nursing,65092,2023–2024
SCH-001346,Jonah Mulwa,95716350,070980779,jonah.mulwa@outlook.com,1985-04-24,Female,Kiambu,Kabete,Gitaru,"Plot 169, Lane 9, Kileleshwa",26/01/2025,Pending,Mang'u High School,Postgraduate,Nursing,155242,2022/2023
SCH-001347,Achieng Opiyo Githinji,5829-4486,079199299,achieng@hotmail.com,03/23/1989,Female,Turkana,Turkana West,Letea,"Plot 324, Lane 3, Moi Avenue",20250525,NULL,,UNDERGRADUATE,Medicine,488826,2025 /2026
SCH-001348,Bridget Mbuthia,9751-0445,070 989 173,b.mbuthia@outlook.com,1985-10-24,Male,Bungoma,Kanduyi,East Sang'alo,"House 298, Kangundo Road, Mombasa Road",07-27-2023,Active,Moi High School Kabarak,Diploma,Business,332186,2024/2025
SCH-001349,wafula gladys wabomba,25012106 ,075179418,wafula.wabomba@gmail.com,1983-09-18,Male,Trans Nzoia,Endebess,Endebess,"House 82, Kilimani Street, Moi Avenue",2023-07-27,Pending,Egerton University,Certificate,Education,280513,2024/2025
SCH-001350,Martha  Achieng,9509-4024,074507541,martha.achieng@outlook.com,1984-05-27,Female,Kakamega,Butere,Marama South,"Plot 246, Lane 5, Ngong",02/02/2023,Pending,Maseno University,Postgraduate,Information Technology,312610,2023/2024
SCH-001351,Margaret Mrugo,46079842,079512457,margaret.mugo@gmail.com,1960-04-28,Male,TRANS NZOIA,Kwanza,Kapomboi,"Plot 54, Lane 3, Limuru",07-Apr-22,Pending,Eldoret National Polytechnic,Undergraduate,Architecture,211399,2024/2025
SCH-001352,KIMANI WACHIRA MUTUA,67-937-221,0105-846-80,kimani.mutua@gmail.com,1999-11-04,Female,Kiambu,Kiambu,Ndumberi,"House 159, Karen Drive, Kenyatta",2022-12-20,Pending,Moi University,Postgraduate,Information Technology,120838,2025/2026
SCH-001353,Chepkirui Ainyi,41208729 ,0116-138-80,akinyichepkirui@yahoo.com,11/10/1998,male,Meru,Igembe South,Athiru Gaiti,"PLOT 225, LANE 16, LAVINGTON",28-05-2023,A,Lenana School,POSTGRADUATE,Public Health,311853,2024 /2025
SCH-001354,Mwangi Oseko,39029725,073488769,mwangi_oseko@gmail.com,16/04/1988,male,Bungoma,Webuye West,Sitikho,"Plot 170, Lane 16, Ngong",23-08-2024,active,Rift Valley Institute,POSTGRADUATE,Medicine,465664,2025–2026
SCH-001355,Nokun Kipkemobi, 24875109,0723.617.28,nkipkemboi@yahoo.com,1986-03-28,Male,Nairobi,Kibra,Makina,"House 448, Juja Avenue, Kangundo",15/02/2022,Pending,N/A,Certificate,Accounting,453044,2023/2024
SCH-001356,Charity Wathera,14 542 798,25470646306,c.w@gmail.com,05/20/1988,FEMALE,Kakamega,Mumias East,Malaha/Isongo/Masindi,"House 186, Kikuyu Road, Kileleshwa",29-Aug-2022,I,Kabianga High School,DIPLOMA,Civil Engineering,175685,2024 /2025
SCH-001357,Anna Masinde,72624210 ,+254 774 790 30,annamasinde@yahoo.com,2002-01-09,Female,TRANS NZOIA,CHERANGANY,MOTOSI,"Plot 201, Lane 3, Mugumo",05-Oct-2022,Pending,Egerton University,Diploma,Journalism,346115,2022/2023
SCH-001358,Kathure Bettt, 35966874,073240343,kathure23@gmail.com,1975-12-18,Female,Nairobi,Dagoretti North,Kileleshwa,"House 172, Mombasa Road Avenue, Karen",24-Aug-24,Active,JKUAT,Diploma,Law,423009,2025/2026
SCH-001359,Cheruiyot Thomas Mwirigi, 73906952,0704-790-93,thomas.cheruiyot@gmail.com,1990-11-22,Female,Nairobi,Westlands,Mountain View,"Plot 40, Lane 11, Westlands",06-15-2025,Active,Coast Institute of Technology,Undergraduate,Medicine,228782,2024/2025
SCH-001360,Nyambane Mogaka Chepkorir,98126574,079444643,nyambane.chepkorir@outlook.com,1997-10-22,Male,Bungoma,Webuye East,Ndivisi,"Plot 266, Lane 6, Mugumo",2024-01-15,Pending,Mang'u High School,Secondary,Agriculture,166733,2022/2023
SCH-001361,Mwania Ndunge, 87083341,25471555856,mwania71@outlook.com,2004-01-28,Female,Uasin Gishu,,NULL,"House 217, Langata Drive, Ruiru",2024-08-22,Inactive,University of Nairobi,Postgraduate,Computer Science,411947,2025/2026
SCH-001362,Kioko Chepkwonny,81-436-260,0702.847.85,kioko98@gmail.com,1986-02-26,Female,Uasin Gishu,Moiben,Kimumu,"House 343, Langata Drive, Langata",2023-11-19,Inactive,Rift Valley Institute,Secondary,Engineering,191648,2023/2024
SCH-001363,Mokua Wambugu,84513202,010762219,mokua_wambugu@gmail.com,2003-07-10,MALE,Kiambu,Githunguri,Githunguri,"House 145, Ruiru Drive, Kangundo",23-06-2024,active,Kabianga High School,CERTIFICATE,Information Technology,139043,2022–2023
SCH-001364,Nduku Kanana Kimutai,75916227,079375942,nduku@gmail.com,1973-10-05,Male,Uasin Gishu,Kapseret,Simat/Kapseret,"Plot 300, Lane 15, Kenyatta",12-07-2025,Pending,Kenya Methodist University,Certificate,Law,214782,2023/2024
SCH-001365,Simon Ngeno,43005188,079990979,simon.ngeno@hotmail.com,1978-03-03,Male,Nakuru,Nakuru Town West,Kaptembwo,"Plot 199, Lane 16, Kiambu",2024-12-26,Pending,Maranda High School,Diploma,Civil Engineering,125923,2022/2023
SCH-001366,A. Gikonyo, 37868462,25477423284,anna.gikonyo@gmail.com,1955-11-10,Female,Kilifi,Malindi,Shella,"House 428, Lavington Street, Karen",10/05/2025,Pending,Maseno University,Diploma,Civil Engineering,107920,2022/2023
SCH-001367,Akinyi Kiopchirchir,99127258 ,+254 103 013 24,a.k@gmail.com,1997-10-04,Female,Trans Nzoia,Cherangany,Kaplamai,"Plot 381, Lane 5, Athi River",2025-12-07,Active,Kenyatta University,Undergraduate,Computer Science,73112,2025/2026
SCH-001368,Irene Mirigi,55161836,011212951,mwirigiirene@gmail.com,1976-05-18,Male,Machakos,Kangundo,Kangundo West,"Plot 2, Lane 20, Kasarani",23-Nov-2025,Inactive,Strathmore University,Diploma,Accounting,238276,2022/2023
SCH-001369,Odhiambo Bosibori Opiyo,84469533,071722443,opiyoodhiambo@yahoo.com,2004-07-21,Female,Kisumu,Nyakach,Central Nyakach,"Plot 210, Lane 16, Karen",20250809,Inactive,Kenya High School,Undergraduate,Accounting,202663,2024/2025
SCH-001370,Faith Kipaaati,49-399-106,+25476835303,faith88@gmail.com,2002-09-15,Male,Uasin Gishu,Kapseret,Langas,"House 123, Likoni Road, Langata",26/09/2024,Inactive,Maranda High School,Secondary,Economics,341706,2023/2024
SCH-001371,Hannah  Wanyonyi  Mogaka,36 252 609,25478987165,hannah.mogaka@hotmail.com,1975-01-06,Female,NULL,Tigania West,,"Plot 155, Lane 13, Westlands",03 Aug 2024,Active,Moi High School Kabarak,Postgraduate,Journalism,198235,2025/2026
SCH-001372,Achieng  Muthoni  Nyambane,22-913-709,076 359 338,achieng.nyambane@hotmail.com,1970-09-09,Female,Kisumu,Nyando,East Kano/Wawidhi,"Plot 315, Lane 20, Ngong",20241228,Active,Moi University,Secondary,Medicine,176966,2025/2026
SCH-001373,Kiprop Mainaa, 31246090,+254 101-156-33,kipropmaina@gmail.com,1970-03-24,Male,Machakos,Mavoko,Muthwani,"Plot 293, Lane 14, Ngong",15/08/2024,Inactive,Eldoret National Polytechnic,Certificate,Public Health,469618,2025/2026
SCH-001374,Cynthia Gichurki, 95115329,+254 114 231 92,,2001-02-24,Male,Turkana,Turkana South,Kalamon,"House 413, Parklands Street, Kilimani",2022-01-26,NULL,Egerton University,Postgraduate,Architecture,190893,2025/2026
SCH-001375,Christopher Kebaso,18343342,071345385,christopherkebaso@yahoo.com,2003-07-16,Male,Nairobi,Lang'ata,Mugumu-ini,"Plot 88, Lane 18, Kenyatta",24/01/2022,Active,Mount Kenya University,Postgraduate,Journalism,188308,2023/2024
SCH-001376,Chepkorir Mutune,75655873,079240568,c.m@yahoo.com,2001-04-28,Female,BUNGOMA,,Elgon,"House 127, Ruiru Road, Jogoo",12/15/2025,,Coast Institute of Technology,Postgraduate,Economics,133581,2025/2026
SCH-001377,Syombua  Andrew  Wairimu, 87943239,+25471445139,syombua.wairimu@outlook.com,1988-04-01,Female,Nakuru,Molo,NULL,"Plot 455, Lane 12, Kitisuru",,Pending,Starehe Boys Centre,Undergraduate,Education,70392,2022/2023
SCH-001378,O. M. Wangari,36-911-168,+254 726-953-79,ojwang.wangari@outlook.com,1966-06-03,Female,Nairobi,Kasarani,Kasarani,"Plot 6, Lane 14, Lenana",09-06-2022,Active,Green Garden Academy,Diploma,Economics,269058,2025/2026
SCH-001379,Brian Wamyuu,3635-8707,010716537,brian@yahoo.com,1997-05-22,Female,Kakamega,Shinyalu,Isukha North,"Plot 343, Lane 2, Kangundo",11-Apr-25,Active,Moi University,Postgraduate,Civil Engineering,274641,2023/2024
SCH-001380,Harun Mutua Kiarie,37-425-725,011519696,harun99@gmail.com,1969-01-17,Male,Machakos,Yatta,Katangi,"House 293, Jogoo Road, Argwings Kodhek",,Pending,Kabianga High School,N/A,Agriculture,82662,2025/2026
SCH-001381,Opiyo Grace Awuor,40 563 463,072241520,awuoropiyo@yahoo.com,1981-09-21,Male,Nakuru,Molo,Turi,"House 80, River Road Street, Kiambu",10-08-2024,Active,Moi High School Kabarak,Secondary,Engineering,313679,2024/2025
SCH-001382,Chepkorir Kipop, 78870570,+25410891018,chepkorir80@gmail.com,1979-03-05,Male,Mombasa,Likoni,Bofu,"Plot 5, Lane 5, Lenana",12/06/2023,Active,Starehe Boys Centre,Certificate,Engineering,121484,2022/2023
SCH-001383,Awiti Webomba,19819744 ,011 437 004,awiti.wabomba@gmail.com,1975-11-17,Female,Kiambu,Lari,Kamburu,"House 26, Likoni Street, Kiambu",04-09-2022,Pending,Kenya High School,Secondary,Social Work,355961,2024/2025
SCH-001384,Aaron Langatt,40 930 568,076624867,aaron.langat@gmail.com,1995-05-22,Female,Nakuru,Kuresoi South,Amalo,"House 477, Kitisuru Street, River Road",26-Jul-2022,Active,Eldoret National Polytechnic,Diploma,Law,315728,2025/2026
SCH-001385,victor wekesa mungai,78-320-452,25476306367,victor.mungai@gmail.com,1953-11-08,Male,Kakamega,Khwisero,Kisa East,"House 177, Parklands Avenue, Kenyatta",21-Dec-2023,Active,Eldoret National Polytechnic,Diploma,Law,297073,2024/2025
SCH-001386,A. Kebaso,7878-2838,079 146 982,amos.kebaso@gmail.com,1974-02-02,Male,NAIROBI,Dagoretti North,Kilimani,"House 306, Mugumo Avenue, Kiambu Road",07/19/2025,Inactive,Eldoret National Polytechnic,Postgraduate,Business,296395,2022/2023
SCH-001387,Nduku  Salim,8093-5218,+254 749-029-89,nduku.salim@gmail.com,1972-11-15,Female,Kiambu,Lari,Kijabe,"House 408, Kiambu Road Street, River Road",08 Apr 2022,Pending,Moi University,Secondary,Journalism,429080,2023/2024
SCH-001388,Kipchirchir Sharon, 77636701,+254 709 813 27,sharon.kipchirchir@gmail.com,1988-06-21,Male,Bungoma,Kabuchai,Kabuchai/Chwele,"House 292, Kasarani Road, Mugumo",14-Dec-2025,Pending,Prestige Academy,Certificate,Law,240451,2023/2024
SCH-001389,LYDIA MALACHI KEBASO,69 750 285,079703717,lydia.kebaso@gmail.com,2004-02-10,Female,Nairobi,Westlands,Parklands,"House 421, Argwings Kodhek Drive, Limuru",2023-11-29,Active,Starehe Boys Centre,Diploma,Social Work,191023,2022/2023
SCH-001390,Nafula Kagendo Kamotho,13269183,077486329,nkamotho@hotmail.com,2004-12-07,Male,Uasin Gishu,Soy,Moi's Bridge,"Plot 245, Lane 14, Lavington",02-02-2022,Active,Strathmore University,Undergraduate,Public Health,371613,2023/2024
SCH-001391,Gitobu Mburru,5699-5391,25471625769,g.m@gmail.com,12 Jul 2006,Female,Turkana,Turkana South,Katilu,"plot 378, lane 14, outering",2024-05-20,INACTIVE,Maseno School,UNDERGRADUATE,Agriculture,333036,2025-2026
SCH-001392,Achieng Gythua,88960861,070212018,achieng.githua@hotmail.com,2003-07-18,Male,Nairobi,Dagoretti North,Kawangware,NULL,23-05-2025,Inactive,Strathmore University,Secondary,Social Work,144992,2022/2023
SCH-001393,EMILY COLLINS KANGOGO,2669-9133,+254 701 112 92,emily.kangogo@gmail.com,1998-11-05,Male,NAIROBI,KIBRA,MAKINA,"Plot 299, Lane 16, Tom Mboya",23/09/2024,Active,Maseno University,Undergraduate,Economics,110587,2023/2024
SCH-001394,Hannah Mwamburai,90611355,076264708,hannah.mwamburi@hotmail.com,1981-12-01,Female,Machakos,Machakos Town,Mutituni,"House 354, Langata Drive, Kikuyu",21-01-2023,Active,Kabianga High School,Postgraduate,Information Technology,206748,2024/2025
SCH-001395,Diana Kinyua Wachira,15838870,011445080,diana.wachira@gmail.com,1999-08-24,Female,Mombasa,NULL,Chaani,"Plot 397, Lane 19, River Road",08/21/2022,Pending,Strathmore University,Certificate,Agriculture,189520,2023/2024
SCH-001396,Anyango Nanjala, 21860851,0117-143-14,n.a@gmail.com,2005-12-15,Female,Nairobi,Westlands,Parklands,"House 221, Likoni Road, Tom Mboya",08/09/2022,Pending,Maranda High School,Diploma,Social Work,129513,2025/2026
SCH-001397,Sharon Kinyoa,74731404,071747375,skinyua@outlook.com,1994-01-23,Female,Machakos,Kathiani,Lower Kaewa/Iveti,"Plot 393, Lane 8, Likoni",10/20/2022,Pending,Rift Valley Institute,Undergraduate,Nursing,241295,2024/2025
SCH-001398,"Jepkoech, Simon Erick",96 643 468,25478652760,simon.jepkoech@gmail.com,1976-12-20,Female,Machakos,Kathiani,Upper Kaewa/Iveti,"Plot 126, Lane 20, Ruiru",18/08/2023,Pending,Kenya High School,Undergraduate,Architecture,368088,2024/2025
SCH-001399,HABAKKUK DOROTHY CHEPKORIR,54431754,077263846,habakkuk.chepkorir@gmail.com,1971-03-25,Female,Nairobi,Westlands,Parklands,"Plot 146, Lane 5, Kikuyu",2025-02-12,Active,Prestige Academy,Certificate,Journalism,374158,2024/2025
SCH-001400,ROSE MWIRIGI CHEBET,56-080-521,+25410387187,rose.chebet@hotmail.com,1991-02-15,Male,Bungoma,Bumula,Bumula,"Plot 209, Lane 9, Westlands",2025-05-08,Active,Rift Valley Institute,Undergraduate,Public Health,384493,2025/2026
SCH-001401,Muthaa Namukhula Kipkemoi,44845000,077948171,muthaa.kipkemoi@yahoo.com,1999-05-15,Male,Nairobi,Dagoretti North,Gatina,"Plot 243, Lane 2, Likoni",19-Nov-25,Active,Egerton University,Diploma,Law,188571,2024/2025
SCH-001402,Kioko Musalia,83 568 190,070135245,kiokomusalia@hotmail.com,1986-09-20,Female,Bungoma,Sirisia,Lwandanyi,"Plot 356, Lane 2, Thika Superhighway",2022-02-19,Pending,Rift Valley Institute,Postgraduate,Computer Science,418639,2025/2026
SCH-001403,Mulwa Omr,77-505-434,25473702894,mulwaomar@hotmail.com,1998-11-27,Male,Kilifi,Kilifi South,Mtepeni,"Plot 454, Lane 15, Argwings Kodhek",04-Apr-23,Active,Prestige Academy,Certificate,Education,212703,2022/2023
SCH-001404,Daniel Kathure Mitei,15062785,078750166,daniel.mitei@yahoo.com,1976-08-06,Female,Nairobi,Kibra,Lindi,"Plot 170, Lane 7, Argwings Kodhek",10/11/2022,Active,University of Nairobi,Diploma,Journalism,344012,2024/2025
SCH-001405,Florence Kiprotioch,2330-6584,+254 764 659 17,kiprotichflorence@gmail.com,1957-12-07,Male,Mombasa,Nyali,Kongowea,"Plot 186, Lane 14, Thika Superhighway",03-Nov-2025,Inactive,Coast Institute of Technology,Diploma,Economics,174410,2022/2023
SCH-001406,Deborah Mutisya Wanyoike,88306842,078332934,deborah.wanyoike@outlook.com,1962-02-18,Female,,Malindi,Jilore,,N/A,Pending,Mount Kenya University,Undergraduate,Architecture,301812,2022/2023
SCH-001407,W. Wanjala,9566-7481,075324793,wangari.wanjala@gmail.com,1967-06-20,Female,Trans Nzoia,Saboti,Machewa,"Plot 174, Lane 9, Athi River",2023-05-12,Inactive,Kenya Methodist University,Diploma,Information Technology,373623,2022/2023
SCH-001408,Martha Andrew Kiarie,NULL,073493551,kiariemartha@yahoo.com,1961-08-08,Female,Nairobi,Kibra,Laini Saba,"Plot 3, Lane 15, Westlands",29 Dec 2023,Active,Egerton University,Diploma,Economics,144318,2024/2025
SCH-001409,Flora Mbuthia,51 570 260,078147033,flora.mbuthia@gmail.com,1999-06-23,Female,Bomet,Sotik,Kapletundo,"House 320, Kasarani Street, Kikuyu",14/02/2023,Inactive,Kenya High School,Diploma,Public Health,248681,2022/2023
SCH-001410,Ombati Brian Chepkorir,70463012,25472768968,ombati.chepkorir@outlook.com,1964-07-15,Male,Kiambu,Kabete,Muguga,"House 47, Kikuyu Road, Uhuru",22-04-2023,Inactive,Maranda High School,Diploma,Education,299220,2023/2024
SCH-001411,Mutisya Kipngetich,95190598,N/A,mutisya.kipngetich@gmail.com,1965-12-11,Female,Kakamega,Lugari,Manda/Shivanga,NULL,19-10-2023,Active,,Postgraduate,Law,133473,2022/2023
SCH-001412,"Keter, Peace Christopher",56-047-075,+254 759-565-26,peace.keter@gmail.com,1982-10-02,Female,Turkana,Turkana Central,Kerio Delta,"House 446, Mugumo Street, Athi River",16-Sep-22,Pending,Moi University,Secondary,Economics,102426,2022/2023
SCH-001413,Mwirigi Harun,93-868-796,+25411113341,harun.mwirigi@outlook.com,,Male,Nyeri,Mukurweini,Mukurwe-ini West,"House 19, Likoni Drive, Ngong",13-09-2025,Active,,Certificate,Architecture,332981,2024/2025
SCH-001414,"Mulwa, Jonah",9571-6350,+254 709 807 79,jonah.mulwa@outlook.com,1985-04-24,Female,Kiambu,Kabete,Gitaru,"Plot 169, Lane 9, Kileleshwa",26/01/2025,Pending,Mang'u High School,Postgraduate,Nursing,155242,2022/2023
SCH-001415,"Mcharo, Beatrice Barnabas", 82568847,254 734 818 29,beatrice.mcharo@yahoo.com,1985-05-09,Female,Mombasa,Mvita,Tononoka,"House 358, Kileleshwa Street, Thika",09-Aug-23,Active,University of Nairobi,Postgraduate,Civil Engineering,168587,2022/2023
SCH-001416,Jacqueline Nliaka,15 598 844,074 870 678,jnaliaka@hotmail.com,1998-10-27,Male,Kiambu,Kikuyu,Kikuyu,"House 359, Kangundo Drive, Likoni",08-Mar-2024,Pending,Eldoret National Polytechnic,Diploma,Public Health,180240,2024/2025
SCH-001417,Robert Kiraie,30344320,073398241,robert.kiarie@hotmail.com,1989-11-27,Female,Nairobi,Westlands,Parklands,"Plot 304, Lane 1, Parklands",27-Aug-25,Active,Maseno School,Diploma,Civil Engineering,247858,2022/2023
SCH-001418,Naserian Ondieki,42390660,074500083,nondieki@outlook.com,1967-12-10,Male,Kilifi,Kaloleni,Mariakani,"House 471, Tom Mboya Drive, Lavington",14/03/2022,Active,Egerton University,Postgraduate,Agriculture,254169,2024/2025
SCH-001419,N. Kamotho,10 713 121,073422330,nicholas@yahoo.com,1990-02-11,Female,Nairobi,Kibra,Lindi,"Plot 158, Lane 9, Mombasa Road",2022-07-17,Active,Alliance High School,Certificate,Architecture,155075,2022/2023
SCH-001420,Zechariah Ojwagn,46-790-628,0793-147-82,z.o@gmail.com,1987-12-17,Male,MOMBASA,Likoni,Shika Adabu,"Plot 75, Lane 9, Ruaraka",11/06/2025,Pending,Maseno University,Postgraduate,Public Health,293317,2022/2023
SCH-001421,AOKO MWAKISHA,34219451 ,254 737 597 37,aoko.mwakisha@gmail.com,1962-07-22,Male,Nyeri,Mathira,Ruguru,"House 230, Ngong Road Avenue, Kasarani",04/08/2023,Inactive,JKUAT,Diploma,Education,374942,2025/2026
SCH-001422,Margaret Mwirii, 75796428,25475677144,m.m@gmail.com,2003-06-16,Male,Bomet,Chepalungu,Nyongores,"Plot 284, Lane 17, Kiambu",23/12/2023,Inactive,Maseno School,Secondary,Accounting,178192,2025/2026
SCH-001423,Benjamin Rotiich,58269850 ,071 983 473,benjaminrotich@hotmail.com,1967-09-16,Female,Meru,Central Imenti,Mwangathia,"House 321, Argwings Kodhek Drive, Outering",2022-07-02,Inactive,Eldoret National Polytechnic,Certificate,Social Work,178588,2024/2025
SCH-001424,Kagwiria Adoyo Leshan,12429893,NULL,kagwiria.leshan@outlook.com,1990-10-04,Male,Bomet,,Embomos,"Plot 205, Lane 14, Athi River",27-Apr-24,NULL,Prestige Academy,Secondary,Agriculture,121258,2024/2025
SCH-001425,Gakunyi Mckaro,46793365 ,0797-989-93,mcharogakunyi@yahoo.com,1998-07-09,Male,Nairobi,Dagoretti South,Riruta,"House 302, Ruiru Road, Thika Superhighway",18-Oct-25,Inactive,Mount Kenya University,Postgraduate,Economics,263493,2022/2023
SCH-001426,Kariuki Baya,77374549,078718879,k.baya@outlook.com,16-08-1973,female,Machakos,Matungulu,Matungulu West,"Plot 394, Lane 13, Likoni",2022-04-09,Pending,Maseno University,SECONDARY,Architecture,326084,2022 /2023
SCH-001427,Naliaka Cherono,42040774,078575503,naliaka.cherono@gmail.com,1968-12-13,Male,Machakos,Machakos Town,Kalama,"Plot 219, Lane 14, Juja",26-Jul-25,Active,Mount Kenya University,Diploma,Architecture,132549,2022/2023
SCH-001428,Kagendo Chepkorir,26023992,076744988,,1989-08-10,Female,Nairobi,Dagoretti North,NULL,"Plot 297, Lane 20, Jogoo",2022-06-04,Active,Lenana School,N/A,Social Work,413793,2024/2025
SCH-001429,Jepkoech Rono,98976113,011675627,jepkoech.rono@outlook.com,1995-11-07,Male,Nairobi County,Lang'ata,Karen,"House 189, Lavington Road, Juja",13/11/2022,Inactive,Kabianga High School,Diploma,Journalism,182198,2025/2026
SCH-001430,Onsongo Rimberia,36078869,072985130,onsongo.rimberia@gmail.com,1977-01-22,Male,Kisumu,Nyando,Kabonyo/Kanyagwal,"House 349, Moi Avenue Road, Ruiru",15/07/2022,Active,Mount Kenya University,Undergraduate,Information Technology,209882,2023/2024
SCH-001431,Awiti Mohmed,64757706,076702368,awiti.mohamed@gmail.com,1982-02-09,Male,Bungoma,Kabuchai,Kabuchai/Chwele,"House 411, Parklands Street, Kitisuru",27-11-2023,Active,Alliance High School,Undergraduate,Economics,246152,2022/2023
SCH-001432,Wachira Ndegwa,82338242,076486983,w.ndegwa@gmail.com,1988-08-03,M,Kiambu,Lari,Kijabe,"House 65, Thika Ave, Likoni",2022-11-11,inactive,Strathmore University,SECONDARY,Public Health,356716,2023 / 2024
SCH-001433,Florence Mitei,97041811,079693937,florence.mitei@gmail.com,1995-10-19,Female,Uasin Gishu,Turbo,Kamagut,"Plot 137, Lane 16, Juja",05-03-2024,Active,Maseno School,Postgraduate,Social Work,130411,2023/2024
SCH-001434,Caroline Mwakideu,51070269,011134822,caroline.mwakideu@gmail.com,1974-07-21,Male,Meru,Igembe North,Antuamburi,"Plot 354, Lane 15, Uhuru",14-Dec-2024,Inactive,JKUAT,Undergraduate,Law,219105,2024/2025
SCH-001435,Auma Judy Namukhula,60944831,011567670,auma.namukhula@yahoo.com,1990-08-04,Male,Nairobi County,Westlands,Kitisuru,"Plot 396, Lane 15, River Road",09/09/2023,Pending,University of Nairobi,Secondary,Journalism,224741,2024/2025
SCH-001436,Andrew Musyoka,84093132,078355587,andrew.musyoka@gmail.com,1969-12-14,Male,Bungoma,Kanduyi,Marakaru/Tuuti,"Plot 346, Lane 9, Lavington",18-May-2025,Inactive,Maseno University,Certificate,Social Work,230068,2022/2023
SCH-001437,Paul Owuor,16063659,072462242,paul.owuor@gmail.com,,Male,Nairobi,Lang'ata,NULL,,28-11-2025,Pending,Rift Valley Institute,Postgraduate,Medicine,157057,2023/2024
SCH-001438,Jepchumba Faith Mitei,65398789,071661745,jepchumba.mitei@yahoo.com,1971-10-04,Female,Kiambu,Kabete,Muguga,"Plot 118, Lane 13, Kenyatta",18-Nov-2023,Active,Moi High School Kabarak,Diploma,Economics,266657,2023/2024
SCH-001439,Kipkorir Wachira,75481231,075932571,kipkorir.wachira@yahoo.com,1947-12-06,Female,Kiambu,Kabete,Gitaru,"House 442, Likoni Drive, Kikuyu",06-22-2022,Active,Kenya Methodist University,Diploma,Medicine,310611,2023/2024
SCH-001440,Simiyu Koross,29120748,072280304,simiyu.koross@outlook.com,1991-04-19,Female,Kakamega,Butere,Marama Central,"House 417, Ngong Road Avenue, Thika Superhighway",26-02-2024,Inactive,Alliance High School,Certificate,Social Work,183250,2023/2024
SCH-001441,Ongeri Sigei,82-217-715,071628051,ongeri.sigei@gmail.com,2003-09-17,Male,Nakuru,Gilgil,Murindat,"Plot 414, Lane 6, Kitisuru",2024-05-10,Active,Kenya Methodist University,Diploma,Nursing,74813,2024/2025
SCH-001442,Daniel Kiprono,54562182,011227948,daniel.kiprono@gmail.com,1998-05-28,Female,Nyeri,Kieni,Mweiga,"Plot 232, Lane 9, Kitisuru",02/08/2022,Active,Maseno University,Diploma,Business,116795,2025/2026
SCH-001443,Wanyonyi Wachira,12425407,072235113,wanyonyi.wachira@yahoo.com,1976-08-06,Male,Nairobi,Dagoretti South,Uthiru,"Plot 335, Lane 17, Lavington",21-Sep-2023,Inactive,Maseno University,Secondary,Information Technology,219922,2023/2024
SCH-001444,Cecilia Auma,99392901,010329770,cecilia.auma@yahoo.com,1964-04-27,Male,Nakuru,Naivasha,Biashara-Naivasha,"House 6, Garden Estate Drive, Thika",10/10/2023,Active,Kenyatta University,Diploma,Computer Science,327323,2025/2026
SCH-001445,Kemunto Gakii Kamande,70746842,010574169,kemunto.kamande@gmail.com,1984-12-04,Male,Kisumu,Nyakach,Central Nyakach,"House 21, Ruiru Street, Kikuyu",31/10/2023,Active,Mang'u High School,Diploma,Civil Engineering,108852,2024/2025
SCH-001446,Vincent Muthoka,53165359,079795569,vincent.muthoka@gmail.com,1994-08-01,Male,Kiambu,Limuru,Ndeiya,"House 28, Westlands Street, Lenana",2022-06-06,Pending,Alliance High School,Diploma,Education,219992,2025/2026
SCH-001447,Micah Ndunge,88900318,074352560,micah.ndunge@gmail.com,1976-12-18,Female,Nairobi,Dagoretti South,Uthiru,"House 444, Outering Street, Westlands",20-Sep-22,Inactive,Kenyatta University,Diploma,Civil Engineering,352393,2023/2024
SCH-001448,Edith Wekesa,53197870,078920573,edith.wekesa@gmail.com,1974-04-03,Male,Kakamega,Lugari,Chekalini,"Plot 324, Lane 2, Ngong Road",04/06/2024,Active,Green Garden Academy,Diploma,Business,256289,2024/2025
SCH-001449,Florence Khaemba,15241105,074643355,f.k@outlook.com,14/10/1992,Male,Nyeri,Mathira,Magutu,"plot 108, lane 13, kikuyu",18 Aug 2022,A,Mang'u High School,UNDERGRADUATE,Information Technology,403574,2023–2024
SCH-001450,Njeri Momanyi,72704371,072183041,njeri.momanyi@hotmail.com,1955-10-22,Female,Kiambu,Githunguri,Githiga,"Plot 135, Lane 3, Kasarani",08/03/2023,Active,Prestige Academy,Diploma,Nursing,339425,2022/2023
SCH-001451,Nicholas Chepkorir,49527087,072855776,nicholaschepkorir@gmail.com,16-Sep-1993,female,Nairobi,Westlands,Kitisuru,"Plot 129, Lane 13, Outering",2023-09-21,Pending,Maseno School,UNDERGRADUATE,Information Technology,429916,2024- 2025
SCH-001452,Charity Masinde,36947634,073300589,charity.masinde@hotmail.com,1978-07-22,Male,Kakamega,Shinyalu,Isukha West,"Plot 83, Lane 9, Thika",11/09/2025,Inactive,Coast Institute of Technology,Secondary,Public Health,72952,2022/2023
SCH-001453,Mworoa Musyimi,95928498,078883828,mworoa.musyimi@gmail.com,1987-01-06,Female,Nyeri,Mukurweini,Mukurwe-ini West,"Plot 320, Lane 17, Tom Mboya",15/07/2025,Pending,Maranda High School,Certificate,Nursing,116422,2025/2026
SCH-001454,Christopher Malachi Jepkorir,N/A,071275059,christopher.jepkorir@gmail.com,1993-03-28,Female,Nyeri,Othaya,Karima,"Plot 125, Lane 12, Likoni",23-May-2023,Active,Kenyatta University,Undergraduate,Law,328466,2025/2026
SCH-001455,Kipkirui Otieno,72819416,011283741,kipkirui.otieno@gmail.com,1954-02-10,Female,Nakuru,Rongai,Soin,"House 14, Garden Estate Street, Outering",11-06-2023,Active,Strathmore University,Secondary,Economics,184160,2023/2024
SCH-001456,Timothy Agnes Mugo,68956116,078207362,timothy.mugo@gmail.com,1986-06-17,Female,Trans Nzoia County,Cherangany,Motosi,"Plot 423, Lane 18, Parklands",13-Oct-2022,Active,St. Joseph's School,Undergraduate,Engineering,181304,2025/2026
SCH-001457,Achieng Githinji,47454940,079643519,achieng.githinji@gmail.com,1989-03-23,Female,Turkana,Turkana West,Letea,"House 23, Athi River Drive, Garden Estate",2024-12-01,Inactive,Mang'u High School,Postgraduate,Medicine,488826,2025/2026
SCH-001458,Wanjiru Lubanga,86136015,078664490,wanjiru.lubanga@gmail.com,1992-07-10,Female,UASIN GISHU,SOY,KIPSOMBA,"House 2, Uhuru Road, River Road",2025-12-24,Active,Eldoret National Polytechnic,Postgraduate,Engineering,137000,2023/2024
SCH-001459,Nanjala Mnitei, 42028857,0753.729.72,nanjala.mitei@yahoo.com,1997-11-10,Male,Kakamega,Butere,Marama West,"House 105, Westlands Road, Waiyaki",07/22/2025,Pending,Kabianga High School,Postgraduate,Agriculture,438356,2022/2023
SCH-001460,Kanana Onyango Kiarie,38328387,076836276,kanana.kiarie@hotmail.com,1996-08-07,Male,Nairobi,Kasarani,Ruai,"Plot 407, Lane 1, Kangundo",06-03-2022,Active,Green Garden Academy,Certificate,Civil Engineering,228592,2022/2023
SCH-001461,Agnes Kamau,50856410,011645829,agnes.kamau@gmail.com,1984-11-04,Female,Kilifi,Rabai,Rabai/Kisurutini,"Plot 180, Lane 7, Karen",20250306,Active,Maseno School,Secondary,Law,334641,2025/2026
SCH-001462,Ndunge Momanyi,57286125,075439792,ndunge.momanyi@outlook.com,1982-09-11,Female,Meru,Buuri,Ruiri/Rwarera,"Plot 439, Lane 3, Kiambu",24-04-2025,Pending,Kenyatta University,Postgraduate,Architecture,237383,2024/2025
SCH-001463,Habakkuk Leshan,27444169,071742095,habakkuk.leshan@gmail.com,1999-10-22,Male,Nakuru,KuresoiSouth,Amalo,"House 120, Kangundo Drive, Mombasa Road",25/03/2024,Inactive,Prestige Academy,Diploma,Business,105321,2022/2023
SCH-001464,Beatrice Mcharo, 16431382,073134861,beatrice.mcharo@yahoo.com,1985-05-09,Female,Mombasa,Mvita,Tononoka,"House 285, Garden Estate Drive, Jogoo",06-22-2024,Inactive,University of Nairobi,Postgraduate,Civil Engineering,168587,2022/2023
SCH-001465,Achieng Motinda,27922165,071385778,achieng.mutinda@yahoo.com,08/08/1984,F,Meru,Igembe North,Antubetwe Kiongo,"house 418, moi avenue street, mugumo",27/08/2023,INACTIVE,Kenya Methodist University,UNDERGRADUATE,Engineering,253890,2025-2026
SCH-001466,Edith Mwania,48698279,078600819,edith.mwania@yahoo.com,1957-07-24,Male,Nakuru,Bahati,Lanet/Umoja,"Plot 225, Lane 7, Argwings Kodhek",31/03/2024,Inactive,Kenyatta University,Secondary,Engineering,188212,2024/2025
SCH-001467,Cherotich Khameba,39370744,071835958,c.khaemba@yahoo.com,04-07-1967,male,Kilifi,Rabai,Mwawesa,Plot 135 Lane 16 Uhuru,04/07/2023,INACTIVE,Kenyatta University,POSTGRADUATE,Public Health,269352,2023- 2024
SCH-001468,Alexander Koosgei,22467273,074190356,alexander.kosgei@yahoo.com,1970-11-18,Male,Machakos,Machakos Town,Kola,"House 237, Karen Avenue, Westlands",20250205,N/A,Kenya High School,N/A,Agriculture,319552,2024/2025
SCH-001469,Isaac Onsongo,20071478,010 653 657,isaac.onsongo@outlook.com,1982-05-27,Female,Kiambu,Kikuyu,Kinoo,"Plot 398, Lane 11, Kileleshwa",23-Nov-2025,Inactive,Maseno School,Secondary,Economics,217311,2023/2024
SCH-001470,Rimberia Gichuki,91078695,079834947,rimberia.gichuki@gmail.com,1975-02-14,Male,Meru,Central Imenti,Kabachi,"Plot 32, Lane 18, Kiambu Road",04-Jul-2025,Pending,Mount Kenya University,Postgraduate,Journalism,168189,2023/2024
SCH-001471,Peace Kilonzo,96720238,072777278,peace.kilonzo@yahoo.com,23-09-1989,FEMALE,Machakos,Kathiani,Kathiani Central,House 326 Uhuru Road Langata,07 Jul 2025,INACTIVE,Kenya High School,SECONDARY,Accounting,90808,2025 / 2026
SCH-001472,Jeremiah Wamuyu,96317337,077386264,jeremiah.wamuyu@yahoo.com,1982-08-06,Female,Kiambu,Ruiru,Kiuu,"Plot 332, Lane 8, Moi Avenue",02-12-2024,Inactive,Alliance High School,Undergraduate,Accounting,239297,2025/2026
SCH-001473,Kinyua Kipkemoi,30108114,010602477,kinyua.kipkemoi@yahoo.com,1975-03-12,Male,Nakuru,Naivasha,Hells Gate,"Plot 203, Lane 4, Kitisuru",25 Nov 2024,Pending,Moi High School Kabarak,Diploma,Accounting,163677,2025/2026
SCH-001474,Judy Ochieng,49023188,073759790,judy.ochieng@gmail.com,1972-10-21,Female,Machakos,Yatta,Kithimani,"Plot 413, Lane 11, Westlands",2022-11-11,Pending,Moi High School Kabarak,Postgraduate,Information Technology,375619,2025/2026
SCH-001475,Lois Kaimenyi Gacheru,21179171,010950734,lois.gacheru@gmail.com,08-Jun-1979,Female,Kiambu,Lari,Kamburu,House367RiverRdRdRuiru,27-Apr-2023,INACTIVE,Kenya Methodist University,DIPLOMA,Law,251903,2022 /2023
SCH-001476,George Mutheu Gichuru,61164303,254 757 393 67,george.gichuru@gmail.com,1998-04-28,Female,Bomet,Konoin,Embomos,,21-Feb-2024,N/A,Rift Valley Institute,NULL,Nursing,256135,2022/2023
SCH-001477,Sarah Khaemba Koech,60138663,073947284,sarah.koech@yahoo.com,1980-06-27,Female,Nyeri,Nyeri Town,Rware,"Plot 231, Lane 17, Lavington",04-Oct-2025,Inactive,Moi University,Undergraduate,Economics,241902,2024/2025
SCH-001478,Mwania Eunice Ndegwa,86500143,074342536,mwania.ndegwa@yahoo.com,,Male,,Jomvu,Miritini,"Plot 90, Lane 16, Garden Estate",04/07/2025,Active,N/A,Secondary,Architecture,191707,2025/2026
SCH-001479,Alexander Naliaka,18143738,070171793,alexander.naliaka@yahoo.com,1990-08-01,Female,KIAMBU,Githunguri,Githunguri,"Plot 31, Lane 6, Tom Mboya",16-Jul-2022,Active,Mount Kenya University,Undergraduate,Economics,422174,2023/2024
SCH-001480,Githinji Saidimu,64206297,076759597,githinji.saidimu@gmail.com,1968-08-09,Male,Nairobi,Dagoretti South,Uthiru,"Plot 171, Lane 12, Outering",2024-07-09,Active,Maseno School,Diploma,Medicine,97330,2022/2023
SCH-001481,Jane Kipchirchir,67208482,077568860,jane.kipchirchir@gmail.com,1984-08-20,Female,Kiambu,Limuru,Ndeiya,"Plot 276, Lane 3, Langata",2023-06-30,Pending,Alliance High School,Secondary,Civil Engineering,225133,2024/2025
SCH-001482,Mutisya Kiprop,39810192,070140526,mutisya.kiprop@gmail.com,1977-06-11,Female,Kilifi,Kilifi South,Chasimba,"Plot 12, Lane 19, Karen",2024-10-20,Pending,N/A,Undergraduate,Law,428265,2024/2025
SCH-001483,Kiprotich Mwakideu,N/A,079461641,kiprotich.mwakideu@gmail.com,1995-09-05,Male,Nyeri,Othaya,Chinga,"Plot 28, Lane 5, Juja",09 Sep 2024,Active,JKUAT,Secondary,Accounting,79387,2022/2023
SCH-001484,Opiyo Syombua Mwania,69 614 120,010361149,opiyo.mwania@yahoo.com,1998-10-16,Female,Nairobi,Westlands,Kitisuru,"Plot 67, Lane 10, Mugumo",08-21-2022,Active,St. Joseph's School,Postgraduate,Public Health,137435,2022/2023
SCH-001485,Chepkirui Kanampiu,52350774,078362713,chepkirui.kanampiu@gmail.com,1997-04-22,Male,Turkana,Turkana Central,Kanamkemer,"House 124, Garden Estate Street, Mugumo",14-Aug-24,Inactive,Starehe Boys Centre,Undergraduate,Law,133087,2023/2024
SCH-001486,Charity Munriuki,22386724,071566129,charity.muriuki@gmail.com,1966-09-25,Female,Kakamega,Lugari,Manda/Shivanga,"Plot 168, Lane 14, Jogoo",2023-06-11,Pending,Kenya High School,Certificate,Agriculture,310281,2023/2024
SCH-001487,Alexander Odhiambo,85215722,077340054,alexander.odhiambo@gmail.com,1997-03-21,Female,Nairobi,Dagoretti North,N/A,"Plot 436, Lane 1, Lavington",2024-12-10,Active,Moi University,Secondary,Medicine,181367,2023/2024
SCH-001488,Anna Isaac Gikonyo,25113796,077183275,anna.gikonyo@yahoo.com,1955-11-10,Female,Kilifi,Malindi,Shella,"Plot 204, Lane 8, Kenyatta",2022-08-17,Pending,Maseno University,Diploma,Civil Engineering,107920,2022/2023
SCH-001489,Gichuru Kiprop,83925077,011204594,gichuru_kiprop@hotmail.com,1997-03-02,F,Nairobi,Dagoretti North,Kilimani,"Plot 120, Lane 15, Kenyatta",19-09-2022,ACTIVE,Kenya High School,CERTIFICATE,Nursing,133458,2023 /2024
SCH-001490,Daniel Awuor,14706767,073410318,dawuor@gmail.com,15-Oct-1971,Female,Nairobi,Westlands,Kangemi,House 134 Lenana Road Ngong,2025-12-31,active,Strathmore University,CERTIFICATE,Medicine,219392,2023 / 2024
SCH-001491,Muthuri Mitei,83608682,074161735,muthuri.mitei@gmail.com,1971-08-10,Male,Trans Nzoia,Cherangany,Cherangany/Suwerwa,"House 374, Waiyaki Road, Outering",2023-08-20,Active,University of Nairobi,Secondary,Public Health,84918,2024/2025
SCH-001492,Githinji Mogaka,93188203,010770516,githinji.mogaka@gmail.com,1971-06-03,Female,Kiambu,Githunguri,Githiga,"Plot 29, Lane 19, Westlands",2023-02-19,Pending,Kabianga High School,Certificate,Computer Science,84603,2023/2024
SCH-001493,Jonah Wachira,82037666,072167143,jonah.wachira@gmail.com,1992-12-07,Male,Uasin Gishu,Soy,Kapkures,"House 268, Ruaraka Road, Kenyatta",2025-02-17,Pending,Eldoret National Polytechnic,Undergraduate,Public Health,313944,2024/2025
SCH-001494,Wamalwa Rimberia,83325110,011314731,wamalwa.rimberia@hotmail.com,1978-11-20,Female,Uasin Gishu,Moiben,Tembelio,"House 365, Parklands Avenue, Athi River",2025-01-12,Inactive,St. Joseph's School,Postgraduate,Nursing,422272,2022/2023
SCH-001495,Chepkorir Juma,30855976,072343843,chepkorir.juma@gmail.com,NULL,Male,Nairobi,Lang'ata,South C,"Plot 472, Lane 5, Parklands",08-30-2025,Active,Kenya Methodist University,Secondary,Economics,172750,2022/2023
SCH-001496,Nanjala Nabea,67784257,079563105,nanjala.nabea@outlook.com,1970-08-21,Female,Nairobi,Lang'ata,Mugumu-ini,"House 337, Juja Avenue, Kasarani",07-Jun-2022,Pending,Maranda High School,Diploma,Social Work,97464,2023/2024
SCH-001497,Adoyo Mwirigi,65649537,073950198,adoyo.mwirigi@yahoo.com,1954-02-26,Male,Nyeri,Mathira,Ruguru,"House 217, Tom Mboya Avenue, Jogoo",29-01-2023,Active,Kenyatta University,Postgraduate,Accounting,274429,2024/2025
SCH-001498,Syombua Edward Mwirigi,6822-8907,077833575,syombua.mwirigi@gmail.com,1982-03-28,Female,Nairobi,Dagoretti South,Uthiru,"House 382, Argwings Kodhek Avenue, Ruiru",23-03-2023,Inactive,Kenya High School,Secondary,Information Technology,433040,2025/2026
SCH-001499,Teresa Daniel Korir,13687460,076596747,teresa.korir@gmail.com,1978-04-05,Female,Nakuru,Molo,Turi,"Plot 247, Lane 12, Kitisuru",31-03-2025,Pending,Maseno University,Certificate,Public Health,200082,2022/2023
SCH-001500,Allan Isaac Gitobu,56036657 ,074383394,allan.gitobu@outlook.com,1983-03-15,Female,Trans Nzoia,Endebess,Chepchoina,"Plot 9, Lane 6, Ruiru",04/23/2024,Inactive,Prestige Academy,Certificate,Law,163726,2025/2026
