beneficiary_id,full_name,id_number,mobile,email_address,date_of_birth,gender,county,sub_county,ward,postal_address,registration_date,status,training_center,training_area,skill_category,training_status,completion_status
VOC-000001,KARIUKI JEBET KOECH,52846556,+25476323060,Kariuki.koech@gmail.com,1967-01-02,F,KIAMBU,Lari,Kinale,"House 140, Kitisuru Street, Juja",13-05-2023,ACTIVE,Thika Technical Training Institute,Electrical,Technical,In Progress,Not Started
VOC-000002,CYNTHIA MWAKIDEU,52253072,+25470554429,cynthia.mwakideu@gmail.com,1975-04-27,F,Kisumu,Nyakach,South West Nyakach,"Plot 71, Lane 8, Moi Avenue",05-08-2025,INACTIVE,Meru Vocational Centre,Plumbing,Hospitality,Completed,Ongoing
VOC-000003,NAOMI  WANGARI,11550868,N/A,NA,1989-09-02,F,Kakamega,Mumias West,Mutema,"Plot 204, Lane 18, Ngong Road",20-02-2023,ACTIVE,NA,Metalwork,Technical,Dropped Out,Completed
VOC-000004,LESHAN KATUA,37281556,011707102,l.katua@hotmail.com,07/01/1981,Male,Kakamega,Butere,Marama West,House154WestlandsRdKasarani,07-08-2025,inactive,Kitale Technical College,Hairdressing,HOSPITALITY,In Progress,Completed
VOC-000005,NAMUKHULA OGERO,81751708,+25477635591,Namukhula.ogero@gmail.com,1968-02-12,F,Bungoma,WebuyeEast,Mihuu,"House 280, Tom Mboya Road, Ngong",05/03/2024,ACTIVE,Kakamega Youth Polytechnic,Plumbing,Artisan,Dropped Out,Completed
VOC-000006,NICHOLAS KHAEMBA NGANGA,27632071,+25471653404,Nicholas.nganga@gmail.com,1978-04-23,F,Trans Nzoia,Kwanza,Keiyo,"House 281, Mugumo Street, Juja",25-Feb-25,ACTIVE,Kisumu Youth Skills Centre,ICT,Technical,Dropped Out,Ongoing
VOC-000007,CHEPKIRUI JOSEPH KANGOGO,93582589,+25473223386,chepkirui.kangogo@gmail.com,1984-09-06,M,Turkana,Turkana South,Kapedo/Napeitom,"House 396, Tom Mboya Avenue, Kiambu Road",06-Dec-2024,INACTIVE,Bomet Youth Polytechnic,Tailoring,Digital,Completed,Not Started
VOC-000008,OKOTH KILONZO,21056868,+25410342892,Okoth.kilonzo@hotmail.com,1992-10-20,F,Nairobi,Lang'ata,Nyayo Highrise,"House 330, Argwings Kodhek Drive, Mombasa Road",2025-04-04,INACTIVE,Nairobi Vocational Training Centre,Hairdressing,Technical,Dropped Out,Ongoing
VOC-000009,JANE KANAMPIUU,67299091,+25478695787,jane.kanampiu@gmail.com,1950-02-06,M,N/A,Mathira,Konyu,"House 240, Westlands Street, Langata",19-11-2024,INACTIVE,Kakamega Youth Polytechnic,Catering,Digital,Dropped Out,Completed
VOC-000010,N. K. ANYANGO,14737076,+25472111441,njuguna.anyango@gmail.com,1961-11-18,M,Bomet,Bomet Central,Silibwet Township,"Plot 118, Lane 11, Ruaraka",12-27-2024,INACTIVE,Kakamega Youth Polytechnic,Electrical,Technical,Dropped Out,Certified
VOC-000011,PRISCILLA KILONZO,41110667,+25410424041,priscilla_kilonzo@hotmail.com,1997-10-08,male,Kilifi,Malindi,Jilore,Plot54Lane19Jogoo,09/11/2023,Pending,Kisumu Youth Skills Centre,Tailoring,TECHNICAL,In Progress,Not Started
VOC-000012,MWIRIGI MWAMGO,71215394,+25472455490,mwirigi.mwango@gmail.com,1987-10-08,M,Nairobi,Kibra,Lindi,"House 442, Kiambu Road, Jogoo",2024-06-30,ACTIVE,Kakamega Youth Polytechnic,Graphics Design,Artisan,Dropped Out,Certified
VOC-000013,WANJIKU  HASSAN,16633532,+25410514446,Wanjiku.hassan@outlook.com,1981-02-05,M,Trans Nzoia,Saboti,Machewa,"House 325, Mugumo Road, Kikuyu",04/12/2024,ACTIVE,Eldoret Polytechnic,Plumbing,Digital,In Progress,Not Started
VOC-000014,WACHIRA KIPNGETICH KIVUVA,23089706,+25470660464,wachira.kivuva@gmail.com,1992-01-25,M,Bungoma,Sirisia,Malakisi/South Kulisiru,"Plot 429, Lane 18, Ruiru",08-05-2024,INACTIVE,Kisumu Youth Skills Centre,Metalwork,Technical,In Progress,Ongoing
VOC-000015,KINYA ISAAC KIOKO,76183001,+25473269409,kinya.kioko@outlook.com,2001-10-11,F,KIAMBU,GITHUNGURI,NGEWA,"Plot 458, Lane 19, Kikuyu",24-May-25,INACTIVE,Meru Vocational Centre,Electrical,Artisan,Enrolled,Completed
VOC-000016,AKINYI KOECH,43866730,+25476453854,akinyi.koech@yahoo.com,1956-05-06,F,Nakuru,Molo,Marioshoni,"Plot 408, Lane 18, Kiambu Road",02/01/2025,INACTIVE,Eldoret Polytechnic,Plumbing,Technical,Enrolled,Ongoing
VOC-000017,CYNTHIA MWIKALI KATUA,63297593,+25410718157,NA,1978-01-02,M,Nairobi,Kasarani,Clay City,NA,NA,ACTIVE,Bomet Youth Polytechnic,Carpentry,Hospitality,In Progress,Ongoing
VOC-000018,KALOKI LUBANGGA,14985525,+25477947531,kaloki.lubanga@outlook.com,1985-10-08,F,Mombasa,Nyali,Ziwa la Ng'ombe,"Plot 59, Lane 17, Thika",26-Jun-2023,INACTIVE,Thika Technical Training Institute,ICT,Technical,In Progress,Ongoing
VOC-000019,KARIUKI NYAMBANE,47309803,+25471558943,kariuki.nyambane@hotmail.com,1984-06-09,M,Kakamega,Shinyalu,Isukha South,"Plot 355, Lane 4, Ruaraka",09/01/2023,INACTIVE,Mombasa Technical Institute,Masonry,Digital,Dropped Out,Not Started
VOC-000020,ONYANGO MITEI,37234157,+25474528183,Not Provided,2002-01-13,F,Nakuru,Nakuru Town West,London,"Plot 431, Lane 5, Ruaraka",2025-10-16,ACTIVE,Nakuru Industrial Training Centre,Automotive,Hospitality,Dropped Out,Certified
VOC-000021,MUSALIA NDUNGE JUDITH,10859190,+25479720796,ndunge.musalia@yahoo.com,13-Jan-89,MALE,Kisumu,Kisumu East,Nyalenda 'A',"plot 352, lane 7, lenana",2025-12-24,NA,Mombasa Technical Institute,Welding,HOSPITALITY,Completed,Not Started
VOC-000022,NASHIPAE KIPRONO WANYONYI,59039768,+25470877906,Nashipae.wanyonyi@outlook.com,1984-03-26,M,Turkana,Turkana South,Katilu,"Plot 152, Lane 8, Mombasa Road",2023-06-10,INACTIVE,Nakuru Industrial Training Centre,Welding,Digital,In Progress,Completed
VOC-000023,JAMES ISAIAH MUTINDA,59720070,+25477414831,james.mutinda@outlook.com,NA,F,Uasin Gishu,Soy,N/A,"Plot 451, Lane 13, Athi River",Not Provided,ACTIVE,Mombasa Technical Institute,Graphics Design,Hospitality,Dropped Out,Not Started
VOC-000024,NAMUKHULA MACHARIA,46167085,+25411383349,namukhula.macharia@gmail.com,1953-06-25,M,Uasin Gishu,Moiben,Sergoit,"Plot 74, Lane 16, Ruiru",2025-12-02,INACTIVE,Meru Vocational Centre,Carpentry,Digital,Completed,Ongoing
VOC-000025,NJUGUNA MASINDE,Not Provided,+25470160041,Njuguna.masinde@yahoo.com,1982-09-21,F,Kakamega,NA,N/A,"House 75, Tom Mboya Street, Kiambu",09 May 2024,ACTIVE,Nakuru Industrial Training Centre,ICT,Digital,Completed,Completed
VOC-000026,SYOMBUA KIMUTAI,29846665,+25411124314,Syombua.kimutai@gmail.com,1997-01-19,F,Kiambu,Kiambu,Ndumberi,"Plot 134, Lane 11, Ngong Road",2025-12-28,ACTIVE,Kakamega Youth Polytechnic,ICT,Artisan,Dropped Out,Completed
VOC-000027,ALLAN AWITI NDEGWA,98565484,+25473999367,allan.ndegwa@gmail.com,1992-12-14,F,Nyeri,Othaya,Chinga,"Plot 471, Lane 7, Argwings Kodhek",23/01/2024,ACTIVE,Machakos Technical Institute,Hairdressing,Technical,Enrolled,Certified
VOC-000028,NASHIPAE KIPCHUMBA KIPROTICH,77503142,+25474625620,Nashipae.kiprotich@gmail.com,2005-03-26,F,Mombasa,Mvita,Tudor,NA,19/02/2024,ACTIVE,Eldoret Polytechnic,ICT,Hospitality,Enrolled,Certified
VOC-000029,NDEGWA WACHIRA MATTHEW,35849313,+25476146370,wachira.ndegwa@gmail.com,1988-08-03,F,Not Provided,Lari,Kijabe,"Plot 274, Lane 13, Lavington",2023-10-11,INACTIVE,Kakamega Youth Polytechnic,ICT,Technical,Dropped Out,Not Started
VOC-000030,COLLINS KIPCHUMMBA,20835155,+25477380039,Collins@yahoo.com,04-Jan-2000,M,Meru,Igembe South,Nkondi,House 354 Garden Estate Street Kangundo,2023-01-13,ACTIVE,Bomet Youth Polytechnic,Metalwork,ARTISAN,Enrolled,Completed
VOC-000031,TERESA ODHIAMBO KORIR,50553589,+25476529097,Teresa.korir@gmail.com,1978-04-05,F,Not Provided,Molo,N/A,"Plot 132, Lane 1, Kangundo",30-Aug-2025,INACTIVE,Kilifi Institute,Plumbing,Artisan,Completed,Certified
VOC-000032,ANTHONY MARTIN WANGARI,72505408,+25476283524,Anthony.wangari@hotmail.com,1965-02-25,F,Nyeri,Nyeri Town,Kiganjo/Mathari,"Plot 411, Lane 9, Ngong",02/03/2024,ACTIVE,Bomet Youth Polytechnic,Automotive,Hospitality,Dropped Out,Ongoing
VOC-000033,KINYUA  KANAMPIU  KIPKORIR,82488696,+25473693437,kinyua.kipkorir@gmail.com,1990-01-01,M,Kisumu,Muhoroni,Masogo/Nyang'oma,"Plot 238, Lane 2, Kasarani",06-12-2024,ACTIVE,N/A,Plumbing,Digital,In Progress,Ongoing
VOC-000034,JEREMIAH NANJLAA,85899286,+25476377393,Jeremiah.nanjala@outlook.com,1986-05-26,F,Nairobi,Lang'ata,Karen,"Plot 448, Lane 5, Kasarani",12 Feb 2024,INACTIVE,Mombasa Technical Institute,Graphics Design,Hospitality,Completed,Completed
VOC-000035,AOKO OTIENO,26272372,+25478712728,aoko.otieno@outlook.com,1961-04-20,F,Turkana,Turkana East,Lokori/Kochodin,"Plot 68, Lane 3, Lavington",2025-02-19,ACTIVE,Kakamega Youth Polytechnic,Electrical,Hospitality,Completed,Certified
VOC-000036,MARY NJUGUNA,40595256,+254 708 492 59,Mary.njuguna@hotmail.com,1948-06-18,F,MERU,Tigania West,Kianjai,"Plot 260, Lane 17, Westlands",27-08-2023,ACTIVE,Thika Technical Training Institute,Hairdressing,Hospitality,Enrolled,Certified
VOC-000037,KIPKORIR ONSONGO SENTEU,54653615,+25470763734,kipkorir.senteu@hotmail.com,1994-10-13,F,Kisumu,Muhoroni,Masogo/Nyang'oma,"Plot 420, Lane 17, Thika",01-Aug-2023,INACTIVE,Kakamega Youth Polytechnic,Carpentry,Digital,Dropped Out,Ongoing
VOC-000038,KIMEU OMAR,78238599,+25473387328,kimeu_omar@gmail.com,13/09/1995,F,Kiambu,Ruiru,Gatong'ora,"PLOT 312, LANE 8, TOM MBOYA",2023-08-02,I,Eldoret Polytechnic,Masonry,TECHNICAL,Completed,Ongoing
VOC-000039,MUKHWANA NICHOLAS GIKONYO,91082703,+25473704849,gikonyomukhwana@hotmail.com,28-Nov-60,FEMALE,Mombasa,N/A,Chaani,Plot4Lane11Jogoo,01-Jul-2025,A,Kilifi Institute,Electrical,HOSPITALITY,Completed,Completed
VOC-000040,ONGERI OMAR,41812000,+25473612321,Ongeri.omar@yahoo.com,1962-02-13,F,Bungoma,Webuye East,Mihuu,"House 237, Thika Superhighway Avenue, Ruaraka",20-02-2023,ACTIVE,Nakuru Industrial Training Centre,Graphics Design,Artisan,Completed,Not Started
VOC-000041,KEVIN NABEA KIPRONO,31281052,+25473562388,kevin.kiprono@gmail.com,1965-08-28,M,Kakamega,Mumias West,Musanda,"Plot 200, Lane 10, Kangundo",02-08-2023,ACTIVE,Kakamega Youth Polytechnic,Hairdressing,Artisan,In Progress,Completed
VOC-000042,NASIMIYU OTIENO SENTEU,73374043,+25478620628,Nasimiyu.senteu@gmail.com,1963-04-19,M,Nairobi,Westlands,Parklands,"House 96, Jogoo Street, Karen",03/01/2023,INACTIVE,Bomet Youth Polytechnic,Hairdressing,Digital,Completed,Certified
VOC-000043,KAIMENYI KRENGA,52112003,+25476933668,Kaimenyi.kenga@gmail.com,1981-02-07,M,Bungoma,Webuye West,Matulo,"Plot 127, Lane 19, River Road",09/19/2024,N/A,Nairobi Vocational Training Centre,Electrical,Technical,In Progress,Not Started
VOC-000044,CYNTHIA OMBAIT,99849459,N/A,NA,1988-12-15,F,Kiambu,Limuru,Bibirioni,"Plot 377, Lane 15, Tom Mboya",04/03/2025,ACTIVE,Not Provided,Catering,Digital,In Progress,Completed
VOC-000045,MONICA IRENE MUSYIMI,74434188,+25411955764,monica.musyimi@yahoo.com,1968-01-11,F,Uasin Gishu,N/A,Cheptiret/Kipchamo,"Plot 442, Lane 18, Ruaraka",21-02-2024,INACTIVE,Kakamega Youth Polytechnic,Tailoring,Digital,In Progress,Ongoing
VOC-000046,"CHEPNGENO, MALACHI ROSE",28008622,+25471831440,malachi.chepngeno@yahoo.com,1986-04-27,F,Nakuru,Kuresoi South,Amalo,"House 206, Kitisuru Avenue, Argwings Kodhek",07/24/2024,ACTIVE,Kakamega Youth Polytechnic,ICT,Digital,Dropped Out,Completed
VOC-000047,NASHIPAE KIPSANG,41394014,+25411745552,nashipae.kipsang@gmail.com,1988-03-25,M,Nairobi,Lang'ata,Nyayo Highrise,"House 342, Kenyatta Avenue, Argwings Kodhek",27-Dec-25,INACTIVE,Mombasa Technical Institute,Plumbing,Artisan,Dropped Out,Certified
VOC-000048,ALEXANDER MWAMBURI,44182277,+25410999363,Alexander.mwamburi@outlook.com,1955-06-21,M,Meru,Tigania West,Kianjai,"Plot 250, Lane 17, Waiyaki",2023-02-26,ACTIVE,Kilifi Institute,Masonry,Technical,In Progress,Not Started
VOC-000049,DIANA NOKUN MWANGI,42867023,+25476156406,diana.mwangi@hotmail.com,1990-05-10,M,Kisumu,Kisumu West,North Kisumu,"House 48, Lenana Road, Kiambu",18 Apr 2025,INACTIVE,Thika Technical Training Institute,Carpentry,Technical,In Progress,Not Started
VOC-000050,EVELYN MARY MATOKE,59335658,+25474671087,evelyn.matoke@gmail.com,1970-12-25,F,Uasin Gishu,Kapseret,Langas,"Plot 439, Lane 16, Kikuyu",10/10/2025,INACTIVE,Mombasa Technical Institute,Tailoring,Digital,Completed,Ongoing
VOC-000051,MARTHA NALIAKA,61 326 806,+25472446967,martha.naliaka@hotmail.com,1997-01-24,F,MACHAKOS,Kangundo,Kangundo East,"Plot 183, Lane 1, Kiambu",11 Mar 2023,INACTIVE,Nairobi Vocational Training Centre,Plumbing,Digital,Completed,Not Started
VOC-000052,WANYONYI KIMUTAI,29353979,+25411390505,Wanyonyi.kimutai@yahoo.com,1984-12-18,F,Mombasa,Mvita,Shimanzi,"Plot 105, Lane 12, Likoni",08-07-2025,ACTIVE,Mombasa Technical Institute,Carpentry,Technical,Completed,Ongoing
VOC-000053,VINCENT LYDIA HASSAN,10502052,+25475101957,vincent.hassan@gmail.com,1998-03-27,F,Nakuru,Kuresoi North,Nyota,"House 394, Outering Drive, Thika Superhighway",31-03-2025,ACTIVE,Nairobi Vocational Training Centre,Masonry,Technical,Completed,Not Started
VOC-000054,DENNIS MUMO,71572793,+25478933206,Dennis.mumo@yahoo.com,1966-01-23,M,Kilifi,Kilifi North,Tezo,"House 206, Ngong Road Street, Kiambu Road",2023-04-28,ACTIVE,Bomet Youth Polytechnic,Metalwork,Artisan,Enrolled,Completed
VOC-000055,AWITI MOHAMED,97518125,+25476198551,Awiti.mohamed@outlook.com,1982-02-09,M,Bungoma,Kabuchai,Kabuchai/Chwele,"Plot 296, Lane 8, Lenana",08 Oct 2023,ACTIVE,Thika Technical Training Institute,Plumbing,Artisan,Completed,Certified
VOC-000056,MARTIN SIGIE,15324758,+25476479825,Martin.sigei@hotmail.com,1998-07-24,M,Nakuru,Nakuru Town West,Kapkures,"House 408, Kikuyu Avenue, Jogoo",23/01/2023,INACTIVE,Nakuru Industrial Training Centre,Welding,Digital,Enrolled,Ongoing
VOC-000057,ERICK NAFULA,62831328,+25476963180,Erick.nafula@gmail.com,1976-04-27,M,Nairobi,Lang'ata,Karen,"Plot 137, Lane 14, Kilimani",18-Aug-2024,ACTIVE,Kisumu Youth Skills Centre,Electrical,Technical,Dropped Out,Certified
VOC-000058,JAMES GIKNYO,23646357,+25479965624,James76@hotmail.com,08/28/1950,male,Meru,South Imenti,Igoji West,"Plot 121, Lane 10, Parklands",08-Dec-25,I,Thika Technical Training Institute,Carpentry,TECHNICAL,Completed,Not Started
VOC-000059,GITHINJI SAIIMU,51367965,+25476832522,Githinji.saidimu@hotmail.com,1968-08-09,M,Nairobi,Dagoretti South,Uthiru,NA,10/02/2023,INACTIVE,Mombasa Technical Institute,Catering,Technical,Completed,Ongoing
VOC-000060,PEACE OSEKO,99575241,+25475274721,p.o@yahoo.com,21-Aug-1983,F,Kilifi,Magarini,Marafa,"Plot 148, Ln 10, Karen",11/01/2024,pending,Kilifi Institute,Catering,ARTISAN,Completed,Completed
VOC-000061,NASERIAN KAGWE,NA,+25471969691,naserian.kagwe@hotmail.com,1959-01-11,F,Kilifi,Kilifi South,Shimo la Tewa,"Plot 432, Lane 15, Langata",02-01-2024,ACTIVE,Kilifi Institute,Metalwork,Technical,Completed,Certified
VOC-000062,MULWA OMAR,77 505 434,+25473702894,Mulwa.omar@hotmail.com,1998-11-27,M,Kilifi,Kilifi South,Mtepeni,"Plot 454, Lane 15, Argwings Kodhek",13-09-2024,INACTIVE,Kitale Technical College,Catering,Technical,Dropped Out,Ongoing
VOC-000063,FAITH AWITI KAMANDE,89064828,+25476572143,faith.kamande@yahoo.com,1992-02-26,M,Nairobi,Kasarani,Njiru,"House 459, Karen Street, Kangundo",22/06/2023,INACTIVE,Nakuru Industrial Training Centre,Automotive,Digital,Enrolled,Certified
VOC-000064,MALACHI KAGWE,69278774,+25477283086,M.kagwe@hotmail.com,17-Aug-1966,female,Kiambu,Ruiru,Kiuu,Plot 66 Lane 11 Kileleshwa,10/30/2024,inactive,Machakos Technical Institute,Automotive,HOSPITALITY,Enrolled,Not Started
VOC-000065,CHEPKORIR GEITHUA,23062971,+25478177602,chepkorir.githua@gmail.com,1983-01-04,F,Mombasa,Likoni,Likoni,"Plot 384, Lane 14, Kiambu Road",20251124,INACTIVE,Kakamega Youth Polytechnic,Plumbing,Artisan,In Progress,Not Started
VOC-000066,NAISULA MWIKALI KIHIKA,12952658,+25473139195,Naisula.kihika@gmail.com,1986-02-26,F,Nairobi,Lang'ata,Mugumu-ini,"House 341, Karen Road, Karen",27-Sep-24,ACTIVE,Nairobi Vocational Training Centre,Carpentry,Digital,Dropped Out,Completed
VOC-000067,MUKAMIMBAKA,44170318,+25474100397,Mukami.mbaka@hotmail.com,1975-01-15,M,Machakos,Matungulu,Tala,"House 91, Kasarani Drive, Athi River",2024-02-26,ACTIVE,Nairobi Vocational Training Centre,Metalwork,Digital,In Progress,Not Started
VOC-000068,KALOKI CHEPKORIR,52550453,+25474400322,Kaloki.chepkorir@hotmail.com,1992-12-18,M,Machakos,Matungulu,Matungulu East,"House 196, Parklands Street, Karen",12-Jul-25,ACTIVE,Nairobi Vocational Training Centre,Welding,Technical,In Progress,Certified
VOC-000069,PAUL ONYANJO,87918067,+25472317975,Paul.onyango@yahoo.com,2002-03-07,M,Mombasa,Kisauni,Mjambere,"Plot 408, Lane 1, Mombasa Road",2025-11-27,ACTIVE,Nakuru Industrial Training Centre,Carpentry,Hospitality,Completed,Certified
VOC-000070,CECILIA CHEPKWONY,25554265,+25472214497,cecilia.chepkwony@yahoo.com,1974-05-25,M,Trans Nzoia,Saboti,Saboti,"House 385, Lenana Street, Uhuru",2025-06-17,INACTIVE,Meru Vocational Centre,Automotive,Digital,Dropped Out,Not Started
VOC-000071,KIPNGETICH MBAKA MUNYORI,50021320,+25472855082,Kipngetich.munyori@gmail.com,1987-04-07,M,Nairobi,Dagoretti North,Kawangware,"Plot 190, Lane 4, Parklands",15/08/2024,ACTIVE,Nairobi Vocational Training Centre,Plumbing,Artisan,Enrolled,Completed
VOC-000072,KIPSANG JUDY OMBATI,89609762,+25479521352,kipsang.ombati@gmail.com,1981-09-12,M,Kilifi,Magarini,Sabaki,"Plot 36, Lane 6, Karen",22 Feb 2024,ACTIVE,Kisumu Youth Skills Centre,Carpentry,Digital,Dropped Out,Ongoing
VOC-000073,ESTHER WAMUYU,58437433,+25410839343,Esther.wamuyu@outlook.com,1953-06-21,M,Turkana,NA,Not Provided,"House 210, Likoni Road, Tom Mboya",N/A,ACTIVE,Nakuru Industrial Training Centre,Hairdressing,Digital,Completed,Ongoing
VOC-000074,AWITI PAUL MWANIA,38834086,+25411411453,Awiti.mwania@gmail.com,1963-07-22,F,Kiambu,Kiambu,N/A,"Plot 412, Lane 13, Lenana",05/11/2024,INACTIVE,Kitale Technical College,Catering,Hospitality,Completed,Ongoing
VOC-000075,MERCY KIPSANG WACHIRA,25475831,+25479403869,mercy.wachira@gmail.com,1950-08-05,F,Bungoma,Mt. Elgon,Elgon,"Plot 84, Lane 9, Uhuru",2024-05-15,ACTIVE,Eldoret Polytechnic,ICT,Hospitality,Enrolled,Completed
VOC-000076,WANJIRU KAMAU KAMOTHO,22740257,+25476464964,Kamothowanjiru@outlook.com,13/01/1998,female,Meru,Igembe Central,Antubochiu,"House 234, Argwings Kodhek Road, Lavington",09/12/2024,inactive,Bomet Youth Polytechnic,Hairdressing,TECHNICAL,Completed,Certified
VOC-000077,CYNTHIA GITOBUERICK,77569898,+25410912327,Cynthia.gitobu@gmail.com,1992-05-12,M,Mombasa,Kisauni,Mwakirunge,"House 221, Parklands Drive, River Road",03-Apr-2024,ACTIVE,Nakuru Industrial Training Centre,Graphics Design,Digital,Completed,Ongoing
VOC-000078,DOROTHY JEPKORIR,39413080,+25475766938,dorothy.jepkorir@gmail.com,1984-12-21,M,Bomet,Bomet Central,Mutarakwa,"Plot 209, Lane 14, Kiambu Road",03/18/2023,INACTIVE,Meru Vocational Centre,Automotive,Artisan,Enrolled,Completed
VOC-000079,KAGENDO KIPKEMBOI,31035769,+25476628060,kagendo.kipkemboi@gmail.com,1972-04-02,F,Bomet,Konoin,Chepchabs,"House 111, Kiambu Road Drive, Limuru",21/07/2023,ACTIVE,Nakuru Industrial Training Centre,Metalwork,Hospitality,Enrolled,Completed
VOC-000080,MOMANYI NALIAKA,80313876,+25471745390,Momanyi.naliaka@gmail.com,1993-02-10,M,Kakamega,Butere,Marama South,"House 440, Athi River Street, Kiambu Road",01/03/2024,INACTIVE,Kilifi Institute,Metalwork,Digital,Enrolled,Completed
VOC-000081,CHEPNGENO KAIMENYI KENGA,77959317,+25471108800,chepngeno.kenga@hotmail.com,1985-03-11,M,Nakuru,Rongai,Solai,"House 166, Tom Mboya Drive, Kiambu",20240811,ACTIVE,Mombasa Technical Institute,Metalwork,Hospitality,Enrolled,Not Started
VOC-000082,MUKHWANA NDUKU,29766571,+25473197233,Mukhwana.nduku@gmail.com,1979-11-24,M,Mombasa,Likoni,Mtongwe,"House 412, Mugumo Drive, Lavington",07-Jan-23,ACTIVE,Kakamega Youth Polytechnic,Masonry,Hospitality,In Progress,Completed
VOC-000083,AWUOR LESHEN,64250555,+25476504747,awuor.leshan@gmail.com,1976-09-12,M,Kakamega,Mumias West,West Wanga,"Plot 173, Lane 3, Ngong Road",03-Apr-25,ACTIVE,Mombasa Technical Institute,Catering,Digital,Dropped Out,Completed
VOC-000084,KASINA GEORGE KARANJA,36369313,+25478670320,kasina.karanja@hotmail.com,1971-03-01,F,Kilifi,Kilifi North,Tezo,"House 264, Ngong Road, Kikuyu",06-Jan-2025,ACTIVE,Thika Technical Training Institute,Masonry,Digital,Dropped Out,Ongoing
VOC-000085,SIMON PAULINE ODUYA,62880140,+25472626658,simon.oduya@gmail.com,1970-10-13,F,Machakos,Yatta,Kithimani,"Plot 303, Lane 12, Lenana",25/04/2024,ACTIVE,Meru Vocational Centre,Graphics Design,Digital,Dropped Out,Ongoing
VOC-000086,OMBATI MUEMA,85007742,+25470339481,ombati.muema@gmail.com,1983-12-04,M,Machakos,Machakos Town,Machakos Central,"Plot 254, Lane 1, Kasarani",2024-05-02,ACTIVE,Eldoret Polytechnic,Catering,Artisan,In Progress,Completed
VOC-000087,KIPKIRUI GAKII WANGARI,41606345,NA,Kipkirui.wangari@hotmail.com,1990-08-03,F,Nairobi,Dagoretti North,Not Provided,Not Provided,28/11/2025,ACTIVE,Nairobi Vocational Training Centre,Hairdressing,Artisan,Dropped Out,Completed
VOC-000088,CHARITY EDWARD MWAMBURI,12421892,Not Provided,Charity.mwamburi@gmail.com,N/A,M,Kiambu,Lari,Kamburu,"Plot 31, Lane 19, Thika",02-Apr-2024,INACTIVE,NA,Hairdressing,Artisan,Enrolled,Completed
VOC-000089,BRENDA OLELA,89453898,+25475932828,brenda.olela@gmail.com,Not Provided,M,Mombasa,NA,Mjambere,Not Provided,10-03-2023,INACTIVE,Kisumu Youth Skills Centre,Graphics Design,Artisan,Completed,Certified
VOC-000090,MUKAMI REBECCA AUMA,25226934,+25473300039,mukami.auma@gmail.com,1995-12-20,M,Kakamega,Butere,Marama Central,"Plot 94, Lane 19, Moi Avenue",07-10-2024,ACTIVE,Machakos Technical Institute,Catering,Hospitality,In Progress,Certified
VOC-000091,MOGAKA MUTISYA NJUGUNA,14456047,+25476738457,mogaka.njuguna@hotmail.com,1960-09-17,F,Kilifi,Kaloleni,Kayafungo,"Plot 452, Lane 2, Langata",2024-01-25,ACTIVE,Meru Vocational Centre,Masonry,Digital,Enrolled,Certified
VOC-000092,ALICE SYOMBUA MWIRIGI,76245685,+25473404458,alice.mwirigi@outlook.com,1991-01-25,F,Kiambu,Kiambu,Ndumberi,"Plot 115, Lane 10, Parklands",2024-09-18,ACTIVE,Thika Technical Training Institute,Tailoring,Technical,Enrolled,Certified
VOC-000093,MARY MUTHAMA,26773207,+25471137340,Mary.muthama@yahoo.com,1972-02-13,F,Nyeri,Mathira,Konyu,"Plot 368, Lane 11, Kangundo",10-01-2023,INACTIVE,Kisumu Youth Skills Centre,Electrical,Artisan,In Progress,Not Started
VOC-000094,SILAS MWOROA,14109890,+25477706851,Silas.mworoa@yahoo.com,1983-01-08,M,Uasin Gishu,Soy,Ziwa,"Plot 262, Lane 7, Kiambu Road",09/02/2025,INACTIVE,Bomet Youth Polytechnic,ICT,Artisan,Enrolled,Completed
VOC-000095,KAGWIRIA MWIKALI KINYA,49752081,+25477187915,kagwiria.kinya@gmail.com,1977-06-03,M,Nakuru,Bahati,Bahati,"House 286, Lenana Avenue, Mombasa Road",04-05-2024,ACTIVE,Thika Technical Training Institute,ICT,Technical,In Progress,Not Started
VOC-000096,WANJIKU MWANIA,62791055,+25475273912,wanjiku.mwania@yahoo.com,1952-05-11,M,Kakamega,Shinyalu,Isukha Central,"House 78, Kikuyu Road, Kiambu",22-Jan-2025,INACTIVE,Bomet Youth Polytechnic,Masonry,Digital,Enrolled,Completed
VOC-000097,OKELLO HABAKKUK MOHAMED,33179292,+25474759627,o.m@outlook.com,08-Dec-00,MALE,Nairobi,Dagoretti South,Riruta,House273TomMboyaAvenueAthiRiver,10-08-2023,INACTIVE,Eldoret Polytechnic,Carpentry,ARTISAN,Enrolled,Not Started
VOC-000098,SYOKAU KIPROTICH,89797435,+25411443694,Syokau.kiprotich@gmail.com,1996-01-04,M,Kiambu,Kikuyu,Nachu,"House 466, Garden Estate Avenue, Uhuru",2025-12-26,ACTIVE,Kilifi Institute,Tailoring,Digital,In Progress,Ongoing
VOC-000099,JEBET DOROTHY KEBASO,21989814,+25411945106,jebet.kebaso@gmail.com,1998-03-13,F,Bungoma,Kabuchai,West Nalondo,"Plot 289, Lane 6, Thika Superhighway",06/24/2024,INACTIVE,Machakos Technical Institute,Catering,Hospitality,In Progress,Not Started
VOC-000100,WANJIRU SAIDIMU,58638387,077713302,wanjiru.saidimu@yahoo.com,1970-08-22,M,Kisumu,Kisumu Central,Market Milimani,"Plot 91, Lane 10, Westlands",27-05-2024,INACTIVE,Bomet Youth Polytechnic,Hairdressing,Digital,Enrolled,Completed
VOC-000101,VERONICA OKOTH MUMO,73245675,+25410135773,veronica.mumo@hotmail.com,1991-06-03,M,Mombasa,Jomvu,Mikindani,"Plot 364, Lane 11, Athi River",2023-09-25,ACTIVE,Nairobi Vocational Training Centre,Catering,Technical,Completed,Not Started
VOC-000102,MUTINDA GILBERT MUNYAO,35980604,+25476413943,mutinda.munyao@gmail.com,1969-02-23,M,Kiambu,Lari,Kamburu,"Plot 39, Lane 16, Waiyaki",25 Jan 2023,ACTIVE,Kilifi Institute,Catering,Technical,In Progress,Certified
VOC-000103,VERONICA MARGARET KAMAU,32280888,+25477634427,veronica.kamau@outlook.com,1998-12-17,F,Not Provided,Kisumu Central,NA,"House 109, Ngong Road Drive, Ruaraka",22-Feb-24,ACTIVE,Kitale Technical College,ICT,Digital,Enrolled,Not Started
VOC-000104,GAKII MUTWIRI,75051263,+25476514900,gakii.mutwiri@gmail.com,2000-10-25,F,Kakamega,Khwisero,Kisa West,"House 327, Argwings Kodhek Avenue, Limuru",2023-06-28,INACTIVE,Kilifi Institute,Electrical,Hospitality,Dropped Out,Completed
VOC-000105,PETER ZECHARIAH KIPNGETICH,37392666,+25410763753,Peter.kipngetich@gmail.com,1981-05-10,M,Nakuru,Naivasha,Maiella,"House 301, Tom Mboya Drive, Tom Mboya",24-08-2025,INACTIVE,Meru Vocational Centre,Metalwork,Hospitality,Completed,Certified
VOC-000106,FAITH MOSES RONO,46-953-423,+25479681456,faith.rono@gmail.com,1978-05-18,M,Nakuru,Nakuru Town East,Menengai,"House 318, Kikuyu Street, Kitisuru",17/09/2025,ACTIVE,Eldoret Polytechnic,Tailoring,Hospitality,In Progress,Completed
VOC-000107,MUENI KIARIE,27431021,+25478730870,mueni.kiarie@yahoo.com,1988-05-27,F,Nairobi,Dagoretti North,Kilimani,"Plot 92, Lane 15, Kenyatta",2023-03-16,ACTIVE,Kakamega Youth Polytechnic,Electrical,Digital,In Progress,Not Started
VOC-000108,DANIEL KARANJA,41908888,+25411702462,Daniel.karanja@outlook.com,1979-06-18,M,Bungoma,Sirisia,Lwandanyi,"House 404, Lavington Road, Lavington",29-Mar-2024,INACTIVE,Eldoret Polytechnic,Welding,Digital,In Progress,Certified
VOC-000109,OWUOR KIPKORIR,31465712,+25471263117,Owuor.kipkorir@gmail.com,1981-04-26,F,Kilifi,Ganze,Sokoke,"House 24, Karen Road, Kitisuru",11-May-2024,ACTIVE,Thika Technical Training Institute,Graphics Design,Digital,Dropped Out,Ongoing
VOC-000110,MUTHEU JONATHAN KIPRONO,73872605,25476825225,Mutheu.kiprono@gmail.com,1968-09-14,M,Meru,Central Imenti,Kathonzweni,"Plot 409, Lane 17, Kitisuru",2023-08-02,INACTIVE,Nairobi Vocational Training Centre,Graphics Design,Digital,Completed,Ongoing
VOC-000111,SUSAN AWITI RIMBERIA,30307931,+25477609085,susan.rimberia@gmail.com,1982-04-07,F,Bomet County,Konoin,Boito,"House 123, Thika Street, Kasarani",06-11-2023,INACTIVE,Kilifi Institute,Electrical,Hospitality,Completed,Not Started
VOC-000112,FLORENCE KIPROTICH,23346779,+254 751-665-82,Florence.kiprotich@outlook.com,1972-07-27,F,Meru,Buuri,Kibirichia,"Plot 251, Lane 19, Thika Superhighway",29-01-2025,ACTIVE,Thika Technical Training Institute,Graphics Design,Artisan,Enrolled,Certified
VOC-000113,AGNES MOHAMED,52881821,+25478222235,Agnes.mohamed@gmail.com,1983-12-16,F,Kisumu,Nyando,East Kano/Wawidhi,"House 378, Ngong Road Street, Kikuyu",03-Jun-23,INACTIVE,Bomet Youth Polytechnic,Metalwork,Technical,Completed,Ongoing
VOC-000114,ALEXANDER ODHIAMBO,50248639,+25477280463,Alexander.odhiambo@yahoo.com,1997-03-21,F,Nairobi,Dagoretti North,Kawangware,"Plot 45, Lane 19, Jogoo",16/05/2024,ACTIVE,Thika Technical Training Institute,Graphics Design,Hospitality,Dropped Out,Ongoing
VOC-000115,WAFULA KANANA KIARIE,4894-9856,+25479394097,Wafula.kiarie@gmail.com,1967-07-27,F,Nairobi,Dagoretti South,Waithaka,"House 409, Ruiru Road, Kileleshwa",01-Sep-2024,INACTIVE,Bomet Youth Polytechnic,Masonry,Technical,In Progress,Completed
VOC-000116,WANJIRU WACHRA,65938669,+25477498724,wanjiru.wachira@gmail.com,1994-04-23,M,Machakos,Machakos Town,Mua,"Plot 340, Lane 20, Kileleshwa",2024-08-05,ACTIVE,Nakuru Industrial Training Centre,Electrical,Technical,Dropped Out,Ongoing
VOC-000117,"OKELLO, KWAMBOKA ISAIAH",18234220,+25478547818,Kwamboka.okello@yahoo.com,1982-05-12,F,Meru,Tigania West,Kianjai,"Plot 21, Lane 11, Kikuyu",2024-07-08,INACTIVE,Thika Technical Training Institute,Electrical,Hospitality,In Progress,Completed
VOC-000118,PRISCILLA NDEGWA,35144726,+25411969354,Priscilla.ndegwa@gmail.com,1995-03-15,M,Nairobi,Dagoretti North,Kawangware,"Plot 136, Lane 16, Waiyaki",04-28-2023,ACTIVE,Nairobi Vocational Training Centre,Carpentry,Hospitality,Enrolled,Ongoing
VOC-000119,JUDITH KINYUA MATOKE,69444048,+25471211106,Judith.matoke@yahoo.com,1984-11-25,M,Nakuru,Bahati,Kabatini,"Plot 34, Lane 16, Kileleshwa",01-Aug-2024,INACTIVE,Mombasa Technical Institute,Graphics Design,Digital,In Progress,Ongoing
VOC-000120,MAINA GLADYS WANYOIKE,50880085,+25477445026,Maina.wanyoike@gmail.com,1986-11-15,F,Nyeri,Tetu,Aguthi/Gaaki,"Plot 235, Lane 20, Likoni",15/12/2024,INACTIVE,Thika Technical Training Institute,Masonry,Hospitality,In Progress,Certified
VOC-000121,RIMBERIA JANE MUTUA,17367600,+25477557102,Rimberia.mutua@hotmail.com,1977-09-23,F,Bomet,Sotik,Ndanai/Abosi,"Plot 238, Lane 9, Langata",2025-03-31,INACTIVE,Bomet Youth Polytechnic,Plumbing,Artisan,Enrolled,Ongoing
VOC-000122,MUENI MBAKA,30947020,+25471550651,mueni.mbaka@outlook.com,2001-12-08,F,Nakuru,Bahati,Bahati,"Plot 235, Lane 8, Lenana",17-07-2024,INACTIVE,Eldoret Polytechnic,Plumbing,Digital,Dropped Out,Certified
VOC-000123,KEBASO MATOKE,64943803,+25472475511,Kebaso.matoke@gmail.com,1973-06-03,F,Kisumu,Nyakach,South West Nyakach,"Plot 418, Lane 3, Ngong Road",29 Jun 2025,ACTIVE,Kisumu Youth Skills Centre,Electrical,Digital,Enrolled,Not Started
VOC-000124,VICTOR KEMUNTO CHEBET,55305628,+25475425042,victor.chebet@yahoo.com,1996-02-06,M,Trans Nzoia,Kiminini,Sirende,"House 457, Kileleshwa Street, Ngong Road",04-Sep-24,INACTIVE,Meru Vocational Centre,Graphics Design,Technical,In Progress,Not Started
VOC-000125,MOMANYI KIPRONO KENGA,34282303,+25474228822,Momanyi.kenga@gmail.com,1981-12-04,F,Meru,N/A,Antubetwe Kiongo,"Plot 401, Lane 11, Ruaraka",22/12/2025,ACTIVE,Kakamega Youth Polytechnic,Automotive,Artisan,Enrolled,Certified
VOC-000126,OMBATI BRIAN CHEPKORIR,70463012,+25472768968,Ombati.chepkorir@outlook.com,1964-07-15,M,Kiambu,Kabete,Muguga,"Plot 431, Lane 9, Limuru",10/19/2023,ACTIVE,Bomet Youth Polytechnic,Electrical,Artisan,In Progress,Certified
VOC-000127,KWAMBOKA KATUAA,41758221,Not Provided,Not Provided,2003-02-02,F,Not Provided,Soy,Moi's Bridge,"Plot 391, Lane 1, Juja",04-Jan-2025,INACTIVE,Machakos Technical Institute,Plumbing,Artisan,In Progress,Completed
VOC-000128,OMBATI NYAMBAEN,58 456 843,+25478623747,N/A,1983-05-23,M,Nairobi,Kasarani,Njiru,"Plot 50, Lane 11, Waiyaki",20 Sep 2024,INACTIVE,Kilifi Institute,Carpentry,Artisan,Enrolled,Certified
VOC-000129,KILONZO KIVUVA,67-385-857,+25410668304,Kilonzo@outlook.com,25-Jul-2002,male,Meru,North Imenti,Nyaki West,"House 207, Karen Drive, Lenana",03-Oct-2023,INACTIVE,Thika Technical Training Institute,Electrical,DIGITAL,Completed,Ongoing
VOC-000130,JOY RWERIA MAINA,45152963 ,N/A,joy.maina@gmail.com,1989-01-03,F,Turkana,Turkana North,Kaikor,"Plot 204, Lane 1, Langata",02-05-2023,INACTIVE,Bomet Youth Polytechnic,Metalwork,Hospitality,Dropped Out,Not Started
VOC-000131,ACHIENG MAUTWIRI,82929177,+25411956011,Achieng.mutwiri@gmail.com,2000-03-07,M,Uasin Gishu,Kesses,Racecourse,"Plot 31, Lane 1, Parklands",20250624,INACTIVE,Nakuru Industrial Training Centre,Masonry,Artisan,In Progress,Certified
VOC-000132,MWANGI OMONDI,91803127,+25410805706,Mwangi.omondi@gmail.com,1949-10-17,F,Machakos,Masinga,Kivaa,"Plot 230, Lane 15, Kileleshwa",08/16/2025,INACTIVE,Eldoret Polytechnic,Graphics Design,Digital,Dropped Out,Not Started
VOC-000133,KIPCHUMBA REBECCA MWAURA,18904455,+25470943883,Kipchumba.mwaura@gmail.com,1952-01-21,F,Nakuru,Rongai,Menengai West,"Plot 188, Lane 15, Ngong Road",2024-05-03,ACTIVE,Mombasa Technical Institute,Metalwork,Artisan,In Progress,Completed
VOC-000134,BRIDGET MUTHAMA,46879055,+25470409454,bridget.muthama@outlook.com,1972-11-08,F,Kilifi,Kilifi North,Dabaso,"Plot 463, Lane 2, Ngong Road",28-Mar-23,ACTIVE,Kilifi Institute,Carpentry,Technical,Dropped Out,Certified
VOC-000135,MBAKA BENJAMIN MWIRIGI,78387472,+25473186038,Mbaka.mwirigi@yahoo.com,2002-10-21,M,Kiambu,Limuru,Limuru Central,"House 164, Ruaraka Drive, Thika",19/12/2024,ACTIVE,Eldoret Polytechnic,Tailoring,Digital,Completed,Certified
VOC-000136,WAIRIMU NASHIPAE MWIRIGI,89576137,+25411440776,Wairimu.mwirigi@hotmail.com,1992-07-27,F,Meru,North Imenti,Nyaki West,"Plot 329, Lane 13, Kiambu",05-01-2024,ACTIVE,Kitale Technical College,Electrical,Artisan,In Progress,Not Started
VOC-000137,MOSES VINCENT CHEPKWONY,25673796,+25477627609,Moses.chepkwony@yahoo.com,1988-10-28,M,Kisumu,Kisumu West,North Kisumu,"House 92, Argwings Kodhek Road, Ruaraka",2025-01-18,INACTIVE,Kakamega Youth Polytechnic,Graphics Design,Hospitality,Dropped Out,Ongoing
VOC-000138,CAROLINE MWAKIIDEU,84618453,N/A,NA,1974-07-21,M,Meru,Not Provided,Antuamburi,"Plot 138, Lane 5, Jogoo",16/12/2023,ACTIVE,Kilifi Institute,Hairdressing,Artisan,In Progress,Completed
VOC-000139,LEAH SAIDIMU,13-619-039,+25475316099,leah.saidimu@yahoo.com,1990-10-14,M,Bungoma County,Kabuchai,Bwake/Luuya,"Plot 166, Lane 17, Ruaraka",2024-12-12,INACTIVE,Kisumu Youth Skills Centre,Plumbing,Hospitality,In Progress,Completed
VOC-000140,MARETE NJERI MOHAMED,87689671,+25478712808,Marete.mohamed@hotmail.com,1975-08-02,M,Nairobi,Dagoretti North,Kilimani,"House 273, Lenana Drive, Parklands",2024-02-02,INACTIVE,Nairobi Vocational Training Centre,Hairdressing,Digital,In Progress,Not Started
VOC-000141,KIPCHUMBA JACQUELINE OTIENO,12433447,+25475373477,jacqueline_kipchumba@hotmail.com,2000-09-02,M,Kilifi,Kaloleni,Mariakani,"Plot 62, Ln 16, Langata",17-May-24,INACTIVE,Kitale Technical College,Carpentry,ARTISAN,Enrolled,Not Started
VOC-000142,AUMA MUKHWANA,73575916,+25411613823,Auma.mukhwana@gmail.com,1971-12-19,F,Kiambu,Lari,Kijabe,"House 388, Tom Mboya Road, Outering",13-Jan-2025,ACTIVE,Thika Technical Training Institute,ICT,Digital,Completed,Not Started
VOC-000143,JONATHAN KENEI,88380820,+25410138382,Jonathan.kenei@gmail.com,1967-04-13,F,Kiambu,Limuru,Limuru East,"Plot 131, Lane 5, Lenana",04/10/2023,ACTIVE,N/A,Catering,Technical,Dropped Out,Completed
VOC-000144,WACHIRA SIMIU,74554953,+25475772280,wachira.simiyu@gmail.com,2005-07-03,M,Kiambu,Ruiru,Kahawa Sukari,"House 141, Langata Avenue, Ngong",11-Jan-24,INACTIVE,Kisumu Youth Skills Centre,Carpentry,Artisan,Dropped Out,Ongoing
VOC-000145,DEBORAH CHEPKIRUI,36304716,+25411497581,Deborah.chepkirui@gmail.com,1996-07-23,M,Kiambu,Kiambu,Riabai,"Plot 166, Lane 6, Garden Estate",16/03/2025,INACTIVE,Nakuru Industrial Training Centre,Tailoring,Digital,In Progress,Certified
VOC-000146,MUTWIRI OTIENO,79107561,+25471620529,Mutwiri.otieno@yahoo.com,1959-06-22,F,Kiambu,Limuru,Limuru East,"Plot 157, Lane 13, Outering",2024-10-02,INACTIVE,Eldoret Polytechnic,Welding,Hospitality,In Progress,Ongoing
VOC-000147,RONALD SENTEU,49075648,+25474536162,Ronald.senteu@outlook.com,1987-03-24,M,Nyeri,Othaya,Karima,"House 420, Mugumo Road, Likoni",2024-11-08,INACTIVE,Kilifi Institute,Metalwork,Digital,Completed,Ongoing
VOC-000148,ALEXANDER MWAKISHA,90783964,+25411610365,Not Provided,1977-12-22,F,Bomet,N/A,Singorwet,"Plot 70, Lane 4, Thika",Not Provided,ACTIVE,Eldoret Polytechnic,Masonry,Artisan,In Progress,Certified
VOC-000149,ZECHARIAH KILONZO,16927312,+25475874733,zechariah.kilonzo@hotmail.com,1999-07-14,M,Mombasa,Changamwe,Changamwe,"House 475, Likoni Road, Thika Superhighway",14 Jul 2024,ACTIVE,Machakos Technical Institute,Plumbing,Artisan,In Progress,Not Started
VOC-000150,ALICE RIMBERIA CHERONO,38673273,+25470421388,alice.cherono@gmail.com,NA,M,Nairobi,N/A,NA,"Plot 101, Lane 10, Mugumo",15-Feb-2023,INACTIVE,Meru Vocational Centre,Catering,Digital,Enrolled,Completed
VOC-000151,ANNA AKIYNI,28564520,+25471795029,Anna.akinyi@gmail.com,1989-12-23,M,Kilifi,Kilifi North,Dabaso,"Plot 308, Lane 17, Juja",01-08-2023,INACTIVE,Kakamega Youth Polytechnic,ICT,Hospitality,Enrolled,Certified
VOC-000152,WAFULA  MUMO,77177290,+25411139660,Wafula.mumo@gmail.com,1993-09-12,M,Bungoma,Sirisia,Namwela,"House 207, Outering Road, Uhuru",12-22-2025,INACTIVE,Nairobi Vocational Training Centre,Catering,Hospitality,Dropped Out,Not Started
VOC-000153,VICTOR KENEI,11789993,+25411863468,Victor.kenei@outlook.com,1993-08-17,M,Nakuru,Rongai,Soin,"Plot 374, Lane 15, Ngong",03/16/2024,ACTIVE,Kisumu Youth Skills Centre,Metalwork,Technical,Enrolled,Ongoing
VOC-000154,MUMO NAFULRA,71036929,+25478711931,Mumo.nafula@outlook.com,1978-05-02,M,Turkana,Turkana East,Lokichar,"Plot 224, Lane 4, Kangundo",29 Aug 2025,INACTIVE,Nairobi Vocational Training Centre,Automotive,Technical,Completed,Not Started
VOC-000155,JAMES KAMAU,77350535,+25475271774,James.kamau@yahoo.com,1983-01-08,F,Bungoma,Kanduyi,West Sang'alo,"House 26, Juja Street, Ruaraka",2023-04-05,ACTIVE,Nakuru Industrial Training Centre,Metalwork,Digital,Enrolled,Completed
VOC-000156,JOHN OSEBE,47756543,+25470282219,john.osebe@yahoo.com,1966-06-22,F,Bomet,Bomet Central,Silibwet Township,"Plot 38, Lane 17, Jogoo",2024-06-16,INACTIVE,Nakuru Industrial Training Centre,ICT,Digital,Enrolled,Completed
VOC-000157,ISAIAH MORAA NJUGUNA,30485751,+25472624900,i.njuguna@outlook.com,01-Jul-1988,Female,Mombasa,Kisauni,Mtopanga,"Plot 282, Ln 7, Likoni",20240401,INACTIVE,Nairobi Vocational Training Centre,Hairdressing,HOSPITALITY,Completed,Ongoing
VOC-000158,REBECCA OMAR,78683307 ,+25471894496,Rebecca.omar@gmail.com,1971-08-16,F,Trans Nzoia,Endebess,Matumbei,N/A,08-05-2025,ACTIVE,Bomet Youth Polytechnic,Welding,Digital,In Progress,Completed
VOC-000159,KASINA OWUOR KANAMPIU,70317901,+25472135399,kasina.kanampiu@hotmail.com,1987-10-27,F,Nyeri,Mukurweini,Mukurwe-ini West,"Plot 59, Lane 11, Kitisuru",2023-04-15,ACTIVE,Kisumu Youth Skills Centre,Welding,Digital,Completed,Ongoing
VOC-000160,KIPKEMBOI OUDYA,74642957,+25475540867,Kipkemboi87@gmail.com,13-07-1970,male,Nyeri,Mathira,Magutu,"HOUSE 60, KIKUYU AVENUE, JOGOO",07 Nov 2023,Active,Meru Vocational Centre,Masonry,TECHNICAL,Dropped Out,Completed
VOC-000161,AUMA NALIAKA NAMUKHULA,47871627,+25411716337,Auma.namukhula@outlook.com,1990-08-04,M,Nairobi,Westlands,Kitisuru,"Plot 28, Lane 5, Mombasa Road",31/03/2024,INACTIVE,Nakuru Industrial Training Centre,Plumbing,Technical,Completed,Certified
VOC-000162,NAIPANOI JOHN MBURU,88309134,+25477598165,Naipanoi.mburu@gmail.com,1990-09-06,M,Trans Nzoia,Endebess,Chepchoina,"House 273, Likoni Drive, Ruiru",2024-05-06,ACTIVE,Kilifi Institute,Carpentry,Artisan,Enrolled,Ongoing
VOC-000163,"MUGO, MOMANYI",75 453 166,+25477258279,momanyi.mugo@gmail.com,1965-02-12,M,Uasin Gishu,Kesses,Tulwet/Chuiyat,"House 412, Langata Avenue, Langata",08/16/2023,ACTIVE,Machakos Technical Institute,Plumbing,Technical,Completed,Certified
VOC-000164,MICHAEL MWINYI,87754278,+254 743-623-07,michael.mwinyi@yahoo.com,1988-06-20,M,MOMBASA,Likoni,Bofu,"House 69, Kileleshwa Street, Thika",26/10/2024,INACTIVE,Meru Vocational Centre,Carpentry,Digital,Enrolled,Certified
VOC-000165,WAFULA GLADYS WABOMBA,25012106,+254 751-794-18,w.wabomba@gmail.com,18-09-1983,M,TRANS NZOIA,ENDEBESS,ENDEBESS,"HOUSE 82, KILIMANI STREET, MOI AVENUE",01-24-2024,pending,Eldoret Polytechnic,ICT,DIGITAL,Completed,Ongoing
VOC-000166,CHERONO SIGEII,86140861,254 735 708 72,Cherono.sigei@gmail.com,1989-05-11,F,Kiambu,Ruiru,Gatong'ora,"Plot 373, Lane 13, River Road",10-04-2023,ACTIVE,Kilifi Institute,Plumbing,Technical,In Progress,Not Started
VOC-000167,OCHIENG RIMBERIA KEBASO,49953071,Not Provided,Ochieng.kebaso@gmail.com,1986-01-17,F,N/A,Kanduyi,Buokhwe,"Plot 76, Lane 8, Kiambu",04 Mar 2025,INACTIVE,Not Provided,Metalwork,Digital,In Progress,Not Started
VOC-000168,MWOROA NABEA BETT,49061399,+25474589123,Mworoa.bett@gmail.com,1980-06-10,M,Kiambu,Kabete,Muguga,"Plot 211, Lane 20, Garden Estate",2025-09-14,ACTIVE,Kitale Technical College,Masonry,Digital,Enrolled,Certified
VOC-000169,NANJALA MUKAMI KOECH,65945823,+25470461811,nanjala.koech@gmail.com,1992-10-14,F,Nakuru,Subukia,Kabazi,"Plot 70, Lane 11, Ruaraka",2025-02-21,ACTIVE,Kisumu Youth Skills Centre,Catering,Artisan,Completed,Certified
VOC-000170,CATHERINE KIVUVA,39161475,+25479787232,catherinekivuva@hotmail.com,11/01/1999,female,Kiambu,Ruiru,Kahawa Sukari,"HOUSE 52, LIKONI AVENUE, LIMURU",17/08/2025,inactive,Kitale Technical College,Tailoring,TECHNICAL,In Progress,Ongoing
VOC-000171,JEPKORIR OMAR,81833417,+25477827196,Jepkorir.omar@yahoo.com,1958-06-19,M,Trans Nzoia,Cherangany,Motosi,"House 445, Kilimani Avenue, Moi Avenue",05-15-2024,INACTIVE,Thika Technical Training Institute,Tailoring,Artisan,Completed,Completed
VOC-000172,NICHOLAS KENEII,26947996,+25470879381,Nicholas.kenei@hotmail.com,1983-12-24,M,Mombasa,Mvita,Mji wa Kale,"Plot 431, Lane 5, Juja",10 Nov 2023,INACTIVE,Kilifi Institute,Automotive,Technical,In Progress,Not Started
VOC-000173,ISAAC KASINA,51101764,+25474667234,Isaac.kasina@gmail.com,1974-05-07,M,Bungoma,Webuye East,Ndivisi,"Plot 411, Lane 12, River Road",19/12/2025,ACTIVE,Bomet Youth Polytechnic,Tailoring,Digital,In Progress,Completed
VOC-000174,NYABOKE ODUYA KETER, 54161644,+25410991683,Nyaboke.keter@gmail.com,1973-04-27,F,Turkana,Turkana West,Lopur,"House 21, Uhuru Road, Lenana",03-Mar-2023,ACTIVE,Kitale Technical College,Carpentry,Artisan,Dropped Out,Completed
VOC-000175,"NAMUKHULA, GRACE",76805175,+25471984855,namukhulagrace@outlook.com,13/01/1984,Male,Nairobi,Dagoretti North,N/A,"house 55, mugumo drive, moi avenue",2024-06-04,pending,Nakuru Industrial Training Centre,Tailoring,HOSPITALITY,In Progress,Certified
VOC-000176,KIPROTICH MUTHOKA KIPSANG,48080929,+25474384168,kiprotich.kipsang@gmail.com,1979-10-02,F,Kakamega,Ikolomani,Idakho East,"House 376, Kiambu Street, Westlands",10/01/2023,INACTIVE,Nakuru Industrial Training Centre,Welding,Hospitality,Enrolled,Not Started
VOC-000177,KALOKI KINYA KOECH,30641480,+25472124841,Kaloki.koech@outlook.com,2001-05-08,F,Bungoma,Sirisia,Namwela,"Plot 329, Lane 15, Uhuru",10/09/2024,ACTIVE,Bomet Youth Polytechnic,Automotive,Digital,In Progress,Not Started
VOC-000178,NABEA MBAKA,11089806,+25410203863,nabea.mbaka@gmail.com,1971-08-16,F,Machakos,Kathiani,Lower Kaewa/Iveti,"House 100, Outering Road, Ngong Road",12/08/2025,INACTIVE,Nakuru Industrial Training Centre,Masonry,Digital,Enrolled,Not Started
VOC-000179,SYOKAU KIPCHUMBA,95120667,+25477453007,Syokau.kipchumba@hotmail.com,2003-04-18,F,Nairobi,Kasarani,Ruai,"Plot 474, Lane 8, Kileleshwa",05 Mar 2023,INACTIVE,Bomet Youth Polytechnic,Tailoring,Technical,Dropped Out,Ongoing
VOC-000180,JEBIWOTT SHARON KENGA,45355912,+25474351287,Jebiwott.kenga@hotmail.com,1977-03-21,F,KISUMU,KISUMU WEST,NORTH KISUMU,"Plot 89, Lane 13, Kiambu",12-03-2025,ACTIVE,Thika Technical Training Institute,ICT,Digital,Completed,Certified
VOC-000181,SYOKAU KEBASO,19803499,+25477620121,Syokau.kebaso@gmail.com,1975-12-15,M,Kiambu,Kiambu,Kihara,"House 35, River Road Street, Kileleshwa",12/14/2024,INACTIVE,Bomet Youth Polytechnic,Welding,Technical,Dropped Out,Completed
VOC-000182,AGNES CHEPKIRUI CHERUIYOT,76761811,+25477849810,agnes.cheruiyot@gmail.com,1978-05-26,M,Meru,Igembe Central,Akachiu,"Plot 324, Lane 18, Mombasa Road",21-08-2024,ACTIVE,Eldoret Polytechnic,ICT,Hospitality,Completed,Certified
VOC-000183,WANJIRU MBAKA JUMA,60267929,+25476730011,wanjiru.juma@gmail.com,1978-05-07,F,Kiambu,Kabete,Kabete,"Plot 235, Lane 12, Ngong Road",17-Jan-2024,ACTIVE,Kitale Technical College,Welding,Digital,In Progress,Certified
VOC-000184,SARAH CHEPKIRUI,70613787,+25471293412,sarah.chepkirui@gmail.com,1976-12-02,M,Kilifi,Kilifi North,Matsangoni,"House 452, Limuru Avenue, Outering",18 Aug 2024,INACTIVE,Nairobi Vocational Training Centre,Graphics Design,Technical,In Progress,Ongoing
VOC-000185,SUSAN MBBAKA,77926594,+25410125157,susan.mbaka@yahoo.com,1967-07-02,F,Kiambu,Lari,Kamburu,"Plot 121, Lane 8, Thika",09/28/2025,INACTIVE,Kilifi Institute,Catering,Hospitality,Completed,Certified
VOC-000186,JANET ONGAYA,87036318,+25411447617,janet.ongaya@gmail.com,1984-05-06,F,Nairobi,Kibra,Makina,"Plot 323, Lane 6, Kilimani",08-Dec-23,ACTIVE,Nakuru Industrial Training Centre,Masonry,Technical,In Progress,Not Started
VOC-000187,MUEMA KIPCHUMBA MUNYORI,27976106,+25474234373,Muema.munyori@gmail.com,1972-03-15,F,Mombasa,Kisauni,Mtopanga,"House 85, Ngong Road Avenue, Kilimani",30 Apr 2023,ACTIVE,Kitale Technical College,Carpentry,Hospitality,Enrolled,Ongoing
VOC-000188,MWANIA JOEL TIMOTHY,75425092,+25411214695,joel.mwania@yahoo.com,1982-09-19,M,Mombasa,Likoni,Shika Adabu,"Plot 201, Lane 19, Kilimani",2025-09-09,INACTIVE,Kakamega Youth Polytechnic,Automotive,Technical,Enrolled,Ongoing
VOC-000189,JOSEPH OMBATI,69372702,+25479411217,N/A,1980-04-02,F,Nairobi,Dagoretti North,Kileleshwa,Not Provided,29/12/2024,INACTIVE,Mombasa Technical Institute,Graphics Design,Technical,Completed,Not Started
VOC-000190,PRISCILLA JUDITH MOKUA,12770043,+25411654310,P.mokua@gmail.com,1958-10-20,FEMALE,Machakos,Kathiani,Mitaboni,"Plot 360, Lane 16, River Road",08/19/2023,ACTIVE,Nairobi Vocational Training Centre,Tailoring,DIGITAL,Enrolled,Completed
VOC-000191,KIPNGETICH OKOTH WACHIRA,47359725,+25475132850,N/A,1960-05-28,M,Kilifi,NA,Garashi,N/A,01/06/2025,ACTIVE,Mombasa Technical Institute,Carpentry,Artisan,Enrolled,Completed
VOC-000192,KIPKOECH JEBET,66912106,+25474120415,k.j@outlook.com,19/09/1999,FEMALE,Nairobi,Kibra,Laini Saba,"Plot 297, Lane 4, Lenana",2024-10-07,INACTIVE,Thika Technical Training Institute,Masonry,ARTISAN,Enrolled,Certified
VOC-000193,MARK OTIENO MITEI,20525655,+25476793756,Mark.mitei@gmail.com,1961-05-22,F,Bungoma,Sirisia,Lwandanyi,"Plot 466, Lane 2, Karen",25/12/2025,ACTIVE,Mombasa Technical Institute,Hairdressing,Hospitality,Dropped Out,Not Started
VOC-000194,SENTEU MTUUNE,22998111,+25475879605,N/A,1976-11-17,M,Bungoma,Mt. Elgon,Kapkateny,"Plot 459, Lane 11, Thika",11 Nov 2025,ACTIVE,Nairobi Vocational Training Centre,Electrical,Technical,Dropped Out,Not Started
VOC-000195,WACHIRA ONDIEKI WANYOIKE,12674689,+25478601207,Wachira.wanyoike@gmail.com,1957-03-11,F,Nairobi,Westlands,Not Provided,"House 301, Kitisuru Street, Kiambu",2024-06-01,ACTIVE,Kakamega Youth Polytechnic,Graphics Design,Hospitality,Enrolled,Completed
VOC-000196,IRENE ATIENO MULANDI,90 535 106,+25476792616,Irene.mulandi@gmail.com,N/A,M,Not Provided,Limuru,Limuru East,"House 299, Tom Mboya Street, Lavington",NA,ACTIVE,Bomet Youth Polytechnic,Hairdressing,Digital,In Progress,Ongoing
VOC-000197,ONSONGO MARTHA GITAU,98504112,+25476910211,onsongo.gitau@yahoo.com,1989-11-09,F,Uasin Gishu,Kesses,Racecourse,"House 134, Karen Street, Kilimani",2024-12-28,INACTIVE,Nakuru Industrial Training Centre,ICT,Artisan,Completed,Certified
VOC-000198,KERUBO KENEI,35313782,+25472111659,keneikerubo@outlook.com,03-13-1982,FEMALE,Nakuru,Molo,Turi,"Plot 457, Ln 10, Karen",24-Nov-2025,I,Mombasa Technical Institute,Plumbing,HOSPITALITY,Dropped Out,Ongoing
VOC-000199,KINYA KENGA,89520411,+25471330621,Kinya61@yahoo.com,12/09/1975,F,Nakuru,Gilgil,Gilgil,"PLOT 297, LANE 9, RUIRU",02/05/2025,inactive,Kakamega Youth Polytechnic,Electrical,TECHNICAL,In Progress,Ongoing
VOC-000200,MUTHEU MWIRIGI MUNYAO,53952205,+25470767687,Mutheu.munyao@gmail.com,1979-11-20,M,Nyeri,Tetu,Aguthi/Gaaki,"House 278, Waiyaki Drive, Ruiru",12/04/2023,ACTIVE,Nairobi Vocational Training Centre,ICT,Digital,Enrolled,Certified
VOC-000201,MWANIA NDUINGE,87083341,+25471555856,mwania.ndunge@outlook.com,2004-01-28,F,Uasin Gishu,Ainabkoi,Racecourse,"House 217, Langata Drive, Ruiru",2024-08-24,INACTIVE,Nairobi Vocational Training Centre,Welding,Artisan,Enrolled,Completed
VOC-000202,DAVID KARIUKI CHERONO,12458919,+25475184687,David.cherono@gmail.com,1993-09-25,M,Kiambu,Ruiru,Kahawa Sukari,"House 107, Uhuru Road, Kikuyu",25/02/2024,ACTIVE,N/A,Plumbing,Artisan,Completed,Not Started
VOC-000203,WEKESA GLADYS MBAKA,89646079,+25473187963,wekesa.mbaka@gmail.com,1976-12-27,M,Kisumu,Kisumu West,South West Kisumu,"Plot 211, Lane 11, Kenyatta",14-May-2025,INACTIVE,Nairobi Vocational Training Centre,Carpentry,Artisan,Dropped Out,Certified
VOC-000204,KANAMPIU JANET,35270325,+25410892220,janet.kanampiu@gmail.com,1976-06-22,F,Kakamega County,Mumias East,Lusheya/Lubinu,"House 427, Kangundo Drive, Argwings Kodhek",2025-01-21,INACTIVE,Bomet Youth Polytechnic,ICT,Hospitality,Completed,Completed
VOC-000205,KEBASO KIPKOECH,51861437,+25471292104,kebaso.kipkoech@gmail.com,2000-11-16,M,Kakamega,Ikolomani,Idakho North,"House 39, Langata Street, Mugumo",05-Jan-2023,ACTIVE,Eldoret Polytechnic,Electrical,Technical,In Progress,Not Started
VOC-000206,MWENDE NYSAMBANE,37949530,+25411818051,M.nyambane@gmail.com,1961-04-21,male,Bungoma,Mt. Elgon,Kapkateny,"PLOT 12, LANE 20, LAVINGTON",02-05-2024,INACTIVE,Eldoret Polytechnic,Automotive,TECHNICAL,Enrolled,Certified
VOC-000207,JONATHAN MUTUA,63-296-865,+254 703 864 33,jonathan.mutua@yahoo.com,1950-04-09,M,Machakos,Kathiani,Kathiani Central,"House 416, Ngong Road Road, Thika Superhighway",08/01/2024,INACTIVE,Kakamega Youth Polytechnic,Electrical,Artisan,Completed,Ongoing
VOC-000208,KIMANI PAUL HASSAN,56675977,+25472983953,kimani.hassan@gmail.com,1994-03-15,M,Meru,Igembe Central,Akachiu,"Plot 344, Lane 18, Karen",05-02-2023,ACTIVE,Bomet Youth Polytechnic,Masonry,Digital,Enrolled,Completed
VOC-000209,ANN WANGECI KEMEI,33205321 ,+25411913253,Annkemei@gmail.com,20060225,FEMALE,Nakuru,Bahati,Dundori,Plot 270 Lane 8 Jogoo,09 Aug 2025,pending,Kitale Technical College,Tailoring,ARTISAN,Completed,Completed
VOC-000210,CHEPKORIR MUKHANA,47-452-871,+25411617067,chepkorir.mukhwana@hotmail.com,1986-10-15,F,Meru,North Imenti,Mweronkanga,"House 272, Jogoo Avenue, Waiyaki",14/03/2024,ACTIVE,Machakos Technical Institute,Hairdressing,Digital,Dropped Out,Ongoing
VOC-000211,MICAH KIPSANG NDUNGE,67009139,+25474496261,micah.ndunge@hotmail.com,1976-12-18,F,Nairobi,Dagoretti South,Uthiru,"House 355, Likoni Drive, Mugumo",20251004,INACTIVE,Nairobi Vocational Training Centre,Graphics Design,Digital,Enrolled,Certified
VOC-000212,KINYA ADOYO MUTUNE,25103503,+25410533672,Kinya.mutune@gmail.com,N/A,M,Nairobi,Dagoretti South,Ngando,"Plot 320, Lane 2, Juja",26-03-2024,ACTIVE,Kilifi Institute,Electrical,Technical,Enrolled,Ongoing
VOC-000213,KIOKO MUKHWANA KOROSS,43915764,+25471117318,kioko.koross@yahoo.com,2004-11-13,M,Kiambu,Limuru,Ndeiya,"Plot 478, Lane 3, Athi River",2025-02-21,INACTIVE,Nakuru Industrial Training Centre,Welding,Hospitality,Dropped Out,Certified
VOC-000214,OJWANG MATOKE,51-910-609,+25478845932,ojwang.matoke@gmail.com,1996-03-26,F,Kisumu,Seme,North Seme,"House 443, Garden Estate Avenue, Karen",2025-07-15,INACTIVE,Meru Vocational Centre,Electrical,Hospitality,Enrolled,Ongoing
VOC-000215,MARGARET KIHIKA,12346084,+25477550929,margaret.kihika@gmail.com,2005-05-09,M,Nairobi,Lang'ata,Nyayo Highrise,"Plot 409, Lane 16, Kilimani",27-Dec-2023,ACTIVE,Bomet Youth Polytechnic,Automotive,Technical,In Progress,Certified
VOC-000216,AWUOR WAIRIMU,15051770,+25476325340,awuor.wairimu@gmail.com,1988-07-02,M,Nairobi,Dagoretti North,Kileleshwa,"House 359, Jogoo Drive, Kiambu",19-May-2023,INACTIVE,Kisumu Youth Skills Centre,Automotive,Digital,Enrolled,Not Started
VOC-000217,OTIENO OGERO,11544791,+25473420663,otieno.ogero@gmail.com,1985-09-10,M,Kilifi,Kilifi South,Mwarakaya,"House 444, Westlands Avenue, Lavington",2023-07-29,ACTIVE,Kisumu Youth Skills Centre,Masonry,Hospitality,In Progress,Not Started
VOC-000218,WAITHERA FAITH HASSAN,90267569,+25471148085,waithera.hassan@gmail.com,1983-07-09,M,Nyeri,Othaya,Chinga,"House 108, Mombasa Road Drive, Kenyatta",09-05-2025,INACTIVE,Kilifi Institute,Graphics Design,Technical,Enrolled,Certified
VOC-000219,DEBORAH MUSILA,43247799,+25471676149,deborah.musila@gmail.com,1979-10-24,F,Kakamega,Mumias East,Malaha/Isongo/Masindi,"House 405, Jogoo Avenue, Kenyatta",15-02-2025,ACTIVE,Thika Technical Training Institute,Masonry,Hospitality,In Progress,Not Started
VOC-000220,NANJALA AWITI,44078615,+25476666672,Nanjala.awiti@hotmail.com,2005-12-18,M,Trans Nzoia,Kiminini,Nabiswa,"Plot 476, Lane 20, Kasarani",13/02/2024,INACTIVE,Thika Technical Training Institute,Automotive,Digital,In Progress,Certified
VOC-000221,MARK MORAA GICHURU,45 651 567,+25410179574,Mark.gichuru@gmail.com,2002-09-18,F,Machakos County,Matungulu,Matungulu East,"Plot 61, Lane 2, Kileleshwa",22-Apr-24,ACTIVE,Nakuru Industrial Training Centre,Carpentry,Digital,In Progress,Ongoing
VOC-000222,AWITI WAMBUGU,67667535,+25479572959,Awiti.wambugu@outlook.com,1972-12-13,M,Kisumu,Nyando,Kabonyo/Kanyagwal,"House 293, Thika Superhighway Drive, Kangundo",02/06/2024,ACTIVE,Eldoret Polytechnic,Automotive,Digital,In Progress,Certified
VOC-000223,TIMOTHY JONATHAN ODUYA,16007154,+25472248551,Timothy20@gmail.com,1969-07-22,Male,Kisumu,Nyakach,Central Nyakach,"Plot 14, Lane 1, Lavington",2023-08-28,Inactive,Meru Vocational Centre,Carpentry,DIGITAL,Dropped Out,Not Started
VOC-000224,WAMBUGU SARAH NEKESA,29206813,+25477426199,wambugu.nekesa@gmail.com,1968-05-11,M,Kiambu,Ruiru,Gatong'ora,"Plot 122, Lane 6, Kilimani",05-03-2025,ACTIVE,Thika Technical Training Institute,Carpentry,Hospitality,In Progress,Ongoing
VOC-000225,KERUBO AWITI,92850903,+25410476831,Kerubo.awiti@gmail.com,1999-11-25,M,Turkana,Turkana South,Kalamon,"House 278, Kangundo Drive, Moi Avenue",16-08-2023,INACTIVE,Machakos Technical Institute,Masonry,Artisan,In Progress,Certified
VOC-000226,MUEMA AKINYYI,64020132,+25476138657,Muema.akinyi@gmail.com,1984-05-27,F,MERU,North Imenti,Nkubu,"House 119, Kiambu Drive, Argwings Kodhek",06/08/2025,INACTIVE,Bomet Youth Polytechnic,Tailoring,Technical,Dropped Out,Completed
VOC-000227,KIPROTICH WAMBUGU,43795754,NA,Kiprotich.wambugu@hotmail.com,1970-04-25,M,Nairobi,Dagoretti North,Gatina,"Plot 82, Lane 14, Kenyatta",02 Jan 2023,ACTIVE,N/A,Automotive,Digital,In Progress,Ongoing
VOC-000228,ONDITI TIMOTHY MWIRIGI,74102579,+25473665465,onditi.mwirigi@outlook.com,1961-10-15,M,Kiambu,Kikuyu,Kinoo,"House 254, Westlands Drive, Athi River",14/04/2025,ACTIVE,Kitale Technical College,Masonry,Artisan,In Progress,Completed
VOC-000229,WANGECI GEORGE KIPRONO,10925764 ,+25475827696,wangeci.kiprono@yahoo.com,1987-03-21,M,Nairobi,Lang'ata,Mugumu-ini,"Plot 202, Lane 17, Lenana",10/01/2023,ACTIVE,Mombasa Technical Institute,Tailoring,Hospitality,Dropped Out,Not Started
VOC-000230,ALICE ATIENO ONSONGO,30981102,+25411119815,alice.onsongo@gmail.com,1988-03-26,F,Nyeri,Kieni,Mweiga,"House 225, Thika Road, Limuru",Not Provided,INACTIVE,Kilifi Institute,Automotive,Artisan,Completed,Completed
VOC-000231,MICAH WAITHERA,44505080,+25471952221,micah.waithera@outlook.com,2005-01-19,M,Mombasa,Nyali,Mkomani,"Plot 205, Lane 1, River Road",2025-12-29,INACTIVE,Nakuru Industrial Training Centre,Catering,Technical,Completed,Ongoing
VOC-000232,MICHAEL NGANGA,55540304,+25411496719,Michael.nganga@gmail.com,2004-06-09,F,MACHAKOS,MACHAKOS TOWN,MUTITUNI,"House 173, Kitisuru Street, Kitisuru",31-Jan-2025,ACTIVE,Nakuru Industrial Training Centre,Tailoring,Hospitality,Dropped Out,Not Started
VOC-000233,NABWIRE KIPROP MUSILA,82496804,+25476556535,Nabwire.musila@gmail.com,1994-03-09,M,Kilifi,Rabai,Rabai/Kisurutini,"Plot 64, Lane 13, Lavington",12-Sep-2024,INACTIVE,Nairobi Vocational Training Centre,Plumbing,Technical,Completed,Certified
VOC-000234,MWANIA MWANGI,28148594,+25410364202,Mwania.mwangi@hotmail.com,1986-01-01,F,Nyeri,NA,Mwiyogo/Endarasha,NA,2024-02-15,INACTIVE,NA,Plumbing,Hospitality,Dropped Out,Completed
VOC-000235,MOMANYI ONSONOG,43823840,+25478951881,Momanyi.onsongo@outlook.com,1984-12-05,F,Nakuru,Bahati,Kabatini,"Plot 425, Lane 15, Garden Estate",15/09/2023,INACTIVE,Mombasa Technical Institute,Plumbing,Hospitality,In Progress,Completed
VOC-000236,KHAEMBA EDWARD OMONDI,31525708,+25471994729,khaemba_omondi@gmail.com,1989-12-12,F,Kisumu,Muhoroni,Masogo/Nyang'oma,"PLOT 204, LANE 19, ARGWINGS KODHEK",2024-09-29,inactive,Thika Technical Training Institute,Graphics Design,HOSPITALITY,Completed,Not Started
VOC-000237,MARETE LOIS SENTEU,21394849,+25476998753,marete.senteu@gmail.com,1979-09-06,F,Nairobi,Kasarani,Ruai,"House 363, Kiambu Road Road, Jogoo",24/01/2025,INACTIVE,Thika Technical Training Institute,Carpentry,Artisan,Completed,Completed
VOC-000238,GRACE WANJALAA,97-108-374,+25410328073,grace.wanjala@yahoo.com,1978-08-11,F,Nyeri,Mukurweini,Rugi,"Plot 198, Lane 9, Limuru",2025-09-16,INACTIVE,Meru Vocational Centre,Metalwork,Digital,Completed,Certified
VOC-000239,BENJAMIN KINYA,11404682,+25476151353,Benjamin.kinya@outlook.com,1963-10-05,M,Kiambu,Limuru,Limuru East,"House 380, Westlands Avenue, Jogoo",09-Apr-2023,INACTIVE,Kisumu Youth Skills Centre,Hairdressing,Technical,Enrolled,Certified
VOC-000240,NASERIAN AUMA,77854979,+25472815418,naserian.auma@outlook.com,1951-06-11,M,Kisumu,Kisumu Central,Nyalenda 'B',"Plot 406, Lane 13, Kangundo",23-Aug-2023,ACTIVE,Meru Vocational Centre,Graphics Design,Artisan,Dropped Out,Ongoing
VOC-000241,KIPRONO LENGURO CHEBET,65925285,+25470449778,kiprono.chebet@yahoo.com,1976-02-19,F,Nakuru,Rongai,Mosop,"House 252, Kileleshwa Avenue, Moi Avenue",2024-01-26,INACTIVE,Kakamega Youth Polytechnic,Catering,Technical,In Progress,Completed
VOC-000242,KAMAU BARNABAS NGENO,78754356,+25410674529,Kamau.ngeno@outlook.com,1954-05-19,F,Kakamega,Shinyalu,Isukha West,"House 131, Likoni Avenue, Kasarani",29/01/2023,INACTIVE,Thika Technical Training Institute,Electrical,Hospitality,Enrolled,Certified
VOC-000243,NASIMIYU ANDREW WANJALA,70249712,+25476761475,Nasimiyu.wanjala@gmail.com,1963-08-23,F,Nairobi,Dagoretti North,Kilimani,"Plot 304, Lane 15, Mugumo",19-Nov-2023,INACTIVE,Kitale Technical College,Graphics Design,Digital,Enrolled,Ongoing
VOC-000244,PAUL MOHAMED,90836216,+25478717141,paul.mohamed@gmail.com,1978-12-09,F,Meru,Tigania East,Kiguchwa,"Plot 129, Lane 16, Kilimani",04/03/2024,INACTIVE,Kisumu Youth Skills Centre,Carpentry,Hospitality,Enrolled,Ongoing
VOC-000245,SYOMBUA MWAKIDEU,82679492,+25411529293,syombua.mwakideu@gmail.com,1980-02-28,M,Kilifi,Magarini,Garashi,"Plot 96, Lane 7, Argwings Kodhek",2023-01-07,INACTIVE,Machakos Technical Institute,Masonry,Artisan,Enrolled,Ongoing
VOC-000246,KANAMPIU WEKESA MOGAKA,34360444,+25476605915,kanampiu.mogaka@yahoo.com,1982-10-01,F,Mombasa,Jomvu,Miritini,"Plot 263, Lane 12, Ngong",03-Jun-2023,ACTIVE,Eldoret Polytechnic,Carpentry,Digital,Dropped Out,Completed
VOC-000247,MOGAKA ROBERT MOHAMED,29263249,Not Provided,Mogaka.mohamed@gmail.com,Not Provided,M,Kakamega,Lugari,Chekalini,NA,09-11-2023,ACTIVE,Nairobi Vocational Training Centre,ICT,Technical,In Progress,Completed
VOC-000248,MAINA AUMA,30487706,+25475922827,Maina.auma@outlook.com,1987-08-05,M,Meru,Igembe North,Antubetwe Kiongo,"Plot 73, Lane 16, Kileleshwa",2024-01-17,INACTIVE,Kitale Technical College,ICT,Technical,Completed,Certified
VOC-000249,EDWARD KIPNGETICH,71222108,+25476426266,Edward.kipngetich@gmail.com,NA,M,NA,Igembe North,Ntunene,"Plot 104, Lane 4, Kenyatta",03-Aug-2023,INACTIVE,Not Provided,Welding,Digital,Completed,Ongoing
VOC-000250,JUDY AGNES KIPROTICH,52057523,+25473534439,judy.kiprotich@gmail.com,1975-09-06,F,Nyeri,Nyeri Town,Kamakwa/Mukaro,"House 339, Ruaraka Drive, Karen",11 Jun 2025,INACTIVE,Thika Technical Training Institute,Graphics Design,Technical,In Progress,Completed
VOC-000251,MUKHWANA ONYANGO KEMEI,75566886,+25474801408,Mukhwana.kemei@yahoo.com,1998-04-18,M,Kisumu,Muhoroni,Chemelil,"House 143, Moi Avenue Road, Langata",2023-04-08,ACTIVE,Kakamega Youth Polytechnic,Carpentry,Hospitality,In Progress,Ongoing
VOC-000252,NDUNGE MBURU,84435339,+25476365809,Ndunge.mburu@yahoo.com,1955-05-08,F,Uasin Gishu,Ainabkoi,Kapsoya,"Plot 200, Lane 1, Outering",04/13/2023,ACTIVE,Eldoret Polytechnic,Automotive,Artisan,Completed,Not Started
VOC-000253,AMOS KIPKEMOI,80722730,0776.952.71,Amos.kipkemoi@gmail.com,1982-06-24,F,Nairobi,Lang'ata,Karen,"House 364, Karen Drive, Argwings Kodhek",2025-06-27,ACTIVE,Kitale Technical College,Metalwork,Digital,Enrolled,Certified
VOC-000254,WAMBUI MUTUNE,14558338,NA,N/A,1978-12-13,F,Meru,South Imenti,Igoji West,"Plot 82, Lane 15, Kilimani",20 Dec 2023,INACTIVE,Thika Technical Training Institute,Carpentry,Technical,In Progress,Certified
VOC-000255,"MUTINDA, KIPKEMOI",91989541,+25476640030,kipkemoi.mutinda@gmail.com,1960-03-16,M,Kakamega,Mumias East,Lusheya/Lubinu,"Plot 319, Lane 5, Mombasa Road",09/09/2025,ACTIVE,Bomet Youth Polytechnic,Automotive,Hospitality,Completed,Certified
VOC-000256,JUDITH GEORGE KARANJA,81 803 895,+25411176130,Judith.karanja@gmail.com,1969-12-05,M,Kiambu,Ruiru,Kahawa Sukari,"Plot 19, Lane 19, Kileleshwa",10/10/2023,ACTIVE,Eldoret Polytechnic,Electrical,Digital,In Progress,Not Started
VOC-000257,AGNES FLORA LUBANGA,83425325,+25470862890,Agneslubanga@gmail.com,1981-01-11,F,Bungoma,Kabuchai,West Nalondo,"House 365, Ruiru Drive, Argwings Kodhek",2025-01-15,INACTIVE,Nairobi Vocational Training Centre,Graphics Design,Artisan,Completed,Completed
VOC-000258,AGNES MUSAALIA,76597184,+25473230001,agnes.musalia@hotmail.com,1977-06-16,F,Kiambu,Ruiru,Kahawa Wendani,"Plot 448, Lane 17, Ngong",09-10-2025,INACTIVE,Nairobi Vocational Training Centre,Masonry,Digital,Enrolled,Certified
VOC-000259,ELIJAH ACHIENG KIPRONO,74964934,+25478302633,elijah.kiprono@gmail.com,1999-07-27,F,Kiambu,Kiambu,Riabai,"Plot 260, Lane 4, Ngong Road",23/11/2024,INACTIVE,Kisumu Youth Skills Centre,Masonry,Technical,Dropped Out,Certified
VOC-000260,GICHURU GITHUA,79805302,+25474689058,Gichuru.githua@hotmail.com,2001-02-07,F,Nakuru,Subukia,Waseges,"House 41, Lenana Avenue, Juja",19-Nov-24,ACTIVE,Eldoret Polytechnic,Plumbing,Artisan,In Progress,Certified
VOC-000261,NICHOLAS MUTISYA GITAU,94828438,+25475382795,nicholas.gitau@gmail.com,1998-01-09,F,Nairobi,Lang'ata,South C,"Plot 390, Lane 10, Limuru",12-Feb-23,ACTIVE,Thika Technical Training Institute,Tailoring,Artisan,Enrolled,Certified
VOC-000262,PATRICK WAFULA,79325387,+25476800265,p.w@gmail.com,27-Aug-1997,MALE,Nairobi,NA,Mugumu-ini,N/A,NA,I,Kakamega Youth Polytechnic,Tailoring,HOSPITALITY,In Progress,Ongoing
VOC-000263,KEVIN ONSONGO,67104460,25470813760,kevin.onsongo@gmail.com,1997-12-24,M,Mombasa,Likoni,Shika Adabu,"House 124, Thika Superhighway Street, Tom Mboya",2023-07-05,INACTIVE,Nairobi Vocational Training Centre,Hairdressing,Digital,In Progress,Not Started
VOC-000264,WAFULA NAMUKHULA MUSILA,83904042,+25475861239,Wafula@hotmail.com,16-09-1967,male,Nakuru,NA,Not Provided,Plot 278 Lane 1 Ngong Road,Not Provided,pending,Nairobi Vocational Training Centre,Tailoring,HOSPITALITY,Dropped Out,Certified
VOC-000265,GITONGA OJWANG,65253560,Not Provided,gitonga.ojwang@outlook.com,Not Provided,M,Kiambu,Kabete,Kabete,NA,02/09/2023,ACTIVE,Kilifi Institute,Automotive,Hospitality,Completed,Not Started
VOC-000266,MUTWIRI MUSILA,82351312,+25477240506,Mutwiri.musila@hotmail.com,2001-10-07,M,Meru,Tigania East,Muthara,"House 415, Kenyatta Road, Jogoo",05/17/2023,INACTIVE,Bomet Youth Polytechnic,Catering,Hospitality,In Progress,Completed
VOC-000267,CHEPNGENO MONICA OKELLO,86952622,+25471941267,chepngeno.okello@gmail.com,1966-07-15,M,Meru,North Imenti,Mweronkanga,Not Provided,N/A,INACTIVE,Kisumu Youth Skills Centre,Carpentry,Artisan,Enrolled,Certified
VOC-000268,MWANGI MWAKIDEU,83691032,+25475922480,mwangi.mwakideu@gmail.com,1970-01-06,F,Machakos,Kangundo,Kangundo East,"House 110, Ngong Street, Thika",01/07/2024,INACTIVE,Machakos Technical Institute,Catering,Hospitality,Completed,Certified
VOC-000269,NDUNGE BAYA,45463719,+25471339612,ndunge.baya@gmail.com,1955-10-15,F,Kisumu,Nyakach,Central Nyakach,"Plot 419, Lane 1, Waiyaki",04-01-2024,INACTIVE,Machakos Technical Institute,Masonry,Hospitality,In Progress,Certified
VOC-000270,GITHINJI MURIUKI NJERI,20074514,+25475811376,muriuki.githinji@gmail.com,1982-11-08,F,Kisumu,Muhoroni,Ombeyi,"Plot 300, Lane 4, Likoni",2024-04-08,INACTIVE,Nakuru Industrial Training Centre,Welding,Technical,Dropped Out,Ongoing
VOC-000271,WACHIRA CHEPKOECH MWANGOLO,54269149,+25476702553,wachira.mwangolo@gmail.com,1986-08-14,M,KAKAMEGA,MUMIAS EAST,EAST WANGA,"Plot 271, Lane 1, River Road",08-03-2024,INACTIVE,Kakamega Youth Polytechnic,Metalwork,Digital,Dropped Out,Not Started
VOC-000272,SYOMBUA ALEXANDER WABOMBA,68379988,+25474604086,Syombua.wabomba@gmail.com,1970-05-28,M,Nairobi,Lang'ata,Nyayo Highrise,"Plot 390, Lane 14, Limuru",29-08-2024,INACTIVE,Kitale Technical College,Electrical,Hospitality,Dropped Out,Completed
VOC-000273,BRIAN BETT,80852543,+25476104394,Brian.bett@outlook.com,1983-12-24,M,Machakos,Yatta,Ikombe,"Plot 104, Lane 7, Kilimani",20250817,ACTIVE,Kisumu Youth Skills Centre,Electrical,Digital,Enrolled,Not Started
VOC-000274,JONAH BTET,74650288,+25478747039,J.b@gmail.com,27-04-1986,F,Mombasa,Kisauni,Bamburi,"Plot 469, Lane 7, Athi River",09/03/2024,Active,Kisumu Youth Skills Centre,Automotive,HOSPITALITY,In Progress,Ongoing
VOC-000275,MARTHA LENGURO,85253501,+25476601294,Martha.lenguro@gmail.com,Not Provided,F,Machakos,NA,Ndalani,"Plot 322, Lane 14, Athi River",2025-12-19,INACTIVE,Thika Technical Training Institute,Plumbing,Artisan,Enrolled,Ongoing
VOC-000276,KINYUA CHERUIYOT,50113698,N/A,kinyua.cheruiyot@hotmail.com,1972-02-21,M,Not Provided,Matungu,Kholera,"House 13, Lavington Street, Ngong",2024-04-03,INACTIVE,N/A,Tailoring,Hospitality,Enrolled,Not Started
VOC-000277,OMBATI ANTHONY MWIRIGI,65767719,+25479393415,ombati.mwirigi@yahoo.com,2000-09-13,F,Kakamega,Lugari,Lugari,"House 278, Westlands Avenue, Kangundo",27/07/2023,INACTIVE,Kakamega Youth Polytechnic,Graphics Design,Digital,In Progress,Ongoing
VOC-000278,EDWARD KAWGE,62466791,+25479438647,Edward.kagwe@outlook.com,1990-05-10,M,Nakuru,Nakuru Town East,Kivumbini,"Plot 356, Lane 9, Kenyatta",08/01/2023,ACTIVE,Meru Vocational Centre,Welding,Hospitality,Enrolled,Completed
VOC-000279,AARON KAMOTHO,9036-2099,+25411158969,Aaron.kamotho@outlook.com,2000-02-14,M,Nairobi,N/A,Ruai,"Plot 428, Lane 7, Kangundo",03-07-2024,INACTIVE,Kisumu Youth Skills Centre,Tailoring,Artisan,Dropped Out,Completed
VOC-000280,ELIZABETH NDUNGE LUBANGA,38889586,+25410856610,elizabeth.lubanga@outlook.com,1983-07-25,M,Nakuru,Nakuru Town East,Flamingo,"Plot 47, Lane 20, Kiambu Road",21-Oct-25,ACTIVE,Kitale Technical College,Electrical,Hospitality,Enrolled,Completed
VOC-000281,ATIENO BRIAN CHEPNGENO,30823310,+25478256880,atieno.chepngeno@gmail.com,1962-02-13,M,Nyeri,Kieni,Thegu,"Plot 328, Lane 1, Outering",2023-01-03,ACTIVE,Kitale Technical College,Welding,Hospitality,In Progress,Completed
VOC-000282,AUMA MASINDE,Not Provided,+25476448813,Auma.masinde@hotmail.com,1997-03-15,M,Nairobi,Dagoretti North,Not Provided,"Plot 56, Lane 14, Ruaraka",05/11/2024,INACTIVE,Kilifi Institute,Carpentry,Technical,Enrolled,Not Started
VOC-000283,DENNIS OTULA,36135120,+25470932586,Dennis.otula@hotmail.com,1998-09-20,F,Nakuru,NakuruTownEast,Menengai,"House 60, Uhuru Drive, Outering",10/05/2023,ACTIVE,Nakuru Industrial Training Centre,Metalwork,Hospitality,Dropped Out,Completed
VOC-000284,MIRIAM MATOKE,11951278,+254 711-326-54,miriam.matoke@gmail.com,1998-12-06,F,Kisumu,Kisumu Central,Shauri Moyo,"Plot 161, Lane 7, Lavington",14-08-2023,INACTIVE,Machakos Technical Institute,Welding,Hospitality,Enrolled,Certified
VOC-000285,GATHONI ISAAC OMBATI,78380880,+25411400872,Gathoni.ombati@gmail.com,2001-09-10,F,Kakamega,Matungu,Koyonzo,"Plot 72, Lane 8, Karen",15-Sep-2024,ACTIVE,Kilifi Institute,ICT,Hospitality,In Progress,Not Started
VOC-000286,EZEKIEL MGAKA,24320131,+25470273575,ezekiel.mogaka@hotmail.com,1969-12-05,M,Bungoma,Sirisia,Namwela,"House 315, Ngong Road Road, Uhuru",08/08/2023,INACTIVE,Kakamega Youth Polytechnic,Carpentry,Digital,Enrolled,Not Started
VOC-000287,KIPKEMBOI KIPSANG,46207497,+25473611430,Kipkemboi.kipsang@yahoo.com,1990-09-16,M,Nairobi,Lang'ata,Karen,"Plot 441, Lane 11, Lenana",02 Feb 2024,ACTIVE,Kakamega Youth Polytechnic,Automotive,Hospitality,Completed,Ongoing
VOC-000288,MUKAMI ONSONGO KIOKO,49475426,+25471100056,mukami.kioko@outlook.com,1997-09-06,F,Kilifi,Rabai,Mwawesa,"Plot 46, Lane 19, Lenana",2023-05-11,ACTIVE,Nakuru Industrial Training Centre,Hairdressing,Technical,Enrolled,Certified
VOC-000289,MUENI KOROSS,76042903,+25471662975,Mueni.koross@gmail.com,1969-08-28,F,Nyeri,Othaya,Iria-ini,NA,07-Jun-24,ACTIVE,Kitale Technical College,Masonry,Technical,Dropped Out,Certified
VOC-000290,KEVIN  THOMAS  OJWANG,34210268,+25470106190,kevin.ojwang@yahoo.com,1983-03-07,M,Nairobi,Dagoretti North,Kawangware,"Plot 348, Lane 1, Karen",11-Jan-2025,INACTIVE,Nairobi Vocational Training Centre,Plumbing,Artisan,Enrolled,Certified
VOC-000291,WAIRIMU OSEBE,91 023 692,+25477606275,Wairimu.osebe@gmail.com,12/18/1971,female,Bungoma,Webuye East,Maraka,"plot 467, lane 6, kitisuru",04 Jul 2023,Inactive,Kilifi Institute,ICT,DIGITAL,In Progress,Not Started
VOC-000292,A. H. MASINDE,72-624-210,+25477479030,anna.masinde@yahoo.com,2002-01-09,F,Trans Nzoia,Cherangany,Motosi,"Plot 201, Lane 3, Mugumo",28-06-2023,INACTIVE,Kisumu Youth Skills Centre,Welding,Artisan,In Progress,Completed
VOC-000293,ESTHER MUEMA,13039386,+25474843635,Esther.muema@gmail.com,1995-03-11,M,Nakuru,Kuresoi South,Tinet,"Plot 45, Lane 7, Mugumo",20231120,ACTIVE,Machakos Technical Institute,Masonry,Technical,Completed,Certified
VOC-000294,DIANA CHEBET KETER,60556251,+25472459544,diana.keter@yahoo.com,1971-10-16,F,Turkana,Loima,Kotaruk/Lobei,"Plot 459, Lane 12, Thika",16-09-2025,INACTIVE,Nakuru Industrial Training Centre,Plumbing,Technical,Enrolled,Ongoing
VOC-000295,OPIYO GRACE AWUOR,4056-3463,+25472513839,opiyo.awuor@yahoo.com,1981-09-21,M,Nakuru,Molo,Turi,"Plot 272, Lane 9, Moi Avenue",20231231,ACTIVE,Kisumu Youth Skills Centre,Masonry,Digital,Enrolled,Certified
VOC-000296,BRENDA MOKUA,64247068,+25478405900,brenda.mokua@yahoo.com,1980-11-10,M,Nairobi,Dagoretti South,Ngando,"Plot 200, Lane 15, Juja",2024-12-28,INACTIVE,Nakuru Industrial Training Centre,Plumbing,Artisan,Dropped Out,Certified
VOC-000297,BEATRICE ADOYO KINYA,56502604,+25411648427,beatrice.kinya@gmail.com,1984-10-25,F,Trans Nzoia,Cherangany,Sitatunga,"Plot 475, Lane 16, Uhuru",07-04-2024,ACTIVE,Machakos Technical Institute,Carpentry,Artisan,Enrolled,Certified
VOC-000298,DANIEL ONDITI GACHERU,18-537-725,254 799 641 17,daniel.gacheru@gmail.com,1965-02-19,F,Bomet,Chepalungu,Kongasis,"Plot 232, Lane 12, Lenana",13-02-2023,ACTIVE,Kilifi Institute,ICT,Technical,Enrolled,Completed
VOC-000299,SYOKAU MUNYAO,70204171,+25477201218,syokau.munyao@yahoo.com,1952-02-19,M,Uasin Gishu,Turbo,Huruma,"House 195, Parklands Drive, Ruaraka",05-16-2023,INACTIVE,Nairobi Vocational Training Centre,Plumbing,Artisan,Dropped Out,Certified
VOC-000300,BENJAMIN CHEPKWUNY,61846177,+25472818178,benjamin.chepkwony@gmail.com,1993-02-06,F,Bungoma,Kanduyi,Marakaru/Tuuti,"Plot 419, Lane 18, Kilimani",25-May-2024,INACTIVE,Meru Vocational Centre,Metalwork,Hospitality,Dropped Out,Ongoing
VOC-000301,ANN WAMBIU,31225952,+25411772104,a.wambui@gmail.com,1980-12-16,M,Nyeri,Othaya,Ngaru,"Plot 290, Lane 12, Outering",04/15/2025,INACTIVE,Nairobi Vocational Training Centre,Carpentry,Digital,Completed,Completed
VOC-000302,"NYAMBANE, JONATHAN",99571805,+25477888356,Jonathan.nyambane@outlook.com,1986-12-14,F,NA,Butere,Marama South,"Plot 288, Lane 1, Lavington",20250522,ACTIVE,Nakuru Industrial Training Centre,Hairdressing,Digital,In Progress,Not Started
VOC-000303,HARUN MITEI,90237609,+25479978644,harun.mitei@gmail.com,1974-11-08,M,Bungoma,N/A,Bumula,"Plot 371, Lane 15, Ngong",27/09/2025,INACTIVE,Kitale Technical College,Graphics Design,Hospitality,In Progress,Completed
VOC-000304,DENNIS ONGERI,30039564,+25471447269,dennis.ongeri@gmail.com,2005-12-18,F,Kiambu,Githunguri,Githiga,"House 208, Ruaraka Drive, Kiambu Road",29/03/2025,ACTIVE,Bomet Youth Polytechnic,Catering,Hospitality,Dropped Out,Ongoing
VOC-000305,FLORA LESHAN NDEGWA,71587674,+25411368891,flora.ndegwa@outlook.com,1991-12-08,F,Nairobi,Westlands,Kitisuru,"House 109, Argwings Kodhek Street, Garden Estate",16-Oct-24,INACTIVE,Eldoret Polytechnic,Catering,Hospitality,Completed,Ongoing
VOC-000306,"KIPKEMOI, MARETE",70351700,+25411828823,marete.kipkemoi@hotmail.com,1959-07-20,M,Machakos County,Mavoko,Kinanie,"Plot 94, Lane 10, Kangundo",23/05/2025,ACTIVE,Kakamega Youth Polytechnic,Metalwork,Artisan,In Progress,Not Started
VOC-000307,BARNABAS NALIAKA,74220011,Not Provided,Barnabas.naliaka@gmail.com,N/A,F,Not Provided,Turkana West,Lopur,"Plot 325, Lane 20, Kitisuru",14 Jan 2025,ACTIVE,Kitale Technical College,Metalwork,Artisan,In Progress,Ongoing
VOC-000308,JEREMIAH MWENDWA,95500978,+25410958177,jeremiah.mwendwa@gmail.com,1997-08-07,F,Kiambu,Limuru,Bibirioni,"Plot 130, Lane 3, Kikuyu",06-Nov-24,ACTIVE,Mombasa Technical Institute,Catering,Digital,Dropped Out,Certified
VOC-000309,SYOMBUA KENGA,41874244,+25475154391,syombua.kenga@yahoo.com,1978-06-25,F,Turkana,Loima,Loima,"House 16, Athi River Street, Lavington",25-11-2023,INACTIVE,Kakamega Youth Polytechnic,Carpentry,Digital,In Progress,Certified
VOC-000310,KAGENDO WANJOHI,33053150,+25411531941,kagendo.wanjohi@gmail.com,1998-12-08,F,Machakos,Kangundo,Kangundo Central,"House 224, River Road Avenue, Limuru",31/08/2024,INACTIVE,Nairobi Vocational Training Centre,Tailoring,Technical,Dropped Out,Completed
VOC-000311,MUNYAO OKELLO KINYUA,5252-4395,+25476712157,Munyao.kinyua@gmail.com,1968-06-24,M,Machakos,Matungulu,Matungulu West,"House 7, Lenana Street, Westlands",2025-09-15,ACTIVE,Kitale Technical College,Masonry,Digital,Enrolled,Not Started
VOC-000312,HANNAH MUEMA,92720952,+25477526717,Hannah.muema@gmail.com,1986-10-13,M,Kisumu,Nyakach,South West Nyakach,"Plot 35, Lane 15, Kasarani",28-Oct-25,ACTIVE,Kisumu Youth Skills Centre,Hairdressing,Hospitality,Completed,Certified
VOC-000313,KANANA KARIUKI,30869686,+25410232506,Kanana.kariuki@gmail.com,1971-12-21,M,Turkana,Turkana East,Katilia,"Plot 94, Lane 12, Athi River",05/07/2024,INACTIVE,Machakos Technical Institute,Tailoring,Artisan,Completed,Not Started
VOC-000314,VICTOR KILONZO,82462154,+25473215343,Victor.kilonzo@gmail.com,1961-10-16,F,Mombasa,Kisauni,Bamburi,"House 269, Uhuru Street, Kenyatta",2023-06-20,INACTIVE,Thika Technical Training Institute,Hairdressing,Digital,Completed,Ongoing
VOC-000315,VINCENT CHEPKWONY,37119826,+25411830207,Vincent.chepkwony@yahoo.com,1976-03-27,F,Kilifi,Ganze,Ganze,"Plot 355, Lane 13, Ngong Road",24-06-2025,ACTIVE,Eldoret Polytechnic,Catering,Hospitality,Enrolled,Ongoing
VOC-000316,BARNABAS ONSONGO,65413506,+25411359754,Barnabas.onsongo@yahoo.com,1991-08-03,F,Uasin Gishu,Kapseret,Ngeria,"House 445, Argwings Kodhek Road, Westlands",2025-08-14,INACTIVE,Kisumu Youth Skills Centre,Hairdressing,Artisan,Enrolled,Completed
VOC-000317,KIPNGETICH AWINO GICHUKI,87-876-113,+25472588710,kipngetich.gichuki@outlook.com,1959-04-21,M,Kakamega,Shinyalu,Isukha Central,"Plot 39, Lane 10, Tom Mboya",10-Jul-24,INACTIVE,Kakamega Youth Polytechnic,Graphics Design,Artisan,In Progress,Certified
VOC-000318,MWANGI AKINYI NALIAKA,47-959-633,+25477320919,mwangi.naliaka@outlook.com,1987-09-18,F,Kilifi,Kaloleni,Kayafungo,"Plot 83, Lane 17, Langata",2023-08-15,INACTIVE,Eldoret Polytechnic,Metalwork,Artisan,Completed,Not Started
VOC-000319,NYAMBANE MOGAKA CHEPKORIR,98126574,+25479444643,Not Provided,1997-10-22,M,Bungoma,Webuye East,N/A,"Plot 41, Lane 18, Karen",2024-05-15,ACTIVE,Mombasa Technical Institute,Carpentry,Hospitality,Enrolled,Certified
VOC-000320,ODHIAMBO KORIR,99635309,+25476887488,odhiambo.korir@hotmail.com,1986-02-07,F,MACHAKOS,KATHIANI,MITABONI,"House 18, Kiambu Drive, Argwings Kodhek",08/05/2025,ACTIVE,Machakos Technical Institute,Carpentry,Artisan,Completed,Completed
VOC-000321,GLADYS VERONICA WAIRIMU,78053602,+25471303595,G.wairimu@gmail.com,27/02/1995,F,NAIROBI,WESTLANDS,PARKLANDS,Plot368Lane12Kasarani,03 Dec 2025,active,Kakamega Youth Polytechnic,Catering,TECHNICAL,Completed,Ongoing
VOC-000322,MIRIAM NJUGUNA MWAURA,25214279,+25471804751,miriam.mwaura@gmail.com,N/A,M,Bomet,Sotik,Rongena/Manaret,"House 126, Limuru Drive, Kitisuru",2025-05-28,INACTIVE,Nairobi Vocational Training Centre,Automotive,Technical,Enrolled,Completed
VOC-000323,MWIKALI KIPKORIR AWINO,79932036,+25478258828,Mawino@gmail.com,04-Aug-83,F,Kiambu,Kikuyu,Sigona,"House 308, Tom Mboya Avenue, Likoni",20-04-2024,active,Kilifi Institute,Metalwork,ARTISAN,In Progress,Completed
VOC-000324,AWITI KIPROTICH,12946241,+25471352455,Awiti.kiprotich@gmail.com,1983-09-28,F,Nakuru,Naivasha,Hells Gate,"House 480, Kasarani Road, Westlands",2023-06-10,ACTIVE,Meru Vocational Centre,Tailoring,Hospitality,In Progress,Completed
VOC-000325,WANGARI AWUOR,98638560 ,NA,Wangari.awuor@gmail.com,1999-06-21,M,Nairobi,Not Provided,Kangemi,"House 88, Argwings Kodhek Avenue, Tom Mboya",10/24/2023,N/A,Nairobi Vocational Training Centre,Electrical,Hospitality,Completed,Certified
VOC-000326,ESTHER KEBASO,49320205,N/A,esther.kebaso@hotmail.com,1981-07-08,F,Kiambu,Kikuyu,Kikuyu,"Plot 457, Lane 14, Kasarani",2024-09-11,N/A,Eldoret Polytechnic,Graphics Design,Digital,In Progress,Not Started
VOC-000327,CHARITY SAMUEL JEBET,65673607,+25472324305,charity.jebet@gmail.com,1999-05-23,F,Turkana,Turkana North,Kaeris,"Plot 132, Lane 12, Tom Mboya",31-Oct-24,INACTIVE,Meru Vocational Centre,Automotive,Artisan,Dropped Out,Ongoing
VOC-000328,KIPROTICH WAMALWA,Not Provided,+25475842479,kiprotich.wamalwa@yahoo.com,1994-08-14,M,Mombasa,Nyali,Ziwa la Ng'ombe,"House 102, Kenyatta Avenue, Kikuyu",2024-09-24,ACTIVE,Mombasa Technical Institute,Welding,Hospitality,Dropped Out,Certified
VOC-000329,CHEPKOECH OWUOR NYAMBANE,63547436,+25470908237,chepkoech.nyambane@yahoo.com,1962-08-03,F,Kakamega,Khwisero,Kisa East,"House 123, Argwings Kodhek Drive, Jogoo",NA,INACTIVE,Kakamega Youth Polytechnic,Masonry,Technical,Enrolled,Certified
VOC-000330,SARAH ZECHARIAH MURIUKI,78083554,+25472491085,Sarah.muriuki@yahoo.com,1953-03-25,M,Meru,Igembe North,Naathu,"House 414, Limuru Road, Kiambu Road",2023-03-31,INACTIVE,Kitale Technical College,Catering,Digital,Enrolled,Certified
VOC-000331,CHEROTICH KKAEMBA,56180341,+25471636604,N/A,1967-07-04,F,Kilifi,Rabai,Mwawesa,"Plot 471, Lane 11, Ruaraka",28 Oct 2024,ACTIVE,Eldoret Polytechnic,Plumbing,Digital,In Progress,Not Started
VOC-000332,MASINDE KOROSS,32625303,+25474908787,Masinde.koross@gmail.com,1985-08-05,F,Uasin Gishu,Soy,Kapkures,"Plot 193, Lane 7, Ngong",22-Aug-25,ACTIVE,Nakuru Industrial Training Centre,Tailoring,Hospitality,Dropped Out,Not Started
VOC-000333,RACHEL MBAKA,50468810,+25470693151,Rachel.mbaka@gmail.com,1958-05-14,F,Uasin Gishu,Moiben,Kimumu,"Plot 357, Lane 3, Ruiru",27-Mar-2025,ACTIVE,Machakos Technical Institute,Welding,Artisan,In Progress,Completed
VOC-000334,NAMUKHULA KIPCHIRCHIR,Not Provided,+25411625394,namukhula.kipchirchir@outlook.com,1990-05-23,F,Bomet,Bomet Central,Silibwet Township,"House 84, Garden Estate Avenue, Juja",28-Mar-2025,INACTIVE,Meru Vocational Centre,Graphics Design,Hospitality,Completed,Completed
VOC-000335,JOY ANDREW MWAKIDEU,77699065,+25471413801,joy.mwakideu@yahoo.com,1985-03-06,M,Kilifi,Malindi,Jilore,"Plot 263, Lane 19, Karen",22-Jan-2025,ACTIVE,Thika Technical Training Institute,Automotive,Artisan,Enrolled,Not Started
VOC-000336,KAGENDO MBAKA,98498817,+25473181239,Kagendo.mbaka@yahoo.com,1993-03-09,F,N/A,Kisumu West,West Kisumu,"House 414, Ngong Road Drive, Jogoo",20230827,INACTIVE,Eldoret Polytechnic,Electrical,Artisan,In Progress,Ongoing
VOC-000337,BRIAN CHEPKWONY,89760817,+25471931896,Brian.chepkwony@yahoo.com,1980-02-03,F,Nairobi,Dagoretti South,Mutuini,"House 72, Kileleshwa Avenue, Ruaraka",05-03-2025,INACTIVE,Bomet Youth Polytechnic,Graphics Design,Digital,In Progress,Certified
VOC-000338,ONDIEKI RACHEL,13465323,+25478300013,Rondieki@gmail.com,1976-04-24,M,Nairobi,Kasarani,Mwiki,"House 172, Kikuyu Road, Lenana",03/16/2025,INACTIVE,Kisumu Youth Skills Centre,Carpentry,Hospitality,Completed,Completed
VOC-000339,BRIDGET TOWETT,84286913,+25411302020,Bridget.towett@hotmail.com,1968-10-11,M,Mombasa,Kisauni,Mtopanga,"Plot 77, Lane 19, Kangundo",2023-09-09,INACTIVE,Bomet Youth Polytechnic,Catering,Hospitality,Enrolled,Certified
VOC-000340,CHEPKORIR MITEI,10 523 681,+25411314075,Miteichepkorir@gmail.com,14/01/1990,female,Kiambu,Lari,Kinale,House 328 Tom Mboya Street Juja,22-Aug-2025,ACTIVE,Kakamega Youth Polytechnic,Automotive,DIGITAL,Enrolled,Completed
VOC-000341,SYOKAU WAFULA NJOROGE,28774471,+25473710405,syokau.njoroge@gmail.com,1977-07-20,M,Kiambu,Ruiru,Kahawa Sukari,"House 182, Kiambu Road, Garden Estate",2024-10-03,ACTIVE,Eldoret Polytechnic,Metalwork,Artisan,Dropped Out,Ongoing
VOC-000342,NJOROGE ACHIENG GAKII,57471125,+25411508656,achieng.njoroge@gmail.com,2000-03-15,M,Nakuru,Gilgil,Malewa West,"Plot 372, Lane 8, Athi River",2025-05-28,ACTIVE,NA,Metalwork,Hospitality,Enrolled,Ongoing
VOC-000343,CHEPKORIR KEMUNTO, 59498486,+25471411991,kemunto.chepkorir@hotmail.com,1967-05-02,Female,Nairobi,Kibra,Sarang'ombe,"plot 223, lane 9, ngong road",12-Jun-2024,inactive,Bomet Youth Polytechnic,Carpentry,DIGITAL,Dropped Out,Certified
VOC-000344,LEAH BARASA,33516421,+254 778-474-17,Leah.barasa@hotmail.com,1982-01-07,F,Kisumu,Seme,Central Seme,"Plot 408, Lane 15, Moi Avenue",20/08/2024,ACTIVE,Eldoret Polytechnic,Masonry,Technical,Enrolled,Not Started
VOC-000345,LOIS LENGURO,40578723,+25411707345,lois.lenguro@yahoo.com,1996-01-26,M,Meru,Igembe South,Athiru Gaiti,"House 400, Kiambu Drive, Ruaraka",2023-09-23,ACTIVE,Nakuru Industrial Training Centre,Catering,Artisan,Enrolled,Not Started
VOC-000346,MWENDE ONYANGO AWITI,90170142,254 105 835 71,Mwende.awiti@gmail.com,2001-11-09,F,Uasin Gishu,Moiben,Sergoit,"House 183, Mugumo Avenue, Kenyatta",13/06/2024,INACTIVE,Mombasa Technical Institute,ICT,Hospitality,In Progress,Not Started
VOC-000347,KIPCHUMBA SIMIYU,83116783,+25479113196,kipchumba.simiyu@gmail.com,1969-04-16,F,Kisumu,Kisumu East,Kajulu,"House 268, Kasarani Street, Uhuru",07-May-2023,ACTIVE,Eldoret Polytechnic,Carpentry,Digital,Dropped Out,Not Started
VOC-000348,KAMAU NJOROGE ATIENO,38410379,+25410698390,Kamau.atieno@gmail.com,1964-05-05,F,Nakuru,Kuresoi South,Keringet,"Plot 397, Lane 18, Moi Avenue",04/07/2025,INACTIVE,Nairobi Vocational Training Centre,Hairdressing,Hospitality,Enrolled,Not Started
VOC-000349,ADHIAMBO ISAIAH KASINA,97956703,+25411740758,Adhiambo.kasina@gmail.com,1980-11-11,F,Nakuru,Subukia,Subukia,"House 367, Kenyatta Avenue, Ruiru",20240729,INACTIVE,Eldoret Polytechnic,Catering,Technical,In Progress,Certified
VOC-000350,KIPROTICH SIMON KOECH,84 262 472,+25471629241,Kkoech@yahoo.com,07-09-1992,MALE,Nairobi,Kasarani,Mwiki,"house 376, kitisuru street, ngong",20240331,active,Kilifi Institute,Tailoring,ARTISAN,Completed,Ongoing
VOC-000351,NASERIAN BETT,19178028,+25479847582,N/A,1999-06-12,M,NA,Changamwe,Airport,"House 89, Uhuru Street, Langata",2023-11-13,INACTIVE,Not Provided,Electrical,Hospitality,In Progress,Not Started
VOC-000352,CAROLINE MUTHOKA,47767869,0703.780.17,caroline.muthoka@hotmail.com,2005-07-15,F,Nakuru,Kuresoi South,Tinet,"Plot 313, Lane 16, Kileleshwa",2023-07-29,INACTIVE,Thika Technical Training Institute,Catering,Technical,Enrolled,Not Started
VOC-000353,GRACE MUTWIRI,81393856,+25478513332,Grace.mutwiri@outlook.com,1969-03-15,M,Bungoma,Kanduyi,West Sang'alo,"Plot 194, Lane 1, Uhuru",01-Jul-2025,ACTIVE,Thika Technical Training Institute,ICT,Digital,Dropped Out,Completed
VOC-000354,MARTIN MARY ONDIEKI,34914143,+25471530846,martin.ondieki@gmail.com,1997-11-09,F,Meru,Tigania East,Muthara,"House 223, Kitisuru Avenue, Juja",25-Dec-2025,ACTIVE,Kakamega Youth Polytechnic,Hairdressing,Artisan,Dropped Out,Certified
VOC-000355,M. H. KIPKOECH,40676127,+25470872321,Mutua.kipkoech@gmail.com,1968-08-05,F,Nakuru,NA,Keringet,"Plot 68, Lane 16, Kitisuru",11-02-2025,INACTIVE,Kisumu Youth Skills Centre,Metalwork,Digital,In Progress,Certified
VOC-000356,AMOS OTIENO,64128162,+25476629146,amos.otieno@gmail.com,1999-01-22,F,NA,Molo,Molo,"House 108, Juja Road, Outering",19/12/2024,N/A,Kilifi Institute,Graphics Design,Artisan,Enrolled,Certified
VOC-000357,BOSIBORI WAIHERA,25687218,+25473964743,Bosibori.waithera@yahoo.com,1984-12-03,M,KISUMU,SEME,WEST SEME,"House 316, Kangundo Road, Mugumo",2023-08-16,INACTIVE,Kisumu Youth Skills Centre,ICT,Digital,Completed,Completed
VOC-000358,OKELLO ONDITI MUTISYA,10580409,+25471240659,Okello.mutisya@gmail.com,1999-01-04,F,Mombasa,Jomvu,Jomvu Kuu,"Plot 455, Lane 3, Kitisuru",22 Dec 2023,ACTIVE,Eldoret Polytechnic,ICT,Technical,Dropped Out,Ongoing
VOC-000359,KIPKORIR GITHINJI,99606240,+25411300903,Kipkorir_githinji@yahoo.com,1999-01-13,M,Nairobi,Dagoretti North,Kawangware,"HOUSE 188, OUTERING AVENUE, OUTERING",2023-05-16,Pending,Machakos Technical Institute,Catering,HOSPITALITY,In Progress,Ongoing
VOC-000360,HANNAH JEPCHUMBA MWAMBURI,90611355,+25476264708,hannah.mwamburi@hotmail.com,1981-12-01,F,Machakos,Machakos Town,Mutituni,"House 354, Langata Drive, Kikuyu",24-Jun-2025,INACTIVE,Kakamega Youth Polytechnic,Carpentry,Hospitality,In Progress,Not Started
VOC-000361,ELIJAH KAGENDO LUBANGA,94515323,+25411877990,elijah@gmail.com,08/03/1991,MALE,Nakuru,Molo,Elburgon,"Plot 47, Ln 20, Limuru",02-10-2025,ACTIVE,Kisumu Youth Skills Centre,Masonry,HOSPITALITY,In Progress,Certified
VOC-000362,KIPSANG KWAMBOKA MUNYORI,99899818,+25474898754,Kipsang.munyori@gmail.com,2005-04-13,M,Kiambu,Githunguri,Githiga,"Plot 401, Lane 6, Kangundo",2024-10-25,INACTIVE,Thika Technical Training Institute,Automotive,Hospitality,Enrolled,Ongoing
VOC-000363,IRENE RONALD KAIMENYI,27627784,+25470453266,Irene.kaimenyi@outlook.com,1983-03-17,F,Nairobi,Lang'ata,Karen,"House 173, Thika Superhighway Street, Moi Avenue",2024-01-19,ACTIVE,Mombasa Technical Institute,Metalwork,Hospitality,Dropped Out,Not Started
VOC-000364,BENJAMIN CHEPKIRURI,19576043,+25478109107,NA,2006-04-26,F,Mombasa,Changamwe,Airport,Not Provided,20250223,ACTIVE,Kilifi Institute,ICT,Artisan,Enrolled,Completed
VOC-000365,KANGOGO AUMA,24651096,+25411155161,auma.kangogo@gmail.com,1990-08-13,F,Turkana,Turkana South,Lobokat,"House 369, Ngong Avenue, Thika",14-06-2023,ACTIVE,Kisumu Youth Skills Centre,Catering,Hospitality,Dropped Out,Completed
VOC-000366,RIMBERIA TERESA ATIENO,12842173,+25472766776,Rimberia_atieno@outlook.com,03-Aug-81,male,Turkana,Loima,Loima,"Plot 207, Lane 11, Ngong Road",08/12/2025,Active,Thika Technical Training Institute,Catering,TECHNICAL,Completed,Not Started
VOC-000367,MWANGI KERUBO AWUOR,48332001,+25411884796,mwangi.awuor@hotmail.com,1989-12-03,F,Nairobi,Westlands,Parklands,"House 13, Kangundo Street, Karen",15-Aug-2023,ACTIVE,Kilifi Institute,Electrical,Artisan,In Progress,Not Started
VOC-000368,MURIUKI SIMIYU,28865768,+25472200692,muriuki.simiyu@gmail.com,1992-05-25,F,Kisumu,Muhoroni,Ombeyi,"Plot 340, Lane 5, Kilimani",06-08-2024,ACTIVE,Machakos Technical Institute,Hairdressing,Technical,In Progress,Completed
VOC-000369,NAFULA LENGURO,19272837,+25411551673,Nafula.lenguro@yahoo.com,2003-10-11,M,Nakuru,Rongai,Menengai West,"House 106, Moi Avenue Street, Ruaraka",14-May-25,INACTIVE,Meru Vocational Centre,Masonry,Technical,Dropped Out,Not Started
VOC-000370,KIPKOECH NALIAKA,64630096,+25411966992,kipkoech.naliaka@yahoo.com,1970-05-25,F,Meru,North Imenti,Mweronkanga,"House 36, Kenyatta Street, Mugumo",24/04/2025,INACTIVE,Kilifi Institute,Graphics Design,Digital,In Progress,Ongoing
VOC-000371,KEVIN MUNYORI,91899417,+25470681581,NA,1983-12-13,F,Uasin Gishu,Turbo,Not Provided,"House 327, Kiambu Avenue, Kasarani",NA,INACTIVE,Bomet Youth Polytechnic,Masonry,Digital,Dropped Out,Certified
VOC-000372,CYNTHIA KOECH,42008485,254 744 530 28,Cynthia.koech@yahoo.com,2005-02-08,F,Nakuru,Naivasha,Hells Gate,"Plot 144, Lane 7, Kikuyu",15 Nov 2024,INACTIVE,Mombasa Technical Institute,Tailoring,Hospitality,In Progress,Completed
VOC-000373,CHEBET MOMANYI,12919231,+25477948530,chebet.momanyi@yahoo.com,1985-12-13,F,Mombasa,Jomvu,Miritini,"House 248, Lenana Avenue, Ngong Road",2023-05-12,ACTIVE,Machakos Technical Institute,ICT,Digital,Dropped Out,Not Started
VOC-000374,MUGO MBURU,11658959,+25411810859,Mugo.mburu@yahoo.com,1983-04-22,F,Nyeri,Mukurweini,Githi,"House 339, Kileleshwa Drive, Uhuru",16 Oct 2025,ACTIVE,Kitale Technical College,Catering,Technical,Enrolled,Ongoing
VOC-000375,AWITI MWIRIGI MCHARO,25132415 ,+25473897378,awiti.mcharo@gmail.com,2001-05-26,F,Nyeri,Kieni,Gatarakwa,"House 302, Kiambu Road Street, Lenana",06/09/2023,ACTIVE,Thika Technical Training Institute,Catering,Artisan,In Progress,Certified
VOC-000376,GICHURU OKELLO,7670-3346,+25478768075,Gichuruokello@gmail.com,05/14/1992,Female,Trans Nzoia,Saboti,Machewa,House338WaiyakiDriveParklands,01/25/2024,A,Kilifi Institute,Carpentry,HOSPITALITY,In Progress,Not Started
VOC-000377,NYABOKE KIPKORIR,23337370,+25476116887,Kipkorirnyaboke@yahoo.com,19-09-1981,male,Mombasa,Kisauni,Mjambere,"House 137, Karen Drive, Karen",25-Apr-2023,Pending,Kakamega Youth Polytechnic,Welding,ARTISAN,Dropped Out,Ongoing
VOC-000378,MURIUKI CHERUIYOT,39155667,+25411696678,muriuki.cheruiyot@yahoo.com,1977-06-11,F,Kilifi,Rabai,Kambe/Ribe,"Plot 315, Lane 5, Ngong",18/06/2023,ACTIVE,Nakuru Industrial Training Centre,Catering,Hospitality,Dropped Out,Certified
VOC-000379,NICHOLAS KAMOTHO,45555324,+25410237967,nicholas.kamotho@yahoo.com,1982-11-20,F,Nyeri,Kieni,Naromoru/Kiamathaga,"Plot 287, Lane 15, Tom Mboya",11/17/2024,INACTIVE,Nairobi Vocational Training Centre,Masonry,Digital,Dropped Out,Ongoing
VOC-000380,GAKUNYI MARGARET MCHARO,46793365,+25479798993,gakunyi.mcharo@yahoo.com,1998-07-09,M,Nairobi,Dagoretti South,Riruta,"House 302, Ruiru Road, Thika Superhighway",23/02/2024,ACTIVE,Kitale Technical College,Masonry,Hospitality,In Progress,Certified
VOC-000381,ADHIAMBO WANJALA,66741018,+25411342665,adhiambo.wanjala@gmail.com,1995-02-12,M,Kilifi,Rabai,Mwawesa,"House 132, Thika Road, Westlands",02-27-2025,INACTIVE,Bomet Youth Polytechnic,Masonry,Artisan,Enrolled,Completed
VOC-000382,RONO KIPKEMOI,27554482,+25471948338,kipkemoi.rono@gmail.com,1974-04-02,F,UASIN GISHU,NA,Racecourse,Not Provided,2024-02-02,ACTIVE,Thika Technical Training Institute,Carpentry,Technical,Enrolled,Certified
VOC-000383,ONYANGO ALLAN BAYA,17-773-636,+25472447398,onyango.baya@hotmail.com,2006-12-08,M,NA,Matungulu,Kyeleni,"Plot 304, Lane 1, Juja",04/28/2023,ACTIVE,Kitale Technical College,Catering,Hospitality,Completed,Ongoing
VOC-000384,MOKUA WAMBUGU,84513202,010 762 219,Mokua82@outlook.com,10-Jul-2003,Female,Kiambu,Githunguri,Githunguri,"Plot 446, Ln 13, Limuru",18-Nov-24,pending,Bomet Youth Polytechnic,Plumbing,HOSPITALITY,Dropped Out,Not Started
VOC-000385,SAMUEL MATTHEW WANDERA,11662570,+25478806334,Samuel.wandera@gmail.com,2003-07-26,F,Mombasa,Nyali,Kongowea,"House 70, Tom Mboya Avenue, Garden Estate",10-Mar-2023,INACTIVE,Kakamega Youth Polytechnic,Catering,Hospitality,Dropped Out,Ongoing
VOC-000386,ELIZABETH KENGA,7369-8335,+25474252200,elizabeth.kenga@yahoo.com,1977-08-13,M,Machakos,Yatta,Ndalani,"Plot 327, Lane 14, Kasarani",05/03/2023,ACTIVE,Kisumu Youth Skills Centre,Carpentry,Hospitality,Dropped Out,Ongoing
VOC-000387,ISAIAH K. ONDIEKI,89761155,+25410984042,iondieki@outlook.com,10/11/1974,M,Kakamega,Shinyalu,Isukha Central,"PLOT 432, LANE 16, KIAMBU",08-09-2023,Active,Thika Technical Training Institute,Metalwork,DIGITAL,In Progress,Ongoing
VOC-000388,KIMEU LANGAT,98519805,+254 722 108 68,Kimeu.langat@outlook.com,1993-09-18,F,Meru,South Imenti,Igoji East,"Plot 30, Lane 3, Argwings Kodhek",01-01-2024,ACTIVE,Bomet Youth Polytechnic,ICT,Digital,Enrolled,Certified
VOC-000389,ALICE GITAAU,48226449,+25410343541,Alice.gitau@gmail.com,1978-10-04,M,Machakos,Machakos Town,Mua,"House 297, Moi Avenue Street, Ngong Road",26/03/2024,ACTIVE,Meru Vocational Centre,Catering,Hospitality,Completed,Completed
VOC-000390,NAHUM ONYANGO KORIR,85642637,+25471591108,nahum.korir@gmail.com,2002-12-17,M,Kiambu,Limuru,Limuru East,"House 122, Ruaraka Road, Likoni",28/08/2025,INACTIVE,Machakos Technical Institute,ICT,Technical,In Progress,Not Started
VOC-000391,MOMANYI JEPCHUMBA OWUOR,8197-3483,+25475176510,momanyi.owuor@gmail.com,1975-04-11,F,Nairobi,Lang'ata,Karen,"Plot 291, Lane 10, Kileleshwa",2023-06-20,INACTIVE,Eldoret Polytechnic,Catering,Technical,Completed,Not Started
VOC-000392,KAIMENYI WANGARI,89854522,+25410877149,Kaimenyi.wangari@hotmail.com,1970-11-07,M,Nyeri,Mukurweini,Gikondi,"House 410, Thika Avenue, Lenana",08/11/2023,ACTIVE,Machakos Technical Institute,Electrical,Artisan,Completed,Completed
VOC-000393,MATTHEW MUTHAA KIPKIRUI,10357092,+25478766538,Matthew.kipkirui@gmail.com,1997-07-05,F,Kiambu,Lari,Nyanduma,"Plot 325, Lane 10, Kileleshwa",2025-05-16,ACTIVE,Kilifi Institute,ICT,Technical,Enrolled,Ongoing
VOC-000394,KIPKORIR OLELA,96161779,+25411404485,K.o@hotmail.com,2004-05-16,Female,Kiambu,Kabete,Muguga,"House 38, Kiambu Rd Drive, Langata",2024-10-09,ACTIVE,Nairobi Vocational Training Centre,Masonry,TECHNICAL,Dropped Out,Ongoing
VOC-000395,OJWANG WNAGARI,36911168,+25472695379,Ojwang.wangari@outlook.com,1966-06-03,F,Nairobi,Kasarani,Kasarani,"Plot 6, Lane 14, Lenana",01-07-2025,ACTIVE,Nakuru Industrial Training Centre,ICT,Technical,Completed,Ongoing
VOC-000396,ESTHER BAYA,24131536,+25479651945,esther.baya@yahoo.com,2005-08-15,M,MOMBASA,CHANGAMWE,CHANGAMWE,"Plot 11, Lane 19, Langata",15-09-2023,INACTIVE,Meru Vocational Centre,Masonry,Technical,Completed,Ongoing
VOC-000397,KAGWIRIA PAULINE MWAURA,13581735,N/A,Kagwiria.mwaura@gmail.com,1962-11-25,F,Nakuru,Not Provided,Amalo,"Plot 211, Lane 17, Waiyaki",05/01/2024,Not Provided,Nakuru Industrial Training Centre,Hairdressing,Hospitality,Completed,Ongoing
VOC-000398,ISAAC GITHINJI WANJOHI,88501468,+25473308132,Isaac.wanjohi@yahoo.com,1956-08-21,F,Kakamega,Mumias West,West Wanga,"Plot 45, Lane 12, Karen",11-09-2025,ACTIVE,Thika Technical Training Institute,Metalwork,Technical,Dropped Out,Not Started
VOC-000399,GAKUNYI OSEKO,45350739,+25471185662,gakunyi.oseko@hotmail.com,2003-12-19,M,Nyeri,Kieni,Thegu,"Plot 176, Lane 18, Ruaraka",20241005,ACTIVE,Nairobi Vocational Training Centre,Carpentry,Technical,Completed,Completed
VOC-000400,FAITH MUEMA ANYANGO,66755255,NA,anyangofaith@gmail.com,23/03/2004,Female,Kisumu,Seme,North Seme,"Plot 196, Lane 11, Karen",2024-03-14,inactive,Thika Technical Training Institute,Plumbing,TECHNICAL,Completed,Certified
VOC-000401,JEPKORIR COLLINS ODUYA,62901281,+25470314829,jepkorir.oduya@gmail.com,1966-10-22,M,Nairobi,Kasarani,Kasarani,"Plot 210, Lane 11, Outering",28 Jun 2023,INACTIVE,Bomet Youth Polytechnic,Electrical,Artisan,In Progress,Completed
VOC-000402,ROSE WADADA,82978165,+25471200367,Rose.wadada@gmail.com,1984-05-19,F,Kiambu,Ruiru,Kahawa Wendani,"Plot 158, Lane 16, Kiambu Road",04 Mar 2024,ACTIVE,Kakamega Youth Polytechnic,Hairdressing,Artisan,In Progress,Completed
VOC-000403,HANNAH KIPSANG,16952045,+25471269653,H.k@gmail.com,24-07-2006,FEMALE,Nairobi,Westlands,Mountain View,"Plot 219, Ln 11, Kilimani",21 Jan 2023,Active,Eldoret Polytechnic,Metalwork,TECHNICAL,Completed,Ongoing
VOC-000404,KIPROTICH MUSYOKA,72-117-013,+25411900058,Kiprotich.musyoka@hotmail.com,1970-01-09,F,Trans Nzoia,Cherangany,Cherangany/Suwerwa,"Plot 421, Lane 16, Kileleshwa",19/01/2024,INACTIVE,Kilifi Institute,Welding,Artisan,Dropped Out,Ongoing
VOC-000405,CHEPKORIR SYOMBUA,68227454,+25470415734,syombua.chepkorir@gmail.com,1983-09-28,F,Kilifi,Ganze,Bamba,"House 103, Kileleshwa Street, Kiambu Road",2023-04-12,ACTIVE,Nairobi Vocational Training Centre,Automotive,Technical,Enrolled,Completed
VOC-000406,ALICE KIPSANG BARASA,36512868,+25473544613,Alice.barasa@gmail.com,1985-08-21,M,Uasin Gishu,Kapseret,Megun,"Plot 204, Lane 16, Lenana",24/04/2025,INACTIVE,Mombasa Technical Institute,Masonry,Technical,Dropped Out,Certified
VOC-000407,THOMAS ONGAYA,71604156,+25473201853,Thomas.ongaya@gmail.com,1964-12-20,M,Kiambu,NA,Kamburu,N/A,26-Jun-2024,INACTIVE,Mombasa Technical Institute,Tailoring,Technical,Completed,Certified
VOC-000408,HABAKKUK ALICE MWAMBURI,56029251,+25410231297,habakkuk.mwamburi@gmail.com,1997-03-09,F,Nakuru,Molo,Molo,"Plot 313, Lane 20, Kikuyu",03-Nov-24,INACTIVE,Kilifi Institute,ICT,Hospitality,Completed,Not Started
VOC-000409,OKELLO MWENDE LUBANGA,99367274 ,254 783 386 09,Okello.lubanga@outlook.com,1992-11-23,F,Nakuru,Rongai,Visoi,"House 99, Uhuru Street, Kikuyu",2023-03-12,INACTIVE,Nakuru Industrial Training Centre,Hairdressing,Artisan,Completed,Completed
VOC-000410,SILAS KIMANI KIPROTICH,86178952,+25411133773,NA,2003-06-19,F,Uasin Gishu,Kapseret,Langas,"Plot 201, Lane 13, Karen",2023-09-07,ACTIVE,Thika Technical Training Institute,Masonry,Digital,Enrolled,Ongoing
VOC-000411,FLORA NZIOKA,47628190,+25474432247,Flora.nzioka@gmail.com,1973-01-21,M,Kiambu,Kiambu,Ndumberi,"Plot 105, Lane 12, Limuru",14/09/2023,INACTIVE,Eldoret Polytechnic,Catering,Digital,Completed,Completed
VOC-000412,MUTHOKA MUNYAO,30946019,+25411158825,muthoka.munyao@hotmail.com,1966-02-23,M,Trans Nzoia,Kiminini,Sirende,"Plot 203, Lane 8, Mugumo",05/01/2024,INACTIVE,Nairobi Vocational Training Centre,Electrical,Technical,In Progress,Ongoing
VOC-000413,GAKUNYI MWAKISHA,68719406,+25410397007,gakunyi.mwakisha@outlook.com,1993-02-03,F,Kilifi,Kilifi North,Tezo,"Plot 54, Lane 20, Likoni",2024-12-23,INACTIVE,Bomet Youth Polytechnic,Carpentry,Hospitality,In Progress,Ongoing
VOC-000414,KIOKO AUMA,78036333,+25475601197,kioko.auma@gmail.com,1995-01-13,F,Kilifi,Rabai,Mwawesa,"House 159, Argwings Kodhek Drive, Lenana",28-Jan-25,INACTIVE,Meru Vocational Centre,Automotive,Digital,Completed,Not Started
VOC-000415,TIMOTHY MARTHA ANYANGO,31161881,+25476980333,timothy.anyango@yahoo.com,1980-09-15,F,Bungoma County,Kimilili,Kamukuywa,"House 45, Kasarani Drive, Likoni",07/17/2023,INACTIVE,Mombasa Technical Institute,Graphics Design,Technical,Completed,Ongoing
VOC-000416,MAINA SENTEU,88536501,+25476841427,N/A,2002-07-13,F,Mombasa,Changamwe,Airport,"House 223, Likoni Road, Likoni",29-Oct-2023,ACTIVE,Nakuru Industrial Training Centre,Plumbing,Technical,In Progress,Ongoing
VOC-000417,ANNA MUSYOKA, 60524625,NA,Anna.musyoka@hotmail.com,N/A,M,Kiambu,Kiambu,Ting'ang'a,Not Provided,16-Dec-24,ACTIVE,Kakamega Youth Polytechnic,ICT,Hospitality,Completed,Certified
VOC-000418,MARTHA MUTISYA MACHARIA,59221290,+25475856625,martha.macharia@gmail.com,1987-12-21,F,Nairobi,Dagoretti North,Gatina,"Plot 422, Lane 4, Ruaraka",2024-07-07,INACTIVE,Nakuru Industrial Training Centre,Welding,Hospitality,Completed,Completed
VOC-000419,GAKUNYI KINYUA WANYONYI, 96095674,+25473382820,gakunyi.wanyonyi@gmail.com,1975-10-07,F,Nairobi,Dagoretti South,Waithaka,"Plot 269, Lane 3, Kilimani",17 Aug 2025,INACTIVE,Machakos Technical Institute,Catering,Technical,In Progress,Ongoing
VOC-000420,RACHEL MOMANYI GITHUA,77121355,+25471206436,rachel.githua@gmail.com,1979-12-15,M,Turkana,Turkana West,Letea,"Plot 243, Lane 2, Karen",2023-11-08,ACTIVE,Kisumu Youth Skills Centre,Carpentry,Hospitality,Dropped Out,Not Started
VOC-000421,NOKUN KIPKEMOI KANAMPIU,84758190,+25474126819,nokun.kanampiu@gmail.com,1987-10-26,M,Nakuru,Subukia,Subukia,"House 276, Kasarani Avenue, Athi River",2023-08-26,ACTIVE,Nairobi Vocational Training Centre,Masonry,Artisan,Completed,Completed
VOC-000422,GRACE ACHIENG,28007273,+25476120801,grace.achieng@gmail.com,1974-01-05,M,Trans Nzoia,Cherangany,Kaplamai,"House 276, Ngong Road Drive, Lenana",28-05-2025,INACTIVE,Thika Technical Training Institute,Electrical,Artisan,Dropped Out,Not Started
VOC-000423,MWANIA ONGERI KIVUVA,47393393,+25478382083,mwania.kivuva@yahoo.com,2002-01-17,M,Nairobi,Dagoretti North,Kileleshwa,"Plot 222, Lane 1, Jogoo",06/24/2023,ACTIVE,Kilifi Institute,Graphics Design,Hospitality,In Progress,Not Started
VOC-000424,MWANGI TIMOTHY MUEMA,37423498,+25478495830,mwangi.muema@gmail.com,1955-12-15,M,Kisumu,Nyakach,South West Nyakach,"House 234, Limuru Avenue, Juja",2025-08-13,INACTIVE,Kakamega Youth Polytechnic,Tailoring,Artisan,In Progress,Not Started
VOC-000425,GITOBU DAVID CHEPKIRUI,81437621,+25470406640,gitobu.chepkirui@gmail.com,1958-02-25,M,Kakamega,Lugari,Lugari,"Plot 91, Lane 12, Ruiru",17/07/2024,ACTIVE,Nakuru Industrial Training Centre,Metalwork,Artisan,Completed,Completed
VOC-000426,GITHINJI WANJOHI,64002855,+25473324527,githinji.wanjohi@yahoo.com,1998-06-16,M,Mombasa,Likoni,Likoni,"Plot 53, Lane 14, Tom Mboya",2023-01-27,ACTIVE,Nakuru Industrial Training Centre,Graphics Design,Technical,Enrolled,Not Started
VOC-000427,REBECCA JEBET,77666154,+25475577667,rebecca.jebet@outlook.com,1994-04-09,M,Kakamega,Matungu,Namamali,"House 42, Kileleshwa Road, Uhuru",2023-02-26,INACTIVE,Kakamega Youth Polytechnic,Welding,Technical,In Progress,Certified
VOC-000428,BEATRICE ANNA KILONZO,36419131,+25479567426,Beatrice.kilonzo@yahoo.com,2005-01-07,F,NAIROBI,Kibra,Woodley,"House 250, Kikuyu Drive, Ruaraka",04-May-2024,INACTIVE,Meru Vocational Centre,Metalwork,Digital,In Progress,Not Started
VOC-000429,SENTEU GITHINJI,99624588,+25472557959,Senteu.githinji@outlook.com,2000-07-24,M,Meru,Tigania West,Kianjai,"Plot 453, Lane 14, Kitisuru",27/07/2025,INACTIVE,Nairobi Vocational Training Centre,Masonry,Technical,In Progress,Certified
VOC-000430,MARTIN ZEPHANIAH KASINA,11502307,+25479833203,martin.kasina@yahoo.com,1979-07-27,F,Nakuru,Bahati,Bahati,"Plot 238, Lane 19, Mugumo",17 Feb 2023,INACTIVE,Mombasa Technical Institute,Hairdressing,Digital,Dropped Out,Certified
VOC-000431,MARTHA ADOYO,83846845,+25470958430,Martha.adoyo@gmail.com,1964-08-27,F,Nairobi,Westlands,Mountain View,"Plot 64, Lane 4, Jogoo",12/06/2023,ACTIVE,Kitale Technical College,Tailoring,Digital,Enrolled,Ongoing
VOC-000432,ANYANGO CHEPKOECH BARASA,74318409,+25477430575,Anyango.barasa@gmail.com,1957-10-26,M,Kisumu,Kisumu West,West Kisumu,"House 117, Uhuru Street, Athi River",05-08-2024,ACTIVE,Bomet Youth Polytechnic,ICT,Hospitality,Dropped Out,Ongoing
VOC-000433,CAROLINE WACHIRA TSUMA,90547120,+25472308893,Caroline.tsuma@outlook.com,1962-01-23,M,Nakuru,Kuresoi South,Tinet,"House 372, Kitisuru Road, Athi River",2023-02-12,INACTIVE,Meru Vocational Centre,Catering,Hospitality,Completed,Ongoing
VOC-000434,DIANA KASINA,81803477,+25411845900,Diana.kasina@gmail.com,1983-02-04,F,Mombasa,Mvita,Tudor,"House 157, Lavington Drive, Langata",02/06/2023,ACTIVE,Machakos Technical Institute,Hairdressing,Artisan,In Progress,Not Started
VOC-000435,OKELLO MAYNGI,22330471,+25474692680,okello.maingi@gmail.com,1984-02-18,M,Trans Nzoia,Cherangany,Makutano,"Plot 349, Lane 19, Argwings Kodhek",17-Apr-2024,Not Provided,Kitale Technical College,Plumbing,Artisan,Dropped Out,Certified
VOC-000436,GICHURU KIPROTICH,47384667,+25478803807,Gichuru.kiprotich@hotmail.com,1993-08-24,F,N/A,Ruiru,Kahawa Sukari,"Plot 146, Lane 11, Limuru",18/03/2025,INACTIVE,Nairobi Vocational Training Centre,Automotive,Hospitality,In Progress,Ongoing
VOC-000437,ELIJAH ACHIENG CHERONO,48493281,+25410523830,Elijah.cherono@yahoo.com,1979-07-21,M,Meru,Igembe North,Ntunene,"Plot 397, Lane 14, Mombasa Road",06-06-2024,INACTIVE,Mombasa Technical Institute,Hairdressing,Technical,Completed,Completed
VOC-000438,JUDITH CHEPKORIR GITHUA,89648700,+25410918764,Judith.githua@gmail.com,1968-03-15,M,Kiambu,Lari,Kamburu,"Plot 130, Lane 17, Kilimani",2023-07-20,ACTIVE,Mombasa Technical Institute,Automotive,Digital,Completed,Certified
VOC-000439,JOEL KOROSS,50990965,+25411707778,joel.koross@gmail.com,1990-06-01,M,Machakos,Machakos Town,Kalama,"Plot 421, Lane 10, Kiambu",27-12-2023,ACTIVE,Kisumu Youth Skills Centre,Carpentry,Technical,Enrolled,Not Started
VOC-000440,LESHAN WAIHERA,37154707,+25477556774,Leshan.waithera@gmail.com,1983-04-03,M,KIAMBU,Kikuyu,Sigona,"Plot 53, Lane 7, Kangundo",2023-02-03,INACTIVE,Eldoret Polytechnic,Welding,Artisan,Dropped Out,Completed
VOC-000441,RIMBERIA KINIA,13680680,+25411249600,rimberia.kinya@gmail.com,1983-04-02,M,Machakos,Mavoko,Kinanie,"Plot 426, Lane 11, Parklands",2023-10-07,ACTIVE,Eldoret Polytechnic,Graphics Design,Digital,Dropped Out,Ongoing
VOC-000442,NASERIAN AMOS KIPROP,83502838,+25477173312,naserian.kiprop@gmail.com,1997-11-20,F,Kiambu,Kabete,Gitaru,"House 402, Kilimani Street, Argwings Kodhek",04/02/2023,ACTIVE,Eldoret Polytechnic,Catering,Hospitality,Completed,Ongoing
VOC-000443,ISAAC OTIENO, 34131793,+25474920795,isaac.otieno@gmail.com,1986-07-07,M,Meru,Buuri,Ruiri/Rwarera,"House 307, Juja Street, Langata",20/06/2024,ACTIVE,Kisumu Youth Skills Centre,Plumbing,Hospitality,In Progress,Ongoing
VOC-000444,KALOKI KIPCHUMBA NJUGUNA,32653778,+25471361207,Kaloki.njuguna@hotmail.com,1951-02-20,M,Bomet,Bomet East,Chemaner,"Plot 473, Lane 19, Likoni",02 Oct 2024,ACTIVE,Mombasa Technical Institute,Tailoring,Hospitality,In Progress,Not Started
VOC-000445,JEPKORIR CHEPKORIR, 43382936,N/A,Jepkorir.chepkorir@gmail.com,Not Provided,F,Nairobi,Kasarani,Mwiki,"Plot 65, Lane 11, Kileleshwa",28-Jun-24,INACTIVE,Kilifi Institute,ICT,Digital,In Progress,Completed
VOC-000446,LENGURO KIPCHIRCHIR MWANGOLO,57 584 677,+25474770388,Lenguro.mwangolo@outlook.com,1964-11-28,F,Nyeri,Kieni,Mwiyogo/Endarasha,"Plot 136, Lane 16, Uhuru",24/03/2023,ACTIVE,Bomet Youth Polytechnic,Electrical,Digital,Completed,Certified
VOC-000447,JEREMIAH MUTUA KARANJA,47364992,+25475485271,j.k@gmail.com,26-04-1997,female,Trans Nzoia,Endebess,Chepchoina,"House 222, Thika Avenue, Likoni",2023-10-18,pending,Kisumu Youth Skills Centre,Masonry,DIGITAL,Completed,Certified
VOC-000448,ONDIEKI OJWANG,54462182,+25476482605,Ondieki.ojwang@gmail.com,1975-07-01,M,Nairobi,Dagoretti North,Gatina,"Plot 385, Lane 19, Kikuyu",2024-03-23,INACTIVE,Meru Vocational Centre,Graphics Design,Artisan,Dropped Out,Certified
VOC-000449,CAROLINE MUSALIA,64047337,+25475111112,caroline.musalia@gmail.com,1993-01-19,F,Nairobi,Kasarani,Clay City,"Plot 432, Lane 3, Waiyaki",12/10/2025,INACTIVE,Kitale Technical College,Masonry,Artisan,Completed,Completed
VOC-000450,ALEXANDER EMILY KIPKEMBOI,77886466,+25475298983,Alexander.kipkemboi@hotmail.com,1999-04-09,F,NA,Limuru,Ndeiya,Not Provided,Not Provided,ACTIVE,Nairobi Vocational Training Centre,Automotive,Artisan,Enrolled,Certified
VOC-000451,NASHIPAE KIPCHUMBA,84819541,+25470800281,nashipae.kipchumba@hotmail.com,1969-05-12,Male,Mombasa,Likoni,Bofu,"PLOT 101, LANE 3, ATHI RIVER",20241107,Active,Thika Technical Training Institute,Catering,TECHNICAL,In Progress,Not Started
VOC-000452,MIRIAM FAITH KHAEMBA,98054220,+25411715642,Miriam.khaemba@outlook.com,1986-04-27,M,Nairobi,Lang'ata,Nairobi West,"Plot 116, Lane 19, Langata",2025-03-12,ACTIVE,Meru Vocational Centre,Carpentry,Digital,Enrolled,Not Started
VOC-000453,CAROLINE OMBATI,41-424-136,+25477326645,Caroline.ombati@hotmail.com,1995-10-26,M,Nairobi,Dagoretti South,Waithaka,"Plot 159, Lane 2, Ruaraka",24-06-2023,ACTIVE,Bomet Youth Polytechnic,Catering,Hospitality,Dropped Out,Completed
VOC-000454,JEBIWOTT WAITHERA,37467964,+25475520760,jebiwott.waithera@gmail.com,1987-12-22,M,Mombasa,Kisauni,Bamburi,"Plot 25, Lane 4, Lavington",2025-10-09,INACTIVE,Bomet Youth Polytechnic,Masonry,Artisan,Completed,Not Started
VOC-000455,MUTHEU MUTUA,87 921 068,+25471153664,mutheu.mutua@yahoo.com,1966-02-23,F,Machakos,Kathiani,Lower Kaewa/Iveti,"Plot 17, Lane 6, Karen",2025-04-20,ACTIVE,Bomet Youth Polytechnic,Masonry,Technical,Dropped Out,Not Started
VOC-000456,JEREMIAH HANNAH KIVUVA,94650751,+25479931757,Not Provided,1995-06-27,F,Nakuru,Bahati,Dundori,"House 374, Kiambu Road Drive, Mombasa Road",2023-11-28,ACTIVE,Thika Technical Training Institute,Tailoring,Hospitality,Dropped Out,Ongoing
VOC-000457,KANANA AWUOR WAMUYU,92 746 886,+25475511374,Kanana.wamuyu@gmail.com,1961-09-11,M,Machakos,Mavoko,Kinanie,"Plot 108, Lane 20, Ruiru",2025-01-27,ACTIVE,Nakuru Industrial Training Centre,Welding,Digital,Completed,Not Started
VOC-000458,FAITH ODUYA,97489300,+25470781223,Faith.oduya@outlook.com,1994-01-11,M,Trans Nzoia,Kiminini,Sirende,"Plot 374, Lane 19, Limuru",05-01-2023,INACTIVE,Bomet Youth Polytechnic,ICT,Artisan,In Progress,Certified
VOC-000459,ERICK NDEGWA,90753445,+25478401787,erick.ndegwa@yahoo.com,2004-01-04,M,Machakos,Masinga,Ndithini,"House 317, Kasarani Avenue, Kitisuru",16 Jul 2023,INACTIVE,Bomet Youth Polytechnic,Welding,Technical,Dropped Out,Not Started
VOC-000460,NAIPANOI SITUMMA,23657675,+25476419866,naipanoi.situma@hotmail.com,1988-01-21,F,NA,Not Provided,Akachiu,"Plot 466, Lane 4, Langata",2025-12-20,ACTIVE,Not Provided,Graphics Design,Digital,Completed,Completed
VOC-000461,KIPKORIR JONATHAN MWAURA,42482494,+254 105 632 25,Not Provided,20 Apr 2003,Male,Uasin Gishu,Kapseret,Ngeria,Not Provided,03-17-2024,A,Not Provided,ICT,ARTISAN,In Progress,Not Started
VOC-000462,MUKAMI MUSALIA,23875009,+25475104657,Mukami.musalia@outlook.com,1961-01-08,M,Nakuru,Molo,Marioshoni,"House 183, Thika Drive, Thika Superhighway",09/07/2024,INACTIVE,Eldoret Polytechnic,Hairdressing,Digital,Dropped Out,Certified
VOC-000463,MUNYAO MWOROA,47603482 ,+25410560302,munyao.mworoa@outlook.com,2005-09-21,M,Kilifi,Ganze,Sokoke,"Plot 240, Lane 15, Westlands",2025-04-24,ACTIVE,Bomet Youth Polytechnic,Electrical,Technical,Completed,Completed
VOC-000464,ADHIAMBO MUTISYASAMUEL,91630214,+25410214881,adhiambo.mutisya@gmail.com,1984-03-22,M,Nyeri,Nyeri Town,Kiganjo/Mathari,"Plot 298, Lane 13, Mombasa Road",03/26/2024,INACTIVE,Kilifi Institute,ICT,Technical,In Progress,Not Started
VOC-000465,VERONICA WABOMBA,31516822,+25475146777,Veronica.wabomba@gmail.com,1995-02-20,F,Kiambu,Githunguri,Ikinu,"Plot 426, Lane 5, Tom Mboya",11-04-2025,INACTIVE,Eldoret Polytechnic,Catering,Hospitality,Enrolled,Not Started
VOC-000466,KERUBO MWAMGO,87999861,N/A,NA,2003-12-24,F,Nyeri,Mathira,Kirimukuyu,"Plot 363, Lane 16, Thika",07-Dec-2024,INACTIVE,Kakamega Youth Polytechnic,Carpentry,Digital,Dropped Out,Ongoing
VOC-000467,"MUSILA, ZECHARIAH",65854454,+25472349088,zechariah.musila@gmail.com,1999-11-08,M,Nairobi,Lang'ata,Nairobi West,"Plot 121, Lane 10, Lavington",2023-05-26,INACTIVE,Kisumu Youth Skills Centre,Graphics Design,Digital,Enrolled,Ongoing
VOC-000468,KEVIN MURIUKI,34335725,077 339 969,Kevin.muriuki@gmail.com,1994-11-26,F,Machakos,Kangundo,Kangundo East,"House 202, Mombasa Road Drive, Mombasa Road",20230204,ACTIVE,Mombasa Technical Institute,Electrical,Technical,In Progress,Ongoing
VOC-000469,MUMO MUSYOKA,26309371,+25411668328,mumo.musyoka@gmail.com,1971-05-04,M,KILIFI,Malindi,Shella,"Plot 120, Lane 13, Kiambu Road",11-03-2025,ACTIVE,Nairobi Vocational Training Centre,Masonry,Hospitality,Completed,Not Started
VOC-000470,OWUOR AARON ONGAYA,3592-9785,+25474195082,N/A,1985-04-08,M,Nairobi,NA,Kasarani,Not Provided,2024-02-28,INACTIVE,Nairobi Vocational Training Centre,Carpentry,Digital,Enrolled,Certified
VOC-000471,WAFULA OMONDI,89984645,+25470103485,Not Provided,1988-02-28,M,Nairobi,Kasarani,Njiru,N/A,07/07/2024,ACTIVE,Thika Technical Training Institute,Hairdressing,Digital,Completed,Completed
VOC-000472,KIOKO CHEPKWONY,81-436-260,+25470284785,kioko.chepkwony@gmail.com,1986-02-26,F,Trans Nzoia,Saboti,Kinyoro,"House 343, Langata Drive, Langata",26/07/2023,ACTIVE,Kitale Technical College,Hairdressing,Hospitality,Completed,Ongoing
VOC-000473,ROSE RUTH ADOYO,3939-8504,+25476213251,rose.adoyo@gmail.com,1984-07-06,F,Bungoma,Kabuchai,Bwake/Luuya,"Plot 251, Lane 2, Waiyaki",04/21/2025,ACTIVE,Kisumu Youth Skills Centre,Masonry,Artisan,In Progress,Not Started
VOC-000474,KIPSANG MWOROA SENTEU,84378065,+25477947613,Kipsang.senteu@hotmail.com,1964-09-24,M,Nairobi,Lang'ata,Nyayo Highrise,"Plot 208, Lane 7, Ruiru",11-01-2024,INACTIVE,Eldoret Polytechnic,Graphics Design,Technical,Dropped Out,Ongoing
VOC-000475,AGNES MUKHWANA,34678331,+25476201045,agnes.mukhwana@gmail.com,1968-10-20,F,Trans Nzoia,Saboti,Saboti,"Plot 288, Lane 17, Westlands",02-Oct-2023,ACTIVE,Bomet Youth Polytechnic,Welding,Technical,Completed,Certified
VOC-000476,GRACE ADOYO,61753132,+25474731035,grace.adoyo@gmail.com,1992-12-20,F,Bomet,Sotik,Chemagel,"House 163, Likoni Street, Uhuru",08-09-2025,ACTIVE,Nairobi Vocational Training Centre,Carpentry,Hospitality,Enrolled,Not Started
VOC-000477,STEPHEN EDITH AWITI,72606225,+25477134525,Stephen.awiti@gmail.com,1961-04-15,F,Nairobi,Kibra,Laini Saba,"House 158, Tom Mboya Drive, Kiambu",15-Oct-2025,INACTIVE,Kakamega Youth Polytechnic,Welding,Digital,Dropped Out,Completed
VOC-000478,LOIS OPIYO,N/A,+25470526962,Lois.opiyo@gmail.com,1979-05-09,M,Mombasa,Mvita,Tononoka,"Plot 116, Lane 11, Langata",08/02/2024,ACTIVE,Kilifi Institute,Graphics Design,Hospitality,Dropped Out,Completed
VOC-000479,KIMEU FAITH SITUMA,74764506,+25472611994,ksituma@gmail.com,20/02/1978,MALE,Machakos,Machakos Town,Machakos Central,Plot400Lane11Parklands,07/06/2025,active,Eldoret Polytechnic,Graphics Design,HOSPITALITY,Dropped Out,Not Started
VOC-000480,WABOMBA MHCARO,52538666,+25411517591,Wabomba.mcharo@gmail.com,N/A,M,NA,Not Provided,Kaloleni,"House 151, Kasarani Drive, Argwings Kodhek",07/12/2024,INACTIVE,Kakamega Youth Polytechnic,Tailoring,Hospitality,In Progress,Not Started
VOC-000481,NAHUM RACHEL OKELLO,33851205,+25411682534,nahum57@hotmail.com,09 Sep 1991,Female,Kisumu,Nyakach,North Nyakach,Plot148Lane4TomMboya,28 Mar 2025,INACTIVE,Nakuru Industrial Training Centre,Hairdressing,ARTISAN,Enrolled,Certified
VOC-000482,OCHIENG KIPKIRUI,NA,+25472457371,ochieng.kipkirui@gmail.com,1974-11-13,M,Trans Nzoia,Endebess,Endebess,"House 449, Kiambu Road Drive, Ruiru",06 Feb 2024,INACTIVE,Eldoret Polytechnic,Metalwork,Artisan,In Progress,Completed
VOC-000483,KEBASO KIPNGETICH,22201828,+25474853654,kebaso.kipngetich@gmail.com,2003-09-13,F,Nairobi,Dagoretti North,Kawangware,"House 211, Limuru Road, Garden Estate",04/30/2024,ACTIVE,Kakamega Youth Polytechnic,Carpentry,Artisan,In Progress,Completed
VOC-000484,SENTEU KOROSS,40799334 ,+25410707716,senteu.koross@gmail.com,1989-01-08,F,Not Provided,Bomet Central,NA,"Plot 221, Lane 3, Mugumo",2025-02-02,N/A,Nairobi Vocational Training Centre,Tailoring,Digital,Enrolled,Certified
VOC-000485,MWOROA TIMOTHY WANYOIKE,69463339,+25473456731,Mworoa.wanyoike@yahoo.com,1977-04-24,F,Not Provided,Yatta,Ikombe,"Plot 387, Lane 15, Lenana",23/04/2024,INACTIVE,Not Provided,ICT,Digital,Dropped Out,Certified
VOC-000486,CHEPKOECH GICHURU RONO,97670851,+25472913074,chepkoech.rono@hotmail.com,1990-10-01,M,Nakuru,Molo,Marioshoni,"Plot 279, Lane 11, Kangundo",05 Sep 2023,INACTIVE,Bomet Youth Polytechnic,Automotive,Hospitality,Completed,Not Started
VOC-000487,ATIENO MUGO KOECH,93373651,+25471222233,atieno.koech@gmail.com,1978-02-22,M,Kakamega,Khwisero,Kisa North,"House 237, Outering Street, Jogoo",2023-09-17,INACTIVE,Bomet Youth Polytechnic,ICT,Technical,Enrolled,Certified
VOC-000488,ONDITI MWINYI,27032738,+25477723313,Onditi.mwinyi@gmail.com,1991-06-01,F,Uasin Gishu,Turbo,Tapsagoi,"House 309, Ngong Drive, Lavington",21-Oct-2025,INACTIVE,Kilifi Institute,Carpentry,Artisan,Completed,Ongoing
VOC-000489,BEATRICE NJUGUNNA,13254023,+25473762233,Beatrice.njuguna@outlook.com,1985-02-27,F,Bungoma,Webuye West,Matulo,"Plot 40, Lane 14, Parklands",2024-05-26,ACTIVE,Kisumu Youth Skills Centre,Graphics Design,Hospitality,In Progress,Completed
VOC-000490,ONYANGO KILONZO MULWA,88390358,+25478980978,Onyango.mulwa@outlook.com,1987-03-09,M,Not Provided,Not Provided,MWANAMWINGA,"Plot 344, Lane 17, Athi River",01/26/2025,ACTIVE,Kilifi Institute,Hairdressing,Artisan,Enrolled,Completed
VOC-000491,CHARITY JOSHUA MURIUKI,76161613,+25471775206,charity.muriuki@outlook.com,NA,F,Kakamega,Lugari,Manda/Shivanga,Not Provided,2023-10-17,INACTIVE,Mombasa Technical Institute,Catering,Digital,Enrolled,Certified
VOC-000492,STEPHEN THOMAS KIPCHUMBA,95913974,+25473310758,NA,Not Provided,female,NA,Kikuyu,Sigona,"Plot 341, Ln 14, Lenana",28-Oct-2024,ACTIVE,Meru Vocational Centre,Electrical,TECHNICAL,Completed,Completed
VOC-000493,OWUOR MOKUA,99646907,+25479959597,owuor.mokua@gmail.com,1983-09-13,F,Kiambu,Ruiru,Kiuu,"House 424, Westlands Road, Kiambu Road",2024-02-13,INACTIVE,Eldoret Polytechnic,ICT,Hospitality,Completed,Not Started
VOC-000494,MARETE KANANA WANGARI,9697-3536,+25471999867,marete.wangari@yahoo.com,1978-06-19,M,Trans Nzoia,Endebess,N/A,"Plot 127, Lane 19, Ruaraka",20-Mar-2025,ACTIVE,Thika Technical Training Institute,ICT,Technical,Enrolled,Completed
VOC-000495,MUTHOKA KOECH,56299841,+25478846602,muthoka.koech@gmail.com,1990-12-26,M,Mombasa,Changamwe,Chaani,"Plot 311, Lane 10, Westlands",07-10-2024,INACTIVE,Eldoret Polytechnic,Tailoring,Hospitality,In Progress,Not Started
VOC-000496,KANAMPIU WAFULA,76205523,+25473868760,Kanampiu.wafula@outlook.com,1970-11-04,M,Trans Nzoia,Endebess,Endebess,"House 407, Langata Road, Langata",2025-07-01,INACTIVE,Thika Technical Training Institute,Graphics Design,Technical,In Progress,Ongoing
VOC-000497,ONYANGO NABWIRE KAMAU,79769403,+25471359214,onyango.kamau@gmail.com,1993-08-13,M,Nairobi,Westlands,Kangemi,"Plot 463, Lane 18, Ngong",29-Sep-2023,ACTIVE,Machakos Technical Institute,Plumbing,Technical,In Progress,Ongoing
VOC-000498,ONSONGO NDEGWA,62451159,+25477756475,onsongo.ndegwa@yahoo.com,1950-11-27,M,Mombasa,Nyali,Ziwa la Ng'ombe,"Plot 70, Lane 16, Moi Avenue",05/03/2023,INACTIVE,Kisumu Youth Skills Centre,Plumbing,Hospitality,Completed,Completed
VOC-000499,KIMEU EMILY NJOROGE,26-195-804,Not Provided,kimeu.njoroge@gmail.com,1994-06-11,M,N/A,North Imenti,Nkubu,"House 85, Parklands Drive, Ruiru",2023-06-13,Not Provided,Kitale Technical College,Automotive,Hospitality,Completed,Completed
VOC-000500,AUMA ONSONGO MUGO,53158132,+25473471566,auma.mugo@outlook.com,1977-03-24,M,Kiambu,Githunguri,Githiga,"Plot 191, Lane 20, Argwings Kodhek",14-Jan-24,INACTIVE,Machakos Technical Institute,Carpentry,Artisan,Completed,Not Started
VOC-000501,KEVIN SIGEI,36103070,+25470926219,kevin.sigei@gmail.com,1985-08-20,M,Bungoma,Kabuchai,Kabuchai/Chwele,"House 88, Juja Drive, Mugumo",20-06-2024,INACTIVE,Kisumu Youth Skills Centre,Carpentry,Digital,Enrolled,Completed
VOC-000502,GITONGA ONGERO,11638822,+25411137491,gitonga.ogero@yahoo.com,1997-05-16,F,Kilifi,Ganze,Jaribuni,N/A,2025-01-03,ACTIVE,N/A,Hairdressing,Hospitality,Dropped Out,Not Started
VOC-000503,NAISULA GITHINJI OGERO,17076084,+25479551550,Naisula.ogero@gmail.com,1994-10-09,F,Mombasa,Likoni,Bofu,"Plot 63, Lane 14, Lavington",20/12/2024,ACTIVE,Meru Vocational Centre,Tailoring,Digital,In Progress,Ongoing
VOC-000504,WABOMBA KIPKOECH COLLINS,33847090,+25478880853,kipkoech.wabomba@gmail.com,1976-05-22,F,Mombasa,Likoni,Shika Adabu,"Plot 107, Lane 4, Kenyatta",2025-01-26,INACTIVE,Kilifi Institute,Automotive,Hospitality,Completed,Completed
VOC-000505,MWIKALI NEKESA,67720123,+25476302717,Mwikali.nekesa@gmail.com,1984-10-12,M,Kiambu,Kikuyu,Sigona,"Plot 137, Lane 3, Kilimani",23 Apr 2024,INACTIVE,Kakamega Youth Polytechnic,ICT,Technical,Completed,Ongoing
VOC-000506,ATIENO MWIKALI WANGARI,77461035,+25474511837,atieno.wangari@gmail.com,1995-06-13,M,Kiambu,Ruiru,Kahawa Sukari,"House 438, River Road Road, Mugumo",24/12/2025,INACTIVE,Kilifi Institute,Automotive,Technical,Enrolled,Not Started
VOC-000507,KIPSANG RIMBERIA MWOROA,46036538,+25470978017,kipsang.mworoa@gmail.com,NA,M,Nyeri,Kieni,Mwiyogo/Endarasha,"Plot 383, Lane 10, Kasarani",22-May-2025,NA,Kitale Technical College,Hairdressing,Digital,In Progress,Not Started
VOC-000508,KIPCHUMBA JONAH KANGOGO,51808819,+25470283717,Kipchumba.kangogo@gmail.com,1969-07-11,FEMALE,Machakos,Machakos Town,Kalama,"House 47, Lenana Street, Ruiru",11-11-2023,active,Kakamega Youth Polytechnic,Tailoring,ARTISAN,In Progress,Ongoing
VOC-000509,NABEA SIGEI,98830506,+25473249865,Nabea.sigei@outlook.com,1970-04-05,M,Nairobi,Dagoretti North,Gatina,"Plot 67, Lane 18, Kileleshwa",20241231,ACTIVE,Thika Technical Training Institute,Carpentry,Digital,In Progress,Completed
VOC-000510,DOROTHY MAINE,68402385,+25411874001,Dorothy.maina@outlook.com,1979-08-15,M,Nairobi,Dagoretti South,Mutuini,"Plot 14, Lane 2, Kileleshwa",2025-04-06,INACTIVE,Nakuru Industrial Training Centre,Metalwork,Hospitality,In Progress,Certified
VOC-000511,ADHIAMBO NAFULA NDUNGE,NA,+25479955418,Adhiambo.ndunge@outlook.com,24-07-1985,F,Kiambu,Limuru,Ndeiya,"plot 375, lane 2, kikuyu",20230325,pending,Kisumu Youth Skills Centre,Automotive,ARTISAN,Completed,Completed
VOC-000512,RUTH KIPCHUMBA,57509988,+25476289346,Ruth.kipchumba@hotmail.com,1985-08-22,F,Nairobi,NA,Ngando,NA,03/10/2024,INACTIVE,Machakos Technical Institute,Hairdressing,Hospitality,In Progress,Certified
VOC-000513,MUEMA KAMOTHO,47468823,N/A,muema.kamotho@hotmail.com,1980-03-26,M,Kiambu,Kikuyu,Kinoo,"Plot 97, Lane 14, Langata",2023-02-06,INACTIVE,Machakos Technical Institute,Plumbing,Artisan,Enrolled,Ongoing
VOC-000514,JANE WADADA,83508869,+25472215828,jane.wadada@gmail.com,1990-05-20,F,Meru,North Imenti,Kithirune,"House 295, Argwings Kodhek Road, Kenyatta",18/05/2023,INACTIVE,Bomet Youth Polytechnic,Electrical,Technical,Enrolled,Certified
VOC-000515,CYNTHIA OTIENO KANGOGO,79218993,+25476168766,cynthia.kangogo@yahoo.com,1982-11-17,F,NA,Tigania West,Not Provided,"House 293, Kangundo Avenue, Kiambu Road",20/08/2025,N/A,Mombasa Technical Institute,Electrical,Technical,Enrolled,Ongoing
VOC-000516,KASINA KIKIRUI,14120244,+25478577912,Kasina_kipkirui@gmail.com,15/02/1972,female,Nairobi,Kasarani,Njiru,"plot 112, lane 10, westlands",08-Jun-2025,inactive,Thika Technical Training Institute,Carpentry,ARTISAN,In Progress,Completed
VOC-000517,WANGARI EDITH JEPKOECH,48373096,+254 792 915 69,wangari.jepkoech@hotmail.com,1989-04-02,F,Machakos,Machakos Town,Kalama,"Plot 139, Lane 12, Langata",09/19/2024,INACTIVE,Meru Vocational Centre,Metalwork,Artisan,Dropped Out,Certified
VOC-000518,NASERIAN ONDIEKI,42390660,+25474387538,naserian.ondieki@outlook.com,1967-12-10,M,Kilifi,Kaloleni,Mariakani,"House 264, Moi Avenue Road, Kikuyu",21-Oct-2023,INACTIVE,Kakamega Youth Polytechnic,Electrical,Hospitality,Completed,Certified
VOC-000519,MICAH MWANIA,17134621,+25477385830,Micah.mwania@gmail.com,1999-07-07,F,Nakuru,Molo,Elburgon,"Plot 312, Lane 14, Thika Superhighway",07/30/2023,INACTIVE,Kisumu Youth Skills Centre,Welding,Technical,Enrolled,Not Started
VOC-000520,EVELYN MURIUKI KENEI,73175517,+25477777274,evelyn.kenei@yahoo.com,1983-02-03,F,Machakos,Machakos Town,Mua,"Plot 118, Lane 8, Garden Estate",22-08-2025,INACTIVE,Nairobi Vocational Training Centre,Electrical,Hospitality,Dropped Out,Certified
VOC-000521,CHEPNGENO AWUORR,86515426,+25410561815,Chepngeno.awuor@outlook.com,2004-06-08,F,Kilifi,Kilifi South,Junju,"Plot 169, Lane 17, Limuru",26/03/2024,ACTIVE,Nakuru Industrial Training Centre,Tailoring,Digital,Completed,Not Started
VOC-000522,WAMBUI NASERIAN NALIAKA,42904667,+25411975604,wambui.naliaka@yahoo.com,N/A,F,Mombasa,Nyali,N/A,"Plot 378, Lane 11, Lavington",2024-03-04,N/A,Machakos Technical Institute,Welding,Hospitality,Enrolled,Completed
VOC-000523,OJWANG KIPCHUMBA,60598783,+25411118316,Ojwang.kipchumba@gmail.com,1980-06-09,M,Kiambu,Ruiru,Kiuu,"Plot 334, Lane 2, River Road",04/06/2025,ACTIVE,Bomet Youth Polytechnic,Welding,Hospitality,In Progress,Not Started
VOC-000524,AWITI ISAIAH KAMAU,77431786,+25410411611,Awiti.kamau@hotmail.com,1987-11-18,M,Nairobi,Dagoretti South,Ngando,"House 365, Kiambu Road Avenue, Ruiru",2024-11-11,INACTIVE,Thika Technical Training Institute,Tailoring,Technical,Dropped Out,Certified
VOC-000525,KANAMPIU SUSAN KINYUA,20985043,+25473997179,kanampiu.kinyua@gmail.com,2001-05-16,F,Kiambu,Limuru,Bibirioni,"Plot 306, Lane 11, Ruiru",20-12-2023,ACTIVE,Kakamega Youth Polytechnic,Metalwork,Digital,Dropped Out,Not Started
VOC-000526,AGNES NJUGUNA,62027391,+25473318964,Agnes.njuguna@hotmail.com,2000-10-21,F,TURKANA,Turkana North,Kaeris,"House 281, Kiambu Road, Waiyaki",09/22/2025,ACTIVE,Mombasa Technical Institute,Carpentry,Artisan,Enrolled,Completed
VOC-000527,CHERONO WAITHERA,25706912,+25471438249,Cherono.waithera@hotmail.com,1982-04-02,F,Nairobi,Dagoretti South,Riruta,"Plot 425, Lane 9, Likoni",04/24/2023,INACTIVE,Bomet Youth Polytechnic,Plumbing,Technical,Dropped Out,Certified
VOC-000528,BEATRICE KIMUTAI,12648580,+25473486065,Beatrice.kimutai@gmail.com,1978-04-02,M,Bomet,Bomet Central,Mutarakwa,"House 40, Ruaraka Road, Kiambu Road",2025-04-11,ACTIVE,Thika Technical Training Institute,Carpentry,Technical,Dropped Out,Ongoing
VOC-000529,ANDREW MUTINDA,40671219,+25410767068,Andrew.mutinda@gmail.com,1990-01-11,M,Machakos,Yatta,Matuu,"House 331, Argwings Kodhek Road, Parklands",21/02/2023,ACTIVE,Meru Vocational Centre,Plumbing,Technical,Dropped Out,Completed
VOC-000530,RWERIA WEKESA MWANGO,67869281,+25474398593,rweria.mwango@hotmail.com,1984-05-27,F,Nairobi,Lang'ata,Nyayo Highrise,"Plot 464, Lane 16, Kiambu",13-05-2023,INACTIVE,Mombasa Technical Institute,Metalwork,Technical,Dropped Out,Ongoing
VOC-000531,OCHIENG KAIMENYI,70104994,+25473177087,Ochieng.kaimenyi@gmail.com,2004-02-13,F,Bomet,Konoin,Embomos,"Plot 458, Lane 18, Langata",Not Provided,ACTIVE,Bomet Youth Polytechnic,Plumbing,Technical,Completed,Not Started
VOC-000532,BRIAN WAMUYU,36358707,+25410716537,brian.wamuyu@yahoo.com,1997-05-22,F,Kakamega,Shinyalu,Isukha North,"Plot 343, Lane 2, Kangundo",11/01/2024,ACTIVE,Nakuru Industrial Training Centre,Carpentry,Technical,Enrolled,Completed
VOC-000533,ERICK RACHEL OKELLO,36014440,25478198402,Erick.okello@outlook.com,2000-12-25,M,Kilifi,Ganze,Sokoke,"Plot 247, Lane 6, Kangundo",02-Aug-25,ACTIVE,Kisumu Youth Skills Centre,Automotive,Technical,Completed,Not Started
VOC-000534,MARGARET NDEGWA,Not Provided,+25474219606,margaret.ndegwa@gmail.com,1953-02-13,F,Kisumu County,Nyakach,Central Nyakach,"Plot 40, Lane 16, Likoni",2023-12-16,INACTIVE,Meru Vocational Centre,Automotive,Artisan,Completed,Not Started
VOC-000535,MATTHEW RUTH OPIYO,59867180,+25411894053,matthew.opiyo@outlook.com,1991-03-02,F,Mombasa,Nyali,Mkomani,"Plot 311, Lane 10, Ruiru",2023-10-30,INACTIVE,Kilifi Institute,Catering,Technical,Completed,Ongoing
VOC-000536,CHRISTOPHER MWINYI,66348257,+25477936306,christopher.mwinyi@hotmail.com,2005-01-04,M,Meru,Central Imenti,Mwangathia,"House 474, Moi Avenue Road, Lavington",09-Mar-25,ACTIVE,Nairobi Vocational Training Centre,Hairdressing,Technical,Dropped Out,Certified
VOC-000537,BRENDA WAIRIMU MITEI,63606649,+25472165229,brenda.mitei@hotmail.com,1997-07-27,M,Kisumu,Seme,West Seme,"Plot 409, Lane 8, Kilimani",2025-11-10,INACTIVE,Kilifi Institute,Carpentry,Digital,Dropped Out,Completed
VOC-000538,JEPKORIR MWANGOLO,13537870,Not Provided,jepkorir.mwangolo@outlook.com,NA,M,Machakos,Mavoko,Kinanie,"House 125, Mugumo Drive, Mombasa Road",Not Provided,INACTIVE,Machakos Technical Institute,Plumbing,Hospitality,Dropped Out,Completed
VOC-000539,GLADYS OJWANG,54391723,+25471193019,gladys.ojwang@yahoo.com,1992-01-14,M,Machakos,Kathiani,Lower Kaewa/Iveti,"House 14, Garden Estate Road, Limuru",2023-08-09,INACTIVE,Eldoret Polytechnic,Graphics Design,Technical,In Progress,Ongoing
VOC-000540,ALEXANDER MUEMA CHEPKIRUI,98917575,+25472597938,alexander.chepkirui@yahoo.com,27-Jun-1993,Male,Kakamega,Butere,Marama Central,"House 37, Thika St, Mugumo",27-Nov-2024,I,Kisumu Youth Skills Centre,Plumbing,HOSPITALITY,Dropped Out,Certified
VOC-000541,JEBET WANYONYI,59283521,+25479921200,jebet.wanyonyi@gmail.com,1983-02-23,M,Kiambu,Kabete,Gitaru,"Plot 70, Lane 15, Tom Mboya",03/03/2025,ACTIVE,Kitale Technical College,Masonry,Digital,Dropped Out,Completed
VOC-000542,JEPCHUMBA OTIENO WANJALA,25099746,+25478483045,jepchumba.wanjala@hotmail.com,1959-02-11,F,Meru,Central Imenti,Kabachi,"Plot 443, Lane 11, Kasarani",16/05/2023,ACTIVE,Meru Vocational Centre,Automotive,Digital,Enrolled,Certified
VOC-000543,KIMEU MWANGOLO,24527093,+25479777463,Kimeu.mwangolo@gmail.com,1973-09-27,F,Trans Nzoia,Kiminini,Waitaluk,"Plot 89, Lane 3, Ruiru",07-Jul-23,ACTIVE,Kisumu Youth Skills Centre,Hairdressing,Digital,Enrolled,Certified
VOC-000544,MUTHEU MITEI,35177082,+25478764544,mutheu.mitei@gmail.com,1984-06-02,M,Kakamega,Matungu,Namamali,"House 438, Thika Superhighway Avenue, Likoni",21 Apr 2025,INACTIVE,Nakuru Industrial Training Centre,ICT,Hospitality,Completed,Ongoing
VOC-000545,ELIZABETH MOMANYI,93620256,+25473282829,elizabeth.momanyi@hotmail.com,1991-06-08,F,N/A,Sotik,Not Provided,"House 330, Ngong Road Avenue, Ruiru",03/04/2025,INACTIVE,Thika Technical Training Institute,Automotive,Hospitality,In Progress,Ongoing
VOC-000546,HAGGAI ESTHER KIBATHI,93326883,+25472325582,Haggai.kibathi@yahoo.com,1952-04-10,F,Kisumu,Nyando,East Kano/Wawidhi,"Plot 375, Lane 7, Lavington",15/11/2023,INACTIVE,Nakuru Industrial Training Centre,Plumbing,Artisan,Completed,Ongoing
VOC-000547,NDINDA OCHIENNG,94738725,+25475951703,ndinda.ochieng@outlook.com,1972-02-27,F,BUNGOMA,Kimilili,Kamukuywa,"Plot 368, Lane 4, Ngong Road",21/11/2023,INACTIVE,Kakamega Youth Polytechnic,ICT,Digital,Dropped Out,Not Started
VOC-000548,JOEL KIMANI,94759650,+25472455027,joel.kimani@yahoo.com,1972-02-20,F,Nairobi,Dagoretti South,Riruta,"Plot 190, Lane 16, Thika",14-Oct-2023,ACTIVE,Machakos Technical Institute,Welding,Artisan,Completed,Ongoing
VOC-000549,OPIYO NASSIMIYU,34242013,+25411616087,opiyo.nasimiyu@gmail.com,1999-03-19,M,Machakos,Kangundo,N/A,"Plot 193, Lane 20, Kasarani",NA,ACTIVE,Meru Vocational Centre,Electrical,Hospitality,Completed,Not Started
VOC-000550,WANYONYI SEENTEU,58412445,+25479805282,wanyonyi.senteu@outlook.com,Not Provided,M,Nairobi,Kasarani,Njiru,"House 20, Athi River Drive, Thika Superhighway",29/04/2024,NA,Nairobi Vocational Training Centre,Metalwork,Digital,Enrolled,Completed
VOC-000551,KEBASO CHEPKORIR,69341118,+25474248358,Kebaso.chepkorir@yahoo.com,2005-09-17,F,Kakamega,Mumias East,Malaha/Isongo/Masindi,"Plot 2, Lane 3, Ngong",03-05-2024,INACTIVE,Kitale Technical College,Welding,Hospitality,Enrolled,Not Started
VOC-000552,GAKII BETT,19121702,N/A,Gakii.bett@gmail.com,2005-09-27,F,Kakamega,Butere,Marama South,"Plot 464, Lane 2, Kikuyu",05 Nov 2025,ACTIVE,Nakuru Industrial Training Centre,Tailoring,Hospitality,Enrolled,Completed
VOC-000553,KALOKI GRACE RONO,44942332,+25411480829,Kaloki.rono@yahoo.com,1982-03-28,M,Kisumu,Kisumu East,Manyatta 'B',"House 262, Kiambu Drive, Parklands",19/07/2023,ACTIVE,Kilifi Institute,Electrical,Hospitality,Enrolled,Ongoing
VOC-000554,KAGWIRIA MWANIA WAMUYU,92747419,+25410547335,kagwiria.wamuyu@yahoo.com,1973-06-04,F,Machakos,Masinga,Kivaa,"Plot 432, Lane 17, Kileleshwa",11/21/2025,INACTIVE,Kakamega Youth Polytechnic,Electrical,Digital,Dropped Out,Ongoing
VOC-000555,CHEBET KANAMPIU,21085813,+25478654094,Chebet.kanampiu@outlook.com,1976-10-09,M,Nairobi,Dagoretti South,Waithaka,"Plot 372, Lane 6, Likoni",11/22/2025,INACTIVE,Kakamega Youth Polytechnic,Tailoring,Technical,Completed,Ongoing
VOC-000556,JOHN ONSONNGO,81344862,+25471295472,john_onsongo@hotmail.com,01-12-1971,male,Nairobi,Kibra,Makina,House 202 Ngong Road Road Ruaraka,2025-01-20,Inactive,Bomet Youth Polytechnic,Carpentry,DIGITAL,Completed,Not Started
VOC-000557,CHEPNGENO OMBATI,93612431,+25474585731,C.o@gmail.com,03/10/1990,female,Bomet,Chepalungu,Sigour,"House 371, Moi Avenue Street, Kikuyu",03-Dec-2024,Active,Thika Technical Training Institute,Welding,DIGITAL,In Progress,Completed
VOC-000558,SYOKAU CHEPKWNY,46934135,+25470640384,syokau.chepkwony@gmail.com,2004-06-21,F,Bungoma,Mt. Elgon,Kaptama,"House 306, Jogoo Drive, Ngong Road",19-08-2024,INACTIVE,Bomet Youth Polytechnic,Electrical,Hospitality,In Progress,Ongoing
VOC-000559,DIANA KINYUA WACHIRA,15838870,+25411445080,Diana.wachira@gmail.com,1999-08-24,F,Mombasa,Changamwe,Chaani,"Plot 397, Lane 19, River Road",20240711,INACTIVE,Bomet Youth Polytechnic,Metalwork,Digital,Dropped Out,Completed
VOC-000560,KARIUKI MACHARIA,80529906,+25474710117,kariuki.macharia@yahoo.com,1971-01-27,M,Kisumu,Kisumu West,West Kisumu,"House 66, Lenana Drive, Ngong",2024-12-23,ACTIVE,Bomet Youth Polytechnic,Metalwork,Artisan,Enrolled,Not Started
VOC-000561,KEVIN NABWTIRE,61911006,+25477884407,kevin.nabwire@gmail.com,1974-11-15,F,Mombasa,Jomvu,Miritini,"Plot 115, Lane 6, Lenana",29-Jan-25,ACTIVE,Kilifi Institute,Automotive,Hospitality,Completed,Ongoing
VOC-000562,DEBORAH SENTEO,99390140,NA,deborah.senteu@outlook.com,1988-11-09,M,Machakos,Matungulu,NA,Not Provided,2024-09-10,INACTIVE,Bomet Youth Polytechnic,Plumbing,Technical,Completed,Completed
VOC-000563,KIPKORIR KIPKEMOI,32708438,+25470744324,kipkorir.kipkemoi@hotmail.com,1996-05-13,M,NAIROBI,Dagoretti North,Kileleshwa,"House 193, Kiambu Road Road, Kenyatta",04/10/2024,ACTIVE,Meru Vocational Centre,Tailoring,Hospitality,Enrolled,Completed
VOC-000564,WEKESA NAFULA CHEPKORIR,92227443,+25472719227,Wekesa.chepkorir@gmail.com,1977-12-04,F,Kakamega,Ikolomani,Idakho South,"Plot 21, Lane 18, Lavington",2024-11-17,ACTIVE,Bomet Youth Polytechnic,Electrical,Technical,Completed,Ongoing
VOC-000565,BENJAMIN RONOO,62665465,N/A,benjamin.rono@outlook.com,1986-05-09,F,Mombasa,Kisauni,Mwakirunge,"Plot 344, Lane 11, Thika Superhighway",2023-07-24,ACTIVE,Kisumu Youth Skills Centre,Tailoring,Digital,Completed,Not Started
VOC-000566,GILBERT MUTWIRI,19160128,+25478898715,Not Provided,1962-07-24,F,Trans Nzoia,Endebess,Matumbei,"House 400, Kiambu Road Street, Mombasa Road",26-Jan-2024,INACTIVE,Kilifi Institute,Masonry,Artisan,In Progress,Completed
VOC-000567,KINYUA JEBET MWIRIGI,86438116,+25476665898,kinyua.mwirigi@hotmail.com,1988-07-24,M,Meru,Central Imenti,Gatimbi,"Plot 198, Lane 12, Tom Mboya",22-May-24,ACTIVE,Nairobi Vocational Training Centre,Automotive,Hospitality,Completed,Completed
VOC-000568,MALACHI KIPROP,39270317,+25474810085,malachi.kiprop@gmail.com,1980-01-15,F,Machakos,Machakos Town,Mutituni,"House 49, Athi River Street, Tom Mboya",20241023,INACTIVE,Meru Vocational Centre,Tailoring,Artisan,Dropped Out,Ongoing
VOC-000569,WACHIRA MARETE,26144121,+25411426804,wachira.marete@hotmail.com,1999-10-17,M,Kiambu,Kiambu,Kihara,"House 5, Kangundo Avenue, Argwings Kodhek",2025-04-17,ACTIVE,Kakamega Youth Polytechnic,Welding,Digital,In Progress,Ongoing
VOC-000570,SHARON KAIMENYI MAINGI,56983195,+25411114829,sharon.maingi@gmail.com,1977-05-22,F,Bungoma,Kanduyi,Buokhwe,"Plot 47, Lane 13, Karen",03-Mar-2023,INACTIVE,Nairobi Vocational Training Centre,Automotive,Artisan,In Progress,Certified
VOC-000571,DENNIS ONYANGO,28240842,+25476356904,Not Provided,1977-01-17,F,Uasin Gishu,Kapseret,N/A,"Plot 402, Lane 12, Kenyatta",2025-10-31,INACTIVE,Not Provided,Tailoring,Digital,In Progress,Completed
VOC-000572,CHERONO JEPKORIR,95843097,+25478163521,cherono.jepkorir@yahoo.com,1978-05-16,F,Bungoma,Webuye East,Mihuu,"Plot 435, Lane 12, River Road",2024-05-01,ACTIVE,Machakos Technical Institute,ICT,Digital,In Progress,Completed
VOC-000573,CATHERINE MWENNDWA,77597242,+25470110022,catherine@gmail.com,1969-09-19,M,Kiambu,Kiambu,Kihara,Plot343Lane9Juja,11/05/2025,A,Meru Vocational Centre,ICT,DIGITAL,In Progress,Completed
VOC-000574,EMILY IRENE MUKHWANA,76739837,+25473244922,Emily.mukhwana@yahoo.com,1993-09-09,M,Bungoma,Webuye West,N/A,"House 462, Kangundo Drive, Kileleshwa",31-Dec-24,INACTIVE,Nakuru Industrial Training Centre,ICT,Digital,Completed,Not Started
VOC-000575,AOKO ONSONGO ONGERI,79-047-441,+25473872539,aoko.ongeri@gmail.com,1977-02-17,F,Kilifi,Kaloleni,Kaloleni,"House 196, Thika Superhighway Drive, Argwings Kodhek",25-Jun-2025,INACTIVE,Kilifi Institute,ICT,Digital,Completed,Completed
VOC-000576,JOHN AWITI NYAMBANE,68602342,+25474858911,John.nyambane@outlook.com,1953-05-06,F,Bungoma,Sirisia,Namwela,"Plot 464, Lane 5, Mugumo",2025-03-29,INACTIVE,Eldoret Polytechnic,Hairdressing,Hospitality,In Progress,Certified
VOC-000577,MUMO KORIR,87470671,+25476574065,mumo.korir@hotmail.com,1975-08-04,F,Meru,South Imenti,Abogeta East,"Plot 131, Lane 16, Kikuyu",13-Jul-23,INACTIVE,Kitale Technical College,Carpentry,Technical,Completed,Certified
VOC-000578,MWANIA NDEGWA,61793831,+25474315893,mwania.ndegwa@gmail.com,1962-01-12,M,Mombasa,Jomvu,Miritini,"House 81, Likoni Street, River Road",07-Jan-2023,INACTIVE,Eldoret Polytechnic,Plumbing,Artisan,Completed,Certified
VOC-000579,JONAH CHEPNGENO MOKUA,91541051,+25471651866,jonah.mokua@gmail.com,1981-02-24,F,Uasin Gishu,Ainabkoi,Kapsoya,"House 342, Kangundo Avenue, Uhuru",23/02/2025,INACTIVE,Mombasa Technical Institute,Welding,Digital,Completed,Ongoing
VOC-000580,AGNES ALI,77-002-394,+25477240607,N/A,1978-05-27,M,Machakos,Machakos Town,Kola,"House 452, Karen Road, Lavington",N/A,INACTIVE,Not Provided,Carpentry,Hospitality,In Progress,Completed
VOC-000581,MARGARET SAALIM,16415390,+25474478662,Margaret.salim@hotmail.com,1968-04-26,M,Kakamega,Mumias East,East Wanga,"Plot 9, Lane 6, Kitisuru",10-Apr-2025,INACTIVE,Meru Vocational Centre,ICT,Hospitality,Completed,Certified
VOC-000582,CHEPKOECH KIPRONO CHEPKIRUI,37921512,+25471148218,chepkoech.chepkirui@gmail.com,1969-12-21,F,TRANS NZOIA,Kiminini,Sirende,"Plot 145, Lane 2, Garden Estate",14/03/2023,ACTIVE,Kilifi Institute,Graphics Design,Technical,Enrolled,Certified
VOC-000583,HAGGAI AWITTI,62450460,+25411791330,N/A,NA,M,NA,Ganze,Sokoke,"Plot 103, Lane 15, Juja",26-06-2025,INACTIVE,Machakos Technical Institute,Catering,Digital,Completed,Not Started
VOC-000584,KIOKO MOMANYI GICHUKI,49517947,+25411248155,Kioko.gichuki@outlook.com,1985-01-14,M,Not Provided,Soy,Kipsomba,"House 204, Kangundo Drive, Kiambu",2023-05-13,INACTIVE,N/A,Welding,Digital,In Progress,Ongoing
VOC-000585,KEMUNTO MAINA,97-458-429,NA,kemunto.maina@yahoo.com,NA,M,Kisumu,Kisumu Central,Kaloleni,"Plot 253, Lane 7, Jogoo",25/05/2024,INACTIVE,N/A,Automotive,Digital,Completed,Completed
VOC-000586,CHEBET KASINA,60914313,+25475772196,chebet.kasina@yahoo.com,1979-04-22,M,Trans Nzoia,Cherangany,Sitatunga,"Plot 394, Lane 6, Mombasa Road",19-Nov-23,ACTIVE,Kitale Technical College,Metalwork,Technical,Completed,Ongoing
VOC-000587,GITONGA ZECHARIAH KOECH,38 336 171,+25475176397,gitonga.koech@hotmail.com,1990-04-21,F,MOMBASA,MVITA,N/A,"House 179, Moi Avenue Drive, Ngong Road",14-12-2025,INACTIVE,Kilifi Institute,Graphics Design,Hospitality,Completed,Not Started
VOC-000588,EMILY COLLINS KANGOGO,26699133,+25470111292,emily.kangogo@gmail.com,1998-11-05,M,Nairobi,Kibra,Makina,"Plot 299, Lane 16, Tom Mboya",13-Sep-2023,ACTIVE,Eldoret Polytechnic,Tailoring,Digital,Dropped Out,Ongoing
VOC-000589,EUNICE SETEU,64644684,+25478211636,Eunice.senteu@yahoo.com,N/A,F,N/A,Kisauni,Mwakirunge,"House 472, Ngong Road Drive, Mombasa Road",22/09/2024,INACTIVE,Meru Vocational Centre,Electrical,Digital,Enrolled,Certified
VOC-000590,WAMBUI MOSES MWAMBURI,37383624,+25476804098,Wambui.mwamburi@gmail.com,2001-06-24,M,N/A,Ikolomani,Idakho North,"Plot 374, Lane 17, Limuru",06-Sep-24,ACTIVE,Thika Technical Training Institute,Electrical,Hospitality,Dropped Out,Not Started
VOC-000591,JOHN MBAKA MUKHWANA,43305439,+25476156663,John.mukhwana@gmail.com,1968-05-08,M,Nairobi,Kibra,Sarang'ombe,"Plot 388, Lane 2, Garden Estate",29/01/2024,INACTIVE,Nakuru Industrial Training Centre,Graphics Design,Artisan,Completed,Not Started
VOC-000592,JANE OTUL,65402833,+25470277886,Jane.otula@gmail.com,2005-02-19,M,Bomet,Chepalungu,Siongiroi,"House 96, Lavington Avenue, Limuru",28-Apr-2025,INACTIVE,Nakuru Industrial Training Centre,Carpentry,Technical,In Progress,Ongoing
VOC-000593,OJWANG NYABOKE MUSALIA,66013532,+25473700727,Ojwang.musalia@gmail.com,1993-06-15,M,Kisumu,Kisumu West,Central Kisumu,"Plot 442, Lane 17, Ngong",21/05/2023,INACTIVE,Kakamega Youth Polytechnic,Electrical,Technical,In Progress,Completed
VOC-000594,KILONZO KOECH,73860744,+25411254584,Kilonzo.koech@outlook.com,1977-01-01,F,Mombasa,Not Provided,Bofu,"House 332, Langata Avenue, Outering",05/04/2023,ACTIVE,NA,Metalwork,Artisan,Completed,Completed
VOC-000595,NICHOLAS MAINA,62313993,+25475511017,nicholas.maina@gmail.com,2003-06-15,F,Nakuru,Gilgil,Gilgil,"Plot 88, Lane 3, Argwings Kodhek",2025-05-01,ACTIVE,Bomet Youth Polytechnic,Graphics Design,Technical,Enrolled,Completed
VOC-000596,NDUNDA NANJALA TERESA,86149917,+25479831072,Nanjala.ndunda@outlook.com,1989-11-12,M,Meru,Tigania West,Not Provided,"House 230, Argwings Kodhek Avenue, Kileleshwa",NA,INACTIVE,Kitale Technical College,Carpentry,Hospitality,Dropped Out,Not Started
VOC-000597,RIMBERIA IRENE CHEBET,14839862,+25473487345,R.chebet@yahoo.com,14-Jun-60,MALE,Nakuru,Nakuru Town East,Flamingo,"Plot 109, Lane 6, Ruaraka",01/22/2023,Pending,Kisumu Youth Skills Centre,Metalwork,DIGITAL,Dropped Out,Ongoing
VOC-000598,GITHINJI AWITI KAIMENYI,91699111,+25411709001,githinji.kaimenyi@yahoo.com,1987-11-22,M,Mombasa,Changamwe,Airport,"Plot 2, Lane 14, Kileleshwa",2024-08-24,INACTIVE,Kitale Technical College,Metalwork,Technical,Dropped Out,Certified
VOC-000599,GATHONI CHEPKIRUI,18524087 ,+25479456493,Gathoni.chepkirui@outlook.com,1970-05-20,F,Kisumu,Kisumu Central,Kaloleni,"House 381, Garden Estate Street, Outering",2023-09-06,ACTIVE,Meru Vocational Centre,Graphics Design,Technical,Dropped Out,Certified
VOC-000600,MUTHEU NAFULA TSUMA,47775156,+25470965625,Mutheu.tsuma@yahoo.com,1963-12-02,F,Bomet,Bomet Central,Chesoen,"House 38, Karen Road, Lavington",2025-04-19,INACTIVE,Thika Technical Training Institute,Metalwork,Technical,Enrolled,Not Started
VOC-000601,ZEPHANIAH KIPKEMOI,79415978,+25411756770,Zephaniah.kipkemoi@hotmail.com,1992-07-21,F,Bungoma,Bumula,Kabula,"Plot 347, Lane 18, Ruaraka",2024-10-17,INACTIVE,Nakuru Industrial Training Centre,Metalwork,Technical,Completed,Completed
VOC-000602,NAISULA MTUUA,41277403,+25470668151,Naisula.mutua@yahoo.com,1997-09-26,F,Kisumu,Kisumu Central,Market Milimani,"Plot 97, Lane 20, Parklands",07/06/2023,ACTIVE,Mombasa Technical Institute,Welding,Digital,Dropped Out,Certified
VOC-000603,SIMIYU MUMO WANGARI,60057264,+25411809253,Simiyu.wangari@gmail.com,1966-10-09,M,Bomet,Bomet East,Merigi,"House 72, Limuru Street, Karen",10-11-2023,INACTIVE,Kitale Technical College,Masonry,Artisan,Completed,Certified
VOC-000604,AWITI ALICE OWUOR,23582811,+25411922076,awiti.owuor@hotmail.com,1966-06-03,M,Bungoma,Kimilili,Kimilili,"House 76, Kileleshwa Street, Kitisuru",2023-07-29,ACTIVE,Kakamega Youth Polytechnic,Plumbing,Technical,Enrolled,Not Started
VOC-000605,NABEA RWERIA NALIAKA,90179610 ,+25475955272,Nabea.naliaka@outlook.com,1999-08-20,F,KIAMBU,Kabete,Kabete,"House 158, Likoni Avenue, Mombasa Road",08/19/2025,INACTIVE,Kitale Technical College,Hairdressing,Artisan,In Progress,Certified
VOC-000606,KIPKOECH KEBASO,83306541,+25477772512,Kipkoech95@yahoo.com,18-02-1957,M,Kilifi,Magarini,Adu,"PLOT 171, LANE 17, KENYATTA",04/08/2023,inactive,Kisumu Youth Skills Centre,ICT,DIGITAL,Enrolled,Certified
VOC-000607,MUENI DANIEL KAGWE,11812674,+25476376260,mueni.kagwe@gmail.com,1989-11-19,M,Bomet,Konoin,Mogogosiek,"House 358, Mugumo Street, Westlands",20-Jul-25,ACTIVE,Kilifi Institute,Hairdressing,Hospitality,Enrolled,Completed
VOC-000608,KHAEMBA MWIKALI,83927501,+25473963305,Khaemba.mwikali@gmail.com,1994-10-16,F,Meru,Igembe South,Mau/Antuamburi,"Plot 7, Lane 4, Juja",15-Oct-25,INACTIVE,Bomet Youth Polytechnic,Metalwork,Digital,Dropped Out,Certified
VOC-000609,KIPRONO MOMANYI,69580659,+25472552489,Kiprono.momanyi@gmail.com,1994-01-06,M,Meru,Igembe South,Nkondi,"House 436, Thika Superhighway Avenue, Waiyaki",27-Jun-2024,N/A,Kilifi Institute,Tailoring,Digital,Dropped Out,Certified
VOC-000610,N. K. LUBANGA,31883041,+25473404994,Nashipae.lubanga@gmail.com,2002-11-15,F,Bomet,Chepalungu,Chebunyo,"House 258, Lavington Road, Kileleshwa",23-09-2024,ACTIVE,Kakamega Youth Polytechnic,Catering,Technical,Dropped Out,Not Started
VOC-000611,JEBIWOTT MUTHEU KOSGEI,58538289,+25472863729,Jebiwott.kosgei@gmail.com,1982-12-28,M,Nairobi,Kasarani,Kasarani,"House 63, Ngong Road Drive, Thika",26-10-2024,INACTIVE,Kakamega Youth Polytechnic,Carpentry,Artisan,Enrolled,Completed
VOC-000612,ZECHARIAH FLORA GIKONYO,18651330,+25476871820,zechariah.gikonyo@gmail.com,1997-04-07,M,Bungoma,NA,Buokhwe,"Plot 429, Lane 1, Tom Mboya",29-Sep-2023,ACTIVE,Kitale Technical College,Electrical,Digital,Dropped Out,Certified
VOC-000613,CHEROTICH ALICE WABOMBA,90190366,+25473956666,Cherotich.wabomba@yahoo.com,1979-01-27,F,Kilifi County,Kaloleni,Kayafungo,"House 411, Ngong Road Street, River Road",23/05/2023,INACTIVE,Bomet Youth Polytechnic,Hairdressing,Hospitality,Enrolled,Ongoing
VOC-000614,DEBORAH ATHNAN,Not Provided,+25471939287,Deborah.athman@gmail.com,1974-02-20,F,Uasin Gishu,Turbo,Huruma,"Plot 187, Lane 8, Langata",08-01-2024,ACTIVE,Kitale Technical College,Graphics Design,Hospitality,In Progress,Certified
VOC-000615,FLORA STEPHEN MUMO,89118492,+25478738437,Flora.mumo@gmail.com,1981-10-10,M,Not Provided,Ainabkoi,Not Provided,"Plot 313, Lane 12, Kileleshwa",24/12/2024,INACTIVE,Thika Technical Training Institute,Catering,Technical,Enrolled,Not Started
VOC-000616,KATHURE AWUOR,61440401,+25472438724,Kathure.awuor@gmail.com,2000-01-08,M,Nairobi,Lang'ata,Mugumu-ini,"Plot 430, Lane 9, Thika Superhighway",10-Jan-2025,ACTIVE,Kitale Technical College,Carpentry,Artisan,Completed,Not Started
VOC-000617,TSUMA BRENDA,35100154,+25473739150,b.t@gmail.com,1993-11-05,MALE,Kakamega,Shinyalu,Isukha North,"house 149, limuru drive, thika superhighway",13/06/2025,INACTIVE,Bomet Youth Polytechnic,Metalwork,ARTISAN,Enrolled,Ongoing
VOC-000618,SUSAN ROBERT MWAURA,57111504,+25411236219,Susan.mwaura@outlook.com,1979-12-27,M,Nyeri,Mathira,Ruguru,"Plot 375, Lane 19, Ruaraka",01-02-2024,INACTIVE,Meru Vocational Centre,Carpentry,Artisan,Completed,Not Started
VOC-000619,CHARITY SOPHIA MASINDE,71113260,+25473388118,Charity.masinde@hotmail.com,1978-07-22,M,Kakamega,Shinyalu,Isukha West,"Plot 313, Lane 15, Kasarani",2024-04-22,INACTIVE,Kilifi Institute,Metalwork,Technical,Dropped Out,Not Started
VOC-000620,OWUOR LESHAN KIPKOECH,24398546,+25472966418,Owuor.kipkoech@gmail.com,1954-02-04,M,Turkana,Turkana South,Kalamon,"Plot 267, Lane 15, Kilimani",09-01-2024,INACTIVE,Thika Technical Training Institute,Masonry,Artisan,Enrolled,Certified
VOC-000621,ADHIAMBO JEBET CHERONO,63096404,+25410884975,Adhiambo.cherono@gmail.com,1987-10-09,M,Kiambu,Limuru,Limuru Central,"Plot 19, Lane 4, Athi River",15-Dec-2025,ACTIVE,Nakuru Industrial Training Centre,Carpentry,Artisan,Enrolled,Not Started
VOC-000622,WAITHERA NABWIRE,85701885,+25471328303,waithera.nabwire@gmail.com,2003-10-16,M,NAKURU,NAIVASHA,MAAI MAHIU,"House 303, Thika Drive, Lavington",15-Oct-2023,INACTIVE,Mombasa Technical Institute,Graphics Design,Artisan,Completed,Not Started
VOC-000623,JONATHAN NYAMBANE,80-202-733,+25473343255,Jonathan.nyambane@yahoo.com,1976-05-20,M,Kilifi,Kilifi South,Shimo la Tewa,"Plot 95, Lane 2, Moi Avenue",20240117,INACTIVE,Mombasa Technical Institute,Tailoring,Hospitality,Completed,Ongoing
VOC-000624,CHEPKOECH WEKEESA,88153810,+25471720466,chepkoech70@yahoo.com,09-Dec-1971,Female,Kisumu,Muhoroni,Muhoroni/Koru,"House 248, Garden Estate Rd, Westlands",15-Jan-23,active,Thika Technical Training Institute,Graphics Design,ARTISAN,Dropped Out,Not Started
VOC-000625,MUTINDA BAYA,56814976,+25411790641,mutinda.baya@gmail.com,1979-08-04,F,BUNGOMA,WEBUYE WEST,SITIKHO,"Plot 193, Lane 20, Kileleshwa",29-Jun-2025,ACTIVE,Meru Vocational Centre,ICT,Digital,Enrolled,Certified
VOC-000626,NOKUN KARANJA,40519135,+25411736186,nokun.karanja@gmail.com,1995-04-27,F,Uasin Gishu,Kesses,Racecourse,"House 134, Likoni Road, Kasarani",06-03-2024,INACTIVE,Eldoret Polytechnic,Catering,Artisan,Completed,Not Started
VOC-000627,AMOS NGENO,35338379,+25472414341,amos.ngeno@yahoo.com,1999-09-08,M,Kakamega,Butere,Marama North,"Plot 87, Lane 12, Ruaraka",24/12/2023,ACTIVE,Thika Technical Training Institute,Carpentry,Hospitality,Enrolled,Ongoing
VOC-000628,CHRISTOPHER WAMUYU,85102924,+25470708684,Christopher.wamuyu@gmail.com,1993-06-15,F,Nairobi,Dagoretti South,Waithaka,"Plot 134, Lane 2, Kiambu",2023-07-16,INACTIVE,Machakos Technical Institute,Carpentry,Digital,Completed,Completed
VOC-000629,JUDITH RONO,22159202,+25471800771,Judith.rono@outlook.com,1972-06-14,F,TURKANA,Turkana North,Kibish,"Plot 159, Lane 7, Kileleshwa",2023-10-06,ACTIVE,Kakamega Youth Polytechnic,Carpentry,Artisan,Completed,Completed
VOC-000630,SENTEU WANJALA,48098536 ,+25477805924,senteu.wanjala@gmail.com,1994-07-03,M,Not Provided,Bomet East,Kipreres,"House 57, Kileleshwa Road, Outering",10-28-2025,N/A,Bomet Youth Polytechnic,Plumbing,Artisan,In Progress,Ongoing
VOC-000631,MWENDE OCHIENG MWANGOLO,80272722,+254 756-199-99,mwende.mwangolo@gmail.com,1996-06-12,F,Nakuru,Nakuru Town West,Kapkures,"House 409, Uhuru Road, Lavington",02/06/2025,INACTIVE,Meru Vocational Centre,Metalwork,Digital,Completed,Completed
VOC-000632,SENTEU GRACE LUBANGA,46160937,+25411537017,Senteu.lubanga@yahoo.com,1997-07-24,M,Mombasa,Likoni,Bofu,"Plot 406, Lane 10, Outering",02/09/2023,INACTIVE,Mombasa Technical Institute,Welding,Artisan,Enrolled,Ongoing
VOC-000633,MUTINDA OCHIENG,22303040,+25472584133,Mutinda.ochieng@gmail.com,1995-08-10,F,Machakos,Matungulu,Matungulu North,"House 310, Kangundo Avenue, Kasarani",11-Oct-2024,INACTIVE,Mombasa Technical Institute,Carpentry,Artisan,Dropped Out,Completed
VOC-000634,ZEPHANIAH GITHINJI MWANGO,49786693,+25410301863,Zephaniah.mwango@gmail.com,N/A,F,Nairobi,Westlands,Parklands,"Plot 428, Lane 18, Uhuru",07/27/2023,NA,Nairobi Vocational Training Centre,Masonry,Digital,Enrolled,Not Started
VOC-000635,ONGERI MUTUA,91 256 248,+25470994961,Ongeri.mutua@gmail.com,1999-04-16,F,Nyeri,N/A,Naromoru/Kiamathaga,"Plot 69, Lane 16, Kenyatta",2025-09-05,ACTIVE,Eldoret Polytechnic,Metalwork,Technical,In Progress,Not Started
VOC-000636,KANAMPIU WAMUYU,Not Provided,071688609,kanampiu.wamuyu@gmail.com,1998-08-08,M,Nairobi,Kibra,Woodley,"Plot 445, Lane 6, Argwings Kodhek",2024-12-27,INACTIVE,Kitale Technical College,ICT,Digital,Enrolled,Ongoing
VOC-000637,NAOMI PRISCILLA NYAMBANE,93260858,+25411403385,N/A,1971-02-01,M,Bungoma,Mt. Elgon,Cheptais,"Plot 241, Lane 7, Limuru",31-10-2023,INACTIVE,Kilifi Institute,Masonry,Digital,Dropped Out,Ongoing
VOC-000638,PRISCILLA KMEEI,76460815,+25473279337,priscilla.kemei@outlook.com,1981-10-10,F,Meru,Igembe Central,Athiru Gaiti,"Plot 379, Lane 8, Kangundo",03-12-2024,INACTIVE,Mombasa Technical Institute,Hairdressing,Hospitality,In Progress,Not Started
VOC-000639,AWINO OLELA,69976098,+25410720405,Awino.olela@hotmail.com,1993-06-02,M,Kisumu,Muhoroni,Chemelil,"House 259, Lenana Street, Ngong Road",07-12-2025,ACTIVE,Kitale Technical College,Tailoring,Technical,Dropped Out,Certified
VOC-000640,KALOKI MWAMBURI,41979969,+25479820515,Not Provided,1964-03-25,F,Turkana,Not Provided,Kalamon,"Plot 214, Lane 4, Ruaraka",2025-07-09,INACTIVE,Nairobi Vocational Training Centre,Graphics Design,Hospitality,In Progress,Not Started
VOC-000641,WAFULA SALIM,61109406,+25477690727,Wafula.salim@yahoo.com,NA,F,Nakuru,Subukia,N/A,"House 370, Mugumo Drive, Outering",2025-07-10,ACTIVE,Kisumu Youth Skills Centre,Catering,Digital,Enrolled,Completed
VOC-000642,MUTUA NDUNDA,28282183,+25478625967,Mutua.ndunda@gmail.com,1989-05-23,M,Nairobi,Kibra,Lindi,"Plot 144, Lane 17, Kiambu",02-06-2025,INACTIVE,Meru Vocational Centre,Graphics Design,Technical,Completed,Certified
VOC-000643,MULWA MUSILLA,53365278,+25411489247,Mulwa.musila@yahoo.com,1995-03-04,F,Nyeri,Kieni,Mweiga,"Plot 70, Lane 19, Jogoo",2025-02-01,INACTIVE,Kisumu Youth Skills Centre,Carpentry,Technical,Completed,Ongoing
VOC-000644,CAROLINE JONAH JEPKORIR,46428687,+25477391148,caroline.jepkorir@outlook.com,1980-01-12,M,Kilifi,Kaloleni,Kaloleni,"Plot 59, Lane 5, Thika",17-Nov-25,INACTIVE,Machakos Technical Institute,Electrical,Technical,Dropped Out,Not Started
VOC-000645,KAGWIRIA ADOYO LESHAN,12429893,+25473141903,Kagwiria.leshan@outlook.com,1990-10-04,M,KAKAMEGA,KHWISERO,KISA NORTH,"Plot 205, Lane 14, Athi River",01/30/2024,INACTIVE,Nairobi Vocational Training Centre,Graphics Design,Digital,Dropped Out,Certified
VOC-000646,WANYONYI RACHEL NALIAKA,86966061,+25411384482,wanyonyi.naliaka@gmail.com,1954-11-10,F,Bungoma,Webuye West,Matulo,"Plot 42, Lane 3, Likoni",19-Apr-2023,ACTIVE,Kilifi Institute,Hairdressing,Technical,Completed,Ongoing
VOC-000647,MICHAEL MITEI,23125005,+25479238872,michael.mitei@gmail.com,1989-02-16,F,Kakamega,Shinyalu,Isukha South,"Plot 243, Lane 17, Jogoo",21-10-2024,ACTIVE,Mombasa Technical Institute,Graphics Design,Technical,Dropped Out,Not Started
VOC-000648,AKINYI KIPCHIRCHIR,99127258,+25410301324,akinyi.kipchirchir@gmail.com,1997-10-04,F,Trans Nzoia,Cherangany,Kaplamai,"Plot 381, Lane 5, Athi River",01/06/2024,ACTIVE,Meru Vocational Centre,Carpentry,Artisan,Enrolled,Completed
VOC-000649,AKINYI MUTUNE,39605202,+25410860494,akinyi.mutune@gmail.com,1999-08-04,M,Nairobi,Lang'ata,South C,"House 80, Kikuyu Road, Westlands",25-02-2024,ACTIVE,Bomet Youth Polytechnic,Tailoring,Digital,Enrolled,Completed
VOC-000650,KANANA KOSGEI,2146-3219,+25411285934,Kanana.kosgei@gmail.com,1990-02-16,M,Nakuru,Nakuru Town West,Kaptembwo,"House 464, Outering Drive, Lavington",20250821,INACTIVE,Nakuru Industrial Training Centre,Electrical,Artisan,In Progress,Ongoing
VOC-000651,MASINDE LEAH KILONZO,57216333,+25473459793,Masinde.kilonzo@gmail.com,1997-10-01,M,Kiambu,Kabete,Gitaru,"Plot 417, Lane 2, Moi Avenue",22-01-2023,ACTIVE,Nairobi Vocational Training Centre,Hairdressing,Digital,In Progress,Completed
VOC-000652,EVELYN NAHUM KILONZO,82592759,+25470372564,evelyn.kilonzo@yahoo.com,2004-12-16,F,Bungoma,Kabuchai,Mukuyuni,"Plot 8, Lane 4, Uhuru",16 May 2025,ACTIVE,Eldoret Polytechnic,Metalwork,Technical,Enrolled,Not Started
VOC-000653,WAFULA WAMPUI,43539303,+25470595735,Wafula.wambui@gmail.com,1969-09-13,F,Kisumu,Nyakach,South West Nyakach,"Plot 275, Lane 15, Athi River",12-04-2023,ACTIVE,Nairobi Vocational Training Centre,Tailoring,Digital,In Progress,Completed
VOC-000654,MONICA ONGEERI,26020678,+25478626881,Monica.ongeri@hotmail.com,1953-02-26,F,Kiambu,Kikuyu,Kinoo,"Plot 102, Lane 19, Kikuyu",07-15-2023,INACTIVE,Kakamega Youth Polytechnic,Tailoring,Artisan,Completed,Completed
VOC-000655,AMOS ATHMAN,26103879,+25411539950,Amos.athman@gmail.com,1994-09-21,F,Nairobi,Westlands,Kangemi,"Plot 156, Lane 17, Kilimani",03/07/2024,INACTIVE,Nakuru Industrial Training Centre,Hairdressing,Technical,Dropped Out,Ongoing
VOC-000656,WABOMBA WANGARRI,48164274,+25473323812,Wabomba.wangari@yahoo.com,1997-11-24,M,Bungoma,Kabuchai,Not Provided,"Plot 240, Lane 3, Athi River",2023-12-15,ACTIVE,NA,ICT,Digital,Dropped Out,Not Started
VOC-000657,PETER NANJALA,80397312,+25471396212,Peter.nanjala@gmail.com,1955-12-28,F,Nakuru,Subukia,Kabazi,"House 140, Kiambu Drive, Ruaraka",01/09/2023,INACTIVE,Kilifi Institute,Masonry,Digital,Completed,Completed
VOC-000658,RWERIA KIHUMBA,73366381,+25477446569,Rweria.kihumba@hotmail.com,1994-03-02,MALE,MACHAKOS,Masinga,Ekalakala,House193LavingtonRdTomMboya,04/02/2025,active,Kilifi Institute,ICT,ARTISAN,Completed,Completed
VOC-000659,BEATRICE KIMANI KIBATHI,54343467,+25472103974,beatrice.kibathi@gmail.com,1999-10-03,F,Uasin Gishu,Soy,Segero/Barsombe,"Plot 222, Lane 11, River Road",2025-05-09,INACTIVE,Kilifi Institute,Metalwork,Technical,In Progress,Not Started
VOC-000660,VICTOR GITOBU MUSILA,71195665,+25474307388,Victor.musila@outlook.com,1973-03-11,M,Bomet,Sotik,Ndanai/Abosi,"Plot 245, Lane 11, Garden Estate",08/10/2025,INACTIVE,Bomet Youth Polytechnic,Hairdressing,Hospitality,In Progress,Completed
VOC-000661,MARGARET NAHUM MWANGO,69866120,+25478435132,margaretmwango@gmail.com,1997-04-07,Female,Kisumu,Kisumu Central,Kaloleni,"Plot 23, Lane 2, Mugumo",15-Nov-2023,Pending,Kitale Technical College,Graphics Design,HOSPITALITY,Dropped Out,Certified
VOC-000662,ONYANGO WAMBUGU MWAURA,36349479,+25411470538,Onyango.mwaura@yahoo.com,1952-05-06,F,Machakos,Kathiani,Mitaboni,"Plot 290, Lane 20, Kiambu Road",2023-08-03,INACTIVE,Eldoret Polytechnic,Tailoring,Hospitality,Dropped Out,Certified
VOC-000663,PRISCILLA KILONZO NJOROGE,24013159,+25471354280,Priscilla.njoroge@outlook.com,1983-11-16,M,N/A,Changamwe,Airport,"House 329, Athi River Street, Thika Superhighway",NA,INACTIVE,Meru Vocational Centre,Masonry,Artisan,Completed,Completed
VOC-000664,ISAAC KAMU,39231925,+25411636437,Isaac.kamau@yahoo.com,1978-04-26,M,Bomet,Chepalungu,Nyongores,"Plot 226, Lane 1, Tom Mboya",02-21-2024,INACTIVE,Kakamega Youth Polytechnic,Graphics Design,Technical,Dropped Out,Not Started
VOC-000665,EMILY BAYA,32894591,+25410907780,Emily.baya@gmail.com,1990-05-23,M,Mombasa,Nyali,Frere Town,"House 344, Parklands Avenue, Kikuyu",20250701,INACTIVE,Machakos Technical Institute,Electrical,Technical,Enrolled,Ongoing
VOC-000666,KERUBO KOROSS,92766793,+254 115-867-29,kerubo@yahoo.com,05-06-1978,female,Kilifi,Magarini,Garashi,Plot408Lane6Kileleshwa,20230605,pending,Mombasa Technical Institute,Hairdressing,DIGITAL,Dropped Out,Completed
VOC-000667,FAITH ANNYANGO,39566459,+25477847775,Faith.anyango@gmail.com,1986-11-08,F,Kisumu,Kisumu Central,Shauri Moyo,"Plot 54, Lane 14, Outering",01/02/2023,ACTIVE,Mombasa Technical Institute,Tailoring,Artisan,Completed,Ongoing
VOC-000668,KIPSANG WAIIRIMU,86589871,+25478345973,kwairimu@gmail.com,23-12-1982,female,Kakamega,Butere,Marama South,Plot 316 Lane 2 Kikuyu,2025-12-01,INACTIVE,Machakos Technical Institute,Hairdressing,ARTISAN,In Progress,Certified
VOC-000669,MARK MAETE,63223998,NA,Mark.marete@hotmail.com,NA,F,Bomet,Bomet East,Kembu,"Plot 5, Lane 1, Waiyaki",30-Aug-2023,INACTIVE,Eldoret Polytechnic,Masonry,Digital,Dropped Out,Not Started
VOC-000670,ELIJAH NANJALA,35144936,+25479634647,elijah.nanjala@gmail.com,1966-03-06,M,Machakos,Mavoko,Kinanie,"Plot 384, Lane 1, Ruaraka",02/12/2023,ACTIVE,Kakamega Youth Polytechnic,Metalwork,Digital,In Progress,Completed
VOC-000671,ONGERI BEATRICE KOROSS,32859170,+25475977341,o.k@outlook.com,1970-04-12,F,Uasin Gishu,Turbo,Ngenyilel,Plot 358 Lane 2 Ruiru,05/01/2024,Inactive,Mombasa Technical Institute,Catering,HOSPITALITY,Completed,Certified
VOC-000672,GITHINJI MUTWIRI MOGAKA,46135154,+25410791655,githinji.mogaka@gmail.com,1971-06-03,F,Kiambu,Githunguri,Githiga,"Plot 380, Lane 6, Argwings Kodhek",11/04/2023,INACTIVE,Meru Vocational Centre,ICT,Hospitality,Enrolled,Not Started
VOC-000673,BENJAMIN SIMON NDEGWA,65261046,+25472448377,Benjamin.ndegwa@gmail.com,1965-06-03,F,Kakamega,Mumias West,Etenje,"Plot 465, Lane 9, Tom Mboya",2024-06-25,ACTIVE,Meru Vocational Centre,Carpentry,Hospitality,Dropped Out,Completed
VOC-000674,KWAMBOKA SALYM,13856812,+25471569656,kwamboka.salim@yahoo.com,1978-11-02,F,Nairobi,Dagoretti North,Kilimani,"House 353, Kitisuru Avenue, Moi Avenue",2023-01-10,ACTIVE,Mombasa Technical Institute,Welding,Digital,Completed,Ongoing
VOC-000675,"MULWA, HARUN",19500496,+254 796 211 54,Harun.mulwa@gmail.com,1982-04-04,F,Uasin Gishu,Turbo,Kamagut,"House 476, Kenyatta Avenue, Ruaraka",24-07-2023,ACTIVE,Kilifi Institute,Plumbing,Technical,Dropped Out,Completed
VOC-000676,MUKHWANA HAGGAI KEMEI,45214814,+25479583900,mukhwana.kemei@gmail.com,1967-04-08,F,Nyeri,Tetu,Aguthi/Gaaki,"Plot 129, Lane 11, Kenyatta",26/04/2025,INACTIVE,Kilifi Institute,Masonry,Artisan,Completed,Not Started
VOC-000677,EUNICE SHARON NABEA,14573121,+25411790379,eunice.nabea@hotmail.com,1951-01-23,F,Nakuru,Naivasha,Maiella,"Plot 279, Lane 16, Karen",03-Nov-2024,ACTIVE,Nakuru Industrial Training Centre,Welding,Digital,Dropped Out,Not Started
VOC-000678,LEAH MOHAMD,66913730,+25411358779,Leah.mohamed@gmail.com,2004-11-23,F,Machakos County,Kangundo,Kangundo Central,"Plot 349, Lane 8, Athi River",08/31/2023,INACTIVE,Bomet Youth Polytechnic,Graphics Design,Hospitality,Dropped Out,Not Started
VOC-000679,MURIUKI CECILIA JEBET,82041503,+25471505695,Muriuki.jebet@hotmail.com,1993-04-10,M,Nairobi,Lang'ata,Mugumu-ini,"House 55, Waiyaki Road, Likoni",25-09-2023,ACTIVE,Nairobi Vocational Training Centre,Metalwork,Technical,Completed,Certified
VOC-000680,ALEXANDER KIPROTICH,12271149,Not Provided,NA,23-Feb-1966,FEMALE,Machakos,Machakos Town,N/A,"Plot 124, Lane 2, River Road",09/06/2025,Active,Bomet Youth Polytechnic,Hairdressing,DIGITAL,Dropped Out,Not Started
VOC-000681,ONDITI NAIPANOI JEPKORIR,84211554,+25474564046,onditi.jepkorir@hotmail.com,1964-05-19,F,Bomet,Bomet Central,Mutarakwa,"Plot 222, Lane 14, Kikuyu",03/11/2025,INACTIVE,Kilifi Institute,Plumbing,Digital,In Progress,Not Started
VOC-000682,NICHOLAS K. KEMEI,27089453,+25477744764,nicholas.kemei@hotmail.com,1977-11-06,M,Kiambu,Lari,Nyanduma,"Plot 222, Lane 14, Westlands",28 Jan 2024,ACTIVE,Not Provided,Automotive,Digital,Completed,Certified
VOC-000683,ELIZABETH KARANJA,54988861,N/A,elizabeth_karanja@hotmail.com,NA,male,Kakamega County,Butere,Marama South,"House 61, Mombasa Road Street, Kikuyu",NA,ACTIVE,Meru Vocational Centre,Masonry,TECHNICAL,Enrolled,Certified
VOC-000684,MUGO MWINYI,11263526,+25472447924,Mugo.mwinyi@gmail.com,1971-07-15,M,Kakamega,Ikolomani,Idakho East,"Plot 373, Lane 13, Waiyaki",2023-10-08,ACTIVE,Kakamega Youth Polytechnic,Graphics Design,Technical,Enrolled,Completed
VOC-000685,VICTOR WADADA,69391930,+25474271746,Victor.wadada@outlook.com,1964-07-05,M,N/A,Ganze,Not Provided,"Plot 156, Lane 17, Karen",10-07-2024,ACTIVE,Kisumu Youth Skills Centre,Automotive,Hospitality,Completed,Certified
VOC-000686,KIPNGETICH MUTWIRI,68518015,+25478342675,kipngetich.mutwiri@gmail.com,1985-03-03,F,NAIROBI,Kibra,Woodley,"House 147, Kikuyu Road, Athi River",20-May-2024,INACTIVE,Kakamega Youth Polytechnic,Graphics Design,Hospitality,Enrolled,Completed
VOC-000687,MARTIN MUSYOKA KETER,67022426,Not Provided,Martin.keter@yahoo.com,N/A,F,Not Provided,Dagoretti North,Kilimani,"Plot 199, Lane 19, River Road",07-04-2024,ACTIVE,Eldoret Polytechnic,Graphics Design,Hospitality,Enrolled,Certified
VOC-000688,SILAS AKINYI,41394539,+25473158055,Not Provided,1990-08-25,F,Kakamega,Matungu,Khalaba,"Plot 362, Lane 5, Thika",2025-06-11,ACTIVE,Kisumu Youth Skills Centre,Metalwork,Hospitality,Dropped Out,Not Started
VOC-000689,SAMUEL MWANGOLO,41-979-317,+25473858209,Samuel.mwangolo@yahoo.com,N/A,M,Nairobi,Dagoretti North,Gatina,"Plot 314, Lane 4, Karen",20250210,ACTIVE,Eldoret Polytechnic,Welding,Digital,Completed,Certified
VOC-000690,MAINA ASLI,58674401,+25475639139,Maina.ali@gmail.com,1994-01-14,M,Nakuru,Rongai,Visoi,"House 305, Outering Drive, Outering",2024-02-19,INACTIVE,Eldoret Polytechnic,Graphics Design,Hospitality,Completed,Not Started
VOC-000691,AARON MWANGI MUSYOKA,84822264,+25470656147,aaron.musyoka@gmail.com,2004-08-02,M,Uasin Gishu,Turbo,Kiplombe,"Plot 144, Lane 11, Kenyatta",01 Nov 2024,INACTIVE,Kakamega Youth Polytechnic,Tailoring,Hospitality,Enrolled,Not Started
VOC-000692,FLORENCE KHAEMBA,26844326,+25474935333,florence.khaemba@outlook.com,1992-10-14,M,Nyeri,Mathira,Magutu,"House 467, River Road Drive, Kangundo",12/04/2023,ACTIVE,Kilifi Institute,Tailoring,Hospitality,In Progress,Certified
VOC-000693,SHARON SENTEU,30338272,+25472642480,Sharon.senteu@gmail.com,1997-12-09,M,Meru,Central Imenti,Kathonzweni,"Plot 329, Lane 17, Ruaraka",06/09/2023,ACTIVE,Machakos Technical Institute,Welding,Technical,In Progress,Certified
VOC-000694,MICHAEL MWAKISA,77368102,+25473149697,Michael.mwakisha@yahoo.com,1951-11-05,F,Kiambu,Limuru,Limuru Central,"Plot 31, Lane 18, Juja",02-02-2023,ACTIVE,Kisumu Youth Skills Centre,Tailoring,Technical,Dropped Out,Certified
VOC-000695,WAMBUI MAIGNI,61617675,+25473678548,Wambui.maingi@yahoo.com,1953-12-12,M,Kisumu,Muhoroni,Muhoroni/Koru,"Plot 410, Lane 13, Thika Superhighway",01/12/2023,ACTIVE,Eldoret Polytechnic,Carpentry,Digital,In Progress,Ongoing
VOC-000696,MONICA KEVIN WEKESA,31744118,+25473397228,monica.wekesa@gmail.com,1990-03-18,F,Uasin Gishu,Ainabkoi,Kapsoya,"House 231, River Road Street, Kenyatta",12 Mar 2025,ACTIVE,Eldoret Polytechnic,Tailoring,Artisan,Completed,Not Started
VOC-000697,"KOSGEI, MOMANYI MBAKA",77626740,+25410749449,Momanyi.kosgei@yahoo.com,1988-12-18,F,Machakos,Machakos Town,Mutituni,"House 222, Kiambu Road Road, Mugumo",26-Jun-23,INACTIVE,Kitale Technical College,Tailoring,Technical,Dropped Out,Completed
VOC-000698,RWERIA KIVAUVA,86520791,+25479337809,Rweria.kivuva@yahoo.com,1990-09-28,M,Nairobi,Dagoretti South,Waithaka,"House 179, Lenana Road, Kileleshwa",2025-03-06,ACTIVE,Kitale Technical College,Masonry,Digital,Enrolled,Completed
VOC-000699,MUKAMI JEBET,27697461,+25476470776,Mukami.jebet@hotmail.com,1999-02-14,M,Nakuru,Nakuru Town West,Kapkures,"House 349, Uhuru Road, Kikuyu",12/05/2024,INACTIVE,Bomet Youth Polytechnic,ICT,Digital,Enrolled,Completed
VOC-000700,CECILIA MWENDWA,50292372,25478983577,cecilia.mwendwa@hotmail.com,1989-09-14,M,Mombasa,Kisauni,Mtopanga,"Plot 26, Lane 20, Lavington",05/24/2023,INACTIVE,Machakos Technical Institute,Electrical,Technical,In Progress,Certified
VOC-000701,NICHOLAS KARIUKI,84500200,+25472229221,Nicholas.kariuki@gmail.com,1975-09-03,F,Nakuru,Kuresoi North,Nyota,"House 147, Kiambu Road Avenue, Athi River",07 Oct 2024,INACTIVE,Bomet Youth Polytechnic,Catering,Technical,Dropped Out,Not Started
VOC-000702,REBECCA LESHHAN,11692090,+25470923804,Rebecca.leshan@hotmail.com,1994-04-23,F,Kiambu,Kabete,Nyathuna,"House 292, Kiambu Avenue, Kikuyu",05/30/2025,ACTIVE,Nairobi Vocational Training Centre,Catering,Artisan,In Progress,Ongoing
VOC-000703,WABOMBA MERCY MWIKALI,99667571,+25411751347,Wabomba.mwikali@yahoo.com,1970-03-14,M,Bungoma,Sirisia,Lwandanyi,"Plot 162, Lane 11, Ngong Road",14/05/2025,ACTIVE,Kilifi Institute,Metalwork,Digital,Enrolled,Not Started
VOC-000704,ISAAC ODUYA ONSONGO,83608832,+25410354063,isaac.onsongo@outlook.com,1982-05-27,F,Kiambu,Kikuyu,Kinoo,"Plot 151, Lane 13, Kikuyu",20231228,ACTIVE,Mombasa Technical Institute,Masonry,Digital,In Progress,Ongoing
VOC-000705,ANN LEAH AWINO,21410295,+25477171388,Awinoann@gmail.com,24 Oct 1978,F,Kiambu,Limuru,Ndeiya,Plot 185 Lane 10 Kasarani,2025-12-08,Inactive,Kakamega Youth Polytechnic,Catering,ARTISAN,Dropped Out,Ongoing
VOC-000706,NASERIAN WAMBUGU MUEMA,11630877,+25473782316,Naserian.muema@yahoo.com,1981-04-05,M,Kakamega,Mumias West,West Wanga,"House 115, Kenyatta Avenue, Ngong",12/02/2025,ACTIVE,Kitale Technical College,Plumbing,Hospitality,In Progress,Completed
VOC-000707,NYAMBANE KIPROTICH,63690535,+25475905598,kiprotich.nyambane@gmail.com,1970-08-18,F,Uasin Gishu,Ainabkoi,Kaptagat,"House 151, Ngong Avenue, Kiambu Road",22/02/2024,ACTIVE,Nakuru Industrial Training Centre,Hairdressing,Hospitality,In Progress,Completed
VOC-000708,JONAH MUTINDA,60172721,+25479753211,jonah.mutinda@yahoo.com,1976-05-07,F,Kisumu,Kisumu Central,Nyalenda 'B',"Plot 91, Lane 2, Ruiru",04-05-2023,INACTIVE,Kilifi Institute,ICT,Digital,Dropped Out,Not Started
VOC-000709,JANET BENJAMIN AUMA,87241350,+25475310888,janet.auma@gmail.com,1985-08-24,M,Bomet,Chepalungu,Nyongores,"Plot 480, Lane 8, Kiambu Road",04/05/2023,ACTIVE,Nairobi Vocational Training Centre,Catering,Technical,In Progress,Completed
VOC-000710,MUMO SHARON MWOROA,13306687,+25475130750,mumo@gmail.com,05/04/1996,female,Bungoma County,Sirisia,Malakisi/South Kulisiru,"Plot 283, Lane 19, Kangundo",19 Sep 2023,Active,Machakos Technical Institute,Hairdressing,ARTISAN,Dropped Out,Not Started
VOC-000711,JOHN KIPROTICH MUKHWANA,52137942,+25473856603,NA,28 Mar 1990,M,N/A,Matungulu,N/A,"plot 288, lane 7, kitisuru",23 Mar 2024,Active,Kitale Technical College,Automotive,DIGITAL,Dropped Out,Certified
VOC-000712,AGNES MUTHAA KIPCHIRCHIR,43739900,+25476837435,Agnes.kipchirchir@gmail.com,1957-05-03,M,Kisumu,Kisumu West,North Kisumu,"House 280, River Road Road, Kilimani",12 May 2024,ACTIVE,Kakamega Youth Polytechnic,ICT,Digital,In Progress,Completed
VOC-000713,EZEKIEL MWAGNI,96244314,+25474775133,Ezekiel.mwangi@hotmail.com,1991-11-21,M,Kakamega,Matungu,Kholera,"Plot 464, Lane 5, Karen",2025-03-07,INACTIVE,Meru Vocational Centre,Tailoring,Artisan,Dropped Out,Not Started
VOC-000714,JEBIWOTT LILIAN SAIDIMU,35907091,+25411643852,jebiwott.saidimu@gmail.com,1990-02-06,M,Nyeri,Mathira,Konyu,"Plot 49, Lane 6, Thika",30/01/2025,ACTIVE,Thika Technical Training Institute,Catering,Technical,In Progress,Certified
VOC-000715,NANJALA OJWANJ,84189838,+25410469591,nanjala.ojwang@yahoo.com,1961-07-06,M,Kakamega,Mumias West,Mutema,"House 214, Moi Avenue Street, Ruaraka",07/11/2024,ACTIVE,Mombasa Technical Institute,Metalwork,Hospitality,In Progress,Completed
VOC-000716,LEAH OJWANG,66796333,+25411490931,Leahojwang@yahoo.com,1971-01-04,Female,Nakuru County,Kuresoi South,Tinet,"House 471, Karen Rd, Ruiru",2023-04-02,I,Kisumu Youth Skills Centre,Graphics Design,ARTISAN,Dropped Out,Completed
VOC-000717,BRENDA OSEBE,41727657,+25477386721,Brenda.osebe@gmail.com,1980-07-17,M,Nakuru,Rongai,Solai,"House 81, Lavington Road, River Road",15-02-2023,ACTIVE,Nakuru Industrial Training Centre,ICT,Artisan,Completed,Ongoing
VOC-000718,KIMANI KIPCHRICHIR,38437423,+25473672967,kimani.kipchirchir@yahoo.com,1989-12-05,F,Machakos County,Kangundo,Kangundo North,"Plot 23, Lane 2, Thika Superhighway",19-03-2025,ACTIVE,Nairobi Vocational Training Centre,Masonry,Technical,Enrolled,Certified
VOC-000719,PETER KEBASO,88105918,+25477783263,Peter.kebaso@gmail.com,1996-09-03,M,N/A,Kibra,Woodley,"House 445, Argwings Kodhek Drive, Kikuyu",2025-12-09,ACTIVE,N/A,Tailoring,Technical,Dropped Out,Ongoing
VOC-000720,HAGGAI MUNYORI,36869304,+25473930569,haggai.munyori@outlook.com,1980-07-18,F,BUNGOMA,Webuye East,Mihuu,"House 303, Outering Avenue, Jogoo",03-Sep-2023,INACTIVE,Meru Vocational Centre,Plumbing,Hospitality,Dropped Out,Ongoing
VOC-000721,SIMIYU MATTHEW,84826135,+25475287762,Matthew.simiyu@yahoo.com,1991-05-21,F,Mombasa,Mvita,Majengo,"Plot 108, Lane 3, Ngong Road",2024-02-11,INACTIVE,Not Provided,Catering,Digital,Dropped Out,Completed
VOC-000722,PETER MUNGAI,20012982,0119-852-40,Peter.mungai@gmail.com,1998-03-05,F,Kakamega,Khwisero,Kisa Central,"Plot 216, Lane 10, Limuru",20230914,ACTIVE,Kitale Technical College,Metalwork,Technical,Completed,Not Started
VOC-000723,NICHOLAS JEBIWOTT SIMIYU,82935310,+25477854483,nicholas.simiyu@gmail.com,1984-11-01,M,Bungoma,NA,NA,N/A,10-01-2025,INACTIVE,Kitale Technical College,Metalwork,Artisan,Enrolled,Ongoing
VOC-000724,CHARITY MUINYAO,43197634,+25472309980,charity.munyao@outlook.com,Not Provided,M,Mombasa,Likoni,Likoni,"Plot 323, Lane 6, Limuru",N/A,ACTIVE,NA,Metalwork,Artisan,Enrolled,Certified
VOC-000725,LOIS OKALLO,55925432,+254 763 884 72,Lois.okello@hotmail.com,1974-03-09,M,Kilifi,Rabai,Ruruma,"Plot 471, Lane 11, Limuru",2024-01-02,INACTIVE,Meru Vocational Centre,Tailoring,Artisan,In Progress,Completed
VOC-000726,KIPKIRUI OTIENO MURIUKI,56734629,+25475874825,Kipkiruimuriuki@gmail.com,21-Oct-1997,FEMALE,Nairobi,Kasarani,Kamulu,"House 5, Langata Drive, Athi River",30/07/2024,active,Mombasa Technical Institute,Electrical,ARTISAN,Completed,Certified
VOC-000727,MWOROA NGENO,22404243,+25411500774,NA,1990-11-07,M,NA,Kwanza,Kapomboi,"Plot 397, Lane 6, Thika Superhighway",2023-12-27,ACTIVE,Thika Technical Training Institute,Masonry,Artisan,Dropped Out,Certified
VOC-000728,MUTUA GITHINJI MUSALIA,99290821,+25410688186,Mutua68@yahoo.com,05-Feb-01,Female,Bungoma,Sirisia,Malakisi/South Kulisiru,"House 295, Ngong Road Avenue, Argwings Kodhek",12-04-2024,ACTIVE,Kisumu Youth Skills Centre,ICT,ARTISAN,Completed,Completed
VOC-000729,WAIRIMU MWANNGI,17000794,+25411206294,Wairimu.mwangi@yahoo.com,1953-07-21,M,Kilifi,Malindi,Shella,"Plot 385, Lane 9, Kiambu",11/17/2023,INACTIVE,Mombasa Technical Institute,Tailoring,Technical,Enrolled,Certified
VOC-000730,RWERIA KIPSANG MAINA,90102255,+25476750566,Rweria.maina@yahoo.com,10/12/1977,Male,Nairobi,Dagoretti South,Uthiru,"Plot 341, Ln 5, Westlands",2025-06-29,I,Kisumu Youth Skills Centre,Graphics Design,HOSPITALITY,Dropped Out,Not Started
VOC-000731,FLORENCE KASINA KIPROTICH,23306584,+25476465917,Florence.kiprotich@gmail.com,1957-12-07,M,Mombasa,Nyali,Kongowea,"Plot 186, Lane 14, Thika Superhighway",2024-12-31,ACTIVE,Thika Technical Training Institute,Carpentry,Artisan,Enrolled,Completed
VOC-000732,ONGERI BARASA,79521092,+25474822893,ongeri.barasa@gmail.com,1988-09-14,female,Kiambu,Ruiru,Kiuu,"Plot 307, Ln 14, Parklands",10/10/2024,active,Kakamega Youth Polytechnic,Automotive,HOSPITALITY,Completed,Certified
VOC-000733,HANNAH KINYUA,39167155,+25476708487,hannah.kinyua@yahoo.com,1964-02-13,F,Mombasa,Mvita,Shimanzi,"House 318, Lenana Road, Argwings Kodhek",14/10/2024,ACTIVE,Machakos Technical Institute,Automotive,Artisan,In Progress,Ongoing
VOC-000734,ONSONGO LYDIA KIHIKA,74145640,+25476377890,onsongo.kihika@gmail.com,N/A,F,Nakuru,Not Provided,Turi,"House 239, Juja Drive, Tom Mboya",10-Nov-24,INACTIVE,NA,Plumbing,Technical,Dropped Out,Not Started
VOC-000735,WAIRIMU ACHIENG MBAKA,84833535,+25476732295,wairimu.mbaka@outlook.com,1974-11-15,F,Nakuru,Kuresoi North,Nyota,"Plot 281, Lane 12, Jogoo",2024-05-03,ACTIVE,Thika Technical Training Institute,Plumbing,Artisan,Dropped Out,Not Started
VOC-000736,HAGGAI MBAAKA,80422146,+254 771 393 41,haggai.mbaka@yahoo.com,1983-02-24,F,Bomet,Bomet Central,Mutarakwa,"Plot 214, Lane 10, Ruiru",05/07/2024,ACTIVE,Kilifi Institute,Metalwork,Technical,Enrolled,Ongoing
VOC-000737,JOSHUA MWIIRIGI,55349246,+25470704876,Joshua.mwirigi@outlook.com,1998-08-21,M,Nakuru,Kuresoi North,Kamara,"House 447, Thika Road, Ruiru",03/09/2024,INACTIVE,Nairobi Vocational Training Centre,Automotive,Digital,Completed,Ongoing
VOC-000738,KIMANI KAGWIRIA OMONDI,50545587,+25477251670,kimani45@hotmail.com,19741102,female,Nyeri,Nyeri Town,Kiganjo/Mathari,Not Provided,20-Dec-2024,pending,Kitale Technical College,Plumbing,TECHNICAL,Enrolled,Not Started
VOC-000739,NANJALA NAPEA,66772359,+25479341392,Nanjala.nabea@gmail.com,1970-08-21,F,Nairobi,Lang'ata,Mugumu-ini,"Plot 354, Lane 19, Uhuru",2025-05-24,INACTIVE,Thika Technical Training Institute,Plumbing,Technical,Dropped Out,Ongoing
VOC-000740,JONAH WACHIRA,85643715,+25472245918,Jonah.wachira@gmail.com,1992-12-07,M,Uasin Gishu,Soy,Kapkures,"House 33, Argwings Kodhek Road, Lavington",17-11-2025,INACTIVE,Mombasa Technical Institute,Catering,Technical,Completed,Completed
VOC-000741,WANYONYI MWAMBURI,75224158,+25410435754,wanyonyi.mwamburi@gmail.com,1985-01-23,M,Nairobi,Westlands,Kitisuru,"Plot 445, Lane 7, Tom Mboya",07-May-23,INACTIVE,Nakuru Industrial Training Centre,Welding,Hospitality,Enrolled,Completed
VOC-000742,KIPROP MUKHWANA KIPSANG,97 112 459,+25477873199,Kiprop.kipsang@hotmail.com,2000-04-25,M,Meru,Tigania West,Kianjai,"House 258, Argwings Kodhek Avenue, Jogoo",07-08-2024,INACTIVE,Meru Vocational Centre,Masonry,Technical,Dropped Out,Completed
VOC-000743,CECILIA NAMUKHULA,12169801,+25472233037,cecilia.namukhula@hotmail.com,NA,F,Machakos,Mavoko,Syokimau/Mulolongo,N/A,2024-10-31,ACTIVE,NA,Electrical,Digital,Completed,Certified
VOC-000744,MOKUA GIKNYO,13727541,+25477369426,Mokua.gikonyo@yahoo.com,1956-07-17,M,KIAMBU,Ruiru,Kiuu,"Plot 470, Lane 4, Lavington",20240710,INACTIVE,Kitale Technical College,ICT,Technical,In Progress,Not Started
VOC-000745,MUKHWANA WAFULA,36738225,+25477550726,mukhwana.wafula@hotmail.com,1973-10-04,M,Meru,Central Imenti,Kathonzweni,"House 297, Ngong Road Drive, Athi River",2024-05-29,INACTIVE,Kilifi Institute,Plumbing,Hospitality,Enrolled,Ongoing
VOC-000746,SAMUEL J. MOHAMED,72373944,+25477536305,Samuel.mohamed@hotmail.com,NA,F,Kakamega,Not Provided,Mautuma,"Plot 291, Lane 4, Lavington",Not Provided,INACTIVE,Kisumu Youth Skills Centre,Masonry,Hospitality,Enrolled,Ongoing
VOC-000747,DOROTHY OGEO,32417070,+25471963862,Dorothy.ogero@gmail.com,1966-09-20,M,Kisumu,N/A,Central Seme,"House 184, Ngong Road Street, Ruaraka",01-Aug-24,ACTIVE,Kilifi Institute,Plumbing,Artisan,Enrolled,Ongoing
VOC-000748,FAITH STEPHEN KIPKEMBOI,99548878,+25471756164,faith.kipkemboi@gmail.com,1992-08-09,F,Trans Nzoia,Kiminini,Sirende,"Plot 301, Lane 20, Langata",2024-02-17,INACTIVE,Kisumu Youth Skills Centre,Graphics Design,Technical,Dropped Out,Certified
VOC-000749,KEBASO OMAR,72002380,+25471639424,kebaso.omar@hotmail.com,2003-03-18,F,Nyeri,Tetu,Dedan Kimathi,"Plot 188, Lane 8, Outering",11-08-2024,INACTIVE,Mombasa Technical Institute,Electrical,Artisan,Enrolled,Not Started
VOC-000750,RACHEL ROTIC,73884512,+25411201420,rachel.rotich@gmail.com,1986-03-24,M,Uasin Gishu,Kapseret,Megun,"House 333, Thika Road, Waiyaki",2025-01-07,INACTIVE,Kakamega Youth Polytechnic,Graphics Design,Digital,Dropped Out,Ongoing
VOC-000751,HOPE  NAMUKHULA  GICHURU, 62904575,+25475719014,hope.gichuru@hotmail.com,1994-01-03,M,Mombasa,Mvita,Shimanzi,"House 305, Athi River Avenue, Jogoo",21-Sep-2025,ACTIVE,Kakamega Youth Polytechnic,Graphics Design,Artisan,In Progress,Not Started
VOC-000752,JEPKORIR KORROSS,4619-3334,+25473559030,Jepkorir43@outlook.com,01-Mar-1970,female,Kiambu,Kiambu,Riabai,"Plot 215, Lane 19, Mugumo",01/09/2025,inactive,Machakos Technical Institute,Hairdressing,HOSPITALITY,Enrolled,Not Started
VOC-000753,ALICE OCHIENG,79467412,+25470815182,alice.ochieng@hotmail.com,1977-06-26,F,Kakamega,Khwisero,Kisa East,"Plot 6, Lane 10, Waiyaki",28 Feb 2025,INACTIVE,Nairobi Vocational Training Centre,Plumbing,Hospitality,Completed,Certified
VOC-000754,GAKII FLORENCE KAIMENYI,60-857-535,+25478640123,Gakii.kaimenyi@outlook.com,1971-09-11,F,Bungoma,Sirisia,Namwela,"Plot 182, Lane 12, Waiyaki",24 Dec 2024,NA,Eldoret Polytechnic,Electrical,Technical,Dropped Out,Ongoing
VOC-000755,FAITH JUDITH BAYA,78812902,+25473824069,Faith.baya@gmail.com,1997-09-19,M,Uasin Gishu,Kapseret,Megun,"Plot 57, Lane 19, Ruaraka",2025-02-03,INACTIVE,Eldoret Polytechnic,Graphics Design,Technical,Completed,Certified
VOC-000756,SAMUEL MWIKALI OJWANG,70980810,+25411307498,S.ojwang@yahoo.com,17-Jun-1986,FEMALE,Machakos,Kangundo,Kangundo North,"Plot 353, Ln 7, Uhuru",07/23/2025,Active,Nakuru Industrial Training Centre,Metalwork,TECHNICAL,Enrolled,Completed
VOC-000757,ADOYO OPIYEO,91222606,+25476738566,adoyo.opiyo@outlook.com,1961-12-18,F,Kiambu County,Kikuyu,Sigona,"Plot 337, Lane 8, Kilimani",2025-08-08,ACTIVE,Mombasa Technical Institute,ICT,Artisan,Dropped Out,Completed
VOC-000758,MATTHEW MAINA MAINGI,27148566,0751.122.50,matthew.maingi@gmail.com,1998-11-17,F,Kakamega,Lugari,Chekalini,"Plot 153, Lane 16, Langata",2023-01-28,ACTIVE,Eldoret Polytechnic,Plumbing,Digital,Enrolled,Not Started
VOC-000759,SAMUEL AKINYI,95121229,+25479211099,samuel.akinyi@hotmail.com,1993-03-10,F,Kiambu,Kiambu,Kihara,"Plot 280, Lane 11, Ruaraka",20241127,ACTIVE,Machakos Technical Institute,Hairdressing,Technical,In Progress,Completed
VOC-000760,AGNES LUBANGA,23136524,+25471546707,agnes.lubanga@gmail.com,1997-10-27,F,Meru,Central Imenti,Kathonzweni,"Plot 37, Lane 15, Lenana",11/11/2025,INACTIVE,Eldoret Polytechnic,Electrical,Digital,In Progress,Not Started
VOC-000761,SAMUEL ANNA AWITI,57726845,+25411433754,samuel.awiti@gmail.com,1989-05-04,F,Uasin Gishu,Ainabkoi,Racecourse,"House 276, Ruaraka Street, Kikuyu",10/09/2025,INACTIVE,Nairobi Vocational Training Centre,Electrical,Hospitality,In Progress,Not Started
VOC-000762,BARNABAS JEPKORIR,17429594,+25479440623,Barnabas.jepkorir@outlook.com,1962-10-07,M,Kiambu,Kikuyu,Kinoo,"Plot 17, Lane 3, Lenana",2025-09-29,ACTIVE,Eldoret Polytechnic,Carpentry,Digital,Completed,Ongoing
VOC-000763,KIPKEMBOI ALI,42854392,254 751 378 75,Kipkemboi.ali@gmail.com,1997-04-21,F,Machakos,Mavoko,Kinanie,"Plot 153, Lane 15, Westlands",13-Feb-2024,ACTIVE,Machakos Technical Institute,Automotive,Technical,Dropped Out,Ongoing
VOC-000764,KIPCHIRCHIR KATHURE OTIENO,85251775,N/A,Kipchirchir.otieno@hotmail.com,1995-02-21,F,NA,Cherangany,Kaplamai,"Plot 405, Lane 6, Moi Avenue",28-06-2024,ACTIVE,Not Provided,Catering,Digital,Completed,Ongoing
VOC-000765,NAIPANOI MBAAKA,40269419,+25411494542,naipanoi.mbaka@gmail.com,1952-12-14,M,Meru,North Imenti,Nkubu,"House 294, Garden Estate Street, Lenana",11/02/2023,INACTIVE,Thika Technical Training Institute,Welding,Technical,In Progress,Certified
VOC-000766,NAFULA JEPKOECH,40954066,N/A,N/A,1990-08-14,M,Kilifi,Kilifi South,Shimo la Tewa,"Plot 260, Lane 10, Moi Avenue",2024-12-05,ACTIVE,Bomet Youth Polytechnic,Catering,Digital,Completed,Certified
VOC-000767,JUDITH KERUBO WANDERA,71151032,+25478647933,Judith.wandera@gmail.com,1984-12-13,F,Uasin Gishu,Soy,Kapkures,"Plot 459, Lane 15, Kenyatta",2023-07-03,INACTIVE,Machakos Technical Institute,Tailoring,Technical,Completed,Completed
VOC-000768,KIPKORIR M. WACHIRA,53699242,N/A,k.w@yahoo.com,1947-12-06,F,Kiambu,Kabete,Not Provided,"Plot 270, Lane 10, Moi Avenue",20/05/2023,INACTIVE,Kakamega Youth Polytechnic,Welding,Digital,Dropped Out,Ongoing
VOC-000769,SHARON NYABOKE ADOYO,17228318,+25411818423,sharon.adoyo@gmail.com,1955-05-09,M,Meru,South Imenti,Abogeta East,"Plot 363, Lane 17, Kilimani",10/04/2025,INACTIVE,Nakuru Industrial Training Centre,Graphics Design,Technical,Completed,Completed
VOC-000770,ADOYO SENTEU,66823841,+25410963818,adoyo.senteu@gmail.com,1996-07-01,F,Bungoma,Kabuchai,Bwake/Luuya,"House 286, Kasarani Avenue, Kangundo",16 Jan 2023,ACTIVE,Machakos Technical Institute,Welding,Digital,In Progress,Ongoing
VOC-000771,OJWANG MUTHAA MICAH,36003419,+25470427272,Muthaa.ojwang@hotmail.com,2005-12-24,M,Meru,IgembeCentral,Athiru Gaiti,"Plot 40, Lane 5, Uhuru",26-Jan-2025,ACTIVE,Nakuru Industrial Training Centre,Hairdressing,Artisan,Dropped Out,Not Started
VOC-000772,DANIEL JOEPKORIR,31654325,+25477228705,daniel.jepkorir@yahoo.com,1998-10-18,M,Nakuru,Kuresoi South,Amalo,"House 231, Uhuru Drive, Tom Mboya",2024-06-22,ACTIVE,Bomet Youth Polytechnic,Catering,Technical,Dropped Out,Completed
VOC-000773,EZEKIEL STEPHEN KANAMPIU,NA,+25471498281,Ezekiel.kanampiu@gmail.com,1989-01-22,M,Nairobi,Kibra,Lindi,"Plot 94, Lane 6, Ruaraka",10-Oct-24,ACTIVE,Nairobi Vocational Training Centre,Hairdressing,Artisan,Completed,Ongoing
VOC-000774,KERUBO NJUGUNA NGANGA,32907135,+25475739346,Kerubo.nganga@gmail.com,1976-08-14,F,Uasin Gishu,Ainabkoi,Kapsoya,"Plot 290, Lane 17, Argwings Kodhek",2025-12-05,ACTIVE,Meru Vocational Centre,Plumbing,Digital,Dropped Out,Not Started
VOC-000775,CHRISTOPHER ADOYO KIVUVA,Not Provided,+25411647559,christopher.kivuva@yahoo.com,1966-07-01,F,Bungoma,Kimilili,Maeni,"Plot 60, Lane 8, Jogoo",18-05-2025,ACTIVE,Nairobi Vocational Training Centre,Catering,Digital,Enrolled,Completed
VOC-000776,AARON WAMALWA,89750628,+25477560245,Aaron.wamalwa@yahoo.com,1993-04-04,F,KAKAMEGA,MATUNGU,NAMAMALI,"Plot 279, Lane 12, Waiyaki",04/10/2024,INACTIVE,Kitale Technical College,Hairdressing,Hospitality,Completed,Certified
VOC-000777,GICHURU KIPKEMBOI,71156898,071587836,gichuru.kipkemboi@yahoo.com,1975-06-24,F,Kiambu,Lari,Nyanduma,"Plot 147, Lane 12, Ngong",07-28-2024,INACTIVE,Kakamega Youth Polytechnic,Tailoring,Technical,In Progress,Ongoing
VOC-000778,ESTHER MUTUNEE,28531242,+25410224870,esther_mutune@hotmail.com,04/03/1989,male,Kiambu,Limuru,Ndeiya,"Plot 83, Lane 1, Kilimani",26-04-2025,I,Kisumu Youth Skills Centre,Electrical,DIGITAL,In Progress,Completed
VOC-000779,SYOKAU OMONDI WEKESA,28156328,+25410986658,Syokau.wekesa@gmail.com,1991-08-01,F,Kisumu,Kisumu East,Manyatta 'B',"Plot 391, Lane 12, Athi River",26-Aug-2025,INACTIVE,Meru Vocational Centre,Electrical,Hospitality,In Progress,Not Started
VOC-000780,MUENI KIPKEMBOI,10632635,+25477386814,Mueni.kipkemboi@gmail.com,1976-03-16,F,Bungoma,Sirisia,Namwela,"Plot 207, Lane 16, Uhuru",26-Apr-23,ACTIVE,Kilifi Institute,Hairdressing,Technical,Completed,Ongoing
VOC-000781,MUGO WANAJLA,66230955,+25475149208,mugo.wanjala@yahoo.com,1994-01-13,F,Kilifi,Kaloleni,Mwanamwinga,"House 230, Argwings Kodhek Road, Thika",2025-12-07,INACTIVE,Nakuru Industrial Training Centre,Automotive,Technical,In Progress,Certified
VOC-000782,MARTHA GAKUNYI MASINDE,19575984,+25478278048,Martha.masinde@hotmail.com,1991-12-07,F,Trans Nzoia,Kiminini,Hospital,"Plot 230, Lane 4, Parklands",05-Apr-25,ACTIVE,Kilifi Institute,Carpentry,Hospitality,In Progress,Ongoing
VOC-000783,JACQUELINE JACQUELINE JEBET,91 339 562,+25473107482,jacqueline.jebet@gmail.com,1967-05-19,M,Mombasa County,Jomvu,N/A,"Plot 34, Lane 3, Kikuyu",2025-11-18,ACTIVE,Kitale Technical College,Graphics Design,Digital,In Progress,Not Started
VOC-000784,KIMANI CHPKWONY,54352810,254 778 645 53,kimani.chepkwony@yahoo.com,1981-08-20,F,Kakamega,Butere,Marama Central,"Plot 119, Lane 18, Kikuyu",06/07/2025,ACTIVE,Kitale Technical College,Tailoring,Hospitality,In Progress,Ongoing
VOC-000785,FAITH MBURU,36397799,+25472740535,faith.mburu@gmail.com,1980-08-04,M,Nairobi,Kibra,Lindi,"House 144, Garden Estate Avenue, Kasarani",2024-10-27,ACTIVE,Kakamega Youth Polytechnic,Tailoring,Digital,Dropped Out,Ongoing
VOC-000786,SYOMBUA KIPKOECH MASINDE,14650569,079 749 253,Syombua.masinde@yahoo.com,1976-09-16,M,Nairobi,Dagoretti South,Uthiru,"House 103, Thika Street, Likoni",10 Jun 2024,ACTIVE,NA,Masonry,Digital,Completed,Certified
VOC-000787,PATRICK KIPROTICH MACHARIA,88619356,+25474704375,Patrick.macharia@gmail.com,1975-11-03,F,Bomet,Konoin,Embomos,"Plot 385, Lane 16, Thika Superhighway",19-12-2024,ACTIVE,Kilifi Institute,Masonry,Artisan,Enrolled,Ongoing
VOC-000788,JAMES OMBATI,59325778,+25475287785,james@yahoo.com,03/12/1980,M,Nakuru,Kuresoi North,Kamara,"Plot 71, Lane 14, Jogoo",2023-11-01,ACTIVE,Nakuru Industrial Training Centre,Metalwork,ARTISAN,Enrolled,Not Started
VOC-000789,TIMOTHY OESKO,30858205,+25471602675,Timothy.oseko@outlook.com,1990-10-18,F,Kisumu,Kisumu East,Nyalenda 'A',"Plot 120, Lane 14, Mugumo",20250421,ACTIVE,Nairobi Vocational Training Centre,Welding,Technical,Completed,Ongoing
VOC-000790,ALEXANDER SOPHIA MASINDE,35976666,+25411737809,amasinde@gmail.com,08-08-1956,MALE,NAKURU,GILGIL,MALEWA WEST,"Plot 376, Ln 18, River Rd",13-08-2024,Inactive,Nakuru Industrial Training Centre,Carpentry,TECHNICAL,Enrolled,Ongoing
VOC-000791,KIMANI MWIKLI,39607195,+25477308855,Kimani.mwikali@gmail.com,2001-10-14,M,Uasin Gishu,Ainabkoi,Racecourse,"House 452, Parklands Avenue, Ruiru",04/22/2025,INACTIVE,Kakamega Youth Polytechnic,Welding,Technical,Completed,Certified
VOC-000792,JANE JEPKORIR,67827740,+25410754595,Jane.jepkorir@outlook.com,1993-05-13,F,Mombasa,Jomvu,Mikindani,"Plot 382, Lane 19, Kikuyu",2025-09-27,ACTIVE,Kakamega Youth Polytechnic,Tailoring,Technical,Dropped Out,Not Started
VOC-000793,KWAMBOKA LENGURO,45877297,+25475848056,Kwamboka.lenguro@hotmail.com,1997-02-22,F,Nairobi,Kibra,Woodley,"Plot 244, Lane 19, Moi Avenue",10/27/2024,ACTIVE,Kakamega Youth Polytechnic,Welding,Technical,Dropped Out,Not Started
VOC-000794,KANANA MUYORI,62386745,+25476516595,Kanana.munyori@gmail.com,1958-01-15,M,Uasin Gishu,Kesses,Tulwet/Chuiyat,"Plot 428, Lane 20, Kasarani",18/11/2023,INACTIVE,Machakos Technical Institute,Electrical,Digital,Dropped Out,Ongoing
VOC-000795,ONGERI MUTHAA SIGEI,37852975,+25471130916,ongeri.sigei@yahoo.com,2003-09-17,M,Nakuru,Gilgil,Murindat,Not Provided,2025-06-23,ACTIVE,Thika Technical Training Institute,Masonry,Artisan,Enrolled,Not Started
VOC-000796,CECILIA WANYOIKE, 61944504,+25470998048,cecilia.wanyoike@gmail.com,1987-08-20,M,Bungoma,Webuye East,Maraka,"House 442, Ruiru Street, Ruiru",03/03/2025,INACTIVE,Machakos Technical Institute,Carpentry,Hospitality,Completed,Completed
VOC-000797,CAROLINE MBUTHIA,30454694,+25411679358,caroline.mbuthia@gmail.com,1961-02-13,F,Kakamega,Lugari,Chekalini,"Plot 401, Lane 11, Outering",2023-01-07,ACTIVE,Kakamega Youth Polytechnic,ICT,Artisan,Completed,Ongoing
VOC-000798,EUNICE KARIUKI ADOYO,11851426,+25478778557,eunice.adoyo@yahoo.com,1968-04-02,F,Not Provided,NA,Makina,Not Provided,10-Feb-2023,ACTIVE,Kitale Technical College,Tailoring,Technical,Completed,Not Started
VOC-000799,O. KAMOTHO,74938160,+25471433754,Odhiambo.kamotho@gmail.com,1984-08-26,F,Trans Nzoia,Saboti,Kinyoro,"House 296, Mombasa Road Drive, Kenyatta",2024-02-13,INACTIVE,Meru Vocational Centre,Catering,Technical,Dropped Out,Not Started
VOC-000800,PRISCILLA KIOKO,46854409,+25477169501,Priscilla@yahoo.com,06/06/1983,Female,Kakamega,Shinyalu,Isukha Central,"Plot 279, Ln 7, Kitisuru",20240822,INACTIVE,Kilifi Institute,ICT,TECHNICAL,In Progress,Ongoing
VOC-000801,RIMBERIA NJUGUNA,31183862 ,+25474247100,Rimberia.njuguna@gmail.com,1998-03-09,F,Turkana,Turkana East,Lokichar,"Plot 200, Lane 17, Ngong",04/05/2024,INACTIVE,Machakos Technical Institute,Electrical,Artisan,In Progress,Completed
VOC-000802,NYABOKE MARTHA ONYANGO,60042850,+25471676706,nyaboke.onyango@gmail.com,1975-10-14,M,Bungoma,Mt. Elgon,Kaptama,"House 150, Karen Drive, Waiyaki",2024-09-29,INACTIVE,Kakamega Youth Polytechnic,Graphics Design,Digital,Completed,Not Started
VOC-000803,ANNA ODYA,76510566,+25410256876,Anna.oduya@gmail.com,1993-05-24,F,Meru,Tigania East,Kiguchwa,"House 377, Westlands Drive, Likoni",11 Jan 2024,Not Provided,Nairobi Vocational Training Centre,Automotive,Technical,Completed,Not Started
VOC-000804,GITONGA NAFULA,97008713,+25411737405,gitonga.nafula@gmail.com,1990-12-18,M,Nakuru,Gilgil,Malewa West,"House 377, Kenyatta Street, Kilimani",13-Oct-23,ACTIVE,Nakuru Industrial Training Centre,Metalwork,Hospitality,Completed,Not Started
VOC-000805,NAHUM MUNYORI,31811407,+25475441993,nahum.munyori@gmail.com,1987-11-01,F,Bungoma,Kanduyi,Khalaba,"House 138, Kitisuru Street, Juja",2024-11-02,ACTIVE,Kisumu Youth Skills Centre,Masonry,Hospitality,Dropped Out,Not Started
VOC-000806,ACHIENG GRACE MCHARO,62688751,+25478862377,achieng.mcharo@outlook.com,1990-03-08,M,Bungoma,Webuye West,Kimilili,"House 474, Kilimani Road, Waiyaki",31-12-2025,INACTIVE,Kilifi Institute,Tailoring,Technical,Enrolled,Certified
VOC-000807,FAITH GILBERT KIPNGETICH,52055939,+25410166058,Faith.kipngetich@yahoo.com,1983-05-17,F,Nairobi,Dagoretti South,Mutuini,"House 380, Kasarani Road, Lenana",21/01/2023,ACTIVE,Meru Vocational Centre,Graphics Design,Digital,Enrolled,Completed
VOC-000808,CYNTHIA NGOROGE,47173534,+25470865244,cynthia.njoroge@outlook.com,1998-01-03,F,Trans Nzoia,Endebess,Chepchoina,"House 78, Athi River Drive, Kilimani",24/02/2024,INACTIVE,Meru Vocational Centre,Plumbing,Hospitality,Completed,Ongoing
VOC-000809,KIPNGETICH NABWIRE,60984196,+25410847263,nabwirekipngetich@outlook.com,1978-12-06,F,Nairobi,Westlands,Kitisuru,"HOUSE 320, KENYATTA DRIVE, MOI AVENUE",2023-09-09,Pending,Bomet Youth Polytechnic,Welding,HOSPITALITY,Enrolled,Not Started
VOC-000810,GITONGA JEPKORIR,57-802-228,+25472366485,gitonga.jepkorir@gmail.com,2001-07-25,F,Kiambu,Limuru,Limuru Central,"Plot 404, Lane 9, Argwings Kodhek",03/10/2025,INACTIVE,Kitale Technical College,Electrical,Artisan,In Progress,Certified
VOC-000811,JEBIWOTT AWUOR,37332854,+25475992271,jebiwott.awuor@gmail.com,1956-11-20,M,Nakuru,Subukia,Not Provided,"Plot 290, Lane 11, Garden Estate",22-Nov-25,INACTIVE,Meru Vocational Centre,Hairdressing,Artisan,Completed,Certified
VOC-000812,AUMA MAINA,80122328,+25474961561,Auma.maina@hotmail.com,1962-08-19,F,Nakuru County,Kuresoi North,Nyota,"Plot 197, Lane 20, Argwings Kodhek",20251215,INACTIVE,Kilifi Institute,Hairdressing,Artisan,Enrolled,Completed
VOC-000813,MASINDE LETSHAN,32258756,NA,masinde.leshan@yahoo.com,1984-11-04,F,Turkana,Turkana North,Kaeris,Not Provided,08/12/2024,ACTIVE,Meru Vocational Centre,Welding,Hospitality,Completed,Ongoing
VOC-000814,MWANIA MWINYI,NA,+25410883106,mwania.mwinyi@outlook.com,1960-09-12,F,Uasin Gishu,Soy,Ziwa,"Plot 46, Lane 3, Athi River",01-01-2024,INACTIVE,Kakamega Youth Polytechnic,Catering,Technical,In Progress,Not Started
VOC-000815,CAROLINE CHARITY KIPKEMOI,15425350,+25476487437,Caroline.kipkemoi@outlook.com,1984-01-01,M,Kakamega,Shinyalu,Isukha Central,"House 139, Ngong Road Street, Jogoo",06/18/2023,INACTIVE,Mombasa Technical Institute,Carpentry,Hospitality,Enrolled,Completed
VOC-000816,NASIMIYU KORIR,18579673,+25472124052,Nasimiyu.korir@gmail.com,2001-05-12,F,Machakos,Masinga,Muthesya,"Plot 107, Lane 3, Jogoo",04-Apr-2025,ACTIVE,Nakuru Industrial Training Centre,Metalwork,Hospitality,Enrolled,Certified
VOC-000817,JAMES KIOK,32638266,+25479228873,James.kioko@gmail.com,1997-01-20,M,Turkana,Turkana Central,Kalokol,NA,14 Apr 2024,ACTIVE,Thika Technical Training Institute,Electrical,Digital,Enrolled,Ongoing
VOC-000818,WACHIRA GEORGE AUMA,84335596,+25473205253,wachira.auma@gmail.com,2002-08-06,M,Kakamega,Lugari,Manda/Shivanga,"House 50, Mugumo Avenue, Thika Superhighway",25-Aug-2024,INACTIVE,Kilifi Institute,Electrical,Digital,Enrolled,Certified
VOC-000819,GICHURU KIVUVA,85709619,+25472280937,gichuru.kivuva@yahoo.com,1965-07-13,F,Kiambu,Limuru,Limuru Central,"Plot 284, Lane 9, Mombasa Road",2025-11-19,INACTIVE,Meru Vocational Centre,Plumbing,Hospitality,In Progress,Completed
VOC-000820,JOSEPH ADOYO WAITHERA,46102405,+25410770909,Joseph.waithera@hotmail.com,1987-02-16,M,Nairobi,Dagoretti North,Kileleshwa,"Plot 23, Lane 10, Lenana",26/10/2023,INACTIVE,Bomet Youth Polytechnic,Plumbing,Artisan,Completed,Completed
VOC-000821,THOMAS NABEA,42 180 102,+25478133577,thomasnabea@hotmail.com,13-Apr-74,F,Bungoma,Kimilili,Kamukuywa,House171MombasaRdStreetArgwingsKodhek,2025-09-06,Pending,Nairobi Vocational Training Centre,Masonry,ARTISAN,Completed,Completed
VOC-000822,GRACE KAMAU KIPKORIR,21980102,+25472787278,grace.kipkorir@gmail.com,1999-11-26,F,Kisumu,Nyando,Kabonyo/Kanyagwal,"Plot 105, Lane 2, Kileleshwa",29-Jan-24,INACTIVE,Kitale Technical College,Catering,Artisan,Enrolled,Ongoing
VOC-000823,CHEPKORIRLENGURO,28082355,+25410637544,Chepkorir.lenguro@gmail.com,1965-05-06,M,Mombasa,Nyali,Frere Town,"Plot 111, Lane 16, Parklands",27/02/2025,INACTIVE,Thika Technical Training Institute,Plumbing,Artisan,Completed,Ongoing
VOC-000824,STEPHEN KHAEMBA JEPKOECH,68535809,+25471606274,stephen.jepkoech@gmail.com,1969-01-06,F,Uasin Gishu,Kesses,Cheptiret/Kipchamo,"Plot 290, Lane 7, Lavington",05-Mar-2025,ACTIVE,Mombasa Technical Institute,Masonry,Hospitality,Dropped Out,Certified
VOC-000825,JANET OCHIENG KARANJA,82123324,+25472265722,Janet.karanja@outlook.com,1970-04-24,F,Kakamega,Khwisero,Kisa Central,"House 118, Ngong Avenue, Kiambu Road",09-Aug-24,INACTIVE,Eldoret Polytechnic,ICT,Artisan,Enrolled,Certified
VOC-000826,WAMBUI CHEPNGENO,52163391,+25473710843,wchepngeno@hotmail.com,1962-12-06,F,Trans Nzoia,Saboti,Tuwani,"Plot 427, Lane 19, Thika",2023-09-15,active,Eldoret Polytechnic,Electrical,TECHNICAL,Dropped Out,Completed
VOC-000827,DAVID LENGURO,98676416,+25474683715,david.lenguro@yahoo.com,1978-02-28,M,Bungoma,Webuye East,Ndivisi,"Plot 95, Lane 8, Karen",15-03-2024,INACTIVE,Bomet Youth Polytechnic,Graphics Design,Digital,Completed,Not Started
VOC-000828,MICHAEL MOHAMED,81260168,+25477315630,Michael.mohamed@gmail.com,1999-02-07,M,Machakos,Yatta,Katangi,"Plot 108, Lane 20, Moi Avenue",2024-05-03,INACTIVE,Kitale Technical College,Hairdressing,Hospitality,Enrolled,Completed
VOC-000829,ONGERI GAKUNYI BAYA,69466273,+25476649625,ongeri.baya@outlook.com,1963-09-18,F,Kiambu,Lari,Kamburu,"Plot 37, Lane 18, Kitisuru",23-Nov-2025,ACTIVE,Kilifi Institute,Plumbing,Digital,In Progress,Completed
VOC-000830,MUTHAA MWOROA,42211908,+25471737504,muthaa.mworoa@outlook.com,1967-03-15,M,Kilifi,Magarini,Adu,"Plot 148, Lane 19, Karen",04-01-2025,INACTIVE,Kitale Technical College,Electrical,Hospitality,Dropped Out,Not Started
VOC-000831,KIPNGETICH CHEROTICH NABEA,19971406,+25473108380,kipngetich.nabea@gmail.com,1972-01-10,M,Nakuru,Kuresoi South,Amalo,"Plot 140, Lane 10, Mugumo",25-May-2024,ACTIVE,Mombasa Technical Institute,Masonry,Artisan,Enrolled,Certified
VOC-000832,HOPE ONDIEKI MWOROA,26-571-117,+25479615842,Hope.mworoa@outlook.com,1983-02-27,F,Kiambu,Kikuyu,Kinoo,"House 75, Ruaraka Street, Kikuyu",2025-06-16,INACTIVE,Meru Vocational Centre,Tailoring,Artisan,Completed,Ongoing
VOC-000833,KEBASO AIWTI,68504096,+25479425806,Kebaso.awiti@hotmail.com,2003-05-26,M,Nakuru,Molo,Molo,"House 445, Parklands Street, Likoni",2023-07-25,INACTIVE,Kisumu Youth Skills Centre,Automotive,Artisan,Enrolled,Completed
VOC-000834,MURIUKI MUTISYA,43415626,+25478158926,Muriuki.mutisya@outlook.com,1980-02-18,F,Nakuru,Bahati,Dundori,"House 54, Karen Road, Ruaraka",20241017,ACTIVE,Eldoret Polytechnic,Automotive,Digital,Enrolled,Not Started
VOC-000835,DEBORAH AWITI,33535297,+25476421727,deborah.awiti@outlook.com,1981-01-23,M,Bomet,Bomet Central,Mutarakwa,"Plot 309, Lane 20, Kikuyu",11-Aug-2024,ACTIVE,Meru Vocational Centre,Plumbing,Digital,Enrolled,Ongoing
VOC-000836,KINYUA JEBET,31706858,+25410143010,kinyua.jebet@gmail.com,1958-01-13,F,Machakos,Not Provided,NA,N/A,06/26/2025,INACTIVE,Eldoret Polytechnic,Graphics Design,Artisan,Enrolled,Certified
VOC-000837,JEPKORIR WSANJOHI,54596393,+25410628785,Jepkorirwanjohi@gmail.com,1997-01-09,Female,Machakos,Mavoko,Muthwani,House17KiambuStreetMugumo,29-Nov-2023,ACTIVE,Kitale Technical College,Welding,ARTISAN,In Progress,Certified
VOC-000838,ANDREW SYOKAU MUSYOKA,10455925,+25478443555,andrew.musyoka@gmail.com,1969-12-14,M,Bungoma,Kanduyi,Marakaru/Tuuti,"House 157, Langata Drive, Kangundo",2023-07-21,INACTIVE,Kilifi Institute,Graphics Design,Hospitality,In Progress,Completed
VOC-000839,JOSHUA KIPNGETICH,25376128,+25477221423,Joshua.kipngetich@gmail.com,1994-08-19,F,Kakamega,Matungu,Namamali,"Plot 457, Lane 14, Jogoo",03-03-2025,INACTIVE,Eldoret Polytechnic,ICT,Artisan,Completed,Not Started
VOC-000840,ESTHER ISAAC MBUTHIA,30842471,+25411448009,Not Provided,1993-05-07,M,Bungoma,Bumula,Khasoko,"Plot 238, Lane 15, Uhuru",N/A,NA,Nakuru Industrial Training Centre,Graphics Design,Artisan,Dropped Out,Completed
VOC-000841,MWANGO MARGARET,56-421-468,+25478771176,Margaret.mwango@outlook.com,1994-08-14,M,Bungoma,Mt. Elgon,Chepyuk,"Plot 85, Lane 20, Kitisuru",02/09/2025,ACTIVE,Mombasa Technical Institute,Masonry,Technical,Enrolled,Not Started
VOC-000842,ACHIENG MUSYOKA KIPSANG,76977281,+25475103287,Achieng.kipsang@outlook.com,1976-11-14,M,Meru,Buuri,Ruiri/Rwarera,"Plot 7, Lane 17, Ngong Road",05/04/2025,INACTIVE,Mombasa Technical Institute,Welding,Digital,Completed,Completed
VOC-000843,GILBERT AARON ONDIEKI,46634354,+25411508175,Gilbert.ondieki@gmail.com,1983-08-05,F,Nairobi,Kasarani,Njiru,"House 38, Garden Estate Street, Kikuyu",16/05/2023,ACTIVE,Machakos Technical Institute,Graphics Design,Digital,Dropped Out,Completed
VOC-000844,JUDY ROTICH,26625933,+25410132047,Judy.rotich@gmail.com,1979-08-19,F,Kisumu,Kisumu Central,Kaloleni,"Plot 146, Lane 2, Parklands",12-04-2025,ACTIVE,Bomet Youth Polytechnic,Welding,Artisan,Completed,Certified
VOC-000845,ACHIENG GITHIINJI,58294486,+25479418132,achieng.githinji@outlook.com,NA,F,Turkana,Turkana West,Letea,"Plot 265, Lane 5, Kiambu",2023-06-22,INACTIVE,Meru Vocational Centre,Masonry,Technical,Completed,Certified
VOC-000846,KIPROP LESHAN,79651607,NA,Kiprop.leshan@gmail.com,1984-02-05,F,Bungoma,Not Provided,Sitikho,"Plot 89, Lane 2, Ngong",23-05-2025,ACTIVE,Kitale Technical College,Tailoring,Hospitality,Completed,Ongoing
VOC-000847,BARNABAS WAIRMIU,15513078,+25470469545,barnabas.wairimu@gmail.com,1970-06-27,F,Kakamega,Shinyalu,Isukha South,"Plot 357, Lane 17, Kasarani",01-30-2023,INACTIVE,Eldoret Polytechnic,Carpentry,Artisan,Enrolled,Completed
VOC-000848,ALLAN CHEPKWONY,48462628,NA,allan.chepkwony@outlook.com,1997-01-14,F,Meru,Igembe Central,Athiru Gaiti,"House 206, Athi River Road, Argwings Kodhek",2023-11-15,INACTIVE,Meru Vocational Centre,Welding,Artisan,Completed,Certified
VOC-000849,JEPCHUMBA NANJALA,80121095,+25472234997,jepchumba.nanjala@hotmail.com,1976-12-22,F,Mombasa,Kisauni,Bamburi,"House 252, Langata Street, Kikuyu",06-Jul-2023,INACTIVE,Thika Technical Training Institute,Automotive,Hospitality,Dropped Out,Certified
VOC-000850,ROSE FLORENCE RIMBERIA,68829924,N/A,Rose.rimberia@yahoo.com,N/A,F,Bomet,Chepalungu,Kongasis,"Plot 236, Lane 2, Kitisuru",11/12/2024,ACTIVE,Mombasa Technical Institute,Carpentry,Digital,Enrolled,Completed
VOC-000851,KIPKORIR NGGANGA,26492810,+25411477576,kipkorir.nganga@gmail.com,1974-06-09,F,Bomet,Sotik,Ndanai/Abosi,"Plot 4, Lane 18, Ngong Road",14/11/2025,ACTIVE,Kilifi Institute,Automotive,Hospitality,In Progress,Certified
VOC-000852,MWANIA GICHURU,69686509,+25476258266,Mwania.gichuru@hotmail.com,1956-08-06,M,KAKAMEGA,Shinyalu,Isukha South,"Plot 368, Lane 17, Kasarani",19-May-24,ACTIVE,NA,Hairdressing,Artisan,Completed,Certified
VOC-000853,DOROTHY MWANGI MBUTHIA,33608547,+25472790701,dorothy.mbuthia@gmail.com,1995-10-14,M,Nairobi,Dagoretti South,Waithaka,"Plot 89, Lane 19, Argwings Kodhek",01/11/2025,INACTIVE,Nakuru Industrial Training Centre,Welding,Hospitality,Enrolled,Completed
VOC-000854,OMBATI MUTHEU MITEI,50450560,+25478797002,Ombati.mitei@yahoo.com,1980-10-21,F,Machakos,Mavoko,Athi River,"Plot 325, Lane 17, Argwings Kodhek",25-Aug-23,ACTIVE,Kakamega Youth Polytechnic,Masonry,Digital,Dropped Out,Completed
VOC-000855,JEBIWOTT NAFULA KOECH,20135745,+25478919189,jebiwott.koech@yahoo.com,1986-08-13,M,Machakos,Yatta,Matuu,"House 418, Ngong Road Road, Ngong",09-09-2025,INACTIVE,Kisumu Youth Skills Centre,Welding,Artisan,Dropped Out,Completed
VOC-000856,RIMBERIA OKELLO KOECH,48065927,+25472474361,rimberia.koech@gmail.com,1988-12-16,M,Nakuru,Not Provided,N/A,"House 440, River Road Street, Karen",Not Provided,ACTIVE,Eldoret Polytechnic,Tailoring,Artisan,Completed,Certified
VOC-000857,JEBET JOY KIVUVA,64910054,NA,jebet.kivuva@gmail.com,1995-02-06,F,Kiambu,Kikuyu,Not Provided,"Plot 227, Lane 12, Ruiru",2024-07-08,ACTIVE,N/A,Tailoring,Technical,Dropped Out,Ongoing
VOC-000858,KALOKI WAITHERA MUNYORI,62785816,+25410126920,kaloki.munyori@hotmail.com,1993-01-20,M,Uasin Gishu,Moiben,Kimumu,"Plot 213, Lane 18, Kangundo",09-06-2025,INACTIVE,Meru Vocational Centre,Carpentry,Artisan,Completed,Not Started
VOC-000859,RIMBERIA NAIPANOI GICHUKI,68410653,+25479728848,Rimberia.gichuki@outlook.com,1975-02-14,M,Meru,Central Imenti,Kabachi,"Plot 12, Lane 9, Tom Mboya",2024-09-29,ACTIVE,Kitale Technical College,Hairdressing,Digital,Enrolled,Certified
VOC-000860,WAMBUI BAYA,49514786,+25471638625,wambui.baya@gmail.com,1999-06-09,M,Kisumu,Nyakach,West Nyakach,"Plot 90, Lane 2, Juja",29-Jul-24,INACTIVE,Kisumu Youth Skills Centre,Catering,Technical,In Progress,Certified
VOC-000861,MWENDE NEKESSA,30142372,+25411294741,Mwende.nekesa@outlook.com,1983-07-16,F,Turkana,Turkana North,Kaikor,"Plot 381, Lane 6, Kiambu Road",09-04-2024,ACTIVE,Kakamega Youth Polytechnic,Masonry,Hospitality,Dropped Out,Completed
VOC-000862,WANYONYI KENEI,74668530,+25474357796,N/A,1996-01-06,F,Nairobi,Dagoretti North,Gatina,"Plot 87, Lane 17, Karen",2025-03-06,NA,Kakamega Youth Polytechnic,Plumbing,Technical,In Progress,Certified
VOC-000863,THOMAS JEPKOECH,49761155,+25472993111,Thomas.jepkoech@hotmail.com,1989-08-05,M,Bungoma,Kanduyi,East Sang'alo,"Plot 14, Lane 1, Lenana",2023-02-05,INACTIVE,Nakuru Industrial Training Centre,Metalwork,Digital,Enrolled,Ongoing
VOC-000864,ROTICH KAGWIRIA THOMAS,98996499,+25411500263,Kagwiria.rotich@gmail.com,1964-02-27,M,Uasin Gishu,Moiben,Moiben,"House 338, Kiambu Avenue, Kiambu Road",03/09/2024,INACTIVE,Mombasa Technical Institute,ICT,Digital,In Progress,Not Started
VOC-000865,STEPHEN MCHARO,95174825,+25411980857,Stephen.mcharo@gmail.com,1986-02-20,M,Machakos,Kathiani,Upper Kaewa/Iveti,"Plot 48, Lane 14, Athi River",04/08/2023,INACTIVE,Machakos Technical Institute,ICT,Digital,Completed,Completed
VOC-000866,PEACE AUMA,34706155,+25478518361,peace.auma@outlook.com,1987-11-08,F,Kiambu,Kabete,Gitaru,"Plot 71, Lane 9, Lenana",29/12/2024,INACTIVE,Nairobi Vocational Training Centre,ICT,Digital,In Progress,Ongoing
VOC-000867,NYABOKE KIPCIRCHIR,9868-5344,+25474698192,nyaboke.kipchirchir@yahoo.com,1979-02-14,M,Uasin Gishu,Turbo,Kamagut,"Plot 69, Lane 16, Kiambu",26-Mar-2025,INACTIVE,Thika Technical Training Institute,Graphics Design,Technical,Enrolled,Not Started
VOC-000868,A. AWINO,25 610 550,+25477714998,Auma.awino@outlook.com,1961-09-08,F,Machakos,Kangundo,Kangundo Central,"Plot 176, Lane 8, Mugumo",2025-08-21,INACTIVE,Mombasa Technical Institute,Automotive,Digital,Dropped Out,Completed
VOC-000869,AWINO ADHIAMBO NZIOKA,25264369,+25477197564,awino.nzioka@gmail.com,1994-03-27,M,Machakos,Yatta,Kithimani,"Plot 51, Lane 11, Ngong",2024-03-16,ACTIVE,Kisumu Youth Skills Centre,Tailoring,Technical,Completed,Completed
VOC-000870,EVELYN AUMA,51968540,+25411836598,evelyn.auma@hotmail.com,2005-06-17,M,Mombasa,Likoni,Tsimba,"House 236, Kitisuru Avenue, Athi River",01-Feb-2025,INACTIVE,Machakos Technical Institute,Carpentry,Technical,Dropped Out,Not Started
VOC-000871,EVELYN BAYA,74994816,NA,evelyn.baya@outlook.com,1982-08-25,M,Machakos,Machakos Town,N/A,"Plot 454, Lane 5, Kitisuru",22-05-2024,N/A,Machakos Technical Institute,Automotive,Artisan,Dropped Out,Not Started
VOC-000872,KWAMBOKA MICAH SIMIYU,61144210,+25479434695,kwambokasimiyu@yahoo.com,1965-03-01,M,Machakos,Masinga,Muthesya,"PLOT 186, LANE 16, TOM MBOYA",2025-09-24,pending,Thika Technical Training Institute,ICT,TECHNICAL,Dropped Out,Completed
VOC-000873,MARTIN GAKII MBURU,60671655,+25470950946,mburumartin@outlook.com,03/04/1998,FEMALE,Kiambu,Ruiru,Gatong'ora,Plot 98 Lane 5 Parklands,20/07/2023,pending,Nakuru Industrial Training Centre,Hairdressing,DIGITAL,In Progress,Not Started
VOC-000874,AWUOR ONDITI TSUMA,60890181,+25473732535,awuor.tsuma@outlook.com,1990-12-14,F,Meru,IgembeCentral,Kiegoi,"Plot 129, Lane 19, Likoni",20250807,ACTIVE,Kakamega Youth Polytechnic,Carpentry,Digital,In Progress,Not Started
VOC-000875,DIANA MUEM,47549488,+25475318882,Diana.muema@yahoo.com,N/A,M,Meru,South Imenti,Abogeta West,"Plot 381, Lane 6, Thika",29-Aug-23,ACTIVE,Eldoret Polytechnic,Graphics Design,Technical,Enrolled,Ongoing
VOC-000876,CHEPKIRUI MUKHWANA,68080257,+25411292553,chepkirui.mukhwana@hotmail.com,1984-06-22,M,Mombasa,Nyali,Ziwa la Ng'ombe,"Plot 338, Lane 3, Ngong Road",13-05-2025,ACTIVE,Kilifi Institute,Tailoring,Digital,Dropped Out,Ongoing
VOC-000877,KANANA WAMUYU,38478250,+25472734578,Kananawamuyu@gmail.com,1990-01-14,M,Nakuru,Rongai,Soin,"Plot 185, Lane 10, Waiyaki",20240820,INACTIVE,Kisumu Youth Skills Centre,Catering,Hospitality,In Progress,Completed
VOC-000878,NOKUN LILIAN NDUNGE,19655576,+25475243294,Nokun.ndunge@outlook.com,2001-01-01,F,Nyeri,Nyeri Town,Kiganjo/Mathari,"Plot 474, Lane 13, River Road",01-May-2025,ACTIVE,Bomet Youth Polytechnic,Catering,Technical,Dropped Out,Not Started
VOC-000879,NAHUM MNUYAO,96025578,+25410884898,nahum.munyao@gmail.com,1985-11-03,M,UASIN GISHU,AINABKOI,KAPSOYA,"House 96, Limuru Drive, Jogoo",2023-03-03,ACTIVE,Meru Vocational Centre,Welding,Technical,Enrolled,Ongoing
VOC-000880,KIPROP AUMA WAIRIMU,55799693,+25410201026,kiprop.wairimu@hotmail.com,1976-02-07,M,KAKAMEGA,Butere,NA,"Plot 431, Lane 13, Mombasa Road",N/A,INACTIVE,Nairobi Vocational Training Centre,Automotive,Hospitality,Dropped Out,Certified
VOC-000881,GEORGE BAYAA,56574888,+25411438943,N/A,1979-12-02,F,Machakos,Kathiani,Lower Kaewa/Iveti,"Plot 84, Lane 10, Thika",N/A,ACTIVE,Nairobi Vocational Training Centre,Automotive,Hospitality,In Progress,Not Started
VOC-000882,KIPSANG KHAEMBA AWUOR,66601919,+25470966113,kipsang.awuor@gmail.com,1983-03-22,M,Bungoma,Webuye East,Ndivisi,"Plot 45, Lane 1, Parklands",19-10-2025,INACTIVE,Eldoret Polytechnic,Automotive,Technical,Completed,Not Started
VOC-000883,ANN MARK JEBET,15 971 136,+25475218896,ann.jebet@gmail.com,2000-01-08,M,Kilifi,Ganze,Sokoke,"Plot 161, Lane 5, Likoni",01-Jun-2023,ACTIVE,Kakamega Youth Polytechnic,Hairdressing,Technical,Dropped Out,Certified
VOC-000884,ONGERI WAMBUI,61901085,+25476510420,ongeri.wambui@hotmail.com,1971-10-13,F,Nairobi,Dagoretti North,Kileleshwa,"House 465, Waiyaki Road, Westlands",2024-09-23,INACTIVE,Machakos Technical Institute,Carpentry,Digital,Completed,Completed
VOC-000885,KWAMBOKA WANGARI,75025705,+25476548902,Kwamboka.wangari@yahoo.com,1977-05-18,F,Trans Nzoia,Kiminini,Kiminini,"House 333, Kasarani Avenue, Lavington",21-May-25,ACTIVE,Kisumu Youth Skills Centre,Masonry,Digital,In Progress,Not Started
VOC-000886,E. MARETE,31567333,+25411558001,Elijah.marete@gmail.com,1971-01-18,F,Bungoma,Bumula,South Bukusu,"House 341, Kiambu Avenue, Kiambu Road",14-Aug-2024,INACTIVE,Meru Vocational Centre,Hairdressing,Technical,Dropped Out,Completed
VOC-000887,MERCY KOROSS,10176075,+25411659606,Mercy.koross@yahoo.com,1976-01-13,M,Kiambu,Kikuyu,Kikuyu,"House 320, Kangundo Avenue, Lenana",02-May-23,INACTIVE,Bomet Youth Polytechnic,Hairdressing,Artisan,Enrolled,Completed
VOC-000888,CECILIA NDUNDA, 26497914,+25478415451,cecilia.ndunda@gmail.com,1983-01-12,F,Nairobi,Westlands,Kangemi,"Plot 292, Lane 6, Kilimani",2023-08-24,ACTIVE,Kitale Technical College,Plumbing,Digital,Dropped Out,Ongoing
VOC-000889,MOMANYI MUKHWANA,58229521,+25473301251,Momanyi.mukhwana@yahoo.com,1954-11-05,M,Kakamega,Ikolomani,Idakho North,"House 473, Limuru Avenue, Kiambu",01/02/2024,INACTIVE,Nairobi Vocational Training Centre,Metalwork,Digital,Dropped Out,Completed
VOC-000890,NDUKU SAIIDIMU,82-957-881,+25471847130,nduku.saidimu@gmail.com,1973-03-16,M,Bungoma,Webuye West,Sitikho,"Plot 325, Lane 12, Kitisuru",08/03/2025,ACTIVE,Thika Technical Training Institute,Metalwork,Technical,Dropped Out,Certified
VOC-000891,MULWA JOEL OKOTH,34213769,+25410395744,Mulwa.okoth@gmail.com,1989-07-22,F,Uasin Gishu,Soy,Kapkures,"Plot 126, Lane 13, Uhuru",2024-12-26,ACTIVE,Kilifi Institute,Automotive,Technical,Dropped Out,Certified
VOC-000892,KIPKIRUI LENGURO AWUOR,19725451,+25478934985,Kipkirui.awuor@gmail.com,1971-10-19,M,KISUMU,SEME,NORTH SEME,"House 470, Langata Street, Athi River",08-24-2023,N/A,Kakamega Youth Polytechnic,Electrical,Artisan,Completed,Certified
VOC-000893,LILIAN CHEPKIRUI MAINGI,Not Provided,+25478736166,lilian.maingi@hotmail.com,2001-09-22,M,Trans Nzoia,Kiminini,Waitaluk,"House 125, Athi River Road, Lavington",2025-06-08,ACTIVE,Kitale Technical College,Catering,Hospitality,In Progress,Ongoing
VOC-000894,RONALD FAITH OMAR,53764429,+25411648616,Ronald.omar@gmail.com,1984-03-20,M,Trans Nzoia,Kwanza,Bidii,"Plot 266, Lane 12, Limuru",2024-12-18,ACTIVE,Thika Technical Training Institute,Welding,Hospitality,Enrolled,Certified
VOC-000895,AOKO KAGWIRIA MUTUA,44678863,+25471433950,Aoko.mutua@gmail.com,N/A,F,Machakos,Kangundo,Not Provided,"House 218, Lavington Road, Ngong",02-Aug-24,ACTIVE,Meru Vocational Centre,Automotive,Technical,Dropped Out,Certified
VOC-000896,MATTHEW NAFULA,89161407,+25475274684,Matthew.nafula@outlook.com,1997-12-26,M,Kisumu,Muhoroni,Chemelil,"Plot 82, Lane 12, Waiyaki",2025-03-07,INACTIVE,Meru Vocational Centre,Hairdressing,Technical,In Progress,Not Started
VOC-000897,EZEKIEL WAMALWA KIOKO,75356107,+25474948143,ezekiel.kioko@yahoo.com,1998-08-09,M,Kiambu,Kikuyu,Kikuyu,"Plot 93, Lane 12, Kasarani",01/30/2023,ACTIVE,Bomet Youth Polytechnic,Masonry,Digital,In Progress,Not Started
VOC-000898,ELIJAH KIPROTICH,60148340,NA,elijah.kiprotich@outlook.com,1969-01-16,M,Trans Nzoia,Cherangany,Motosi,Not Provided,03-Feb-25,INACTIVE,Kitale Technical College,Electrical,Technical,Dropped Out,Certified
VOC-000899,EUNICE SYOMBUA KIARIE,83907211,+25479235961,eunice90@hotmail.com,17-06-2003,Female,Kakamega,Matungu,Khalaba,"plot 12, lane 11, moi avenue",2025-05-18,active,Kisumu Youth Skills Centre,Carpentry,DIGITAL,Dropped Out,Not Started
VOC-000900,AKINYI OMONDI ONGERI,74105877,+25470115742,akinyi.ongeri@outlook.com,Not Provided,M,Kakamega,Butere,Marama North,"Plot 415, Lane 8, Kiambu Road",NA,ACTIVE,Machakos Technical Institute,Graphics Design,Technical,Completed,Certified
VOC-000901,BRENDA LOIS MOKUA,28570786,+25471466205,Brenda.mokua@gmail.com,2003-04-25,M,Meru,South Imenti,Igoji East,"House 44, Lenana Road, Tom Mboya",03/08/2025,INACTIVE,Meru Vocational Centre,Hairdressing,Artisan,Dropped Out,Not Started
VOC-000902,NEKESA KHAEMBA OLELA,96417651,0111-932-51,Nekesa.olela@gmail.com,1969-07-21,F,Nairobi,Kibra,Woodley,"Plot 393, Lane 13, Moi Avenue",07/03/2025,INACTIVE,Eldoret Polytechnic,Masonry,Hospitality,In Progress,Certified
VOC-000903,MUTHONI AUMA NDUNGE,77590047,+25478751082,N/A,1998-06-21,F,Nairobi,Not Provided,Uthiru,"Plot 120, Lane 1, Lenana",22-Mar-24,ACTIVE,N/A,ICT,Technical,Dropped Out,Ongoing
VOC-000904,KIMEU ONGERI,77953970,+25473567797,Kimeu.ongeri@hotmail.com,1998-02-24,M,Nyeri,Mathira,Konyu,"Plot 75, Lane 1, Parklands",2025-11-08,ACTIVE,Machakos Technical Institute,ICT,Artisan,In Progress,Certified
VOC-000905,ODUYA MUDAI,68256986,+25473495438,oduya.mutai@yahoo.com,1997-06-15,M,Bungoma,Webuye East,Mihuu,"House 193, Juja Avenue, Lavington",2023-10-19,INACTIVE,Kisumu Youth Skills Centre,ICT,Digital,Completed,Ongoing
VOC-000906,STEPHEN MULANDI,34874358,+25410512578,stephen.mulandi@hotmail.com,1973-02-15,F,Mombasa,Mvita,Mji wa Kale,"Plot 120, Lane 13, Parklands",24/07/2023,INACTIVE,NA,Tailoring,Artisan,Completed,Ongoing
VOC-000907,EDITH MPURU,NA,N/A,Edith.mburu@yahoo.com,1957-06-12,M,Nakuru,Molo,Turi,"Plot 206, Lane 17, Ruaraka",NA,ACTIVE,Kitale Technical College,Electrical,Artisan,Dropped Out,Ongoing
VOC-000908,EMILY WANYONYI KAMOTHO,46881809,+25410131807,Emily.kamotho@outlook.com,1959-07-13,M,Nakuru,Molo,N/A,"House 33, Langata Drive, Lenana",2024-05-19,INACTIVE,Eldoret Polytechnic,Welding,Hospitality,Completed,Certified
VOC-000909,N. GITONGA,86825841,+25478326535,nanjala.gitonga@yahoo.com,2000-10-07,M,Nyeri,Kieni,Mweiga,"House 265, Westlands Road, Ngong",2023-09-23,ACTIVE,Kitale Technical College,Plumbing,Hospitality,Enrolled,Not Started
VOC-000910,JONATHAN EMILY JEPKORIR,14478997,+25470391980,jonathan.jepkorir@gmail.com,1979-07-28,F,Kisumu,Kisumu East,Nyalenda 'A',"House 104, Kitisuru Road, Kiambu Road",2024-10-20,ACTIVE,Kitale Technical College,Electrical,Artisan,Dropped Out,Completed
VOC-000911,OMONDI MUTISYA MWAURA,42996518,+25474917411,omondi.mwaura@gmail.com,1999-02-12,M,Kakamega,Matungu,Khalaba,"House 274, Ruaraka Street, Ngong Road",23/10/2025,ACTIVE,Mombasa Technical Institute,Welding,Artisan,Completed,Certified
VOC-000912,DAVID LUBANAG,66686642,+25410430079,David.lubanga@hotmail.com,1992-03-01,M,Nyeri,Kieni,Mwiyogo/Endarasha,"House 250, Likoni Avenue, Parklands",01/04/2023,ACTIVE,Kitale Technical College,Catering,Hospitality,Completed,Ongoing
VOC-000913,MWOROA KEMEI, 91341590,Not Provided,Mworoa.kemei@yahoo.com,07-26-2001,female,NA,Lugari,Not Provided,"PLOT 381, LANE 1, NGONG",02-01-2025,A,Thika Technical Training Institute,Tailoring,DIGITAL,Dropped Out,Not Started
VOC-000914,REBECCA KETER,57270850,NA,rebecca.keter@gmail.com,1968-03-08,F,TRANS NZOIA,Cherangany,Not Provided,"Plot 95, Lane 9, Kikuyu",2024-03-10,ACTIVE,Kisumu Youth Skills Centre,Carpentry,Hospitality,In Progress,Ongoing
VOC-000915,OPIYO ELIZABETH NDUNDA,18011253,N/A,opiyo.ndunda@gmail.com,1961-07-24,M,Nyeri,Kieni,Naromoru/Kiamathaga,N/A,22-Aug-2024,INACTIVE,Not Provided,Catering,Artisan,Dropped Out,Certified
VOC-000916,JEBET MUNYAO MURIUKI,40546109,+25473714127,Jebet.muriuki@outlook.com,1970-01-11,M,Bungoma,Sirisia,Namwela,"Plot 210, Lane 2, Ruaraka",20230820,ACTIVE,Thika Technical Training Institute,Masonry,Digital,Enrolled,Certified
VOC-000917,MUTHAA GILBERT LUBANGA,40971850,+25479273227,muthaa.lubanga@outlook.com,1991-08-21,M,Mombasa,Nyali,Mkomani,"House 291, Mugumo Drive, Moi Avenue",22/10/2024,INACTIVE,Kakamega Youth Polytechnic,Masonry,Hospitality,Dropped Out,Not Started
VOC-000918,PATRICK WAITHERA,11916830,+25473317563,Patrick.waithera@outlook.com,1987-09-27,M,Kilifi,Magarini,Sabaki,"Plot 293, Lane 3, Mombasa Road",06/21/2023,ACTIVE,Bomet Youth Polytechnic,Automotive,Artisan,Enrolled,Not Started
VOC-000919,KIMEU CHEPNGENO,74176576,+25474682011,kimeu.chepngeno@gmail.com,1979-08-27,M,Kakamega,Mumias East,East Wanga,"Plot 81, Lane 4, Uhuru",23-Nov-2023,INACTIVE,Bomet Youth Polytechnic,Graphics Design,Artisan,In Progress,Completed
VOC-000920,SYOMBUA ONSONGO KIPKORIR,91499552,+25477504483,Syombua.kipkorir@gmail.com,1975-02-08,M,Bomet,Sotik,Kapletundo,"House 119, Kiambu Avenue, Mugumo",07-06-2023,INACTIVE,Nakuru Industrial Training Centre,Welding,Technical,Completed,Not Started
VOC-000921,HARUN CHARITY KIPKEMOI,59735424,+25411116922,harun.kipkemoi@gmail.com,1979-12-14,F,Nairobi,Dagoretti South,Uthiru,"Plot 436, Lane 15, Jogoo",29/10/2024,INACTIVE,Kilifi Institute,Graphics Design,Artisan,Dropped Out,Ongoing
VOC-000922,THOMAS KIMANI WANJOHI,24569958,+25477177979,Thomas.wanjohi@gmail.com,1988-05-19,F,Nyeri,Mathira,Ruguru,"House 351, Lenana Drive, Moi Avenue",04/05/2024,ACTIVE,Meru Vocational Centre,ICT,Artisan,Dropped Out,Ongoing
VOC-000923,CHEPKOECH MBURU,54850828,+25476537081,chepkoech.mburu@gmail.com,1965-11-15,M,Nairobi,Westlands,Kitisuru,"Plot 341, Lane 9, Kitisuru",10/01/2024,INACTIVE,Nakuru Industrial Training Centre,Plumbing,Digital,In Progress,Ongoing
VOC-000924,MWIRIGI KANGOG,13600310,NA,mwirigi.kangogo@gmail.com,1967-07-10,M,Not Provided,N/A,Matungulu North,"Plot 58, Lane 20, Tom Mboya",28 Jan 2023,ACTIVE,Kakamega Youth Polytechnic,Plumbing,Hospitality,Dropped Out,Completed
VOC-000925,ZECHARIAH MURKHWANA,26122249,+25473765415,Zechariah.mukhwana@outlook.com,1991-08-10,F,Nairobi,Lang'ata,Mugumu-ini,"House 15, Juja Street, Jogoo",2025-05-27,INACTIVE,Kisumu Youth Skills Centre,Graphics Design,Hospitality,Completed,Certified
VOC-000926,NAHUM WANJOHI,31255444,+25476990293,Nahum60@gmail.com,07-Apr-1975,F,Turkana,Loima,Kotaruk/Lobei,House 16 Kikuyu Drive Jogoo,05-31-2023,pending,Bomet Youth Polytechnic,Graphics Design,ARTISAN,In Progress,Ongoing
VOC-000927,MUTHURI NAIPANOI OKOTH,72734318,+25472788006,Mokoth@hotmail.com,1994-03-15,female,Nairobi,Dagoretti South,Riruta,"Plot 16, Lane 18, Kiambu",08-Nov-25,Pending,Mombasa Technical Institute,Automotive,DIGITAL,In Progress,Not Started
VOC-000928,AOKO MUTISYA,94060783,+25410360211,Aoko53@hotmail.com,01/07/1970,F,Bomet,Chepalungu,Sigour,"HOUSE 7, NGONG AVENUE, KITISURU",2025-06-16,INACTIVE,Nakuru Industrial Training Centre,Catering,TECHNICAL,Completed,Completed
VOC-000929,JEBET NABWIRE KAGWE,17522634,+25477768444,Jebet.kagwe@outlook.com,1997-05-28,M,Kiambu,Lari,Kinale,"House 460, Ngong Road Avenue, Kiambu Road",13-09-2025,INACTIVE,Bomet Youth Polytechnic,Metalwork,Technical,Enrolled,Ongoing
VOC-000930,CYNTHIA ONDIEKI,55769240,+25410112372,cynthia.ondieki@gmail.com,1995-02-24,F,Kisumu,Kisumu Central,Nyalenda 'B',"Plot 44, Lane 11, Outering",2024-04-07,ACTIVE,Nakuru Industrial Training Centre,Catering,Technical,Dropped Out,Certified
VOC-000931,KHAEMBA WANDERA,92585240,NA,khaemba.wandera@gmail.com,NA,F,Bungoma,Kimilili,Kibingei,NA,14-09-2023,ACTIVE,Kakamega Youth Polytechnic,ICT,Technical,In Progress,Ongoing
VOC-000932,KINYUA KOECH,74492536,+25476903357,Kinyua.koech@yahoo.com,1982-07-03,M,NA,Kisumu Central,Market Milimani,"House 361, Kenyatta Road, Ngong",13/07/2023,INACTIVE,Nakuru Industrial Training Centre,Metalwork,Technical,Enrolled,Completed
VOC-000933,BOSIBORI KAMANDE,68953251,+25410908583,bosibori.kamande@gmail.com,1959-12-09,M,Kisumu,Muhoroni,Muhoroni/Koru,"House 314, Kangundo Drive, Kileleshwa",01/09/2023,ACTIVE,Thika Technical Training Institute,Electrical,Digital,Enrolled,Certified
VOC-000934,JUDY GICHUKI,62508567,+25475483573,Judy.gichuki@gmail.com,1977-07-28,M,Kisumu,Kisumu East,Manyatta 'B',"Plot 423, Lane 1, Mombasa Road",21-Oct-2023,ACTIVE,Bomet Youth Polytechnic,Tailoring,Technical,Enrolled,Certified
VOC-000935,JOEL MUTIZYA,59803545,+25471328314,joel.mutisya@yahoo.com,1970-04-20,F,Kisumu,Nyando,Awasi/Onjiko,"Plot 22, Lane 16, Limuru",08/11/2024,ACTIVE,Kisumu Youth Skills Centre,Catering,Digital,Completed,Completed
VOC-000936,ISAIAH NAIPANOI NYAMBANE,21647236,+25472455953,Isaiah.nyambane@outlook.com,1977-12-25,F,Machakos County,Kathiani,Mitaboni,"Plot 307, Lane 17, Kiambu Road",06/18/2025,ACTIVE,Machakos Technical Institute,Plumbing,Technical,Dropped Out,Certified
VOC-000937,MARK WANJIRU MUGO,20152046,+25479623466,Mark.mugo@yahoo.com,1964-08-02,M,NA,Seme,North Seme,"Plot 83, Lane 2, Juja",2025-07-01,N/A,Nakuru Industrial Training Centre,Carpentry,Artisan,Completed,Ongoing
VOC-000938,STEPHEN N. MUTHAMA,59427999,+25475632994,Stephen.muthama@yahoo.com,1971-12-05,F,Machakos,Masinga,Muthesya,"House 229, Ngong Road Drive, Waiyaki",15/04/2024,ACTIVE,Thika Technical Training Institute,Plumbing,Digital,Completed,Not Started
VOC-000939,MARY KIMANI MWAKIDEU,94973393,+25478619497,Mary.mwakideu@outlook.com,1964-11-27,F,Machakos,Machakos Town,Mutituni,"Plot 213, Lane 19, Ruaraka",2024-12-30,ACTIVE,Kisumu Youth Skills Centre,Carpentry,Technical,Dropped Out,Completed
VOC-000940,MUTHURI MITEI,60543809,+25474550399,muthuri.mitei@gmail.com,1971-08-10,M,Trans Nzoia,Cherangany,Cherangany/Suwerwa,"House 9, Moi Avenue Drive, Tom Mboya",16-Dec-2024,ACTIVE,Eldoret Polytechnic,Catering,Technical,Dropped Out,Ongoing
VOC-000941,AMOS MWENDWA,17681679,+25473541984,Amos.mwendwa@yahoo.com,1972-10-11,F,Machakos,Kangundo,Kangundo West,"Plot 321, Lane 19, Kiambu Road",20231021,INACTIVE,Mombasa Technical Institute,Welding,Digital,In Progress,Not Started
VOC-000942,EUNICE KAMOTHO,31839746,+25472732457,eunice.kamotho@hotmail.com,1988-08-02,M,Kilifi,Kaloleni,Kaloleni,"House 54, Jogoo Avenue, Thika",25-Oct-23,ACTIVE,Kakamega Youth Polytechnic,ICT,Artisan,Enrolled,Ongoing
VOC-000943,BRIDGET KAMAU NALIAKA,91335378,+25474536809,Bridget.naliaka@gmail.com,1991-01-14,F,Nairobi,Kibra,Sarang'ombe,"Plot 472, Lane 10, Athi River",12-06-2024,INACTIVE,Thika Technical Training Institute,Plumbing,Artisan,Dropped Out,Not Started
VOC-000944,SYOMBUA OGERO,10341866,+25471404744,s.o@gmail.com,1968-04-28,M,Kisumu,Kisumu East,Nyalenda 'A',"House 408, Outering Drive, Westlands",11/17/2024,INACTIVE,Machakos Technical Institute,Catering,Digital,Completed,Ongoing
VOC-000945,CHEPKORIR MCHARO,23427820,+25474749609,chepkorir.mcharo@gmail.com,1991-06-20,F,Machakos,Kangundo,Kangundo Central,"Plot 220, Lane 11, Kiambu Road",30-Jun-2025,INACTIVE,Kakamega Youth Polytechnic,Plumbing,Digital,Dropped Out,Certified
VOC-000946,PRISCILLA MUNYO,80070728,+25411924871,Priscilla.munyao@gmail.com,2001-12-02,F,Nairobi,Dagoretti South,Waithaka,"Plot 295, Lane 10, Jogoo",23-01-2024,INACTIVE,Meru Vocational Centre,Catering,Artisan,Enrolled,Ongoing
VOC-000947,KASINA KIMANI,20604051,+25475778264,Kasina.kimani@gmail.com,1970-12-24,M,Kiambu,Kabete,Nyathuna,"House 83, Kenyatta Street, Likoni",30-Mar-2025,INACTIVE,Nakuru Industrial Training Centre,Tailoring,Technical,Enrolled,Ongoing
VOC-000948,WAFULA NJOROGE,81569760,+25476238027,Wafula.njoroge@gmail.com,2001-06-25,M,Mombasa,Likoni,Shika Adabu,"Plot 69, Lane 15, Ngong Road",07-04-2023,INACTIVE,Kitale Technical College,Carpentry,Hospitality,Dropped Out,Certified
VOC-000949,JOEL GIKONO,66194219,+25411438541,joel.gikonyo@hotmail.com,1985-04-15,M,Nairobi,Kasarani,Clay City,"House 422, Kasarani Avenue, Uhuru",23-07-2025,ACTIVE,Mombasa Technical Institute,Automotive,Artisan,In Progress,Not Started
VOC-000950,LOIS ONSONOG,79953085,+254 758-811-40,lois.onsongo@gmail.com,1957-01-26,M,Uasin Gishu,Ainabkoi,Kapsoya,"Plot 306, Lane 9, Kitisuru",2023-08-21,ACTIVE,Mombasa Technical Institute,Catering,Hospitality,Completed,Not Started
VOC-000951,GAKII KEVIN AUMA,16018949,+25475713561,gakii.auma@gmail.com,1977-06-27,M,Nairobi,Lang'ata,Mugumu-ini,"House 27, Kenyatta Avenue, Karen",2025-10-27,INACTIVE,Nakuru Industrial Training Centre,Hairdressing,Technical,In Progress,Completed
VOC-000952,ACHIENG MUTHONI NYAMBANE,22913709,0763.593.38,Achieng.nyambane@hotmail.com,1970-09-09,F,Kisumu,Nyando,East Kano/Wawidhi,"Plot 315, Lane 20, Ngong",05-10-2025,INACTIVE,Kitale Technical College,Plumbing,Hospitality,Completed,Certified
VOC-000953,MUTHURI NAFULA,N/A,+25479156576,muthuri.nafula@gmail.com,1976-10-08,M,Kilifi,Kilifi North,Sokoni,"House 171, Kileleshwa Drive, Kilimani",04-Sep-2023,INACTIVE,Eldoret Polytechnic,Catering,Technical,Completed,Certified
VOC-000954,GRACE KAMOTHO,13782653,+25470896029,Grace.kamotho@hotmail.com,2001-08-07,F,Bomet,Bomet Central,Chesoen,"House 241, Kilimani Drive, Kikuyu",02 Dec 2023,INACTIVE,Kisumu Youth Skills Centre,Metalwork,Digital,In Progress,Certified
VOC-000955,MUTHEU JANE JUMA,25016273,+25478670421,mutheu.juma@gmail.com,1991-09-22,M,Bomet,Chepalungu,Sigour,"House 167, Ruaraka Avenue, Ruiru",20 Dec 2024,ACTIVE,Thika Technical Training Institute,Hairdressing,Hospitality,Enrolled,Ongoing
VOC-000956,ONSONGO HABAKKUK SALIM,53043124,+25478207891,onsongo.salim@hotmail.com,1983-11-10,M,Uasin Gishu,Turbo,Huruma,"Plot 210, Lane 14, Ngong",29-Sep-24,ACTIVE,Kakamega Youth Polytechnic,Automotive,Digital,Dropped Out,Not Started
VOC-000957,SYOKAU LUBANGA,95624361,+25475157975,Syokau.lubanga@gmail.com,1984-07-02,M,Kiambu,Kikuyu,Kinoo,"House 310, Jogoo Street, Mugumo",05-05-2025,ACTIVE,Nakuru Industrial Training Centre,Metalwork,Technical,In Progress,Ongoing
VOC-000958,KANAMPIU ATHMAN,27691237,N/A,Kanampiu.athman@yahoo.com,2000-10-26,M,Meru,Igembe South,Mau/Antuamburi,"House 84, Athi River Street, Limuru",17/03/2023,ACTIVE,Meru Vocational Centre,Graphics Design,Hospitality,Completed,Certified
VOC-000959,GILBERT MUTHEU MWOROA,71 596 905,+25471207819,gilbert.mworoa@gmail.com,1990-12-18,F,Nakuru,Molo,Marioshoni,"House 378, Mombasa Road Avenue, Ruiru",13/06/2024,ACTIVE,Kakamega Youth Polytechnic,Tailoring,Technical,Dropped Out,Ongoing
VOC-000960,KWAMBOKA CHEPNGENO,37406375,+25472967934,Kwamboka.chepngeno@yahoo.com,2003-01-01,M,Nairobi,Westlands,Kangemi,"House 268, Waiyaki Drive, Mugumo",20230913,INACTIVE,Eldoret Polytechnic,Welding,Digital,Dropped Out,Certified
VOC-000961,MIRIAM KENGA,49734257,+25478454264,Not Provided,1948-04-19,M,NAIROBI,Kibra,Makina,"Plot 440, Lane 14, Thika Superhighway",2025-03-19,Not Provided,N/A,Graphics Design,Hospitality,Enrolled,Ongoing
VOC-000962,REBECCA WANJOHI,68418006,+25410643928,Rebecca.wanjohi@yahoo.com,1966-01-16,M,Mombasa,Likoni,Bofu,"House 336, Langata Road, Lenana",18-08-2025,INACTIVE,Thika Technical Training Institute,Graphics Design,Artisan,Completed,Not Started
VOC-000963,JONATHAN HOPE OTIENO,5731-1796,+25473265612,jonathan.otieno@gmail.com,1966-11-21,M,Nakuru,Naivasha,Hells Gate,"House 203, Athi River Drive, Kiambu",09/05/2023,INACTIVE,Thika Technical Training Institute,Electrical,Artisan,Dropped Out,Certified
VOC-000964,NABWIRE NALIAKA MURIUKI,53771746,+25471338025,nabwire.muriuki@outlook.com,2004-05-02,M,Uasin Gishu,Soy,Kapkures,"Plot 411, Lane 8, Tom Mboya",03/04/2025,ACTIVE,Kakamega Youth Polytechnic,Masonry,Hospitality,Dropped Out,Certified
VOC-000965,MUMO CHERUIYOT,69671506,+25471196042,mumo.cheruiyot@gmail.com,1960-03-05,M,Turkana,Turkana West,Kalobeyei,"House 442, River Road Road, Limuru",10 Mar 2025,INACTIVE,Bomet Youth Polytechnic,Graphics Design,Hospitality,Completed,Ongoing
VOC-000966,LOIS KIPKIRUI,58008794,+25474472724,lois.kipkirui@gmail.com,1975-09-17,F,Nyeri,Mukurweini,Githi,"Plot 294, Lane 8, Tom Mboya",2024-07-23,ACTIVE,Thika Technical Training Institute,Metalwork,Digital,Completed,Not Started
VOC-000967,KIPRONO MUTONE,68066393,+25411751737,kiprono.mutune@gmail.com,1992-10-16,M,Kiambu,Kabete,Nyathuna,"House 97, Karen Drive, Thika Superhighway",29/09/2025,ACTIVE,Nakuru Industrial Training Centre,Automotive,Technical,In Progress,Certified
VOC-000968,MUTUA OKELLO,33392072,+25475988704,Mutua.okello@yahoo.com,1985-05-04,F,Nairobi,Kasarani,Mwiki,"House 174, Tom Mboya Avenue, Ruiru",05/18/2024,ACTIVE,Bomet Youth Polytechnic,Plumbing,Hospitality,Enrolled,Not Started
VOC-000969,KIPKEMBOI LOIS NDUNDA,85835230,+25472255847,Kipkemboi.ndunda@yahoo.com,1982-01-08,M,Bomet,Sotik,Chemagel,"Plot 471, Lane 15, Kasarani",2025-03-19,INACTIVE,Nakuru Industrial Training Centre,ICT,Hospitality,Dropped Out,Not Started
VOC-000970,NASERIAN MUKHWANA,24504338,+25475111023,naserian.mukhwana@hotmail.com,2002-11-25,M,Meru,North Imenti,Mweronkanga,"Plot 395, Lane 15, Lavington",16-08-2025,ACTIVE,Kakamega Youth Polytechnic,Catering,Technical,Completed,Completed
VOC-000971,VERONICA MUTISYA,41708297,+25470946964,Veronica.mutisya@hotmail.com,1964-02-09,F,Kilifi,Kilifi South,Mtepeni,"House 284, Ruiru Street, Athi River",11-01-2023,ACTIVE,Nairobi Vocational Training Centre,Hairdressing,Artisan,Completed,Not Started
VOC-000972,AKINYI AKINYI WAMUYU,N/A,+25476156413,NA,1990-10-21,F,Kilifi,N/A,Malindi Town,"House 171, Argwings Kodhek Road, Waiyaki",02-06-2023,INACTIVE,Kilifi Institute,Masonry,Technical,Dropped Out,Completed
VOC-000973,JONATHAN ALICE WAIRIMU,70058440,+25476875491,jonathan.wairimu@outlook.com,1973-03-09,F,Kisumu,Nyando,Awasi/Onjiko,"Plot 133, Lane 13, Waiyaki",2023-03-23,INACTIVE,Kitale Technical College,Catering,Artisan,Completed,Ongoing
VOC-000974,GITOBU ISAIAH GITONGA,45668220,+25471511980,gitobu.gitonga@gmail.com,1959-07-08,F,Nairobi,Dagoretti South,Riruta,"Plot 247, Lane 4, Juja",10/02/2024,INACTIVE,Nairobi Vocational Training Centre,Tailoring,Technical,Enrolled,Completed
VOC-000975,NJERI MOMANYI,78564064,+25472754186,njeri.momanyi@gmail.com,1955-10-22,F,Kiambu,Githunguri,Githiga,"House 474, Thika Road, Limuru",20/09/2024,INACTIVE,Kisumu Youth Skills Centre,Electrical,Digital,Completed,Certified
VOC-000976,GLADYS ELIZABETH AWITI,N/A,+25475262136,Gladys.awiti@yahoo.com,1990-02-16,M,Meru,Buuri,Ruiri/Rwarera,"House 364, Uhuru Avenue, Ruaraka",2025-08-01,INACTIVE,Bomet Youth Polytechnic,Graphics Design,Hospitality,Completed,Ongoing
VOC-000977,MWIKALI KORIR,95 510 088,NA,Mwikali.korir@gmail.com,1977-09-07,F,Uasin Gishu,Ainabkoi,N/A,"Plot 366, Lane 13, Kangundo",Not Provided,ACTIVE,Bomet Youth Polytechnic,Welding,Technical,In Progress,Certified
VOC-000978,MWIKALI MERCY WANJOHI,23439045,+25473356447,Mwikali.wanjohi@gmail.com,2000-03-05,F,Nairobi,Dagoretti North,Kawangware,"Plot 89, Lane 18, Moi Avenue",2023-01-06,INACTIVE,Kitale Technical College,Electrical,Hospitality,In Progress,Certified
VOC-000979,HOPE CHRISTOPHER AUMA,23568560,+25479391752,hope.auma@gmail.com,1980-08-23,F,Nairobi,NA,Not Provided,"House 348, Kitisuru Avenue, Moi Avenue",04/03/2023,NA,Machakos Technical Institute,Hairdressing,Technical,In Progress,Ongoing
VOC-000980,SYOKAU TOWETT,5731-7691,+25476589991,syokau.towett@gmail.com,1995-02-26,M,Machakos,Machakos Town,Kalama,"House 115, Jogoo Street, Kangundo",21/02/2025,INACTIVE,Kitale Technical College,Catering,Digital,Enrolled,Not Started
VOC-000981,KATHURE MWAMBSURI,27 028 924,+25411852697,kathure.mwamburi@outlook.com,2004-03-19,M,Kiambu,Githunguri,Githiga,"House 466, Kileleshwa Road, Jogoo",2025-08-29,Not Provided,Kitale Technical College,Welding,Digital,In Progress,Certified
VOC-000982,ONGERI MOHAMED,36970791,N/A,Not Provided,1959-03-22,M,Kiambu,Kabete,Kabete,"House 72, Kiambu Road Drive, Ruaraka",2024-05-02,INACTIVE,Kilifi Institute,ICT,Hospitality,Completed,Not Started
VOC-000983,MICAH MUTWIRI,88895533,+25472775644,micah.mutwiri@outlook.com,2001-02-25,F,Trans Nzoia,Kwanza,Bidii,"Plot 474, Lane 20, Mugumo",10-08-2024,ACTIVE,Mombasa Technical Institute,Carpentry,Hospitality,Enrolled,Certified
VOC-000984,DEBORAH MURIUKI,41291228,+25479561744,Deborah.muriuki@hotmail.com,2000-09-06,F,Nairobi,Westlands,Kangemi,"Plot 215, Lane 16, Lavington",08-Nov-2023,ACTIVE,Thika Technical Training Institute,Electrical,Digital,Dropped Out,Not Started
VOC-000985,LEAH ODHIAMBO,53225813,+25411728070,leah.odhiambo@outlook.com,1976-06-22,F,Mombasa,Nyali,Ziwa la Ng'ombe,"Plot 88, Lane 1, Outering",NA,ACTIVE,Thika Technical Training Institute,Masonry,Artisan,Dropped Out,Certified
VOC-000986,KAIMENYI OPIYO,75890329,+254 113 603 09,kaimenyi.opiyo@gmail.com,1998-03-10,F,Nairobi,Kasarani,Njiru,"House 294, Ruiru Drive, Outering",14/01/2023,ACTIVE,Thika Technical Training Institute,Metalwork,Digital,In Progress,Ongoing
VOC-000987,MARETE NEKESA KAMOTHO,50421249,+25476920595,Marete.kamotho@yahoo.com,1957-04-10,F,Trans Nzoia,Kiminini,Nabiswa,"Plot 215, Lane 5, Thika",10-Jul-2024,ACTIVE,Kitale Technical College,Carpentry,Technical,Dropped Out,Not Started
VOC-000988,MWIKALI CHEPNGENO,48312600,+25470140292,mwikali.chepngeno@yahoo.com,1981-10-03,F,N/A,Mumias West,Etenje,"House 92, Kangundo Drive, Lenana",NA,Not Provided,Eldoret Polytechnic,Electrical,Technical,Dropped Out,Ongoing
VOC-000989,JEBET MUTWIRI NDUNDA,40438156,+25477489967,Jebet.ndunda@hotmail.com,1957-06-10,F,Mombasa,Jomvu,Mikindani,"Plot 147, Lane 6, Kasarani",20230702,ACTIVE,Nairobi Vocational Training Centre,Hairdressing,Artisan,Dropped Out,Completed
VOC-000990,DANIEL MCAHRO,46069270,+25475925691,Danielmcharo@gmail.com,01/10/1991,F,Nakuru,N/A,NA,"House 303, Kilimani Avenue, Ruiru",2024-05-25,Active,N/A,Hairdressing,TECHNICAL,In Progress,Completed
VOC-000991,ONSONGO MWANGEI,82613651,+25478534115,onsongo.mwangi@yahoo.com,1983-02-03,F,Not Provided,Ikolomani,Idakho North,"House 145, Thika Avenue, Mugumo",NA,INACTIVE,Not Provided,Catering,Artisan,Enrolled,Ongoing
VOC-000992,FLORA MGAKA,86229768,+25473478410,Flora.mogaka@outlook.com,1975-05-03,F,Mombasa,Likoni,Mtongwe,"House 397, Argwings Kodhek Road, Langata",06-05-2023,ACTIVE,Mombasa Technical Institute,Welding,Artisan,Enrolled,Certified
VOC-000993,DEBORAH MUTISYA WANYOIKE,88306842,+25478332934,Deborah.wanyoike@outlook.com,1962-02-18,F,Kilifi,Malindi,Jilore,"Plot 100, Lane 20, River Road",10/31/2025,INACTIVE,Mombasa Technical Institute,Graphics Design,Hospitality,Completed,Certified
VOC-000994,VERONICA KENEI,46663600,+25477940928,Veronica.kenei@gmail.com,N/A,M,Kisumu,NA,NA,"Plot 285, Lane 7, Outering",01 Jul 2025,INACTIVE,Meru Vocational Centre,Graphics Design,Technical,Completed,Completed
VOC-000995,GILBERT TERESA KANAMPIU,40333941,+25471813733,G.kanampiu@gmail.com,04/12/2003,male,Mombasa,Likoni,Bofu,"Plot 478, Lane 12, Kiambu",02/04/2025,Active,Kakamega Youth Polytechnic,Plumbing,HOSPITALITY,Completed,Completed
VOC-000996,MUTISYA HARUN KIPROP,26692837,+25470586668,Mutisya.kiprop@gmail.com,1977-06-11,F,Kilifi,Kilifi South,Chasimba,"Plot 69, Lane 3, Kangundo",09-Feb-2023,INACTIVE,Nairobi Vocational Training Centre,Plumbing,Technical,Dropped Out,Certified
VOC-000997,JONAH FAITH AWITI,20439138,+25476309969,jonah.awiti@hotmail.com,1969-06-01,M,Nairobi,Lang'ata,Nairobi West,"House 408, Ngong Road Street, Juja",2023-04-11,INACTIVE,Kitale Technical College,Graphics Design,Digital,In Progress,Certified
VOC-000998,RACHEL KARANJA,24087799,+25410894474,Rachel.karanja@gmail.com,1982-06-22,F,Meru,Igembe South,Athiru Gaiti,"House 433, Kileleshwa Drive, Mombasa Road",02/24/2025,ACTIVE,Kisumu Youth Skills Centre,Welding,Hospitality,Completed,Ongoing
VOC-000999,NALIAKA KINYA KETER,40299882,+25477259346,naliaka.keter@hotmail.com,1954-04-11,M,Nyeri,Tetu,Dedan Kimathi,"Plot 304, Lane 5, Kitisuru",2025-03-08,INACTIVE,Kisumu Youth Skills Centre,Carpentry,Artisan,Completed,Ongoing
VOC-001000,JONAH AWINO CHERUIYOT,61860619,+25411940456,jonah.cheruiyot@outlook.com,2000-05-16,F,Mombasa,Likoni,Likoni,"House 43, Moi Avenue Road, Ngong",25-04-2024,INACTIVE,Eldoret Polytechnic,Automotive,Digital,Completed,Ongoing
VOC-001001,ADHIAMBO KIIOKO,49059332,+25476855497,adhiambo.kioko@hotmail.com,1981-10-19,M,Kisumu,Kisumu West,North Kisumu,"House 200, Jogoo Street, Waiyaki",14-Sep-2023,ACTIVE,Mombasa Technical Institute,Metalwork,Technical,In Progress,Certified
VOC-001002,NDUKU MUEMA,58624291,+25476348565,Nduku.muema@yahoo.com,1983-06-08,F,Machakos,Matungulu,Kyeleni,"Plot 472, Lane 14, Argwings Kodhek",03-01-2024,INACTIVE,Meru Vocational Centre,Metalwork,Hospitality,In Progress,Ongoing
VOC-001003,OMBATI MUNYAO,41971752,N/A,Ombati.munyao@gmail.com,1973-04-23,F,Kisumu,Muhoroni,Masogo/Nyang'oma,"Plot 398, Lane 2, River Road",01-06-2025,ACTIVE,Kakamega Youth Polytechnic,Welding,Digital,Dropped Out,Ongoing
VOC-001004,THOMAS MUTWIRI KIMUTAI,86279469,+25477371122,thomas.kimutai@outlook.com,1951-07-22,F,Bungoma,Kanduyi,West Sang'alo,"Plot 120, Lane 13, Uhuru",09/26/2025,INACTIVE,Machakos Technical Institute,Graphics Design,Digital,In Progress,Not Started
VOC-001005,ATIENO MUTUNE,30839000,+25411292766,atieno.mutune@outlook.com,1977-05-14,M,Kisumu,Kisumu West,North Kisumu,"Plot 303, Lane 5, Likoni",22-04-2023,INACTIVE,Mombasa Technical Institute,Metalwork,Digital,Dropped Out,Not Started
VOC-001006,M. J. NABEA,47299640,+25411279636,Muriuki.nabea@gmail.com,1981-02-07,M,Kilifi,Magarini,Magarini,"Plot 314, Lane 10, Kiambu Road",04-16-2025,INACTIVE,Bomet Youth Polytechnic,Graphics Design,Digital,Enrolled,Not Started
VOC-001007,KWAMBOKA NASHIPAE CHERONO,20724650,+25478130117,Kwamboka.cherono@gmail.com,1979-03-11,F,Nairobi,Dagoretti North,Kileleshwa,"House 467, Uhuru Avenue, Lavington",16-Sep-2023,ACTIVE,Mombasa Technical Institute,Tailoring,Artisan,Completed,Certified
VOC-001008,SYOKAU MWANGI,73393416,25479403793,Syokau.mwangi@gmail.com,1974-07-16,M,Nyeri,Nyeri Town,Kiganjo/Mathari,"House 59, River Road Street, Likoni",15-11-2024,INACTIVE,Machakos Technical Institute,Plumbing,Technical,In Progress,Certified
VOC-001009,NAFULA ANN MOGAKA,22065080,+25478158429,nafula.mogaka@gmail.com,1987-04-23,M,NA,Kisumu East,Kolwa East,"House 114, Kileleshwa Drive, Lavington",18-12-2025,INACTIVE,Machakos Technical Institute,Automotive,Hospitality,Dropped Out,Not Started
VOC-001010,KATHURE JOSEPH OKELLO,29760957,+25411159467,Kathure.okello@gmail.com,2004-09-01,F,Kiambu,Kikuyu,Kinoo,"House 369, Athi River Road, Tom Mboya",07-Nov-25,INACTIVE,Kilifi Institute,Welding,Artisan,Completed,Not Started
VOC-001011,JEPCHUMBA LOIS MULWA,48906764,+25478731063,Jepchumba.mulwa@hotmail.com,2003-05-18,F,Kilifi,Kaloleni,Mwanamwinga,"House 285, Langata Street, Mugumo",19-03-2023,INACTIVE,Bomet Youth Polytechnic,Tailoring,Artisan,Dropped Out,Completed
VOC-001012,BRENDA ELIJAH OMAR,97043369,+25476999373,Brenda.omar@yahoo.com,1993-04-04,M,Kisumu,Nyando,Awasi/Onjiko,"Plot 451, Lane 5, Kasarani",04-17-2023,INACTIVE,Kitale Technical College,Electrical,Hospitality,Completed,Completed
VOC-001013,ELIZABETH RONO,38 555 376,+25479981521,elizabeth.rono@yahoo.com,2002-10-03,F,Nakuru,Molo,Marioshoni,"House 144, Thika Street, Garden Estate",08-Aug-23,ACTIVE,Kilifi Institute,Masonry,Digital,In Progress,Completed
VOC-001014,"KIPKIRUI, SUSAN",57318239,+25472751462,kipkiruisusan@hotmail.com,01-Sep-79,Female,Kakamega,Lugari,Lugari,House5RiverRdAvenueRuiru,15-Mar-2024,A,Kisumu Youth Skills Centre,Automotive,DIGITAL,Enrolled,Completed
VOC-001015,CATHERINE CATHERINE OMONDI,42530972,+25411244226,catherine.omondi@yahoo.com,1967-12-18,M,Trans Nzoia,Endebess,Chepchoina,"House 47, Lenana Road, Kileleshwa",21-May-2023,ACTIVE,Eldoret Polytechnic,ICT,Technical,Enrolled,Not Started
VOC-001016,MAINA ANNA MWANGO,63685963,+25473814595,maina.mwango@gmail.com,1982-03-19,F,Nairobi,Dagoretti South,Riruta,"House 36, Mombasa Road Road, Kitisuru",15/02/2025,INACTIVE,Kilifi Institute,Automotive,Artisan,Enrolled,Not Started
VOC-001017,MALACHI LENGURO ACHIENG,14288227,+25470386176,Achiengmalachi@gmail.com,20/08/1976,male,Kilifi,Kilifi South,Shimo la Tewa,"plot 480, lane 1, ruiru",13-04-2023,Active,Mombasa Technical Institute,Plumbing,DIGITAL,Enrolled,Certified
VOC-001018,KIPKEMOI KEMEI,78131606,+25479453873,kipkemoi.kemei@yahoo.com,1979-12-07,F,Uasin Gishu,Ainabkoi,Kapsoya,"House 149, Parklands Road, Uhuru",2024-11-09,INACTIVE,Bomet Youth Polytechnic,Catering,Hospitality,In Progress,Completed
VOC-001019,NDUKU KIPRONO,84965763,+25411664153,nduku.kiprono@gmail.com,1954-07-20,M,Bungoma,Kabuchai,Mukuyuni,"Plot 13, Lane 19, Kitisuru",02 Jun 2024,N/A,Eldoret Polytechnic,Electrical,Artisan,Completed,Completed
VOC-001020,ANN THOMAS RONO,97016569,+25470393750,NA,1980-08-12,M,NA,Kasarani,Njiru,"Plot 316, Lane 7, Lavington",2024-04-15,INACTIVE,Bomet Youth Polytechnic,Electrical,Artisan,Completed,Not Started
VOC-001021,NABWIRE MWAKISKA,34124750,+25470388319,nabwire.mwakisha@outlook.com,1994-10-15,M,Nairobi,Kibra,Sarang'ombe,"Plot 302, Lane 1, River Road",21-Dec-23,INACTIVE,Nairobi Vocational Training Centre,Tailoring,Digital,Dropped Out,Completed
VOC-001022,NANJALA ONDIEKI NABWIRE,82250099,+25472764555,Nanjala.nabwire@outlook.com,1992-10-11,Female,Nairobi,Dagoretti South,Ngando,"Plot 49, Ln 6, Waiyaki",19-04-2024,INACTIVE,Kakamega Youth Polytechnic,Plumbing,HOSPITALITY,Enrolled,Certified
VOC-001023,KILONZO NDUUNGE,19-026-390,+25472671612,kilonzo.ndunge@outlook.com,1996-02-22,M,Kakamega,Shinyalu,Isukha West,"House 24, Karen Street, Ngong Road",09/05/2025,INACTIVE,Meru Vocational Centre,Metalwork,Artisan,Enrolled,Not Started
VOC-001024,BEATRICE CHEPKURIR,30528733,+25410376419,beatrice.chepkorir@yahoo.com,1967-08-13,M,Kisumu,Nyando,Awasi/Onjiko,"House 332, River Road Road, Ngong",2025-12-31,ACTIVE,Kitale Technical College,ICT,Hospitality,Enrolled,Completed
VOC-001025,KIPROTICH KINYA,66752122,+25411884277,kiprotich.kinya@yahoo.com,N/A,F,Bungoma,Kanduyi,West Sang'alo,"House 126, Ngong Road Avenue, Westlands",2025-08-18,INACTIVE,Kitale Technical College,Graphics Design,Digital,Enrolled,Completed
VOC-001026,MURIUKI NDUNDA,39510147,+25470766443,Muriuki.ndunda@outlook.com,2003-05-10,M,Kilifi,Malindi,Ganda,"House 181, Tom Mboya Avenue, Waiyaki",18/08/2023,INACTIVE,Thika Technical Training Institute,Catering,Hospitality,Enrolled,Not Started
VOC-001027,SHARON AMOS NANJALA,35250607,+25479275895,sharon.nanjala@gmail.com,1995-05-01,F,MACHAKOS,Mavoko,Athi River,"Plot 466, Lane 20, Parklands",07-04-2023,INACTIVE,Nairobi Vocational Training Centre,Welding,Hospitality,Dropped Out,Ongoing
VOC-001028,CHEPNGENO GRACE KASINA,95347156,+25478787892,Grace.chepngeno@gmail.com,1991-09-21,M,KAKAMEGA,Mumias East,Lusheya/Lubinu,"House 169, Kilimani Street, Uhuru",27-02-2025,INACTIVE,Kakamega Youth Polytechnic,Catering,Technical,Dropped Out,Not Started
VOC-001029,AUMA ONYANGO KIPRONO,25239435,+25479976575,auma@gmail.com,01-Jul-2000,Female,Mombasa,Jomvu,Mikindani,House28RiverRdAvenueKaren,05/04/2023,pending,Nakuru Industrial Training Centre,Plumbing,ARTISAN,Dropped Out,Ongoing
VOC-001030,MOGAKA KIPKORIR,89426243,+25472701568,mogaka.kipkorir@hotmail.com,1972-08-24,M,Bungoma,Mt.Elgon,Kaptama,"House 246, Thika Superhighway Road, River Road",2023-05-25,ACTIVE,Kitale Technical College,Automotive,Hospitality,In Progress,Ongoing
VOC-001031,ANN KHAEMBA MASINDE,49610969,+25410470962,ann5@gmail.com,19 Sep 1960,Female,Mombasa,Jomvu,Mikindani,"HOUSE 206, KENYATTA DRIVE, KANGUNDO",2025-09-19,A,Kilifi Institute,Welding,TECHNICAL,Enrolled,Ongoing
VOC-001032,PAULINE NYABOKE MBAKA,30546143,+25476102999,pauline.mbaka@gmail.com,1989-12-10,M,Bungoma,Mt. Elgon,Kapkateny,"House 355, Athi River Drive, Uhuru",01/07/2025,INACTIVE,Nairobi Vocational Training Centre,Electrical,Hospitality,Dropped Out,Not Started
VOC-001033,WAMBUGU MBAKA,48271336,+25475159607,Not Provided,1987-06-01,F,Uasin Gishu,N/A,N/A,"House 358, Kikuyu Street, Ngong Road",2024-04-08,ACTIVE,Kisumu Youth Skills Centre,Hairdressing,Digital,Enrolled,Ongoing
VOC-001034,BARNABAS BARASA,Not Provided,+25476267044,Barnabas.barasa@gmail.com,1969-04-18,F,Kakamega,Mumias East,Malaha/Isongo/Masindi,"House 401, Thika Superhighway Avenue, Ruaraka",27/07/2023,INACTIVE,Mombasa Technical Institute,Hairdressing,Hospitality,Enrolled,Certified
VOC-001035,LOIS NABWIRE WANYONYI,2495-7006,+25479788073,N/A,1986-11-22,M,Turkana,Turkana West,Kakuma,"House 308, Kiambu Road Road, Langata",22-11-2025,INACTIVE,Kilifi Institute,Carpentry,Digital,Dropped Out,Not Started
VOC-001036,AGNES KORIR,46632288,+25411446081,Agnes.korir@gmail.com,1983-07-23,M,Kisumu,KisumuEast,Manyatta 'B',"Plot 175, Lane 14, Thika",02-26-2024,INACTIVE,Kisumu Youth Skills Centre,Welding,Artisan,Dropped Out,Not Started
VOC-001037,MARTIN MALACHI ONGERI,67735664,+25476616173,martin.ongeri@outlook.com,1974-12-14,F,Kisumu,KisumuEast,Kolwa East,NA,2024-09-26,NA,Kisumu Youth Skills Centre,Hairdressing,Digital,Enrolled,Completed
VOC-001038,MOGAKA MUSALIA,43091057,+25476866469,mogaka.musalia@yahoo.com,1956-05-01,M,Machakos,Mavoko,Athi River,"House 54, Argwings Kodhek Drive, Outering",05-24-2023,ACTIVE,Thika Technical Training Institute,Tailoring,Technical,Enrolled,Completed
VOC-001039,NDUNGE MULANDI,23756993,Not Provided,ndunge.mulandi@gmail.com,1999-05-26,M,Kilifi,Malindi,Shella,"House 337, Juja Road, Kasarani",N/A,N/A,Nakuru Industrial Training Centre,Automotive,Technical,Dropped Out,Not Started
VOC-001040,JOSEPH ONSONGO CHEPKORIR,Not Provided,+25472792751,Joseph.chepkorir@outlook.com,1966-09-27,M,Kisumu,Seme,North Seme,"House 180, Waiyaki Road, Moi Avenue",30-04-2024,INACTIVE,N/A,Graphics Design,Artisan,Completed,Not Started
VOC-001041,NDUNGE GIHINJI,97153508,+25476216845,Ndunge.githinji@gmail.com,1997-01-14,M,Kakamega,Shinyalu,Isukha North,"House 434, Langata Road, Uhuru",21-01-2025,INACTIVE,Kisumu Youth Skills Centre,Electrical,Hospitality,Dropped Out,Certified
VOC-001042,GICHURU JEPCHUMBA MBUTHIA,90254666,+25410279762,Gichuru.mbuthia@gmail.com,2000-12-25,F,Uasin Gishu,Moiben,Tembelio,"Plot 324, Lane 13, Argwings Kodhek",15-Nov-2024,INACTIVE,Machakos Technical Institute,Metalwork,Technical,Dropped Out,Ongoing
VOC-001043,NDUNGE NAISULA MAINA,31713949,+25476776758,ndunge.maina@gmail.com,1990-06-04,M,Mombasa,Kisauni,Bamburi,"House 12, Karen Street, Parklands",05/03/2025,ACTIVE,Nakuru Industrial Training Centre,Welding,Hospitality,Completed,Ongoing
VOC-001044,VERONICA ONDITI MUSYOKA,17076255,+25410373781,veronica.musyoka@yahoo.com,1997-02-11,Female,Nakuru,Rongai,Solai,"Plot 365, Lane 3, Outering",15-Jul-2025,Active,Kitale Technical College,Masonry,HOSPITALITY,Enrolled,Certified
VOC-001045,ERICK ROTIHC,60850210,+25411146410,erick.rotich@yahoo.com,2001-05-11,F,Meru,South Imenti,Abogeta West,"House 29, Parklands Avenue, Thika",31-Jan-23,INACTIVE,Kitale Technical College,Hairdressing,Artisan,Enrolled,Completed
VOC-001046,ANTHONY KIMEU KAMOTHO,14725195,+25479367999,Not Provided,NA,F,Bomet,Konoin,Not Provided,"House 134, Jogoo Drive, Ngong",02-08-2023,INACTIVE,Thika Technical Training Institute,Hairdressing,Digital,Dropped Out,Ongoing
VOC-001047,WAIRIMU KAMAU,65277579,+25476667799,Wairimu.kamau@yahoo.com,2003-02-16,M,Nairobi,Dagoretti North,Kilimani,"Plot 87, Lane 4, Likoni",2024-05-25,ACTIVE,Eldoret Polytechnic,Plumbing,Artisan,In Progress,Ongoing
VOC-001048,ISAAC MUEMA,84110101,+254 782-857-74,Isaac.muema@gmail.com,2004-05-18,M,NA,Turbo,Ngenyilel,"House 411, Kenyatta Road, Argwings Kodhek",25-06-2024,N/A,Kisumu Youth Skills Centre,Carpentry,Artisan,In Progress,Ongoing
VOC-001049,AWITI KAIMENYI,60224330,+25470964939,awiti.kaimenyi@yahoo.com,1951-02-11,F,Nakuru,Nakuru Town West,Kaptembwo,"House 367, Argwings Kodhek Road, Thika Superhighway",06-Mar-2023,ACTIVE,Nakuru Industrial Training Centre,Carpentry,Technical,Enrolled,Completed
VOC-001050,MONICA SENTE,35645457 ,N/A,monica.senteu@yahoo.com,1982-03-14,F,NA,Kesses,Cheptiret/Kipchamo,"Plot 464, Lane 3, Moi Avenue",28-Oct-2024,INACTIVE,Machakos Technical Institute,Catering,Artisan,Dropped Out,Not Started
VOC-001051,ALICE CHEPKORIR,26492036,+25470342143,alice.chepkorir@gmail.com,2002-05-05,M,Uasin Gishu,Soy,Segero/Barsombe,"Plot 341, Lane 14, Jogoo",18-07-2023,ACTIVE,Nairobi Vocational Training Centre,ICT,Artisan,In Progress,Not Started
VOC-001052,JUDITH OKOT,35444694,+25474395512,judith.okoth@yahoo.com,1975-10-22,M,Kisumu,Nyakach,South West Nyakach,"Plot 52, Lane 17, Kiambu",2025-04-29,ACTIVE,Mombasa Technical Institute,ICT,Technical,In Progress,Completed
VOC-001053,KAGENDO CHEPKIRUI,31674405,+25472525351,kagendo.chepkirui@hotmail.com,NA,M,Kiambu,Not Provided,Kamburu,"plot 262, lane 8, parklands",19/01/2024,inactive,Nakuru Industrial Training Centre,Masonry,DIGITAL,Dropped Out,Not Started
VOC-001054,ESTHER JUDITH CHEPKWONY,52354648 ,+25477196954,E.c@yahoo.com,10-09-1999,female,Bungoma,Kimilili,Maeni,Plot 33 Lane 20 River Road,2025-03-05,pending,Kilifi Institute,Catering,HOSPITALITY,Completed,Completed
VOC-001055,JEPKORIR MUTISAYA,17259175,+25471879319,Jepkorir.mutisya@gmail.com,2001-01-05,F,Uasin Gishu,Kapseret,Langas,"Plot 113, Lane 20, Ngong",07-Oct-25,ACTIVE,Kakamega Youth Polytechnic,Carpentry,Technical,In Progress,Not Started
VOC-001056,DANIEL AWUOR,36235070,+25473397577,daniel.awuor@yahoo.com,1971-10-15,F,Nairobi,Westlands,Kangemi,"Plot 95, Lane 9, Karen",12-06-2025,INACTIVE,Thika Technical Training Institute,Metalwork,Technical,Dropped Out,Ongoing
VOC-001057,OKOTH OSEKO,19172109,+25476412853,okoth.oseko@gmail.com,1980-04-12,F,Nairobi,Kibra,Laini Saba,"Plot 379, Lane 12, Ruaraka",NA,ACTIVE,Nakuru Industrial Training Centre,Hairdressing,Digital,Completed,Completed
VOC-001058,ATIENO KIPKIRUI GICHURU,57277284,+25410262753,atieno.gichuru@gmail.com,1981-12-25,F,NAKURU,Kuresoi South,Amalo,"Plot 396, Lane 8, Athi River",2025-04-26,INACTIVE,Kitale Technical College,Electrical,Digital,Enrolled,Not Started
VOC-001059,KAMAU JEPKOECH,Not Provided,+25411792157,Kamau.jepkoech@outlook.com,1976-11-04,M,Bungoma,Kabuchai,West Nalondo,"Plot 110, Lane 19, Thika Superhighway",30/01/2025,ACTIVE,Kisumu Youth Skills Centre,Plumbing,Artisan,Enrolled,Certified
VOC-001060,SILAS NABEA, 12675965,+25411102713,silas.nabea@yahoo.com,1988-04-17,F,Trans Nzoia,Cherangany,Kaplamai,"House 353, Ruiru Road, Lenana",20/05/2023,INACTIVE,Mombasa Technical Institute,Carpentry,Digital,Completed,Ongoing
VOC-001061,GITONGA CHEPKWONY,50998106,+25411843826,gitonga.chepkwony@yahoo.com,1979-06-15,M,Kiambu,Limuru,Ndeiya,"Plot 300, Lane 17, River Road",2024-03-17,ACTIVE,Nakuru Industrial Training Centre,Metalwork,Technical,Dropped Out,Not Started
VOC-001062,AUMA SAMUEL WANYONYI,55324613,+25476180472,Auma.wanyonyi@gmail.com,1978-12-10,M,Nairobi,Kibra,Woodley,"Plot 323, Lane 11, Lenana",21-Nov-2023,ACTIVE,Machakos Technical Institute,Graphics Design,Technical,Enrolled,Not Started
VOC-001063,CATHERINE WABOMBA,50495382,+25478987804,catherine.wabomba@gmail.com,1973-01-06,M,Kisumu County,Kisumu Central,Shauri Moyo,"Plot 88, Lane 7, Kikuyu",10-01-2023,ACTIVE,Nairobi Vocational Training Centre,Masonry,Hospitality,Dropped Out,Completed
VOC-001064,JONAH ANYANO,Not Provided,+25411977336,jonah.anyango@hotmail.com,2006-07-17,F,NAKURU,NAIVASHA,MAIELLA,"House 216, Kasarani Road, Garden Estate",07-03-2024,INACTIVE,Eldoret Polytechnic,Hairdressing,Hospitality,Dropped Out,Completed
VOC-001065,FLORENCE DAVID ATHMAN,61 471 131,+25411393976,florence.athman@gmail.com,1988-11-04,M,Machakos,Yatta,Ikombe,"Plot 439, Lane 14, Parklands",20251106,ACTIVE,Kilifi Institute,Graphics Design,Hospitality,Dropped Out,Ongoing
VOC-001066,WAFULA VICTOR NANJALA,95040154,+25411200680,wafula.nanjala@gmail.com,1976-08-24,F,Kilifi,Magarini,Sabaki,"Plot 64, Lane 11, Mombasa Road",14-01-2023,INACTIVE,Meru Vocational Centre,Carpentry,Digital,Dropped Out,Not Started
VOC-001067,GITOBU MULWA KENGA,17924926,+25474120292,Not Provided,NA,F,Kiambu,Lari,Kinale,"House 180, Mugumo Street, Likoni",26-Jun-2023,INACTIVE,Not Provided,Masonry,Hospitality,Completed,Not Started
VOC-001068,EDITH WEKESAA,39009803,+25478417003,edith.wekesa@gmail.com,1974-04-03,M,Kakamega,Lugari,Chekalini,"Plot 98, Lane 16, Kiambu",16-Dec-23,INACTIVE,Kitale Technical College,Metalwork,Artisan,In Progress,Not Started
VOC-001069,WAFULA KEBAS,30416174,+25479391825,wafula.kebaso@gmail.com,2006-08-02,M,Kisumu,N/A,NA,"Plot 284, Lane 1, Argwings Kodhek",07-04-2023,N/A,Kilifi Institute,Metalwork,Digital,Dropped Out,Ongoing
VOC-001070,ISAAC OWUOR,90511561,+25471359305,Isaac.owuor@yahoo.com,1987-10-04,M,Trans Nzoia,Saboti,Tuwani,"House 120, Kiambu Road Drive, Ruaraka",10/15/2025,ACTIVE,Nairobi Vocational Training Centre,Tailoring,Digital,In Progress,Ongoing
VOC-001071,DIANA HOPE KEBASO,44991603,+25470240578,diana.kebaso@gmail.com,1967-02-10,M,Nakuru,Rongai,Mosop,"Plot 400, Lane 6, Mugumo",09/15/2024,ACTIVE,Mombasa Technical Institute,Catering,Artisan,Dropped Out,Certified
VOC-001072,JANE OMONDI GACHERU,98275197,+25475753217,jane.gacheru@gmail.com,1969-08-02,F,BUNGOMA,MT. ELGON,ELGON,"Plot 109, Lane 20, Ruiru",24 Dec 2024,ACTIVE,Kitale Technical College,Automotive,Artisan,Enrolled,Ongoing
VOC-001073,KAGWIRIA MOKUA BAYA,63701561,+25411385188,kagwiria.baya@outlook.com,1971-02-12,F,Nyeri,Mukurweini,Mukurwe-ini Central,"Plot 266, Lane 13, Moi Avenue",11-08-2024,ACTIVE,Eldoret Polytechnic,ICT,Technical,Dropped Out,Certified
VOC-001074,ATIENO KIOKO,49905391,NA,atieno.kioko@yahoo.com,1990-12-15,F,Bungoma,Sirisia,Malakisi/South Kulisiru,N/A,05-May-2024,INACTIVE,N/A,Welding,Digital,Completed,Certified
VOC-001075,WACHIRA GITUBU,43-538-762,+25477949756,Wachira.gitobu@gmail.com,1980-12-08,F,Nairobi,Westlands,Kangemi,"House 209, Westlands Avenue, Moi Avenue",31/07/2023,INACTIVE,Machakos Technical Institute,Masonry,Technical,In Progress,Ongoing
VOC-001076,OKELLO KASINA,18175303,25411758576,Okello.kasina@hotmail.com,2000-01-10,F,Nairobi,Kasarani,Mwiki,"Plot 446, Lane 1, Jogoo",06 Sep 2025,ACTIVE,Nakuru Industrial Training Centre,Welding,Artisan,Dropped Out,Not Started
VOC-001077,WAMBUI MUSILA,Not Provided,+25474584569,Wambui.musila@gmail.com,1983-10-25,M,Kisumu,Kisumu Central,Shauri Moyo,"House 29, Juja Street, Kangundo",2025-03-03,ACTIVE,Mombasa Technical Institute,Metalwork,Technical,In Progress,Completed
VOC-001078,LENGURO MUTHURI,87825976,+25478144399,Lenguro.muthuri@gmail.com,1982-12-07,F,Kilifi,Magarini,Magarini,"House 236, Thika Superhighway Street, Mugumo",01-Sep-2023,ACTIVE,Thika Technical Training Institute,Metalwork,Digital,Enrolled,Completed
VOC-001079,SHARON WAALWA,11099317,+25470580127,Sharon.wamalwa@gmail.com,2005-10-25,M,Kiambu,Kiambu,Kihara,"House 469, Juja Street, Langata",07/09/2024,INACTIVE,Eldoret Polytechnic,Tailoring,Technical,Enrolled,Certified
VOC-001080,PAUL OWUOR,61590666,+25472478479,Paul.owuor@gmail.com,1991-02-08,M,Nairobi,Lang'ata,South C,"Plot 85, Lane 7, Mombasa Road",20/01/2024,INACTIVE,Kisumu Youth Skills Centre,Graphics Design,Technical,Dropped Out,Certified
VOC-001081,NAFULA HARUN MOHAMED, 63523596,+25472930586,Nafula.mohamed@outlook.com,1988-01-25,F,Kakamega,Lugari,Mautuma,"Plot 89, Lane 7, Thika Superhighway",20230904,ACTIVE,Eldoret Polytechnic,Metalwork,Digital,Dropped Out,Ongoing
VOC-001082,KARIUKI BRIAN MBUTHIA,64452866,+25470195037,Kariuki.mbuthia@hotmail.com,2003-04-11,F,Kiambu,Kikuyu,Sigona,"House 415, Limuru Road, Kikuyu",19/12/2024,INACTIVE,Mombasa Technical Institute,ICT,Hospitality,In Progress,Ongoing
VOC-001083,KIMANI SAIDIMU,5021-6471,+25475458587,kimani.saidimu@gmail.com,1964-10-19,M,Nyeri County,Mathira,Magutu,"Plot 345, Lane 5, Ruiru",06/12/2024,ACTIVE,Mombasa Technical Institute,Masonry,Digital,In Progress,Ongoing
VOC-001084,ADHIAMBO BARNABAS KINYA,58537393,+25411169161,adhiambo.kinya@gmail.com,1975-09-04,F,Nairobi,Kasarani,Kamulu,"Plot 330, Lane 5, Moi Avenue",Not Provided,ACTIVE,Kitale Technical College,Graphics Design,Hospitality,Dropped Out,Ongoing
VOC-001085,LOIS MOMANYI,89-951-297,+25411287886,lois.momanyi@hotmail.com,1979-12-08,M,Bomet,Chepalungu,Nyongores,"Plot 69, Lane 20, Garden Estate",05-Dec-2024,INACTIVE,Nairobi Vocational Training Centre,Tailoring,Digital,Enrolled,Completed
VOC-001086,AGNES WACCHIRA,18519119,+25478185845,a.wachira@hotmail.com,1963-11-23,F,Machakos,Mavoko,Kinanie,Plot 94 Lane 19 Kilimani,21/09/2025,Inactive,Machakos Technical Institute,Plumbing,ARTISAN,Enrolled,Completed
VOC-001087,LOIS KIMUTAI,21071555,+25472477537,lois.kimutai@yahoo.com,1975-01-09,F,Mombasa,Nyali,Frere Town,"House 386, Thika Superhighway Road, Lenana",2023-09-19,ACTIVE,Kitale Technical College,Automotive,Hospitality,Completed,Completed
VOC-001088,ISAIAH WANJALA,16174008,+25411791450,Isaiah.wanjala@gmail.com,1978-04-09,F,Turkana,Turkana South,Kalamon,"House 29, Kilimani Avenue, Kileleshwa",18-05-2025,ACTIVE,Meru Vocational Centre,Plumbing,Technical,Completed,Certified
VOC-001089,MUTHAA ATKINYI,62111008,+25477721166,m.a@yahoo.com,1996-03-21,F,Mombasa,Mvita,Shimanzi,"Plot 477, Lane 9, Garden Estate",01/04/2024,inactive,Kitale Technical College,Hairdressing,DIGITAL,In Progress,Not Started
VOC-001090,CAROLINE KAIMENYI NDEGWA,54756034,+25411512517,Caroline.ndegwa@yahoo.com,1982-07-27,M,Nyeri,Mathira,Not Provided,"House 407, Jogoo Street, Langata",03-Jun-2023,INACTIVE,NA,Catering,Technical,Completed,Not Started
VOC-001091,NDINDA MAINGI,2664-2804,010890881,Nmaingi@gmail.com,15/10/1986,M,NA,Not Provided,Central Kisumu,"Plot 51, Lane 19, Langata",09-Oct-23,ACTIVE,Thika Technical Training Institute,Electrical,DIGITAL,Enrolled,Completed
VOC-001092,MUSYOKA NABWIRE,71413187,+25472494153,musyoka.nabwire@yahoo.com,1999-03-07,F,Kilifi,Ganze,Ganze,"House 265, Ngong Road Street, Lavington",20/10/2024,INACTIVE,Mombasa Technical Institute,Hairdressing,Digital,In Progress,Certified
VOC-001093,FAITH REBECCA WANYOIKE,85366409,+25476517326,faith.wanyoike@gmail.com,1991-08-27,F,Nairobi,Dagoretti North,Kawangware,"House 102, Ngong Avenue, Kikuyu",09-15-2024,INACTIVE,Mombasa Technical Institute,ICT,Technical,Dropped Out,Certified
VOC-001094,NANJALA KPCHUMBA,78313344,+25476455265,Nanjala.kipchumba@gmail.com,2001-03-27,F,Uasin Gishu,Moiben,Kimumu,"Plot 326, Lane 19, Garden Estate",08/01/2024,INACTIVE,Mombasa Technical Institute,Automotive,Artisan,Enrolled,Not Started
VOC-001095,KAMAU OMBATI MITEI,69224618,+25477408763,kamau.mitei@gmail.com,1992-02-20,M,Bungoma,Kabuchai,West Nalondo,"Plot 67, Lane 10, Argwings Kodhek",2023-09-04,ACTIVE,Machakos Technical Institute,Plumbing,Artisan,Enrolled,Completed
VOC-001096,JACQUELINE MUNGAI,13600484,+25473134244,Jacqueline.mungai@gmail.com,1997-10-10,F,Nairobi,Dagoretti South,Uthiru,"House 48, Mugumo Avenue, Ngong Road",2023-08-02,ACTIVE,Eldoret Polytechnic,Welding,Hospitality,Dropped Out,Completed
VOC-001097,H. MWANGOLO,71774245,+254 792-477-89,haggai_mwangolo@hotmail.com,1986-04-11,M,Turkana,Turkana South,Kaputir,"House 402, Kilimani Avenue, Kitisuru",09-03-2025,ACTIVE,Nakuru Industrial Training Centre,Hairdressing,TECHNICAL,In Progress,Completed
VOC-001098,CAROLINE KAGWIRIA SALIM,38790311,+25477536550,Caroline.salim@gmail.com,1975-07-16,M,Nairobi,Westlands,Mountain View,"House 281, Kenyatta Road, Kenyatta",26/02/2025,ACTIVE,Nairobi Vocational Training Centre,Automotive,Digital,Enrolled,Certified
VOC-001099,GEORGE KIIARIE,15101740,+25471536663,george.kiarie@yahoo.com,1952-11-18,F,Kiambu,Kiambu,Ndumberi,"House 24, Mombasa Road Avenue, Argwings Kodhek",17 Dec 2024,ACTIVE,N/A,Catering,Artisan,Dropped Out,Not Started
VOC-001100,ANTHONY JEBETSYOKAU,74594778,+25475729155,Anthony@gmail.com,1988-04-05,male,Trans Nzoia,Kwanza,Kapomboi,"House 316, Kileleshwa Avenue, Kikuyu",2023-12-12,Pending,Meru Vocational Centre,Welding,DIGITAL,In Progress,Certified
VOC-001101,NJOROGE MWOROA,35898734,+25476641860,njoroge.mworoa@yahoo.com,1971-03-26,M,Kisumu,Nyando,Kabonyo/Kanyagwal,"Plot 111, Lane 12, Waiyaki",17-10-2023,ACTIVE,Machakos Technical Institute,Catering,Digital,Dropped Out,Certified
VOC-001102,AUMA ELIJAH CHEPKIRUI,36578446,+25478794988,NA,1965-07-03,F,Nairobi,Lang'ata,Nairobi West,"House 351, Ruiru Drive, Athi River",2024-08-04,Not Provided,NA,Welding,Artisan,In Progress,Not Started
VOC-001103,OJWANG KIMEU ONSONGO,48003458,+25474161295,Ojwang.onsongo@gmail.com,1988-02-13,M,Kilifi,Magarini,Magarini,"House 318, Uhuru Drive, Likoni",07-07-2024,ACTIVE,Eldoret Polytechnic,Plumbing,Artisan,Dropped Out,Ongoing
VOC-001104,KAGENDO CHEPKORIR,68670156,+25476227862,chepkorirkagendo@outlook.com,1989-08-10,F,Nairobi,Dagoretti North,Kileleshwa,"Plot 452, Ln 3, Lenana",2023-05-14,pending,Mombasa Technical Institute,ICT,TECHNICAL,Completed,Ongoing
VOC-001105,ONDITI MAINGI,51940537 ,+254 722-910-38,onditi_maingi@hotmail.com,1998-11-15,Male,Uasin Gishu,Kesses,Cheptiret/Kipchamo,Plot235Lane12Kileleshwa,26-Jan-23,inactive,Nairobi Vocational Training Centre,Catering,HOSPITALITY,Enrolled,Ongoing
VOC-001106,DANIEL AWITI,90677906,+25473984450,daniel.awiti@gmail.com,1982-12-17,M,Machakos,NA,N/A,"House 361, Karen Drive, Lenana",18/03/2025,NA,Machakos Technical Institute,Plumbing,Digital,Dropped Out,Not Started
VOC-001107,JANE OMONDI ONSONGO,59243476,254 766 842 45,Jane.onsongo@hotmail.com,1964-07-15,M,Bomet,Sotik,Rongena/Manaret,"Plot 477, Lane 19, River Road",13/03/2023,ACTIVE,Nakuru Industrial Training Centre,Catering,Digital,Completed,Completed
VOC-001108,BARNABAS MWOROA,34277838,+25411699937,Barnabas.mworoa@hotmail.com,1979-07-07,F,Nakuru,Gilgil,Mbaruk/Eburu,"Plot 424, Lane 7, Westlands",09/10/2023,ACTIVE,Thika Technical Training Institute,Masonry,Digital,Dropped Out,Certified
VOC-001109,KILONZO WAFULA GITHUA,23342241,+25410982404,Kilonzo.githua@hotmail.com,1959-05-01,M,Bungoma,Kimilili,Maeni,"Plot 433, Lane 5, Mugumo",04-Feb-25,ACTIVE,Kakamega Youth Polytechnic,Catering,Hospitality,Dropped Out,Certified
VOC-001110,MIRIAM VERONICA MUTUNE,20727703,+25474695322,miriam.mutune@yahoo.com,18-09-1973,Female,Kilifi,Rabai,Rabai/Kisurutini,"house 34, ngong avenue, outering",05-04-2025,ACTIVE,Bomet Youth Polytechnic,Automotive,ARTISAN,Completed,Not Started
VOC-001111,CHARITY WMAUYU,54698618,+25410903028,charity.wamuyu@gmail.com,1986-03-27,F,Turkana,Loima,Lokiriama/Lorengippi,"House 99, Langata Street, Lenana",15-Jan-2024,INACTIVE,Mombasa Technical Institute,Carpentry,Technical,In Progress,Ongoing
VOC-001112,KIPRONO NAMUKHULA,22863109,+25474926551,kiprono.namukhula@gmail.com,1983-02-11,M,Trans Nzoia,Kiminini,Sirende,"House 49, Kiambu Drive, Kitisuru",2023-11-24,ACTIVE,Mombasa Technical Institute,Plumbing,Artisan,Completed,Not Started
VOC-001113,PAUL AWNO,37246941,+25479925964,Paul.awino@gmail.com,1987-10-02,M,Nakuru,Rongai,Mosop,"House 212, Kiambu Avenue, Argwings Kodhek",11-29-2023,ACTIVE,Kisumu Youth Skills Centre,Metalwork,Technical,Dropped Out,Not Started
VOC-001114,KIOKO GITONGA JEPKOECH,26935536,+25475704887,kioko.jepkoech@yahoo.com,1965-07-28,M,Kisumu,Nyakach,South West Nyakach,"Plot 250, Lane 13, River Road",08-02-2023,INACTIVE,Bomet Youth Polytechnic,Hairdressing,Hospitality,In Progress,Certified
VOC-001115,MURIUKI LANGAT,62862467,+25475555607,Muriuki.langat@hotmail.com,1993-12-16,M,Kisumu,Nyakach,Central Nyakach,"Plot 358, Lane 13, Garden Estate",17/08/2024,ACTIVE,Eldoret Polytechnic,Tailoring,Artisan,In Progress,Certified
VOC-001116,BARNABAS SIMIYU GITHINJI,47563341,+25475676313,Barnabas.githinji@gmail.com,1997-12-15,M,Kiambu,Lari,Kamburu,"Plot 257, Lane 15, Likoni",2023-12-11,INACTIVE,Eldoret Polytechnic,Carpentry,Hospitality,In Progress,Not Started
VOC-001117,WACHIRA KAMANDE,97 037 399,+25411714442,wachira.kamande@hotmail.com,1964-06-02,F,Nairobi,Not Provided,N/A,"Plot 195, Lane 7, Lenana",06/02/2025,ACTIVE,Kisumu Youth Skills Centre,Metalwork,Technical,In Progress,Completed
VOC-001118,MUTHOKA MAINGI,42341545,+25474769026,Muthoka.maingi@gmail.com,1967-07-04,M,Nairobi,Westlands,Kangemi,"Plot 280, Lane 13, Parklands",2024-05-19,ACTIVE,Kilifi Institute,Graphics Design,Hospitality,In Progress,Completed
VOC-001119,EZEKIEL MITEI,12208928,+25476767220,ezekiel.mitei@gmail.com,1978-03-06,M,Kakamega,Mumias East,Malaha/Isongo/Masindi,"House 374, Garden Estate Avenue, Ngong Road",20250208,INACTIVE,Kakamega Youth Polytechnic,Metalwork,Technical,Completed,Ongoing
VOC-001120,JOSEPH KIPCHIRCHIR CHERONO,39450832,+25477357089,Joseph.cherono@yahoo.com,1976-12-01,M,Kiambu,Kiambu,Riabai,"House 274, Ngong Road Road, Kasarani",26/06/2024,ACTIVE,Mombasa Technical Institute,Welding,Digital,Enrolled,Certified
VOC-001121,KALOKI NEKESA,46-419-627,+25474930004,kaloki.nekesa@hotmail.com,2003-07-03,M,Nyeri,Mukurweini,Rugi,"House 27, Thika Drive, Thika",2023-03-25,ACTIVE,Kisumu Youth Skills Centre,Tailoring,Artisan,In Progress,Completed
VOC-001122,KIPKORIR ALEXANDER OLELA,12152239,+25472306297,kipkorir.olela@gmail.com,1961-06-01,F,Nairobi,Dagoretti North,Kilimani,"Plot 247, Lane 6, Jogoo",23-02-2024,ACTIVE,Machakos Technical Institute,Automotive,Digital,Dropped Out,Not Started
VOC-001123,ZECHARIAH MUTIRI,95453300,+25477340677,Zechariahmutwiri@yahoo.com,1981-05-18,female,Nakuru,Bahati,Dundori,"plot 4, lane 15, thika",20231102,pending,Kitale Technical College,Masonry,ARTISAN,Enrolled,Certified
VOC-001124,KEMUNTO KENEI,57560131,+25471121759,kemunto.kenei@yahoo.com,NA,M,N/A,Bomet Central,Mutarakwa,"House 267, River Road Avenue, River Road",20231124,N/A,Mombasa Technical Institute,ICT,Digital,Enrolled,Ongoing
VOC-001125,KATHURE KAMAU,54836082,+25411586561,Kathure.kamau@yahoo.com,1962-10-21,F,Kakamega,Shinyalu,Isukha West,"Plot 317, Lane 20, Kitisuru",13 Jun 2025,INACTIVE,Nairobi Vocational Training Centre,Hairdressing,Artisan,In Progress,Certified
VOC-001126,"MOGAKA, NAFULA ANN",22-065-080,+254 781 584 29,nafula.mogaka@gmail.com,1987-04-23,M,NA,Kisumu East,Kolwa East,"House 114, Kileleshwa Drive, Lavington",18-12-2025,INACTIVE,Machakos Technical Institute,Automotive,Hospitality,Dropped Out,Not Started
VOC-001127,MUTHEU MITEI,35177082,+25478764544,mutheu.mitei@gmail.com,1984-06-02,M,Kakamega,Matungu,Namamali,"House 438, Thika Superhighway Avenue, Likoni",21 Apr 2025,INACTIVE,Nakuru Industrial Training Centre,ICT,Hospitality,Completed,Ongoing
VOC-001128,NAISULA KIHIA, 12952658,0731-391-95,N.kihika@gmail.com,1986-02-26,F,Nairobi,Lang'ata,Mugumu-ini,"House 341, Karen Road, Karen",27-Sep-24,ACTIVE,Nairobi Vocational Training Centre,Carpentry,Digital,Dropped Out,Completed
VOC-001129,AGNES MSUALIA,76597184 ,+254 732-300-01,a.musalia@hotmail.com,1977-06-16,F,Kiambu,Ruiru,Kahawa Wendani,"Plot 448, Lane 17, Ngong",09-10-2025,INACTIVE,Nairobi Vocational Training Centre,Masonry,Digital,Enrolled,Certified
VOC-001130,MICHAEL MWINYI,87754278,+254 743-623-07,michael.mwinyi@yahoo.com,1988-06-20,M,MOMBASA,Likoni,Bofu,"House 69, Kileleshwa Street, Thika",26/10/2024,INACTIVE,Meru Vocational Centre,Carpentry,Digital,Enrolled,Certified
VOC-001131,MURIUKI CECILIA JEBET,82041503,+25471505695,Muriuki.jebet@hotmail.com,1993-04-10,M,Nairobi,Lang'ata,Mugumu-ini,"House 55, Waiyaki Road, Likoni",25-09-2023,ACTIVE,Nairobi Vocational Training Centre,Metalwork,Technical,Completed,Certified
VOC-001132,WAIRIMU MBAKKA, 84833535,254 767 322 95,wairimu@outlook.com,1974-11-15,F,Nakuru,Kuresoi North,Nyota,"Plot 281, Lane 12, Jogoo",2024-05-03,ACTIVE,Thika Technical Training Institute,Plumbing,Artisan,Dropped Out,Not Started
VOC-001133,CHEBET MOMANYI,12919231,+25477948530,chebet.momanyi@yahoo.com,1985-12-13,F,Mombasa,Jomvu,Miritini,"House 248, Lenana Avenue, Ngong Road",2023-05-12,ACTIVE,Machakos Technical Institute,ICT,Digital,Dropped Out,Not Started
VOC-001134,AWINO ADHIAMBO NZIOKA,25264369,+25477197564,awino.nzioka@gmail.com,1994-03-27,M,Machakos,Yatta,Kithimani,"Plot 51, Lane 11, Ngong",2024-03-16,ACTIVE,Kisumu Youth Skills Centre,Tailoring,Technical,Completed,Completed
VOC-001135,MUTUA OKELLO,33392072,+25475988704,Mutua.okello@yahoo.com,1985-05-04,F,Nairobi,Kasarani,Mwiki,"House 291, Karen Street, Kiambu Road",05/18/2024,ACTIVE,Bomet Youth Polytechnic,Plumbing,Hospitality,Enrolled,Not Started
VOC-001136,CAROLINE KAIMENYI NDEGWA,54756034 ,+254 115 125 17,Caroline.ndegwa@yahoo.com,1982-07-27,M,Nyeri,Mathira,Not Provided,"House 407, Jogoo Street, Langata",03-Jun-2023,INACTIVE,NA,Catering,Technical,Completed,Not Started
VOC-001137,JONATHAN KENIE,88-380-820,254 101 383 82,Jonathan.kenei@gmail.com,1967-04-13,F,Kiambu,Limuru,Limuru East,"Plot 131, Lane 5, Lenana",04/10/2023,ACTIVE,N/A,Catering,Technical,Dropped Out,Completed
VOC-001138,MOMANYI MUGO,75 453 166,+254 772 582 79,momanyi.mugo@gmail.com,1965-02-12,M,Uasin Gishu,Kesses,Tulwet/Chuiyat,"House 412, Langata Avenue, Langata",08/16/2023,ACTIVE,Machakos Technical Institute,Plumbing,Technical,Completed,Certified
VOC-001139,KIPCHIRCHIR OTIENOO, 85251775,25470470188,Kipchirchirotieno@hotmail.com,1995-02-21,F,NA,Cherangany,Kaplamai,"Plot 405, Lane 6, Moi Avenue",28-06-2024,ACTIVE,Not Provided,Catering,Digital,Completed,Ongoing
VOC-001140,MUTHEU MUNYOA,53-952-205,254 707 676 87,Mutheu69@gmail.com,1979-11-20,M,Nyeri,Tetu,Aguthi/Gaaki,"House 278, Waiyaki Drive, Ruiru",12/04/2023,ACTIVE,Nairobi Vocational Training Centre,ICT,Digital,Enrolled,Certified
VOC-001141,ONYANGO WAMBUGU MWAURA,36349479,+25411470538,mwauraOnyango@yahoo.com,1952-05-06,F,Machakos,Kathiani,Mitaboni,"House 392, Westlands Street, Juja",2023-08-03,INACTIVE,Eldoret Polytechnic,Tailoring,Hospitality,Dropped Out,Certified
VOC-001142,DANIEL MCHAO, 46069270,+254 759 256 91,Dani@gmail.com,01/10/1991,F,Nakuru,N/A,NA,"House 303, Kilimani Avenue, Ruiru",2024-05-25,Active,N/A,Hairdressing,TECHNICAL,In Progress,Completed
VOC-001143,PETER NANJEALA, 80397312,071 396 212,Pnanjala@gmail.com,1955-12-28,F,Nakuru,Subukia,Kabazi,"House 140, Kiambu Drive, Ruaraka",01/09/2023,INACTIVE,Kilifi Institute,Masonry,Digital,Completed,Completed
VOC-001144,ONGERI SIGESI,37 852 975,0711-309-16,ongeri.sigei@yahoo.com,2003-09-17,M,Nakuru,Gilgil,Murindat,Not Provided,2025-06-23,ACTIVE,Thika Technical Training Institute,Masonry,Artisan,Enrolled,Not Started
VOC-001145,VICTOR  WADADA, 69391930,+254 742 717 46,Victor.wadada@outlook.com,1964-07-05,M,N/A,Ganze,Not Provided,"Plot 156, Lane 17, Karen",10-07-2024,ACTIVE,Kisumu Youth Skills Centre,Automotive,Hospitality,Completed,Certified
VOC-001146,MATTHEW NAFULA,89161407,+25475373014,M.nafula@outlook.com,1997-12-26,M,Kisumu,Muhoroni,Chemelil,"Plot 258, Lane 12, Karen",2025-03-07,INACTIVE,Meru Vocational Centre,Hairdressing,Technical,In Progress,Not Started
VOC-001147,KANANA KOSGEI,2146-3219,+25411285934,Kanana.kosgei@gmail.com,1990-02-16,M,Nakuru,Nakuru Town West,Kaptembwo,"House 464, Outering Drive, Lavington",20250821,INACTIVE,Nakuru Industrial Training Centre,Electrical,Artisan,In Progress,Ongoing
VOC-001148,MUENI DANIEL KAGWE,11812674,+25476376260,mueni.kagwe@gmail.com,1989-11-19,M,Bomet,Konoin,Mogogosiek,"House 358, Mugumo Street, Westlands",20-Jul-25,ACTIVE,Kilifi Institute,Hairdressing,Hospitality,Enrolled,Completed
VOC-001149,RACHEL MBAKA,50-468-810,+254 706 931 51,Rachel.mbaka@gmail.com,1958-05-14,F,Uasin Gishu,Moiben,Kimumu,"Plot 357, Lane 3, Ruiru",27-Mar-2025,ACTIVE,Machakos Technical Institute,Welding,Artisan,In Progress,Completed
VOC-001150,JEBIWOTT SHARON KENGA,45355912,+25474351287,J.kenga@hotmail.com,1977-03-21,F,KISUMU,KISUMU WEST,NORTH KISUMU,"House 230, Athi River Drive, Likoni",12-03-2025,ACTIVE,Thika Technical Training Institute,ICT,Digital,Completed,Certified
VOC-001151,MATOKE MIRIAM,11951278 ,25471132654,mmatoke@gmail.com,1998-12-06,F,Kisumu,Kisumu Central,Shauri Moyo,"Plot 161, Lane 7, Lavington",14-08-2023,INACTIVE,Machakos Technical Institute,Welding,Hospitality,Enrolled,Certified
VOC-001152,SYOKAU WAFULA NJOROGE, 28774471,25473710405,syokau.njoroge@gmail.com,1977-07-20,M,Kiambu,Ruiru,Kahawa Sukari,"House 182, Kiambu Road, Garden Estate",2024-10-03,ACTIVE,Eldoret Polytechnic,Metalwork,Artisan,Dropped Out,Ongoing
VOC-001153,DOROTHY OGEERO,32417070 ,+254 719-638-62,ogeroDorothy@gmail.com,1966-09-20,M,Kisumu,N/A,Central Seme,"House 184, Ngong Road Street, Ruaraka",01-Aug-24,ACTIVE,Kilifi Institute,Plumbing,Artisan,Enrolled,Ongoing
VOC-001154,JOSEPH CEPKORIR, 31829800,+254 727 927 51,J.chepkorir@outlook.com,1966-09-27,M,Kisumu,Seme,North Seme,"House 180, Waiyaki Road, Moi Avenue",30-04-2024,INACTIVE,N/A,Graphics Design,Artisan,Completed,Not Started
VOC-001155,JEPKORIR CEPKORIR,4338-2936,+254 726-242-03,Jepkorir.chepkorir@gmail.com,Not Provided,F,Nairobi,Kasarani,Mwiki,"Plot 65, Lane 11, Kileleshwa",28-Jun-24,INACTIVE,Kilifi Institute,ICT,Digital,In Progress,Completed
VOC-001156,JONAH AWINO CHERUIYOT,61860619,+25411998085,jcheruiyot@outlook.com,2000-05-16,F,Mombasa,Likoni,Likoni,"Plot 256, Lane 11, Ruaraka",25-04-2024,INACTIVE,Eldoret Polytechnic,Automotive,Digital,Completed,Ongoing
VOC-001157,K. KINYA,66 752 122,0118-842-77,kiprotich.kinya@yahoo.com,N/A,F,Bungoma,Kanduyi,West Sang'alo,"House 126, Ngong Road Avenue, Westlands",2025-08-18,INACTIVE,Kitale Technical College,Graphics Design,Digital,Enrolled,Completed
VOC-001158,ERICK  RACHEL  OKELLO,36014440 ,078 198 402,Erick.okello@outlook.com,2000-12-25,M,Kilifi,Ganze,Sokoke,"Plot 247, Lane 6, Kangundo",02-Aug-25,ACTIVE,Kisumu Youth Skills Centre,Automotive,Technical,Completed,Not Started
VOC-001159,DAVID KARIUKI CHERONO,12458919,+25475184687,David59@gmail.com,1993-09-25,M,Kiambu,Ruiru,Kahawa Sukari,"House 81, Kitisuru Drive, Kiambu Road",25/02/2024,ACTIVE,N/A,Plumbing,Artisan,Completed,Not Started
VOC-001160,O. KIPKIRUI,67192629 ,254 724 573 71,ochieng.kipkirui@gmail.com,1974-11-13,M,Trans Nzoia,Endebess,Endebess,"House 449, Kiambu Road Drive, Ruiru",06 Feb 2024,INACTIVE,Eldoret Polytechnic,Metalwork,Artisan,In Progress,Completed
VOC-001161,JOSEPH CHEPKOORIR,31 829 800,072792751,Joseph_chepkorir@outlook.com,1966-09-27,M,Kisumu,Seme,North Seme,"House 180, Waiyaki Road, Moi Avenue",30-04-2024,INACTIVE,N/A,Graphics Design,Artisan,Completed,Not Started
VOC-001162,FLORENCE KIPROTICH,2330-6584,0764.659.17,Florence14@gmail.com,1957-12-07,M,Mombasa,Nyali,Kongowea,"Plot 186, Lane 14, Thika Superhighway",2024-12-31,ACTIVE,Thika Technical Training Institute,Carpentry,Artisan,Enrolled,Completed
VOC-001163,ONGERI BEATRICE KOROSS,32859170,+25475977341,o.k@outlook.com,1970-04-12,F,Uasin Gishu,Turbo,Ngenyilel,Plot 358 Lane 2 Ruiru,05/01/2024,Inactive,Mombasa Technical Institute,Catering,HOSPITALITY,Completed,Certified
VOC-001164,VICTOR KIILONZO,82462154 ,25473215343,Victor_kilonzo@gmail.com,1961-10-16,F,Mombasa,Kisauni,Bamburi,"House 269, Uhuru Street, Kenyatta",2023-06-20,INACTIVE,Thika Technical Training Institute,Hairdressing,Digital,Completed,Ongoing
VOC-001165,"MUTISYA, AOKO", 94060783,0103.602.11,Aoko53@hotmail.com,01/07/1970,F,Bomet,Chepalungu,Sigour,"HOUSE 7, NGONG AVENUE, KITISURU",2025-06-16,INACTIVE,Nakuru Industrial Training Centre,Catering,TECHNICAL,Completed,Completed
VOC-001166,ISAAC OWUOR,90511561,+25471683490,Isaac@yahoo.com,1987-10-04,M,Trans Nzoia,Saboti,Tuwani,"House 194, Outering Avenue, Kangundo",10/15/2025,ACTIVE,Nairobi Vocational Training Centre,Tailoring,Digital,In Progress,Ongoing
VOC-001167,SYOKAU LUBAANGA,95 624 361,075157975,Syokau_lubanga@gmail.com,1984-07-02,M,Kiambu,Kikuyu,Kinoo,"House 310, Jogoo Street, Mugumo",05-05-2025,ACTIVE,Nakuru Industrial Training Centre,Metalwork,Technical,In Progress,Ongoing
VOC-001168,MALACHI AHCIENG,14 288 227,070386176,Achiengmalachi@gmail.com,20/08/1976,male,Kilifi,Kilifi South,Shimo la Tewa,"plot 480, lane 1, ruiru",13-04-2023,Active,Mombasa Technical Institute,Plumbing,DIGITAL,Enrolled,Certified
VOC-001169,EUNICE SYOMBUA KIARIE,83907211,+25479235961,eunice90@hotmail.com,17-06-2003,Female,Kakamega,Matungu,Khalaba,"plot 12, lane 11, moi avenue",2025-05-18,active,Kisumu Youth Skills Centre,Carpentry,DIGITAL,Dropped Out,Not Started
VOC-001170,OKELLO ONDITI MUTISYA, 10580409,071240659,Okello.mutisya@gmail.com,1999-01-04,F,Mombasa,Jomvu,Jomvu Kuu,"Plot 455, Lane 3, Kitisuru",22 Dec 2023,ACTIVE,Eldoret Polytechnic,ICT,Technical,Dropped Out,Ongoing
VOC-001171,LENGURO MWANJOLO,57584677 ,074770388,Lenguro36@outlook.com,1964-11-28,F,Nyeri,Kieni,Mwiyogo/Endarasha,"Plot 136, Lane 16, Uhuru",24/03/2023,ACTIVE,Bomet Youth Polytechnic,Electrical,Digital,Completed,Certified
VOC-001172,NAMUKHULA AUMA NALIAKA,47871627 ,+254 117-163-37,Auma.namukhula@outlook.com,1990-08-04,M,Nairobi,Westlands,Kitisuru,"Plot 28, Lane 5, Mombasa Road",31/03/2024,INACTIVE,Nakuru Industrial Training Centre,Plumbing,Technical,Completed,Certified
VOC-001173,KIMEU STUMA,7476-4506,0726-119-94,ksit@gmail.com,20/02/1978,MALE,Machakos,Machakos Town,Machakos Central,Plot400Lane11Parklands,07/06/2025,active,Eldoret Polytechnic,Graphics Design,HOSPITALITY,Dropped Out,Not Started
VOC-001174,"KIPSANG, HANNAH", 16952045,25471269653,H.k@gmail.com,24-07-2006,FEMALE,Nairobi,Westlands,Mountain View,"Plot 219, Ln 11, Kilimani",21 Jan 2023,Active,Eldoret Polytechnic,Metalwork,TECHNICAL,Completed,Ongoing
VOC-001175,SENTEU KOROSS,40799334 ,+25410707716,senteu.koross@gmail.com,1989-01-08,F,Not Provided,Bomet Central,NA,"Plot 221, Lane 3, Mugumo",2025-02-02,N/A,Nairobi Vocational Training Centre,Tailoring,Digital,Enrolled,Certified
VOC-001176,AGNES KIRPCHIRCHIR, 43739900,0768.374.35,Agnes@gmail.com,1957-05-03,M,Kisumu,Kisumu West,North Kisumu,"House 280, River Road Road, Kilimani",12 May 2024,ACTIVE,Kakamega Youth Polytechnic,ICT,Digital,In Progress,Completed
VOC-001177,WACHIRA MARATE, 26144121,254 114 268 04,wmarete@hotmail.com,1999-10-17,M,Kiambu,Kiambu,Kihara,"House 5, Kangundo Avenue, Argwings Kodhek",2025-04-17,ACTIVE,Kakamega Youth Polytechnic,Welding,Digital,In Progress,Ongoing
VOC-001178,MOGAKA NJUGNA,14 456 047,+25476738457,njugunamogaka@hotmail.com,1960-09-17,F,Kilifi,Kaloleni,Kayafungo,"Plot 452, Lane 2, Langata",2024-01-25,ACTIVE,Meru Vocational Centre,Masonry,Digital,Enrolled,Certified
VOC-001179,JEPKORIR ODUYA, 62901281,070 314 829,jepkorir@gmail.com,1966-10-22,M,Nairobi,Kasarani,Kasarani,"Plot 210, Lane 11, Outering",28 Jun 2023,INACTIVE,Bomet Youth Polytechnic,Electrical,Artisan,In Progress,Completed
VOC-001180,MUGO WAFULA WANJALA,66230595 ,+25475149208,mugo.wanjala@yahoo.com,1994-01-13,F,Kilifi,Kaloleni,Mwanamwinga,"House 230, Argwings Kodhek Road, Thika",2025-12-07,INACTIVE,Nakuru Industrial Training Centre,Automotive,Technical,In Progress,Certified
VOC-001181,SYOKAU MUNYRAO,7020-4171,0772-012-18,munyaosyokau@yahoo.com,1952-02-19,M,Uasin Gishu,Turbo,Huruma,"House 195, Parklands Drive, Ruaraka",05-16-2023,INACTIVE,Nairobi Vocational Training Centre,Plumbing,Artisan,Dropped Out,Certified
VOC-001182,MUKHWANA WAUFLA,36-738-225,+254 775-507-26,m.w@hotmail.com,1973-10-04,M,Meru,Central Imenti,Kathonzweni,"House 297, Ngong Road Drive, Athi River",2024-05-29,INACTIVE,Kilifi Institute,Plumbing,Hospitality,Enrolled,Ongoing
VOC-001183,DEBORAH AWYTI, 33535297,25476421727,dawiti@outlook.com,1981-01-23,M,Bomet,Bomet Central,Mutarakwa,"Plot 309, Lane 20, Kikuyu",11-Aug-2024,ACTIVE,Meru Vocational Centre,Plumbing,Digital,Enrolled,Ongoing
VOC-001184,MAINA MWANG,63 685 963,+254 738 145 95,mmwango@gmail.com,1982-03-19,F,Nairobi,Dagoretti South,Riruta,"House 36, Mombasa Road Road, Kitisuru",15/02/2025,INACTIVE,Kilifi Institute,Automotive,Artisan,Enrolled,Not Started
VOC-001185,AWINO OLELA,69976098,+25410720405,Awino.olela@hotmail.com,1993-06-02,M,Kisumu,Muhoroni,Chemelil,"House 259, Lenana Street, Ngong Road",07-12-2025,ACTIVE,Kitale Technical College,Tailoring,Technical,Dropped Out,Certified
VOC-001186,CHEPKOECH KIPRONO CHEPKIRUI,37921512,+25471148218,chepkoech.chepkirui@gmail.com,1969-12-21,F,TRANS NZOIA,Kiminini,Sirende,"Plot 145, Lane 2, Garden Estate",14/03/2023,ACTIVE,Kilifi Institute,Graphics Design,Technical,Enrolled,Certified
VOC-001187,ELIZABETH KAARANJA,5498-8861,25479791567,elizabeth_karanja@hotmail.com,NA,male,Kakamega County,Butere,Marama South,"House 61, Mombasa Road Street, Kikuyu",NA,ACTIVE,Meru Vocational Centre,Masonry,TECHNICAL,Enrolled,Certified
VOC-001188,FLORA MUMOO, 89118492,078 738 437,F.m@gmail.com,1981-10-10,M,Not Provided,Ainabkoi,Not Provided,"Plot 313, Lane 12, Kileleshwa",24/12/2024,INACTIVE,Thika Technical Training Institute,Catering,Technical,Enrolled,Not Started
VOC-001189,EUNICE MUTUA SENTEU,64644684 ,25478211636,Eunice.senteu@yahoo.com,N/A,F,N/A,Kisauni,Mwakirunge,"House 472, Ngong Road Drive, Mombasa Road",22/09/2024,INACTIVE,Meru Vocational Centre,Electrical,Digital,Enrolled,Certified
VOC-001190,SARAH CHEPOKIRUI,7061-3787,071293412,chepkiruisarah@gmail.com,1976-12-02,M,Kilifi,Kilifi North,Matsangoni,"House 452, Limuru Avenue, Outering",18 Aug 2024,INACTIVE,Nairobi Vocational Training Centre,Graphics Design,Technical,In Progress,Ongoing
VOC-001191,C. K. GITHUA,23 062 971,25478177602,chepkorir.githua@gmail.com,1983-01-04,F,Mombasa,Likoni,Likoni,"Plot 384, Lane 14, Kiambu Road",20251124,INACTIVE,Kakamega Youth Polytechnic,Plumbing,Artisan,In Progress,Not Started
VOC-001192,LOIS OKLELO,55-925-432,076388472,Lokello@hotmail.com,1974-03-09,M,Kilifi,Rabai,Ruruma,"Plot 471, Lane 11, Limuru",2024-01-02,INACTIVE,Meru Vocational Centre,Tailoring,Artisan,In Progress,Completed
VOC-001193,SHARON NANJLAA,35-520-607,+254 792-758-95,sharon55@gmail.com,1995-05-01,F,MACHAKOS,Mavoko,Athi River,"Plot 466, Lane 20, Parklands",07-04-2023,INACTIVE,Nairobi Vocational Training Centre,Welding,Hospitality,Dropped Out,Ongoing
VOC-001194,ADHIAMBO ISAIAH KASINA,97956703,+25411740758,Adhiambo@gmail.com,1980-11-11,F,Nakuru,Subukia,Subukia,"House 143, Lenana Road, Ruaraka",20240729,INACTIVE,Eldoret Polytechnic,Catering,Technical,In Progress,Certified
VOC-001195,MUMO KORIR,87470671,+25476159749,mumo@hotmail.com,1975-08-04,F,Meru,South Imenti,Abogeta East,"Plot 361, Lane 10, Mugumo",13-Jul-23,INACTIVE,Kitale Technical College,Carpentry,Technical,Completed,Certified
VOC-001196,RIMBERIA NJUGUNA,31183862 ,+25474247100,Rimberia.njuguna@gmail.com,1998-03-09,F,Turkana,Turkana East,Lokichar,"Plot 200, Lane 17, Ngong",04/05/2024,INACTIVE,Machakos Technical Institute,Electrical,Artisan,In Progress,Completed
VOC-001197,"HASSAN, VINCENT LYDIA",10-502-052,0751.019.57,vincent.hassan@gmail.com,1998-03-27,F,Nakuru,Kuresoi North,Nyota,"House 394, Outering Drive, Thika Superhighway",31-03-2025,ACTIVE,Nairobi Vocational Training Centre,Masonry,Technical,Completed,Not Started
VOC-001198,WAIRIMU MBKAA,84-833-535,+254 767-322-95,wairimu@outlook.com,1974-11-15,F,Nakuru,Kuresoi North,Nyota,"Plot 281, Lane 12, Jogoo",2024-05-03,ACTIVE,Thika Technical Training Institute,Plumbing,Artisan,Dropped Out,Not Started
VOC-001199,MWIRIGI KANGOG,13600310,+25410699820,mkangogo@gmail.com,1967-07-10,M,Not Provided,N/A,Matungulu North,"Plot 125, Lane 18, Kangundo",28 Jan 2023,ACTIVE,Kakamega Youth Polytechnic,Plumbing,Hospitality,Dropped Out,Completed
VOC-001200,DIANA KASINA,81803477,+25411845900,Diana.kasina@gmail.com,1983-02-04,F,Mombasa,Mvita,Tudor,"House 157, Lavington Drive, Langata",02/06/2023,ACTIVE,Machakos Technical Institute,Hairdressing,Artisan,In Progress,Not Started
VOC-001201,KAMAU MITNEI, 69224618,254 774 087 63,k.m@gmail.com,1992-02-20,M,Bungoma,Kabuchai,West Nalondo,"Plot 67, Lane 10, Argwings Kodhek",2023-09-04,ACTIVE,Machakos Technical Institute,Plumbing,Artisan,Enrolled,Completed
VOC-001202,ZECHARIAH KILONZO,16927312,+25475737832,zkilonzo@hotmail.com,1999-07-14,M,Mombasa,Changamwe,Changamwe,"House 283, Kikuyu Road, Uhuru",14 Jul 2024,ACTIVE,Machakos Technical Institute,Plumbing,Artisan,In Progress,Not Started
VOC-001203,ALICE RIMBERIA CHERONO,38673273,+25470421388,alice.cherono@gmail.com,NA,M,Nairobi,N/A,NA,"Plot 101, Lane 10, Mugumo",15-Feb-2023,INACTIVE,Meru Vocational Centre,Catering,Digital,Enrolled,Completed
VOC-001204,WAFULA MUMMO,77 177 290,+254 111-396-60,W.mumo@gmail.com,1993-09-12,M,Bungoma,Sirisia,Namwela,"House 207, Outering Road, Uhuru",12-22-2025,INACTIVE,Nairobi Vocational Training Centre,Catering,Hospitality,Dropped Out,Not Started
VOC-001205,CYNTHIA NGOROGE,47173534,+25470865244,cynthia.njoroge@outlook.com,1998-01-03,F,Trans Nzoia,Endebess,Chepchoina,"House 78, Athi River Drive, Kilimani",24/02/2024,INACTIVE,Meru Vocational Centre,Plumbing,Hospitality,Completed,Ongoing
VOC-001206,MOKUA  WAMBUGU,84513202 ,+254 107 622 19,Mokua82@outlook.com,10-Jul-2003,Female,Kiambu,Githunguri,Githunguri,"Plot 446, Ln 13, Limuru",18-Nov-24,pending,Bomet Youth Polytechnic,Plumbing,HOSPITALITY,Dropped Out,Not Started
VOC-001207,GICHURU KIPKEMBOI,71156898,+25471587836,gichuru@yahoo.com,1975-06-24,F,Kiambu,Lari,Nyanduma,"Plot 85, Lane 17, Lenana",07-28-2024,INACTIVE,Kakamega Youth Polytechnic,Tailoring,Technical,In Progress,Ongoing
VOC-001208,RONALD SETNEU,49075648 ,0745.361.62,Ronaldsenteu@outlook.com,1987-03-24,M,Nyeri,Othaya,Karima,"House 420, Mugumo Road, Likoni",2024-11-08,INACTIVE,Kilifi Institute,Metalwork,Digital,Completed,Ongoing
VOC-001209,E. AUMA,5196-8530,0118.365.98,evelyn.auma@hotmail.com,2005-06-17,M,Mombasa,Likoni,Tsimba,"House 236, Kitisuru Avenue, Athi River",01-Feb-2025,INACTIVE,Machakos Technical Institute,Carpentry,Technical,Dropped Out,Not Started
VOC-001210,SYOKAU LUBANGA,95624361,+25475867084,Syokau@gmail.com,1984-07-02,M,Kiambu,Kikuyu,Kinoo,"House 86, Mombasa Road Avenue, Ruiru",05-05-2025,ACTIVE,Nakuru Industrial Training Centre,Metalwork,Technical,In Progress,Ongoing
VOC-001211,OKELLO MOHAMETD,3317-9292,254 747 596 27,om@outlook.com,08-Dec-00,MALE,Nairobi,Dagoretti South,Riruta,House273TomMboyaAvenueAthiRiver,10-08-2023,INACTIVE,Eldoret Polytechnic,Carpentry,ARTISAN,Enrolled,Not Started
VOC-001212,GICHURU JEPCHUMBA MBUTHIA,90254666,+25410819954,G.mbuthia@gmail.com,2000-12-25,F,Uasin Gishu,Moiben,Tembelio,"Plot 144, Lane 9, Likoni",15-Nov-2024,INACTIVE,Machakos Technical Institute,Metalwork,Technical,Dropped Out,Ongoing
VOC-001213,LEAH BARASA,33516421,+25477516778,Leah.barasa@hotmail.com,1982-01-07,F,Kisumu,Seme,Central Seme,"Plot 20, Lane 17, Kiambu Road",20/08/2024,ACTIVE,Eldoret Polytechnic,Masonry,Technical,Enrolled,Not Started
VOC-001214,MWANGI NLIAKA,47 959 633,077320919,mwangi_naliaka@outlook.com,1987-09-18,F,Kilifi,Kaloleni,Kayafungo,"Plot 83, Lane 17, Langata",2023-08-15,INACTIVE,Eldoret Polytechnic,Metalwork,Artisan,Completed,Not Started
VOC-001215,N. KENEI,26 947 996,070 879 381,Nicholas.kenei@hotmail.com,1983-12-24,M,Mombasa,Mvita,Mji wa Kale,"Plot 431, Lane 5, Juja",10 Nov 2023,INACTIVE,Kilifi Institute,Automotive,Technical,In Progress,Not Started
VOC-001216,"CHEPKORIR, BEATRICE KIPKIRUI",30 528 733,254 103 764 19,beatrice.chepkorir@yahoo.com,1967-08-13,M,Kisumu,Nyando,Awasi/Onjiko,"House 332, River Road Road, Ngong",2025-12-31,ACTIVE,Kitale Technical College,ICT,Hospitality,Enrolled,Completed
VOC-001217,AUMA EVELYN,5196-8530,011836598,evelyn.auma@hotmail.com,2005-06-17,M,Mombasa,Likoni,Tsimba,"House 236, Kitisuru Avenue, Athi River",01-Feb-2025,INACTIVE,Machakos Technical Institute,Carpentry,Technical,Dropped Out,Not Started
VOC-001218,AUMA WNYONYI, 55324613,254 761 804 72,Aumawanyonyi@gmail.com,1978-12-10,M,Nairobi,Kibra,Woodley,"Plot 323, Lane 11, Lenana",21-Nov-2023,ACTIVE,Machakos Technical Institute,Graphics Design,Technical,Enrolled,Not Started
VOC-001219,VERONICA KEENI,46-663-600,+254 779-409-28,Veronica79@gmail.com,N/A,M,Kisumu,NA,NA,"Plot 285, Lane 7, Outering",01 Jul 2025,INACTIVE,Meru Vocational Centre,Graphics Design,Technical,Completed,Completed
VOC-001220,A. C. BARASA,7431-8409,0774-305-75,Anyango.barasa@gmail.com,1957-10-26,M,Kisumu,Kisumu West,West Kisumu,"House 117, Uhuru Street, Athi River",05-08-2024,ACTIVE,Bomet Youth Polytechnic,ICT,Hospitality,Dropped Out,Ongoing
VOC-001221,TOWETT BRIDGET,84286913 ,25411302020,Bridget.towett@hotmail.com,1968-10-11,M,Mombasa,Kisauni,Mtopanga,"Plot 77, Lane 19, Kangundo",2023-09-09,INACTIVE,Bomet Youth Polytechnic,Catering,Hospitality,Enrolled,Certified
VOC-001222,STEPHEN KHAEMBA JEPKOECH,68535809,+25471556296,jepkoechstephen@gmail.com,1969-01-06,F,Uasin Gishu,Kesses,Cheptiret/Kipchamo,"Plot 388, Lane 13, Kitisuru",05-Mar-2025,ACTIVE,Mombasa Technical Institute,Masonry,Hospitality,Dropped Out,Certified
VOC-001223,KIPKEMOI KEMMEI, 78131606,+254 794-538-73,k.kemei@yahoo.com,1979-12-07,F,Uasin Gishu,Ainabkoi,Kapsoya,"House 149, Parklands Road, Uhuru",2024-11-09,INACTIVE,Bomet Youth Polytechnic,Catering,Hospitality,In Progress,Completed
VOC-001224,JOEL ROSE MUTISYA, 59803545,0713-283-14,joel.mutisya@yahoo.com,1970-04-20,F,Kisumu,Nyando,Awasi/Onjiko,"Plot 22, Lane 16, Limuru",08/11/2024,ACTIVE,Kisumu Youth Skills Centre,Catering,Digital,Completed,Completed
VOC-001225,SITUMA KIMEU FAITH,7476-4506,+25472611994,ksituma@gmail.com,20/02/1978,MALE,Machakos,Machakos Town,Machakos Central,Plot400Lane11Parklands,07/06/2025,active,Eldoret Polytechnic,Graphics Design,HOSPITALITY,Dropped Out,Not Started
VOC-001226,WANJIRU  MBAKA  JUMA,6026-7929,076 730 011,wanjiru.juma@gmail.com,1978-05-07,F,Kiambu,Kabete,Kabete,"Plot 235, Lane 12, Ngong Road",17-Jan-2024,ACTIVE,Kitale Technical College,Welding,Digital,In Progress,Certified
VOC-001227,VICTOR  KEMUNTO  CHEBET, 55305628,+25475425042,victor.chebet@yahoo.com,1996-02-06,M,Trans Nzoia,Kiminini,Sirende,"House 457, Kileleshwa Street, Ngong Road",04-Sep-24,INACTIVE,Meru Vocational Centre,Graphics Design,Technical,In Progress,Not Started
VOC-001228,WAFULA NNAJALA, 95040154,+25411200680,wafula_nanjala@gmail.com,1976-08-24,F,Kilifi,Magarini,Sabaki,"Plot 64, Lane 11, Mombasa Road",14-01-2023,INACTIVE,Meru Vocational Centre,Carpentry,Digital,Dropped Out,Not Started
VOC-001229,ANN WANGECI KEMEI,33 205 321,011913253,Annkemei@gmail.com,20060225,FEMALE,Nakuru,Bahati,Dundori,Plot 270 Lane 8 Jogoo,09 Aug 2025,pending,Kitale Technical College,Tailoring,ARTISAN,Completed,Completed
VOC-001230,JOHN AWITI NYAMBANE,68602342,+25474858911,John.nyambane@outlook.com,1953-05-06,F,Bungoma,Sirisia,Namwela,"Plot 464, Lane 5, Mugumo",2025-03-29,INACTIVE,Eldoret Polytechnic,Hairdressing,Hospitality,In Progress,Certified
VOC-001231,AOKO MUTISA,9406-0783,010360211,Aoko5318@hotmail.com,01/07/1970,F,Bomet,Chepalungu,Sigour,"HOUSE 7, NGONG AVENUE, KITISURU",2025-06-16,INACTIVE,Nakuru Industrial Training Centre,Catering,TECHNICAL,Completed,Completed
VOC-001232,KARANJA ELIZABETH,54-988-861,079 791 567,elizabeth_karanja@hotmail.com,NA,male,Kakamega County,Butere,Marama South,"House 61, Mombasa Road Street, Kikuyu",NA,ACTIVE,Meru Vocational Centre,Masonry,TECHNICAL,Enrolled,Certified
VOC-001233,MUKHWANA NICHOLAS GIKONYO,9108-2703,073704849,gikonyomukhwana@hotmail.com,28-Nov-60,FEMALE,Mombasa,N/A,Chaani,Plot4Lane11Jogoo,01-Jul-2025,A,Kilifi Institute,Electrical,HOSPITALITY,Completed,Completed
VOC-001234,D. OTULA,36135120 ,+25470932586,Dennis.otula@hotmail.com,1998-09-20,F,Nakuru,NakuruTownEast,Menengai,"House 60, Uhuru Drive, Outering",10/05/2023,ACTIVE,Nakuru Industrial Training Centre,Metalwork,Hospitality,Dropped Out,Completed
VOC-001235,JEREMIAH KARNJA,47-364-992,25475485271,j_k@gmail.com,26-04-1997,female,Trans Nzoia,Endebess,Chepchoina,"House 222, Thika Avenue, Likoni",2023-10-18,pending,Kisumu Youth Skills Centre,Masonry,DIGITAL,Completed,Certified
VOC-001236,MUKHWANA NDUKU,29766571,+25473197233,Mukhwana.nduku@gmail.com,1979-11-24,M,Mombasa,Likoni,Mtongwe,"House 412, Mugumo Drive, Lavington",07-Jan-23,ACTIVE,Kakamega Youth Polytechnic,Masonry,Hospitality,In Progress,Completed
VOC-001237,MONICA SEENTEU, 35645457,+254 721 220 19,senteumonica@yahoo.com,1982-03-14,F,NA,Kesses,Cheptiret/Kipchamo,"Plot 464, Lane 3, Moi Avenue",28-Oct-2024,INACTIVE,Machakos Technical Institute,Catering,Artisan,Dropped Out,Not Started
VOC-001238,ALEXANDER ODHIABMO, 50248639,+25477280463,Alexanderodhiambo@yahoo.com,1997-03-21,F,Nairobi,Dagoretti North,Kawangware,"Plot 45, Lane 19, Jogoo",16/05/2024,ACTIVE,Thika Technical Training Institute,Graphics Design,Hospitality,Dropped Out,Ongoing
VOC-001239,"KAMANDE, WACHIRA", 97037399,011 714 442,wachira97@hotmail.com,1964-06-02,F,Nairobi,Not Provided,N/A,"Plot 195, Lane 7, Lenana",06/02/2025,ACTIVE,Kisumu Youth Skills Centre,Metalwork,Technical,In Progress,Completed
VOC-001240,BEATRICE CHEPKKORIR, 30528733,+25410376419,beatrice93@yahoo.com,1967-08-13,M,Kisumu,Nyando,Awasi/Onjiko,"House 332, River Road Road, Ngong",2025-12-31,ACTIVE,Kitale Technical College,ICT,Hospitality,Enrolled,Completed
VOC-001241,KIPROTICH NYMBANE,6369-0535,+25475905598,knyambane@gmail.com,1970-08-18,F,Uasin Gishu,Ainabkoi,Kaptagat,"House 151, Ngong Avenue, Kiambu Road",22/02/2024,ACTIVE,Nakuru Industrial Training Centre,Hairdressing,Hospitality,In Progress,Completed
VOC-001242,TOWETT BRIDGET,84 286 913,011302020,Bridget.towett@hotmail.com,1968-10-11,M,Mombasa,Kisauni,Mtopanga,"Plot 77, Lane 19, Kangundo",2023-09-09,INACTIVE,Bomet Youth Polytechnic,Catering,Hospitality,Enrolled,Certified
VOC-001243,JANE OTUAL,65 402 833,0702.778.86,J.otula@gmail.com,2005-02-19,M,Bomet,Chepalungu,Siongiroi,"House 96, Lavington Avenue, Limuru",28-Apr-2025,INACTIVE,Nakuru Industrial Training Centre,Carpentry,Technical,In Progress,Ongoing
VOC-001244,MUKHWANA CHEPKORIR,47452871 ,011 617 067,chepkorir.mukhwana@hotmail.com,1986-10-15,F,Meru,North Imenti,Mweronkanga,"House 272, Jogoo Avenue, Waiyaki",14/03/2024,ACTIVE,Machakos Technical Institute,Hairdressing,Digital,Dropped Out,Ongoing
VOC-001245,JEPCHUMBA OTIENO WANJALA,25 099 746,0784-830-45,jepchumba.wanjala@hotmail.com,1959-02-11,F,Meru,Central Imenti,Kabachi,"Plot 443, Lane 11, Kasarani",16/05/2023,ACTIVE,Meru Vocational Centre,Automotive,Digital,Enrolled,Certified
VOC-001246,GICHURU KIPROTICH,47384667,+25478498832,Gichuru34@hotmail.com,1993-08-24,F,N/A,Ruiru,Kahawa Sukari,"Plot 389, Lane 15, Thika Superhighway",18/03/2025,INACTIVE,Nairobi Vocational Training Centre,Automotive,Hospitality,In Progress,Ongoing
VOC-001247,RIMBERIA NJUGUNA,31183862 ,+25474247100,Rimberia@gmail.com,1998-03-09,F,Turkana,Turkana East,Lokichar,"Plot 393, Lane 15, Kitisuru",04/05/2024,INACTIVE,Machakos Technical Institute,Electrical,Artisan,In Progress,Completed
VOC-001248,SILAS NABEA,12-675-965,25411102713,silas.nabea@yahoo.com,1988-04-17,F,Trans Nzoia,Cherangany,Kaplamai,"House 353, Ruiru Road, Lenana",20/05/2023,INACTIVE,Mombasa Technical Institute,Carpentry,Digital,Completed,Ongoing
VOC-001249,KIMEU NJJOROGE,26 195 804,+254 778-744-59,kimeu@gmail.com,1994-06-11,M,N/A,North Imenti,Nkubu,"House 85, Parklands Drive, Ruiru",2023-06-13,Not Provided,Kitale Technical College,Automotive,Hospitality,Completed,Completed
VOC-001250,KIPKEMOI KIPKORIR,3270-8438,+254 707-443-24,kipkorir@hotmail.com,1996-05-13,M,NAIROBI,Dagoretti North,Kileleshwa,"House 193, Kiambu Road Road, Kenyatta",04/10/2024,ACTIVE,Meru Vocational Centre,Tailoring,Hospitality,Enrolled,Completed
VOC-001251,NANJALA NABWIRE,82250099 ,+25472764555,Nanjala.nabwire@outlook.com,1992-10-11,Female,Nairobi,Dagoretti South,Ngando,"Plot 49, Ln 6, Waiyaki",19-04-2024,INACTIVE,Kakamega Youth Polytechnic,Plumbing,HOSPITALITY,Enrolled,Certified
VOC-001252,JEBIWOTT AWOUR,37332854 ,25475992271,j.awuor@gmail.com,1956-11-20,M,Nakuru,Subukia,Not Provided,"Plot 290, Lane 11, Garden Estate",22-Nov-25,INACTIVE,Meru Vocational Centre,Hairdressing,Artisan,Completed,Certified
VOC-001253,FAITH MOSES RONO,46-953-423,+25479312777,f.rono@gmail.com,1978-05-18,M,Nakuru,Nakuru Town East,Menengai,"House 442, Parklands Road, Outering",17/09/2025,ACTIVE,Eldoret Polytechnic,Tailoring,Hospitality,In Progress,Completed
VOC-001254,JEBET JOY KIVUVA,64910054,NA,jebet.kivuva@gmail.com,1995-02-06,F,Kiambu,Kikuyu,Not Provided,"Plot 227, Lane 12, Ruiru",2024-07-08,ACTIVE,N/A,Tailoring,Technical,Dropped Out,Ongoing
VOC-001255,"MOKUA, OWUOR", 99646907,079959597,owuor47@gmail.com,1983-09-13,F,Kiambu,Ruiru,Kiuu,"House 424, Westlands Road, Kiambu Road",2024-02-13,INACTIVE,Eldoret Polytechnic,ICT,Hospitality,Completed,Not Started
VOC-001256,B. KINYA,1140-4682,+254 761-513-53,Benjamin.kinya@outlook.com,1963-10-05,M,Kiambu,Limuru,Limuru East,"House 380, Westlands Avenue, Jogoo",09-Apr-2023,INACTIVE,Kisumu Youth Skills Centre,Hairdressing,Technical,Enrolled,Certified
VOC-001257,JEBET JOY KIVUVA,64-910-054,077 786 779,jebet.kivuva@gmail.com,1995-02-06,F,Kiambu,Kikuyu,Not Provided,"Plot 227, Lane 12, Ruiru",2024-07-08,ACTIVE,N/A,Tailoring,Technical,Dropped Out,Ongoing
VOC-001258,"OMAR, BRENDA ELIJAH",97 043 369,+254 769-993-73,Brenda.omar@yahoo.com,1993-04-04,M,Kisumu,Nyando,Awasi/Onjiko,"Plot 451, Lane 5, Kasarani",04-17-2023,INACTIVE,Kitale Technical College,Electrical,Hospitality,Completed,Completed
VOC-001259,RIMBERIA NAIPANOI GICHUKI,68410653,+25479728848,Rimberia.gichuki@outlook.com,1975-02-14,M,Meru,Central Imenti,Kabachi,"Plot 12, Lane 9, Tom Mboya",2024-09-29,ACTIVE,Kitale Technical College,Hairdressing,Digital,Enrolled,Certified
VOC-001260,MUKHWANA NICHOLAS GIKONYO,91082703,+25473704849,gikonyomukhwana@hotmail.com,28-Nov-60,FEMALE,Mombasa,N/A,Chaani,Plot4Lane11Jogoo,01-Jul-2025,A,Kilifi Institute,Electrical,HOSPITALITY,Completed,Completed
VOC-001261,AWINO OLELA,69976098,+25410720405,Awino.olela@hotmail.com,1993-06-02,M,Kisumu,Muhoroni,Chemelil,"House 259, Lenana Street, Ngong Road",07-12-2025,ACTIVE,Kitale Technical College,Tailoring,Technical,Dropped Out,Certified
VOC-001262,NYABOKE KIPCHIRCHHIR, 98685344,0746-981-92,nyabokekipchirchir@yahoo.com,1979-02-14,M,Uasin Gishu,Turbo,Kamagut,"Plot 69, Lane 16, Kiambu",26-Mar-2025,INACTIVE,Thika Technical Training Institute,Graphics Design,Technical,Enrolled,Not Started
VOC-001263,REBECCA OMAR,78683307 ,+25471894496,Rebecca.omar@gmail.com,1971-08-16,F,Trans Nzoia,Endebess,Matumbei,N/A,08-05-2025,ACTIVE,Bomet Youth Polytechnic,Welding,Digital,In Progress,Completed
VOC-001264,MWOROA NGENU,2240-4243,0115.007.74,NA,1990-11-07,M,NA,Kwanza,Kapomboi,"Plot 397, Lane 6, Thika Superhighway",2023-12-27,ACTIVE,Thika Technical Training Institute,Masonry,Artisan,Dropped Out,Certified
VOC-001265,ONSONGO SELIM,53-043-124,+254 782-078-91,o.salim@hotmail.com,1983-11-10,M,Uasin Gishu,Turbo,Huruma,"Plot 210, Lane 14, Ngong",29-Sep-24,ACTIVE,Kakamega Youth Polytechnic,Automotive,Digital,Dropped Out,Not Started
VOC-001266,KIMEU LANGAT,98 519 805,254 722 108 68,Kimeu.langat@outlook.com,1993-09-18,F,Meru,South Imenti,Igoji East,"Plot 30, Lane 3, Argwings Kodhek",01-01-2024,ACTIVE,Bomet Youth Polytechnic,ICT,Digital,Enrolled,Certified
VOC-001267,BRENDA LOIS MOKUA,28570786,+25471466205,Brenda.mokua@gmail.com,2003-04-25,M,Meru,South Imenti,Igoji East,"House 44, Lenana Road, Tom Mboya",03/08/2025,INACTIVE,Meru Vocational Centre,Hairdressing,Artisan,Dropped Out,Not Started
VOC-001268,GITONGA JEPKORIR,57-802-228,+25472366485,gitonga.jepkorir@gmail.com,2001-07-25,F,Kiambu,Limuru,Limuru Central,"Plot 404, Lane 9, Argwings Kodhek",03/10/2025,INACTIVE,Kitale Technical College,Electrical,Artisan,In Progress,Certified
VOC-001269,PRISCILLA NDEGWA,35144726,+25411969354,Priscilla.ndegwa@gmail.com,1995-03-15,M,Nairobi,Dagoretti North,Kawangware,"Plot 136, Lane 16, Waiyaki",04-28-2023,ACTIVE,Nairobi Vocational Training Centre,Carpentry,Hospitality,Enrolled,Ongoing
VOC-001270,ANN AWIMO,2141-0295,25477171388,Awinoann33@gmail.com,24 Oct 1978,F,Kiambu,Limuru,Ndeiya,Plot 185 Lane 10 Kasarani,2025-12-08,Inactive,Kakamega Youth Polytechnic,Catering,ARTISAN,Dropped Out,Ongoing
VOC-001271,CHEPKORIR JOSEPH ONSONGO,31-829-800,+254 727-927-51,Joseph.chepkorir@outlook.com,1966-09-27,M,Kisumu,Seme,North Seme,"House 180, Waiyaki Road, Moi Avenue",30-04-2024,INACTIVE,N/A,Graphics Design,Artisan,Completed,Not Started
VOC-001272,CHEPKORIR MEUKHWANA,47 452 871,254 116 170 67,c.m@hotmail.com,1986-10-15,F,Meru,North Imenti,Mweronkanga,"House 272, Jogoo Avenue, Waiyaki",14/03/2024,ACTIVE,Machakos Technical Institute,Hairdressing,Digital,Dropped Out,Ongoing
VOC-001273,SHARON SENETU,30338272 ,0726.424.80,S.s@gmail.com,1997-12-09,M,Meru,Central Imenti,Kathonzweni,"Plot 329, Lane 17, Ruaraka",06/09/2023,ACTIVE,Machakos Technical Institute,Welding,Technical,In Progress,Certified
VOC-001274,GAKUNYI KINYUA WANYONYI, 96095674,+25473382820,gakunyi.wanyonyi@gmail.com,1975-10-07,F,Nairobi,Dagoretti South,Waithaka,"Plot 269, Lane 3, Kilimani",17 Aug 2025,INACTIVE,Machakos Technical Institute,Catering,Technical,In Progress,Ongoing
VOC-001275,THOMAS ONGAYA,71604156,+25473489367,Tongaya@gmail.com,1964-12-20,M,Kiambu,NA,Kamburu,"Plot 202, Lane 17, Parklands",26-Jun-2024,INACTIVE,Mombasa Technical Institute,Tailoring,Technical,Completed,Certified
VOC-001276,MOMANYI  MUGO,75-453-166,+254 772-582-79,momanyi.mugo@gmail.com,1965-02-12,M,Uasin Gishu,Kesses,Tulwet/Chuiyat,"House 412, Langata Avenue, Langata",08/16/2023,ACTIVE,Machakos Technical Institute,Plumbing,Technical,Completed,Certified
VOC-001277,MUSYOKA NABWIRE,71413187,+25472494153,mnabwire@yahoo.com,1999-03-07,F,Kilifi,Ganze,Ganze,"Plot 257, Lane 13, Ngong Road",20/10/2024,INACTIVE,Mombasa Technical Institute,Hairdressing,Digital,In Progress,Certified
VOC-001278,PAULINE MBKA,30546143 ,+25476102999,paulinembaka@gmail.com,1989-12-10,M,Bungoma,Mt. Elgon,Kapkateny,"House 355, Athi River Drive, Uhuru",01/07/2025,INACTIVE,Nairobi Vocational Training Centre,Electrical,Hospitality,Dropped Out,Not Started
VOC-001279,CECILIA MWENDDWA, 50292372,+254 789 835 77,cmwendwa@hotmail.com,1989-09-14,M,Mombasa,Kisauni,Mtopanga,"Plot 26, Lane 20, Lavington",05/24/2023,INACTIVE,Machakos Technical Institute,Electrical,Technical,In Progress,Certified
VOC-001280,JANE OMONDI ONSONGO,59243476,+25476230780,Janeonsongo@hotmail.com,1964-07-15,M,Bomet,Sotik,Rongena/Manaret,"Plot 65, Lane 3, Limuru",13/03/2023,ACTIVE,Nakuru Industrial Training Centre,Catering,Digital,Completed,Completed
VOC-001281,"MWAKIDEU, CAROLINE", 84618453,011693379,NA,1974-07-21,M,Meru,Not Provided,Antuamburi,"Plot 138, Lane 5, Jogoo",16/12/2023,ACTIVE,Kilifi Institute,Hairdressing,Artisan,In Progress,Completed
VOC-001282,ONGERI KOROSS,32-859-170,254 759 773 41,ok@outlook.com,1970-04-12,F,Uasin Gishu,Turbo,Ngenyilel,Plot 358 Lane 2 Ruiru,05/01/2024,Inactive,Mombasa Technical Institute,Catering,HOSPITALITY,Completed,Certified
VOC-001283,PRISCILLA KILONNZO, 41110667,0104-240-41,priscilla11@hotmail.com,1997-10-08,male,Kilifi,Malindi,Jilore,Plot54Lane19Jogoo,09/11/2023,Pending,Kisumu Youth Skills Centre,Tailoring,TECHNICAL,In Progress,Not Started
VOC-001284,R. M. GITHUA,77 121 355,254 712 064 36,rachel.githua@gmail.com,1979-12-15,M,Turkana,Turkana West,Letea,"Plot 243, Lane 2, Karen",2023-11-08,ACTIVE,Kisumu Youth Skills Centre,Carpentry,Hospitality,Dropped Out,Not Started
VOC-001285,WAIRIMU ACHIENG MBAKA,84833535 ,254 767 322 95,wairimu.mbaka@outlook.com,1974-11-15,F,Nakuru,Kuresoi North,Nyota,"Plot 281, Lane 12, Jogoo",2024-05-03,ACTIVE,Thika Technical Training Institute,Plumbing,Artisan,Dropped Out,Not Started
VOC-001286,MARY MWAKIIDEU,94-973-393,254 786 194 97,Mary_mwakideu@outlook.com,1964-11-27,F,Machakos,Machakos Town,Mutituni,"Plot 213, Lane 19, Ruaraka",2024-12-30,ACTIVE,Kisumu Youth Skills Centre,Carpentry,Technical,Dropped Out,Completed
VOC-001287,AWITI MCHEARO, 25132415,+254 738 973 78,amcharo@gmail.com,2001-05-26,F,Nyeri,Kieni,Gatarakwa,"House 302, Kiambu Road Street, Lenana",06/09/2023,ACTIVE,Thika Technical Training Institute,Catering,Artisan,In Progress,Certified
VOC-001288,K. MUTUNE, 68066393,0117-517-37,kiprono.mutune@gmail.com,1992-10-16,M,Kiambu,Kabete,Nyathuna,"House 97, Karen Drive, Thika Superhighway",29/09/2025,ACTIVE,Nakuru Industrial Training Centre,Automotive,Technical,In Progress,Certified
VOC-001289,CAROLINE KAIMENYI NDEGWA,54756034,+25411512517,Caroline.ndegwa@yahoo.com,1982-07-27,M,Nyeri,Mathira,Not Provided,"House 407, Jogoo Street, Langata",03-Jun-2023,INACTIVE,NA,Catering,Technical,Completed,Not Started
VOC-001290,JEBIWOTT WAITERA, 37467964,0755.207.60,jebiwott@gmail.com,1987-12-22,M,Mombasa,Kisauni,Bamburi,"Plot 25, Lane 4, Lavington",2025-10-09,INACTIVE,Bomet Youth Polytechnic,Masonry,Artisan,Completed,Not Started
VOC-001291,KIPNGETICH CHEROTICH NABEA,19971406,+25473108380,kipngetich.nabea@gmail.com,1972-01-10,M,Nakuru,Kuresoi South,Amalo,"Plot 140, Lane 10, Mugumo",25-May-2024,ACTIVE,Mombasa Technical Institute,Masonry,Artisan,Enrolled,Certified
VOC-001292,"MWANGOLO, MWENDE OCHIENG", 80272722,254 756 199 99,mwende.mwangolo@gmail.com,1996-06-12,F,Nakuru,Nakuru Town West,Kapkures,"House 409, Uhuru Road, Lavington",02/06/2025,INACTIVE,Meru Vocational Centre,Metalwork,Digital,Completed,Completed
VOC-001293,FLORA LESHAN NDEGWA,71587674,+25411368891,flora.ndegwa@outlook.com,1991-12-08,F,Nairobi,Westlands,Kitisuru,"House 109, Argwings Kodhek Street, Garden Estate",16-Oct-24,INACTIVE,Eldoret Polytechnic,Catering,Hospitality,Completed,Ongoing
VOC-001294,SAIDIMU NDUKU ISAAC,82-957-881,0718.471.30,nduku.saidimu@gmail.com,1973-03-16,M,Bungoma,Webuye West,Sitikho,"Plot 325, Lane 12, Kitisuru",08/03/2025,ACTIVE,Thika Technical Training Institute,Metalwork,Technical,Dropped Out,Certified
VOC-001295,KIOKO GITONGA JEPKOECH,26935536,+25475167639,kioko@yahoo.com,1965-07-28,M,Kisumu,Nyakach,South West Nyakach,"Plot 71, Lane 6, Ngong",08-02-2023,INACTIVE,Bomet Youth Polytechnic,Hairdressing,Hospitality,In Progress,Certified
VOC-001296,"MWIRIGI, ALICE SYOMBUA", 76245685,25473404458,alice.mwirigi@outlook.com,1991-01-25,F,Kiambu,Kiambu,Ndumberi,"Plot 115, Lane 10, Parklands",2024-09-18,ACTIVE,Thika Technical Training Institute,Tailoring,Technical,Enrolled,Certified
VOC-001297,K. NABWIRE, 60984196,010 847 263,nabwirekipngetich@outlook.com,1978-12-06,F,Nairobi,Westlands,Kitisuru,"HOUSE 320, KENYATTA DRIVE, MOI AVENUE",2023-09-09,Pending,Bomet Youth Polytechnic,Welding,HOSPITALITY,Enrolled,Not Started
VOC-001298,BOSIBORI KAMANDE,68953251,+25410908583,bosibori.kamande@gmail.com,1959-12-09,M,Kisumu,Muhoroni,Muhoroni/Koru,"House 314, Kangundo Drive, Kileleshwa",01/09/2023,ACTIVE,Thika Technical Training Institute,Electrical,Digital,Enrolled,Certified
VOC-001299,STEPHEN EDITH AWITI,72606225 ,+254 771-345-25,Stephen.awiti@gmail.com,1961-04-15,F,Nairobi,Kibra,Laini Saba,"House 158, Tom Mboya Drive, Kiambu",15-Oct-2025,INACTIVE,Kakamega Youth Polytechnic,Welding,Digital,Dropped Out,Completed
VOC-001300,WANYONYI KENEI,74668530,+25474357796,N/A,1996-01-06,F,Nairobi,Dagoretti North,Gatina,"Plot 87, Lane 17, Karen",2025-03-06,NA,Kakamega Youth Polytechnic,Plumbing,Technical,In Progress,Certified
VOC-001301,"MUMO, DENNIS", 71572793,+254 789-332-06,Dennis.mumo@yahoo.com,1966-01-23,M,Kilifi,Kilifi North,Tezo,"House 206, Ngong Road Street, Kiambu Road",2023-04-28,ACTIVE,Bomet Youth Polytechnic,Metalwork,Artisan,Enrolled,Completed
VOC-001302,JONAH SHARON BETT,74-650-288,+25478747039,J.b@gmail.com,27-04-1986,F,Mombasa,Kisauni,Bamburi,"Plot 469, Lane 7, Athi River",09/03/2024,Active,Kisumu Youth Skills Centre,Automotive,HOSPITALITY,In Progress,Ongoing
VOC-001303,ELIZABETH NDUNGE LUBANGA,38889586,+25410981116,elizabeth@outlook.com,1983-07-25,M,Nakuru,Nakuru Town East,Flamingo,"Plot 162, Lane 3, Ruiru",21-Oct-25,ACTIVE,Kitale Technical College,Electrical,Hospitality,Enrolled,Completed
VOC-001304,AGNES KORIR,46632288,+25411446081,Agnes.korir@gmail.com,1983-07-23,M,Kisumu,KisumuEast,Manyatta 'B',"Plot 175, Lane 14, Thika",02-26-2024,INACTIVE,Kisumu Youth Skills Centre,Welding,Artisan,Dropped Out,Not Started
VOC-001305,MWANIA NDEGWA,61793831 ,+25474315893,mwania.ndegwa@gmail.com,1962-01-12,M,Mombasa,Jomvu,Miritini,"House 81, Likoni Street, River Road",07-Jan-2023,INACTIVE,Eldoret Polytechnic,Plumbing,Artisan,Completed,Certified
VOC-001306,KERUBO NJUGUNA NGANGA,3290-7135,25475739346,Kerubo.nganga@gmail.com,1976-08-14,F,Uasin Gishu,Ainabkoi,Kapsoya,"Plot 290, Lane 17, Argwings Kodhek",2025-12-05,ACTIVE,Meru Vocational Centre,Plumbing,Digital,Dropped Out,Not Started
VOC-001307,A. MUTISYA,94 060 783,25410360211,Aoko53@hotmail.com,01/07/1970,F,Bomet,Chepalungu,Sigour,"HOUSE 7, NGONG AVENUE, KITISURU",2025-06-16,INACTIVE,Nakuru Industrial Training Centre,Catering,TECHNICAL,Completed,Completed
VOC-001308,MOMANYI MUOG, 75453166,077258279,momanyi54@gmail.com,1965-02-12,M,Uasin Gishu,Kesses,Tulwet/Chuiyat,"House 412, Langata Avenue, Langata",08/16/2023,ACTIVE,Machakos Technical Institute,Plumbing,Technical,Completed,Certified
VOC-001309,JEPKORIR MUATISYA,1725-9175,25471879319,Jepkorir@gmail.com,2001-01-05,F,Uasin Gishu,Kapseret,Langas,"Plot 113, Lane 20, Ngong",07-Oct-25,ACTIVE,Kakamega Youth Polytechnic,Carpentry,Technical,In Progress,Not Started
VOC-001310,AUMA CHEPIRUI, 36578446,078794988,NA,1965-07-03,F,Nairobi,Lang'ata,Nairobi West,"House 351, Ruiru Drive, Athi River",2024-08-04,Not Provided,NA,Welding,Artisan,In Progress,Not Started
VOC-001311,ADHIAMBO KINYE,58537393 ,0111-691-61,a.k@gmail.com,1975-09-04,F,Nairobi,Kasarani,Kamulu,"Plot 330, Lane 5, Moi Avenue",Not Provided,ACTIVE,Kitale Technical College,Graphics Design,Hospitality,Dropped Out,Ongoing
VOC-001312,JAMES KIOK,32638266,+25479228873,James.kioko@gmail.com,1997-01-20,M,Turkana,Turkana Central,Kalokol,NA,14 Apr 2024,ACTIVE,Thika Technical Training Institute,Electrical,Digital,Enrolled,Ongoing
VOC-001313,JEBIWOTT NAFULA KOECH,20135745,+25478919189,jebiwott.koech@yahoo.com,1986-08-13,M,Machakos,Yatta,Matuu,"House 418, Ngong Road Road, Ngong",09-09-2025,INACTIVE,Kisumu Youth Skills Centre,Welding,Artisan,Dropped Out,Completed
VOC-001314,WAIRIMU KAMAU,65277579,+25476374819,W.k@yahoo.com,2003-02-16,M,Nairobi,Dagoretti North,Kilimani,"Plot 27, Lane 5, Garden Estate",2024-05-25,ACTIVE,Eldoret Polytechnic,Plumbing,Artisan,In Progress,Ongoing
VOC-001315,RACHEL ROTIC,73884512,+25411201420,rachel.rotich@gmail.com,1986-03-24,M,Uasin Gishu,Kapseret,Megun,"House 333, Thika Road, Waiyaki",2025-01-07,INACTIVE,Kakamega Youth Polytechnic,Graphics Design,Digital,Dropped Out,Ongoing
VOC-001316,"KENEI, JONATHAN", 88380820,+254 101 383 82,Jonathan.kenei@gmail.com,1967-04-13,F,Kiambu,Limuru,Limuru East,"Plot 131, Lane 5, Lenana",04/10/2023,ACTIVE,N/A,Catering,Technical,Dropped Out,Completed
VOC-001317,MWOROA MUNYAO,4760-3482,0105.603.02,munyao.mworoa@outlook.com,2005-09-21,M,Kilifi,Ganze,Sokoke,"Plot 240, Lane 15, Westlands",2025-04-24,ACTIVE,Bomet Youth Polytechnic,Electrical,Technical,Completed,Completed
VOC-001318,"ODUYA, KIPKEMBOI", 74642957,075540867,Kipkemboi87@gmail.com,13-07-1970,male,Nyeri,Mathira,Magutu,"HOUSE 60, KIKUYU AVENUE, JOGOO",07 Nov 2023,Active,Meru Vocational Centre,Masonry,TECHNICAL,Dropped Out,Completed
VOC-001319,ANTHONY JEBETSYOKAU,74594778,+25475522217,Anthony20@gmail.com,1988-04-05,male,Trans Nzoia,Kwanza,Kapomboi,"House 474, Kiambu Road Avenue, Outering",2023-12-12,Pending,Meru Vocational Centre,Welding,DIGITAL,In Progress,Certified
VOC-001320,W. KAMAU,65 277 579,254 766 677 99,Wairimu.kamau@yahoo.com,2003-02-16,M,Nairobi,Dagoretti North,Kilimani,"Plot 87, Lane 4, Likoni",2024-05-25,ACTIVE,Eldoret Polytechnic,Plumbing,Artisan,In Progress,Ongoing
VOC-001321,BRIDGET KAMAU NALIAKA,91335378,+25474536809,Bridget.naliaka@gmail.com,1991-01-14,F,Nairobi,Kibra,Sarang'ombe,"Plot 472, Lane 10, Athi River",12-06-2024,INACTIVE,Thika Technical Training Institute,Plumbing,Artisan,Dropped Out,Not Started
VOC-001322,JUDITH OKODH, 35444694,254 743 955 12,judithokoth@yahoo.com,1975-10-22,M,Kisumu,Nyakach,South West Nyakach,"Plot 52, Lane 17, Kiambu",2025-04-29,ACTIVE,Mombasa Technical Institute,ICT,Technical,In Progress,Completed
VOC-001323,AWITI KAIMENYI,60 224 330,0709.649.39,awiti.kaimenyi@yahoo.com,1951-02-11,F,Nakuru,Nakuru Town West,Kaptembwo,"House 367, Argwings Kodhek Road, Thika Superhighway",06-Mar-2023,ACTIVE,Nakuru Industrial Training Centre,Carpentry,Technical,Enrolled,Completed
VOC-001324,SENTEU  GRACE  LUBANGA,46 160 937,+254 115-370-17,Senteu.lubanga@yahoo.com,1997-07-24,M,Mombasa,Likoni,Bofu,"Plot 406, Lane 10, Outering",02/09/2023,INACTIVE,Mombasa Technical Institute,Welding,Artisan,Enrolled,Ongoing
VOC-001325,FLORA MUMAO,89-118-492,0787.384.37,F.m@gmail.com,1981-10-10,M,Not Provided,Ainabkoi,Not Provided,"Plot 313, Lane 12, Kileleshwa",24/12/2024,INACTIVE,Thika Technical Training Institute,Catering,Technical,Enrolled,Not Started
VOC-001326,DIANA MUEMA,4754-9488,075318882,Diana85@yahoo.com,N/A,M,Meru,South Imenti,Abogeta West,"Plot 381, Lane 6, Thika",29-Aug-23,ACTIVE,Eldoret Polytechnic,Graphics Design,Technical,Enrolled,Ongoing
VOC-001327,GRACE NAMUKHULAA,76 805 175,+25471984855,namukhulagrace14@outlook.com,13/01/1984,Male,Nairobi,Dagoretti North,N/A,"house 55, mugumo drive, moi avenue",2024-06-04,pending,Nakuru Industrial Training Centre,Tailoring,HOSPITALITY,In Progress,Certified
VOC-001328,CHEPKORIR GYTHUA,23062971 ,078 177 602,chepkorir_githua@gmail.com,1983-01-04,F,Mombasa,Likoni,Likoni,"Plot 384, Lane 14, Kiambu Road",20251124,INACTIVE,Kakamega Youth Polytechnic,Plumbing,Artisan,In Progress,Not Started
VOC-001329,"NABWIRE, WAITHERA", 85701885,071 328 303,waithera.nabwire@gmail.com,2003-10-16,M,NAKURU,NAIVASHA,MAAI MAHIU,"House 303, Thika Drive, Lavington",15-Oct-2023,INACTIVE,Mombasa Technical Institute,Graphics Design,Artisan,Completed,Not Started
VOC-001330,KERUBO AWRITI, 92850903,010 476 831,Kerubo8@gmail.com,1999-11-25,M,Turkana,Turkana South,Kalamon,"House 278, Kangundo Drive, Moi Avenue",16-08-2023,INACTIVE,Machakos Technical Institute,Masonry,Artisan,In Progress,Certified
VOC-001331,HAGGAI KIRBATHI,93-326-883,0723.255.82,H.k@yahoo.com,1952-04-10,F,Kisumu,Nyando,East Kano/Wawidhi,"Plot 375, Lane 7, Lavington",15/11/2023,INACTIVE,Nakuru Industrial Training Centre,Plumbing,Artisan,Completed,Ongoing
VOC-001332,"BARASA, ONGERI", 79521092,254 748 228 93,ongeri46@gmail.com,1988-09-14,female,Kiambu,Ruiru,Kiuu,"Plot 307, Ln 14, Parklands",10/10/2024,active,Kakamega Youth Polytechnic,Automotive,HOSPITALITY,Completed,Certified
VOC-001333,EZEKIEL STEPHEN KANAMPIU,NA,+25471498281,Ezekiel.kanampiu@gmail.com,1989-01-22,M,Nairobi,Kibra,Lindi,"Plot 94, Lane 6, Ruaraka",10-Oct-24,ACTIVE,Nairobi Vocational Training Centre,Hairdressing,Artisan,Completed,Ongoing
VOC-001334,ATIENO MUGO KOECH,93373651,+25471222233,atieno.koech@gmail.com,1978-02-22,M,Kakamega,Khwisero,Kisa North,"House 237, Outering Street, Jogoo",2023-09-17,INACTIVE,Bomet Youth Polytechnic,ICT,Technical,Enrolled,Certified
VOC-001335,SYOKAU TOWETT,5731-7691,+25476471735,syokau.towett@gmail.com,1995-02-26,M,Machakos,Machakos Town,Kalama,"House 437, Lenana Drive, Jogoo",21/02/2025,INACTIVE,Kitale Technical College,Catering,Digital,Enrolled,Not Started
VOC-001336,MONICA SENTE,35645457 ,N/A,monica.senteu@yahoo.com,1982-03-14,F,NA,Kesses,Cheptiret/Kipchamo,"Plot 464, Lane 3, Moi Avenue",28-Oct-2024,INACTIVE,Machakos Technical Institute,Catering,Artisan,Dropped Out,Not Started
VOC-001337,SYOMBUA KIMUTAI,29846665 ,254 111 243 14,Syombua.kimutai@gmail.com,1997-01-19,F,Kiambu,Kiambu,Ndumberi,"Plot 134, Lane 11, Ngong Road",2025-12-28,ACTIVE,Kakamega Youth Polytechnic,ICT,Artisan,Dropped Out,Completed
VOC-001338,JEBET KIUVVA,64-910-054,+254 777 867 79,jkivuva@gmail.com,1995-02-06,F,Kiambu,Kikuyu,Not Provided,"Plot 227, Lane 12, Ruiru",2024-07-08,ACTIVE,N/A,Tailoring,Technical,Dropped Out,Ongoing
VOC-001339,NASERIAN MUKHWANA,24-504-338,25475111023,naserian.mukhwana@hotmail.com,2002-11-25,M,Meru,North Imenti,Mweronkanga,"Plot 395, Lane 15, Lavington",16-08-2025,ACTIVE,Kakamega Youth Polytechnic,Catering,Technical,Completed,Completed
VOC-001340,EZEKIEL MWAGNI,96244314,+25474775133,Ezekiel.mwangi@hotmail.com,1991-11-21,M,Kakamega,Matungu,Kholera,"Plot 464, Lane 5, Karen",2025-03-07,INACTIVE,Meru Vocational Centre,Tailoring,Artisan,Dropped Out,Not Started
VOC-001341,DEBORAH KIPCHIRCHIR ATHMAN,80 075 544,25471939287,Deborah.athman@gmail.com,1974-02-20,F,Uasin Gishu,Turbo,Huruma,"Plot 187, Lane 8, Langata",08-01-2024,ACTIVE,Kitale Technical College,Graphics Design,Hospitality,In Progress,Certified
VOC-001342,SYOKAU WECESA, 28156328,254 109 866 58,Syokau78@gmail.com,1991-08-01,F,Kisumu,Kisumu East,Manyatta 'B',"Plot 391, Lane 12, Athi River",26-Aug-2025,INACTIVE,Meru Vocational Centre,Electrical,Hospitality,In Progress,Not Started
VOC-001343,WAITHERA  NABWIRE,85-701-885,25471328303,waithera.nabwire@gmail.com,2003-10-16,M,NAKURU,NAIVASHA,MAAI MAHIU,"House 303, Thika Drive, Lavington",15-Oct-2023,INACTIVE,Mombasa Technical Institute,Graphics Design,Artisan,Completed,Not Started
VOC-001344,JONAH CHEPNGENO MOKUA,91541051,+25471779519,jmokua@gmail.com,1981-02-24,F,Uasin Gishu,Ainabkoi,Kapsoya,"House 122, Kiambu Road Street, Ngong Road",23/02/2025,INACTIVE,Mombasa Technical Institute,Welding,Digital,Completed,Ongoing
VOC-001345,ONSONGO HABAKKUK SALIM,53-043-124,0782.078.91,onsongo.salim@hotmail.com,1983-11-10,M,Uasin Gishu,Turbo,Huruma,"Plot 210, Lane 14, Ngong",29-Sep-24,ACTIVE,Kakamega Youth Polytechnic,Automotive,Digital,Dropped Out,Not Started
VOC-001346,KALOKI CHEPKORIR,52550453 ,254 744 003 22,Kaloki.chepkorir@hotmail.com,1992-12-18,M,Machakos,Matungulu,Matungulu East,"House 196, Parklands Street, Karen",12-Jul-25,ACTIVE,Nairobi Vocational Training Centre,Welding,Technical,In Progress,Certified
VOC-001347,KERUBO NJUGUNA NGANGA,32907135,+25475739346,Kerubo.nganga@gmail.com,1976-08-14,F,Uasin Gishu,Ainabkoi,Kapsoya,"Plot 290, Lane 17, Argwings Kodhek",2025-12-05,ACTIVE,Meru Vocational Centre,Plumbing,Digital,Dropped Out,Not Started
VOC-001348,OMONDI CATHERINE CATHERINE,4253-0972,011244226,catherine.omondi@yahoo.com,1967-12-18,M,Trans Nzoia,Endebess,Chepchoina,"House 47, Lenana Road, Kileleshwa",21-May-2023,ACTIVE,Eldoret Polytechnic,ICT,Technical,Enrolled,Not Started
VOC-001349,"MUSILA, MUTWIRI", 82351312,0772-405-06,Mutwiri.musila@hotmail.com,2001-10-07,M,Meru,Tigania East,Muthara,"House 415, Kenyatta Road, Jogoo",05/17/2023,INACTIVE,Bomet Youth Polytechnic,Catering,Hospitality,In Progress,Completed
VOC-001350,EMILY WANYONYI KAMOTHO,4688-1809,25410131807,Emily.kamotho@outlook.com,1959-07-13,M,Nakuru,Molo,N/A,"House 33, Langata Drive, Lenana",2024-05-19,INACTIVE,Eldoret Polytechnic,Welding,Hospitality,Completed,Certified
VOC-001351,MACHARIA NAMUKHULA,4616-7085,0113.833.49,namukhula.macharia@gmail.com,1953-06-25,M,Uasin Gishu,Moiben,Sergoit,"Plot 74, Lane 16, Ruiru",2025-12-02,INACTIVE,Meru Vocational Centre,Carpentry,Digital,Completed,Ongoing
VOC-001352,HARUN CHARITY KIPKEMOI,59735424,+25411116922,harun.kipkemoi@gmail.com,1979-12-14,F,Nairobi,Dagoretti South,Uthiru,"Plot 436, Lane 15, Jogoo",29/10/2024,INACTIVE,Kilifi Institute,Graphics Design,Artisan,Dropped Out,Ongoing
VOC-001353,ALEXANDER SOPHIA MASINDE,35976666,+25411737809,amasinde@gmail.com,08-08-1956,MALE,NAKURU,GILGIL,MALEWA WEST,"Plot 376, Ln 18, River Rd",13-08-2024,Inactive,Nakuru Industrial Training Centre,Carpentry,TECHNICAL,Enrolled,Ongoing
VOC-001354,SHARON NYABOKE ADOYO,17228318,+25411818423,sharon.adoyo@gmail.com,1955-05-09,M,Meru,South Imenti,Abogeta East,"Plot 363, Lane 17, Kilimani",10/04/2025,INACTIVE,Nakuru Industrial Training Centre,Graphics Design,Technical,Completed,Completed
VOC-001355,RIMBERIA IRENE CHEBET,14839862,+25473487345,R.chebet@yahoo.com,14-Jun-60,MALE,Nakuru,Nakuru Town East,Flamingo,"Plot 109, Lane 6, Ruaraka",01/22/2023,Pending,Kisumu Youth Skills Centre,Metalwork,DIGITAL,Dropped Out,Ongoing
VOC-001356,MULWA OKTH,34-213-769,010395744,M.okoth@gmail.com,1989-07-22,F,Uasin Gishu,Soy,Kapkures,"Plot 126, Lane 13, Uhuru",2024-12-26,ACTIVE,Kilifi Institute,Automotive,Technical,Dropped Out,Certified
VOC-001357,HAGGAI MBBAKA, 80422146,+254 771 393 41,haggaimbaka@yahoo.com,1983-02-24,F,Bomet,Bomet Central,Mutarakwa,"Plot 214, Lane 10, Ruiru",05/07/2024,ACTIVE,Kilifi Institute,Metalwork,Technical,Enrolled,Ongoing
VOC-001358,PEACE AUMA,34706155,+25478518361,peaceauma@outlook.com,1987-11-08,F,Kiambu,Kabete,Gitaru,"Plot 57, Lane 3, Mombasa Road",29/12/2024,INACTIVE,Nairobi Vocational Training Centre,ICT,Digital,In Progress,Ongoing
VOC-001359,JUDITH GEORGE KARANJA,81 803 895,+25411176130,Judith.karanja@gmail.com,1969-12-05,M,Kiambu,Ruiru,Kahawa Sukari,"Plot 19, Lane 19, Kileleshwa",10/10/2023,ACTIVE,Eldoret Polytechnic,Electrical,Digital,In Progress,Not Started
VOC-001360,MARY KIMANI MWAKIDEU,94-973-393,+25478619497,Mary.mwakideu@outlook.com,1964-11-27,F,Machakos,Machakos Town,Mutituni,"Plot 213, Lane 19, Ruaraka",2024-12-30,ACTIVE,Kisumu Youth Skills Centre,Carpentry,Technical,Dropped Out,Completed
VOC-001361,KIMEU NJJOROGE,26195804 ,+25477874459,kimeu.njoroge@gmail.com,1994-06-11,M,N/A,North Imenti,Nkubu,"House 85, Parklands Drive, Ruiru",2023-06-13,Not Provided,Kitale Technical College,Automotive,Hospitality,Completed,Completed
VOC-001362,CHARITY SAMUEL JEBET,65673607,+25472886916,cjebet@gmail.com,1999-05-23,F,Turkana,Turkana North,Kaeris,"Plot 275, Lane 14, Kangundo",31-Oct-24,INACTIVE,Meru Vocational Centre,Automotive,Artisan,Dropped Out,Ongoing
VOC-001363,JUDY GICHUKI,62508567,+25475974106,Judy@gmail.com,1977-07-28,M,Kisumu,Kisumu East,Manyatta 'B',"House 396, Ruaraka Road, Kangundo",21-Oct-2023,ACTIVE,Bomet Youth Polytechnic,Tailoring,Technical,Enrolled,Certified
VOC-001364,WANJIRU JMUA, 60267929,076 730 011,wanjiru12@gmail.com,1978-05-07,F,Kiambu,Kabete,Kabete,"Plot 235, Lane 12, Ngong Road",17-Jan-2024,ACTIVE,Kitale Technical College,Welding,Digital,In Progress,Certified
VOC-001365,B. G. CHEPKWONY, 61846177,+25472818178,benjamin.chepkwony@gmail.com,1993-02-06,F,Bungoma,Kanduyi,Marakaru/Tuuti,"Plot 419, Lane 18, Kilimani",25-May-2024,INACTIVE,Meru Vocational Centre,Metalwork,Hospitality,Dropped Out,Ongoing
VOC-001366,WAIRIMU KAMAU,65277579,+25476667799,Wairimu.kamau@yahoo.com,2003-02-16,M,Nairobi,Dagoretti North,Kilimani,"Plot 87, Lane 4, Likoni",2024-05-25,ACTIVE,Eldoret Polytechnic,Plumbing,Artisan,In Progress,Ongoing
VOC-001367,BARNABAS WARIMU,15 513 078,0704.695.45,bwairimu@gmail.com,1970-06-27,F,Kakamega,Shinyalu,Isukha South,"Plot 357, Lane 17, Kasarani",01-30-2023,INACTIVE,Eldoret Polytechnic,Carpentry,Artisan,Enrolled,Completed
VOC-001368,MUTINDA GILBERT MUNYAO,35980604,+25476316453,mutindamunyao@gmail.com,1969-02-23,M,Kiambu,Lari,Kamburu,"House 406, Kiambu Drive, Kangundo",25 Jan 2023,ACTIVE,Kilifi Institute,Catering,Technical,In Progress,Certified
VOC-001369,KANAMPIU SUSAN KINYUA,20985043,+25473997179,kinyuakanampiu@gmail.com,2001-05-16,F,Kiambu,Limuru,Bibirioni,"House 129, Mugumo Street, Waiyaki",20-12-2023,ACTIVE,Kakamega Youth Polytechnic,Metalwork,Digital,Dropped Out,Not Started
VOC-001370,NAISULA MOTUA,41-277-403,+25470668151,N.mutua@yahoo.com,1997-09-26,F,Kisumu,Kisumu Central,Market Milimani,"Plot 97, Lane 20, Parklands",07/06/2023,ACTIVE,Mombasa Technical Institute,Welding,Digital,Dropped Out,Certified
VOC-001371,BENJAMIN NDAGWA,65 261 046,+254 724-483-77,Benjamin52@gmail.com,1965-06-03,F,Kakamega,Mumias West,Etenje,"Plot 465, Lane 9, Tom Mboya",2024-06-25,ACTIVE,Meru Vocational Centre,Carpentry,Hospitality,Dropped Out,Completed
VOC-001372,MASINDE LSEHAN,32-258-756,+25471737499,m.leshan@yahoo.com,1984-11-04,F,Turkana,Turkana North,Kaeris,Not Provided,08/12/2024,ACTIVE,Meru Vocational Centre,Welding,Hospitality,Completed,Ongoing
VOC-001373,NAISULA OGESRO,1707-6084,0795.515.50,Naisula@gmail.com,1994-10-09,F,Mombasa,Likoni,Bofu,"Plot 63, Lane 14, Lavington",20/12/2024,ACTIVE,Meru Vocational Centre,Tailoring,Digital,In Progress,Ongoing
VOC-001374,MURIUKI LANGAT,62862467,+25475555607,Muriuki.langat@hotmail.com,1993-12-16,M,Kisumu,Nyakach,Central Nyakach,"Plot 358, Lane 13, Garden Estate",17/08/2024,ACTIVE,Eldoret Polytechnic,Tailoring,Artisan,In Progress,Certified
VOC-001375,DAVID KARIUKI CHERONO,12458919 ,25475184687,David.cherono@gmail.com,1993-09-25,M,Kiambu,Ruiru,Kahawa Sukari,"House 107, Uhuru Road, Kikuyu",25/02/2024,ACTIVE,N/A,Plumbing,Artisan,Completed,Not Started
VOC-001376,EMILY COLLINS KANGOGO,26699133,+25470656508,emily_kangogo@gmail.com,1998-11-05,M,Nairobi,Kibra,Makina,"Plot 349, Lane 12, Mombasa Road",13-Sep-2023,ACTIVE,Eldoret Polytechnic,Tailoring,Digital,Dropped Out,Ongoing
VOC-001377,ONSONGO MOMANYI,43 823 840,078 951 881,Momanyi.onsongo@outlook.com,1984-12-05,F,Nakuru,Bahati,Kabatini,"Plot 425, Lane 15, Garden Estate",15/09/2023,INACTIVE,Mombasa Technical Institute,Plumbing,Hospitality,In Progress,Completed
VOC-001378,MICHAEL MAWKISHA,77 368 102,0731-496-97,Michaelmwakisha@yahoo.com,1951-11-05,F,Kiambu,Limuru,Limuru Central,"Plot 31, Lane 18, Juja",02-02-2023,ACTIVE,Kisumu Youth Skills Centre,Tailoring,Technical,Dropped Out,Certified
VOC-001379,AOKO MUTISYA,94060783,+25410360211,Aoko53@hotmail.com,01/07/1970,F,Bomet,Chepalungu,Sigour,"Plot 464, Lane 19, Argwings Kodhek",2025-06-16,INACTIVE,Nakuru Industrial Training Centre,Catering,TECHNICAL,Completed,Completed
VOC-001380,JEBIWOTT NAFULA KOECH,20135745,+25478266756,jebiwott@yahoo.com,1986-08-13,M,Machakos,Yatta,Matuu,"Plot 64, Lane 6, Langata",09-09-2025,INACTIVE,Kisumu Youth Skills Centre,Welding,Artisan,Dropped Out,Completed
VOC-001381,TSUMA BRENDA,35100154,+25473315312,b.t@gmail.com,1993-11-05,MALE,Kakamega,Shinyalu,Isukha North,"Plot 195, Lane 3, Juja",13/06/2025,INACTIVE,Bomet Youth Polytechnic,Metalwork,ARTISAN,Enrolled,Ongoing
VOC-001382,KEVIN  NABWIRE,61911006 ,0778.844.07,kevin.nabwire@gmail.com,1974-11-15,F,Mombasa,Jomvu,Miritini,"Plot 115, Lane 6, Lenana",29-Jan-25,ACTIVE,Kilifi Institute,Automotive,Hospitality,Completed,Ongoing
VOC-001383,GATHONI ISAAC OMBATI,78380880,+25411400872,Gathoni.ombati@gmail.com,2001-09-10,F,Kakamega,Matungu,Koyonzo,"Plot 72, Lane 8, Karen",15-Sep-2024,ACTIVE,Kilifi Institute,ICT,Hospitality,In Progress,Not Started
VOC-001384,JEBET MUTWIRI NDUNDA, 40438156,25477489967,Jebet.ndunda@hotmail.com,1957-06-10,F,Mombasa,Jomvu,Mikindani,"Plot 147, Lane 6, Kasarani",20230702,ACTIVE,Nairobi Vocational Training Centre,Hairdressing,Artisan,Dropped Out,Completed
VOC-001385,MWANIA NEGWA,6179-3831,+254 743-158-93,mwania@gmail.com,1962-01-12,M,Mombasa,Jomvu,Miritini,"House 81, Likoni Street, River Road",07-Jan-2023,INACTIVE,Eldoret Polytechnic,Plumbing,Artisan,Completed,Certified
VOC-001386,CHEROTICH  ALICE  WABOMBA,90190366 ,25473956666,Cherotich.wabomba@yahoo.com,1979-01-27,F,Kilifi County,Kaloleni,Kayafungo,"House 411, Ngong Road Street, River Road",23/05/2023,INACTIVE,Bomet Youth Polytechnic,Hairdressing,Hospitality,Enrolled,Ongoing
VOC-001387,KALOKI MWAMBURI,41979969,+25479820515,Not Provided,1964-03-25,F,Turkana,Not Provided,Kalamon,"Plot 214, Lane 4, Ruaraka",2025-07-09,INACTIVE,Nairobi Vocational Training Centre,Graphics Design,Hospitality,In Progress,Not Started
VOC-001388,AUMA SAMUEL WANYONYI,55324613 ,25476180472,Auma.wanyonyi@gmail.com,1978-12-10,M,Nairobi,Kibra,Woodley,"Plot 323, Lane 11, Lenana",21-Nov-2023,ACTIVE,Machakos Technical Institute,Graphics Design,Technical,Enrolled,Not Started
VOC-001389,SYOKAU WEKEA,28156328 ,+25410986658,S.wekesa@gmail.com,1991-08-01,F,Kisumu,Kisumu East,Manyatta 'B',"Plot 391, Lane 12, Athi River",26-Aug-2025,INACTIVE,Meru Vocational Centre,Electrical,Hospitality,In Progress,Not Started
VOC-001390,SAMUEL J. MOHAMED,72373944,+25477536305,Samuel.mohamed@hotmail.com,NA,F,Kakamega,Not Provided,Mautuma,"Plot 291, Lane 4, Lavington",Not Provided,INACTIVE,Kisumu Youth Skills Centre,Masonry,Hospitality,Enrolled,Ongoing
VOC-001391,WAFULA NANJAL,9504-0154,011 200 680,wafula.nanjala@gmail.com,1976-08-24,F,Kilifi,Magarini,Sabaki,"Plot 64, Lane 11, Mombasa Road",14-01-2023,INACTIVE,Meru Vocational Centre,Carpentry,Digital,Dropped Out,Not Started
VOC-001392,JUDITH KARANJA,81 803 895,25411176130,J.karanja@gmail.com,1969-12-05,M,Kiambu,Ruiru,Kahawa Sukari,"Plot 19, Lane 19, Kileleshwa",10/10/2023,ACTIVE,Eldoret Polytechnic,Electrical,Digital,In Progress,Not Started
VOC-001393,F. D. ATHMAN,61 471 131,+254 113-939-76,florence.athman@gmail.com,1988-11-04,M,Machakos,Yatta,Ikombe,"Plot 439, Lane 14, Parklands",20251106,ACTIVE,Kilifi Institute,Graphics Design,Hospitality,Dropped Out,Ongoing
VOC-001394,DENNIS OTULA,36135120,+25470932586,Dennis.otula@hotmail.com,1998-09-20,F,Nakuru,NakuruTownEast,Menengai,"House 60, Uhuru Drive, Outering",10/05/2023,ACTIVE,Nakuru Industrial Training Centre,Metalwork,Hospitality,Dropped Out,Completed
VOC-001395,NAIPANOI MBAKE,40-269-419,0114-945-42,naipanoi50@gmail.com,1952-12-14,M,Meru,North Imenti,Nkubu,"House 294, Garden Estate Street, Lenana",11/02/2023,INACTIVE,Thika Technical Training Institute,Welding,Technical,In Progress,Certified
VOC-001396,"MUTUNE, WAMBUI", 14558338,+254 117-109-21,N/A,1978-12-13,F,Meru,South Imenti,Igoji West,"Plot 82, Lane 15, Kilimani",20 Dec 2023,INACTIVE,Thika Technical Training Institute,Carpentry,Technical,In Progress,Certified
VOC-001397,NDUNGE GITHINJOI,97153508 ,0762-168-45,githinjiNdunge@gmail.com,1997-01-14,M,Kakamega,Shinyalu,Isukha North,"House 434, Langata Road, Uhuru",21-01-2025,INACTIVE,Kisumu Youth Skills Centre,Electrical,Hospitality,Dropped Out,Certified
VOC-001398,KORIR MWIKALI,95-510-088,011357135,Mwikali.korir@gmail.com,1977-09-07,F,Uasin Gishu,Ainabkoi,N/A,"Plot 366, Lane 13, Kangundo",Not Provided,ACTIVE,Bomet Youth Polytechnic,Welding,Technical,In Progress,Certified
VOC-001399,EVELYN AUMA,51968540,+25411836598,evelyn.auma@hotmail.com,2005-06-17,M,Mombasa,Likoni,Tsimba,"House 236, Kitisuru Avenue, Athi River",01-Feb-2025,INACTIVE,Machakos Technical Institute,Carpentry,Technical,Dropped Out,Not Started
VOC-001400,DIANA KINYUA WACHIRA,15838870 ,+254 114-450-80,Diana.wachira@gmail.com,1999-08-24,F,Mombasa,Changamwe,Chaani,"Plot 397, Lane 19, River Road",20240711,INACTIVE,Bomet Youth Polytechnic,Metalwork,Digital,Dropped Out,Completed
VOC-001401,CHEPKOECH KIPRONO CHEPKIRUI,37921512,+25471148218,chepkoech.chepkirui@gmail.com,1969-12-21,F,TRANS NZOIA,Kiminini,Sirende,"Plot 145, Lane 2, Garden Estate",14/03/2023,ACTIVE,Kilifi Institute,Graphics Design,Technical,Enrolled,Certified
VOC-001402,ALICE  RIMBERIA  CHERONO,38 673 273,070421388,alice.cherono@gmail.com,NA,M,Nairobi,N/A,NA,"Plot 101, Lane 10, Mugumo",15-Feb-2023,INACTIVE,Meru Vocational Centre,Catering,Digital,Enrolled,Completed
VOC-001403,KIPROTICH KINYA,66752122,+25411721187,k.kinya@yahoo.com,N/A,F,Bungoma,Kanduyi,West Sang'alo,"House 347, Lenana Avenue, Waiyaki",2025-08-18,INACTIVE,Kitale Technical College,Graphics Design,Digital,Enrolled,Completed
VOC-001404,M. MUTWIRI,88895533 ,+254 727-756-44,micah.mutwiri@outlook.com,2001-02-25,F,Trans Nzoia,Kwanza,Bidii,"Plot 474, Lane 20, Mugumo",10-08-2024,ACTIVE,Mombasa Technical Institute,Carpentry,Hospitality,Enrolled,Certified
VOC-001405,NEKESA KHAEMBA OLELA, 96417651,0111.932.51,Nekesa.olela@gmail.com,1969-07-21,F,Nairobi,Kibra,Woodley,"Plot 393, Lane 13, Moi Avenue",07/03/2025,INACTIVE,Eldoret Polytechnic,Masonry,Hospitality,In Progress,Certified
VOC-001406,BRENDA OLELA,89453898,+25475932828,b.o@gmail.com,Not Provided,M,Mombasa,NA,Mjambere,"House 17, Kiambu Drive, Kikuyu",10-03-2023,INACTIVE,Kisumu Youth Skills Centre,Graphics Design,Artisan,Completed,Certified
VOC-001407,CYNTHIA OBATI, 99849459,0113.510.81,NA,1988-12-15,F,Kiambu,Limuru,Bibirioni,"Plot 377, Lane 15, Tom Mboya",04/03/2025,ACTIVE,Not Provided,Catering,Digital,In Progress,Completed
VOC-001408,ONGERI KOROS,3285-9170,075977341,o@outlook.com,1970-04-12,F,Uasin Gishu,Turbo,Ngenyilel,Plot 358 Lane 2 Ruiru,05/01/2024,Inactive,Mombasa Technical Institute,Catering,HOSPITALITY,Completed,Certified
VOC-001409,ANYANGO BRAASA,74318409 ,077 430 575,A.barasa@gmail.com,1957-10-26,M,Kisumu,Kisumu West,West Kisumu,"House 117, Uhuru Street, Athi River",05-08-2024,ACTIVE,Bomet Youth Polytechnic,ICT,Hospitality,Dropped Out,Ongoing
VOC-001410,ONDITI NAIPANOI JEPKORIR,84211554,+25474564046,onditi.jepkorir@hotmail.com,1964-05-19,F,Bomet,Bomet Central,Mutarakwa,"Plot 222, Lane 14, Kikuyu",03/11/2025,INACTIVE,Kilifi Institute,Plumbing,Digital,In Progress,Not Started
VOC-001411,NANJALA  TERESA  NDUNDA,86 149 917,+254 798 310 72,Nanjala.ndunda@outlook.com,1989-11-12,M,Meru,Tigania West,Not Provided,"House 230, Argwings Kodhek Avenue, Kileleshwa",NA,INACTIVE,Kitale Technical College,Carpentry,Hospitality,Dropped Out,Not Started
VOC-001412,WACHIRA AUAM,84-335-596,+25473205253,wachiraauma@gmail.com,2002-08-06,M,Kakamega,Lugari,Manda/Shivanga,"House 50, Mugumo Avenue, Thika Superhighway",25-Aug-2024,INACTIVE,Kilifi Institute,Electrical,Digital,Enrolled,Certified
VOC-001413,MULWA MSILA, 53365278,+254 114-892-47,Mulwa_musila@yahoo.com,1995-03-04,F,Nyeri,Kieni,Mweiga,"Plot 70, Lane 19, Jogoo",2025-02-01,INACTIVE,Kisumu Youth Skills Centre,Carpentry,Technical,Completed,Ongoing
VOC-001414,"NALIAKA, BARNABAS",74-220-011,+254 734 400 65,Barnabas.naliaka@gmail.com,N/A,F,Not Provided,Turkana West,Lopur,"Plot 325, Lane 20, Kitisuru",14 Jan 2025,ACTIVE,Kitale Technical College,Metalwork,Artisan,In Progress,Ongoing
VOC-001415,"MAINA, NICHOLAS",6231-3993,0755.110.17,nicholas_maina@gmail.com,2003-06-15,F,Nakuru,Gilgil,Gilgil,"Plot 88, Lane 3, Argwings Kodhek",2025-05-01,ACTIVE,Bomet Youth Polytechnic,Graphics Design,Technical,Enrolled,Completed
VOC-001416,BAYA FAITH JUDITH,78-812-902,+254 738 240 69,Faith.baya@gmail.com,1997-09-19,M,Uasin Gishu,Kapseret,Megun,"Plot 57, Lane 19, Ruaraka",2025-02-03,INACTIVE,Eldoret Polytechnic,Graphics Design,Technical,Completed,Certified
VOC-001417,ONSONGO KIIHIKA,74 145 640,+254 763-778-90,onsongo.kihika@gmail.com,N/A,F,Nakuru,Not Provided,Turi,"House 239, Juja Drive, Tom Mboya",10-Nov-24,INACTIVE,NA,Plumbing,Technical,Dropped Out,Not Started
VOC-001418,OWUOR KIPKORIR,31465712,+25471396759,kipkorirOwuor@gmail.com,1981-04-26,F,Kilifi,Ganze,Sokoke,"House 419, Mugumo Road, Outering",11-May-2024,ACTIVE,Thika Technical Training Institute,Graphics Design,Digital,Dropped Out,Ongoing
VOC-001419,MUKAMI REBECCA AUMA,25226934,+25473300039,mukami.auma@gmail.com,1995-12-20,M,Kakamega,Butere,Marama Central,"Plot 94, Lane 19, Moi Avenue",07-10-2024,ACTIVE,Machakos Technical Institute,Catering,Hospitality,In Progress,Certified
VOC-001420,DEBORAH MURIUIK,4129-1228,0795.617.44,Dmuriuki@hotmail.com,2000-09-06,F,Nairobi,Westlands,Kangemi,"Plot 215, Lane 16, Lavington",08-Nov-2023,ACTIVE,Thika Technical Training Institute,Electrical,Digital,Dropped Out,Not Started
VOC-001421,BEATRICE KIMUTA,12648580 ,0734.860.65,B.kimutai@gmail.com,1978-04-02,M,Bomet,Bomet Central,Mutarakwa,"House 40, Ruaraka Road, Kiambu Road",2025-04-11,ACTIVE,Thika Technical Training Institute,Carpentry,Technical,Dropped Out,Ongoing
VOC-001422,ELIZABETH KARANJAA,54 988 861,25479791567,elizabeth.karanja@hotmail.com,NA,male,Kakamega County,Butere,Marama South,"House 61, Mombasa Road Street, Kikuyu",NA,ACTIVE,Meru Vocational Centre,Masonry,TECHNICAL,Enrolled,Certified
VOC-001423,O. B. KOROSS, 32859170,075 977 341,o.k@outlook.com,1970-04-12,F,Uasin Gishu,Turbo,Ngenyilel,Plot 358 Lane 2 Ruiru,05/01/2024,Inactive,Mombasa Technical Institute,Catering,HOSPITALITY,Completed,Certified
VOC-001424,MARK  MOSES  MARETE,63223998 ,+254 117 663 47,Mark.marete@hotmail.com,NA,F,Bomet,Bomet East,Kembu,"Plot 5, Lane 1, Waiyaki",30-Aug-2023,INACTIVE,Eldoret Polytechnic,Masonry,Digital,Dropped Out,Not Started
VOC-001425,EZEKIEL STEPHEN KANAMPIU,NA,+25471498281,kanampiuEzekiel@gmail.com,1989-01-22,M,Nairobi,Kibra,Lindi,"Plot 57, Lane 12, Outering",10-Oct-24,ACTIVE,Nairobi Vocational Training Centre,Hairdressing,Artisan,Completed,Ongoing
VOC-001426,MUTHURI ANN MITEI,13714003,+25474842233,muthuri.mitei@yahoo.com,1971-08-10,M,Trans Nzoia,Cherangany,Cherangany/Suwerwa,"House 60, River Road Drive, Kilimani",30/01/2025,INACTIVE,Eldoret Polytechnic,Catering,Technical,Dropped Out,Ongoing
VOC-001427,NICHOLAS MAINA,18684457,+25475209249,nicholas.maina@gmail.com,2003-06-15,F,Nakuru,Gilgil,Gilgil,"Plot 175, Lane 15, Garden Estate",2025-01-27,ACTIVE,Bomet Youth Polytechnic,Graphics Design,Technical,Enrolled,Completed
VOC-001428,ANNA MUSYOKA,20311123,+254741170016,Anna.musyoka@gmail.com,1959-05-08,M,Kiambu,Kiambu,Ting'ang'a,"Plot 391, Lane 5, Kiambu Road",14/01/2025,INACTIVE,Kakamega Youth Polytechnic,ICT,Hospitality,Completed,Certified
VOC-001429,VERONICA MUSYOKA,37183509,+254741043781,veronica.musyoka@gmail.com,1997-02-11,M,Nakuru,Rongai,Solai,"House 447, Westlands Road, Waiyaki",20250411,ACTIVE,Kitale Technical College,Masonry,Digital,Enrolled,Certified
VOC-001430,JANE ONSONGO,13006710,+25476925897,jane.onsongo@outlook.com,1964-07-15,M,Bomet,Sotik,Rongena/Manaret,"House 146, Kiambu Street, Kitisuru",2024-06-28,ACTIVE,Nakuru Industrial Training Centre,Catering,Digital,Completed,Completed
VOC-001431,DENNIS AWUOR ONGERI,55127012,+25471618139,dennis.ongeri@gmail.com,2005-12-18,F,Kiambu,Githunguri,Githiga,"Plot 272, Lane 15, River Road",08-06-2025,ACTIVE,Bomet Youth Polytechnic,Catering,Hospitality,Dropped Out,Ongoing
VOC-001432,SYOMBUA OGERO,13950626,+25471333834,syombua.ogero@outlook.com,1968-04-28,M,N/A,Kisumu East,Nyalenda 'A',"House 461, Waiyaki Road, Thika",25/10/2023,NA,Machakos Technical Institute,Catering,Digital,Completed,Ongoing
VOC-001433,NAISULA KIPCHIRCHIR OGERO,40868348,+25479978477,Not Provided,1994-10-09,F,Mombasa,Likoni,N/A,"Plot 461, Lane 1, Kangundo",Not Provided,INACTIVE,Meru Vocational Centre,Tailoring,Digital,In Progress,Ongoing
VOC-001434,KIPRONO SUSAN MOMANYI,76317993,+25472471267,kiprono.momanyi@yahoo.com,1994-01-06,M,Meru,Igembe South,Nkondi,"Plot 299, Lane 7, Uhuru",30-May-2025,INACTIVE,Kilifi Institute,Tailoring,Digital,Dropped Out,Certified
VOC-001435,ANDREW MUTINDA,44601903,+254741027068,Andrew.mutinda@outlook.com,1990-01-11,M,Machakos,Yatta,Matuu,"Plot 63, Lane 15, Westlands",2025-10-08,ACTIVE,Meru Vocational Centre,Plumbing,Technical,Dropped Out,Completed
VOC-001436,NAMUKHULA CYNTHIA KIPCHIRCHIR,33622962,+25411762209,namukhula.kipchirchir@gmail.com,23-May-1990,F,Bomet,Bomet Central,Silibwet Township,"Plot 307, Ln 3, Jogoo",29-01-2023,Pending,Meru Vocational Centre,Graphics Design,TECHNICAL,Completed,Completed
VOC-001437,JANE DIANA OTULA,23088713,+25470254710,jane.otula@hotmail.com,2005-02-19,M,Bomet,Chepalungu,Siongiroi,"Plot 231, Lane 2, Kangundo",2025-12-28,INACTIVE,Nakuru Industrial Training Centre,Carpentry,Technical,In Progress,Ongoing
VOC-001438,ALICE BARASA,87125207,+254747364613,alice.barasa@gmail.com,1985-08-21,M,Kiambu,Kikuyu,Sigona,"House 36, Mugumo Drive, Outering",25-08-2025,INACTIVE,Mombasa Technical Institute,Masonry,Technical,Dropped Out,Certified
VOC-001439,VICTOR KENEY,61646136,+25411294687,Victor.kenei@yahoo.com,1993-08-17,M,Nakuru,Rongai,Soin,"Plot 342, Lane 18, Jogoo",20230224,INACTIVE,Kisumu Youth Skills Centre,Metalwork,Technical,Enrolled,Ongoing
VOC-001440,MUKAMI MUSALIA,Not Provided,+25475689152,Not Provided,08/01/1961,FEMALE,Nakuru,Molo,Marioshoni,N/A,20 Jan 2023,A,Eldoret Polytechnic,Hairdressing,ARTISAN,Dropped Out,Certified
VOC-001441,BRIDGET OCHIENG NALIAKA,27412570,+25474352141,Bridget.naliaka@hotmail.com,1991-01-14,F,Nairobi,Kibra,Sarang'ombe,"Plot 104, Lane 1, Karen",11-07-2025,ACTIVE,Thika Technical Training Institute,Plumbing,Artisan,Dropped Out,Not Started
VOC-001442,REBECCA OMAR,89512284,+254747134496,Rebecca62@hotmail.com,N/A,FEMALE,Trans Nzoia,Not Provided,Matumbei,N/A,2025-05-15,I,Bomet Youth Polytechnic,Welding,DIGITAL,In Progress,Completed
VOC-001443,KAGENDO CHEPKIRUI,22509453,+254747285351,kagendo.chepkirui@gmail.com,1970-08-13,F,Kiambu,Lari,Kamburu,"Plot 444, Lane 18, Garden Estate",12/03/2024,ACTIVE,Nakuru Industrial Training Centre,Masonry,Technical,Dropped Out,Not Started
VOC-001444,THOMAS NABEA,42643518,+25478916728,thomas.nabea@hotmail.com,1974-04-13,M,Bungoma,Kimilili,Kamukuywa,"Plot 383, Lane 12, Thika Superhighway",09/04/2024,ACTIVE,Nairobi Vocational Training Centre,Masonry,Technical,Completed,Completed
VOC-001445,DENNIS KIPROTICH MUMO,41564181,+25478156090,dennis.mumo@gmail.com,1966-01-23,M,Kilifi,Kilifi North,Tezo,"House 457, Lenana Drive, Tom Mboya",2023-07-25,INACTIVE,Bomet Youth Polytechnic,Metalwork,Artisan,Enrolled,Completed
VOC-001446,MARETE KAMOTHO,45-635-935,+254747620595,Marete.kamotho@gmail.com,1957-04-10,F,Trans Nzoia,Kiminini,Nabiswa,"Plot 217, Lane 18, Mugumo",2023-09-08,ACTIVE,Kitale Technical College,Carpentry,Technical,Dropped Out,Not Started
VOC-001447,JONATHAN ESTHER NYAMBANE,71767441,+25473709621,jonathan.nyambane@gmail.com,1976-05-20,M,Kilifi,Kilifi South,Not Provided,NA,08/04/2024,INACTIVE,Mombasa Technical Institute,Tailoring,Hospitality,Completed,Ongoing
VOC-001448,GICHURU KIPKEMBOI,24257246,+254747177836,Gichuru.kipkemboi@gmail.com,1975-06-24,F,Kiambu,Lari,Nyanduma,"House 23, Westlands Street, Ngong",01-07-2023,ACTIVE,Kakamega Youth Polytechnic,Tailoring,Technical,In Progress,Ongoing
VOC-001449,MARY MWAKIDEU,69737360,+25478137959,mary.mwakideu@yahoo.com,1964-11-27,F,Machakos,Machakos Town,Mutituni,NA,2024-07-20,INACTIVE,Kisumu Youth Skills Centre,Carpentry,Technical,Dropped Out,Completed
VOC-001450,HANNAH KINYUA,99307261,+254747638487,hannah.kinyua@gmail.com,1964-02-13,F,Mombasa,Mvita,Shimanzi,"Plot 406, Lane 20, Lenana",09-05-2024,INACTIVE,Machakos Technical Institute,Automotive,Artisan,In Progress,Ongoing
VOC-001451,RIMBERIA NJERI ATIENO,63895959,+25472582201,Rimberia.atieno@hotmail.com,1981-08-03,F,Turkana,Loima,Loima,Not Provided,07/07/2023,ACTIVE,Thika Technical Training Institute,Catering,Digital,Completed,Not Started
VOC-001452,MWANGI AKINYI NALIAKA,19447877,+25477584249,Mwangi.naliaka@outlook.com,1987-09-18,F,Kilifi,Kaloleni,Kayafungo,"Plot 71, Lane 11, Waiyaki",2023-04-22,INACTIVE,Eldoret Polytechnic,Metalwork,Artisan,Completed,Not Started
VOC-001453,JONAH NAHUM BETT,83299258,+25478532477,jonah.bett@outlook.com,1986-04-27,M,Mombasa,Kisauni,Bamburi,"House 366, Westlands Avenue, Ruiru",27-Feb-2023,INACTIVE,Kisumu Youth Skills Centre,Automotive,Hospitality,In Progress,Ongoing
VOC-001454,ADOYO SENTEU,47721843,+25410609249,Asenteu@outlook.com,01-Jul-96,Male,Bungoma,Kabuchai,Bwake/Luuya,"PLOT 304, LANE 10, KILIMANI",14-Nov-2024,I,Machakos Technical Institute,Welding,TECHNICAL,In Progress,Ongoing
VOC-001455,KIPKEMBOI MUTWIRI NDUNDA,91683184,+25472515673,kipkemboi.ndunda@hotmail.com,1982-01-08,M,Bomet,Sotik,Chemagel,"House 322, Lenana Road, Karen",2023-07-22,INACTIVE,Nakuru Industrial Training Centre,ICT,Hospitality,Dropped Out,Not Started
VOC-001456,MUTUA JOSHUA MUSALIA,31003985,+25410464095,mutua.musalia@hotmail.com,2001-02-05,F,Bungoma,Sirisia,Malakisi/South Kulisiru,"Plot 369, Lane 8, Kasarani",13/12/2024,ACTIVE,Kisumu Youth Skills Centre,ICT,Hospitality,Completed,Completed
VOC-001457,J. W. JEBET,79762268,+25473579992,Jjebet@yahoo.com,05/19/1967,F,Mombasa,Jomvu,Mikindani,Plot 270 Lane 1 Parklands,13/02/2025,INACTIVE,Kitale Technical College,Graphics Design,HOSPITALITY,In Progress,Not Started
VOC-001458,MUMO KORIR,22465245,+25476264162,Mumo.korir@yahoo.com,1975-08-04,F,Meru,South Imenti,Abogeta East,"Plot 138, Lane 20, Karen",05-01-2023,INACTIVE,Kitale Technical College,Carpentry,Technical,Completed,Certified
VOC-001459,ESTHER BAYA,61543986,+25479282186,Esther.baya@gmail.com,2005-08-15,M,Mombasa,Changamwe,Not Provided,"Plot 376, Lane 6, Kileleshwa",23-04-2024,INACTIVE,NA,Masonry,Technical,Completed,Ongoing
VOC-001460,FLORA MUMO,77395281,+254747838437,flora.mumo@outlook.com,1981-10-10,M,Uasin Gishu,Ainabkoi,Racecourse,"House 196, Ngong Drive, Langata",25 Jan 2024,ACTIVE,Thika Technical Training Institute,Catering,Technical,Enrolled,Not Started
VOC-001461,CHEPKOECH RONO,38 219 921,+254747213074,Chepkoech.rono@yahoo.com,1990-10-01,M,Nakuru,Molo,Marioshoni,"Plot 148, Lane 9, Moi Avenue",28-Feb-25,INACTIVE,Bomet Youth Polytechnic,Automotive,Hospitality,Completed,Not Started
VOC-001462,DOROTHY MAINA,13165956,+254741164001,dorothy.maina@yahoo.com,NA,M,Nairobi County,NA,Mutuini,"Plot 108, Lane 12, Mombasa Road",06/29/2023,ACTIVE,Nakuru Industrial Training Centre,Metalwork,Hospitality,In Progress,Certified
VOC-001463,ALICE OCHIENG,11382079,+254747085182,alice.ochieng@gmail.com,1977-06-26,F,Kakamega County,Khwisero,Kisa East,"Plot 190, Lane 14, Ruiru",2024-05-26,INACTIVE,Nairobi Vocational Training Centre,Plumbing,Hospitality,Completed,Certified
VOC-001464,CHEROTICH WABOMBA,53434492,+25473629295,Cherotich.wabomba@yahoo.com,1979-01-27,F,Kilifi,Kaloleni,Kayafungo,"Plot 153, Lane 9, Moi Avenue",07/11/2024,INACTIVE,Bomet Youth Polytechnic,Hairdressing,Hospitality,Enrolled,Ongoing
VOC-001465,KARIUKI ONDITI NYAMBANE,61560733,+25471889115,kariuki.nyambane@gmail.com,1984-06-09,M,Kakamega,Shinyalu,Isukha South,"Plot 362, Lane 9, Kileleshwa",2024-11-20,ACTIVE,Mombasa Technical Institute,Masonry,Digital,Dropped Out,Not Started
VOC-001466,BRIDGET TOWEETT,16206378 ,+25411581632,bridget.towett@yahoo.com,1968-10-11,M,Mombasa,Kisauni,Mtopanga,"House 127, Uhuru Avenue, Langata",2023-09-18,INACTIVE,Bomet Youth Polytechnic,Catering,Hospitality,Enrolled,Certified
VOC-001467,CECILIA ERICK CHEPKWONY,26812955,+25472666888,cecilia.chepkwony@outlook.com,1974-05-25,M,Trans Nzoia,Saboti,Saboti,"House 277, Lenana Avenue, Kilimani",05/05/2024,INACTIVE,Meru Vocational Centre,Automotive,Digital,Dropped Out,Not Started
VOC-001468,GICHURU MBUTHIA,24702917,010418656,gichuru.mbuthia@gmail.com,2000-12-25,F,Uasin Gishu,Moiben,Tembelio,"Plot 335, Lane 18, Langata",04/05/2025,ACTIVE,Machakos Technical Institute,Metalwork,Technical,Dropped Out,Ongoing
VOC-001469,ONSONGO KIHIKA,41543452,+25476328598,Onsongo.kihika@outlook.com,1979-10-28,F,Nakuru,Molo,Turi,"Plot 184, Lane 18, Lenana",19-12-2023,INACTIVE,Kitale Technical College,Plumbing,Technical,Dropped Out,Not Started
VOC-001470,EMILY MUKHWANA,77919411,+25473500714,emily.mukhwana@yahoo.com,1993-09-09,M,Bungoma,Webuye West,Matulo,"House 257, Thika Superhighway Street, Mombasa Road",10-10-2025,INACTIVE,Nakuru Industrial Training Centre,ICT,Digital,Completed,Not Started
VOC-001471,ANN JEBET,78170461,+25475188629,ann.jebet@yahoo.com,2000-01-08,M,Kilifi,Ganze,Sokoke,"House 366, Limuru Road, Kangundo",24-05-2023,INACTIVE,Kakamega Youth Polytechnic,Hairdressing,Technical,Dropped Out,Certified
VOC-001472,OJWANG MUSALIA,58-149-984,+25473170139,Ojwang.musalia@yahoo.com,1993-06-15,M,Nyeri,N/A,Rware,"Plot 229, Lane 2, Kileleshwa",26-01-2025,INACTIVE,NA,Electrical,Technical,In Progress,Completed
VOC-001473,THOMAS RUTH JEPKOECH,45505877,+25472420178,Thomas.jepkoech@yahoo.com,1989-08-05,M,Kakamega,Mumias West,West Wanga,"Plot 408, Lane 18, Karen",20241105,INACTIVE,Nakuru Industrial Training Centre,Metalwork,Digital,Enrolled,Ongoing
VOC-001474,ONSONGO MWANG,47743510,+25478538768,onsongo.mwangi@gmail.com,1983-02-03,F,Kakamega,Ikolomani,Idakho North,"Plot 41, Lane 14, Mombasa Road",15 Jan 2023,ACTIVE,Kakamega Youth Polytechnic,Catering,Artisan,Enrolled,Ongoing
VOC-001475,CATHERINE JANET KIVUVA,93802954,NA,catherine.kivuva@outlook.com,Not Provided,M,N/A,Ruiru,Kahawa Sukari,"Plot 403, Lane 3, Ngong",2025-03-18,ACTIVE,Kitale Technical College,Tailoring,Artisan,In Progress,Ongoing
VOC-001476,ADHIAMBO MUTISYA,39051323,+25410408590,adhiambo.mutisya@gmail.com,1984-03-22,M,Nyeri,Nyeri Town,Kiganjo/Mathari,"Plot 274, Lane 4, Jogoo",06-Dec-24,INACTIVE,Kilifi Institute,ICT,Technical,In Progress,Not Started
VOC-001477,GITONGA CHEPKWONY,97854048,+25411431998,gitonga.chepkwony@gmail.com,1979-06-15,M,Kiambu,Limuru,Ndeiya,"Plot 440, Lane 14, Athi River",2023-03-20,INACTIVE,Nakuru Industrial Training Centre,Metalwork,Technical,Dropped Out,Not Started
VOC-001478,RWERIA MAINA,63153840,+25476667382,rweria.maina@yahoo.com,10-Dec-1977,F,Nairobi,Dagoretti South,Uthiru,"Plot 310, Ln 2, Jogoo",17/06/2024,I,Kisumu Youth Skills Centre,Graphics Design,TECHNICAL,Dropped Out,Not Started
VOC-001479,ZECHARIAH MUSILA,19299933,+25472171676,Zechariah.musila@hotmail.com,1999-11-08,M,Nairobi,Lang'ata,Nairobi West,"Plot 290, Lane 10, Uhuru",11 Jun 2023,ACTIVE,Kisumu Youth Skills Centre,Graphics Design,Digital,Enrolled,Ongoing
VOC-001480,BRENDA TSUMA,51690952,+254747339150,brenda.tsuma@yahoo.com,1993-11-05,F,Kakamega,Shinyalu,Isukha North,"House 127, Kilimani Avenue, Kileleshwa",29/03/2023,INACTIVE,Bomet Youth Polytechnic,Metalwork,Technical,Enrolled,Ongoing
VOC-001481,DIANA KASINA,65862979,+25411763702,Diana.kasina@yahoo.com,1983-02-04,F,Mombasa,Mvita,Tudor,"House 213, Mombasa Road Avenue, Kangundo",02-Feb-2023,ACTIVE,Machakos Technical Institute,Hairdressing,Artisan,In Progress,Not Started
VOC-001482,AOKO MUTUA,55851243,+254747183950,Aoko.mutua@outlook.com,1988-02-26,F,Machakos,Kangundo,Kangundo East,"House 86, Likoni Road, Outering",20240809,INACTIVE,Meru Vocational Centre,Automotive,Technical,Dropped Out,Certified
VOC-001483,DANIEL KARANJA,79947239,+25411607265,Daniel.karanja@gmail.com,1979-06-18,M,Bungoma,Sirisia,Lwandanyi,"Plot 253, Lane 15, Argwings Kodhek",19-09-2025,ACTIVE,Eldoret Polytechnic,Welding,Digital,In Progress,Certified
VOC-001484,AOKO ONGERI, 30498626,+25473100045,aoko.ongeri@gmail.com,1977-02-17,F,Kilifi,Kaloleni,Kaloleni,"Plot 312, Lane 12, Garden Estate",20240610,ACTIVE,Kilifi Institute,ICT,Digital,Completed,Completed
VOC-001485,KASINA ZEPHANIAH KARANJA,80654070,+25478100207,K.k@gmail.com,01/03/1971,F,Kilifi,Kilifi North,Tezo,"Plot 277, Lane 17, Kiambu",2023-06-03,Inactive,Thika Technical Training Institute,Masonry,HOSPITALITY,Dropped Out,Ongoing
VOC-001486,KALOKI LUBANGA,47793513,+254747777531,kaloki.lubanga@yahoo.com,1985-10-08,F,Mombasa,Nyali,Ziwa la Ng'ombe,"Plot 198, Lane 3, Kiambu",24 Oct 2023,INACTIVE,Thika Technical Training Institute,ICT,Technical,In Progress,Ongoing
VOC-001487,KIPKEMOI KEMEI, 51713300,+25479154423,kipkemoi.kemei@outlook.com,1979-12-07,F,Uasin Gishu,Ainabkoi,Kapsoya,"Plot 150, Lane 6, Ruiru",30/09/2023,ACTIVE,Bomet Youth Polytechnic,Catering,Hospitality,In Progress,Completed
VOC-001488,KINYA KENGA,96791146,+25471640145,kinya.kenga@gmail.com,1975-09-12,F,Nakuru,Gilgil,Gilgil,"House 394, Kileleshwa Road, Athi River",11/29/2023,ACTIVE,Kakamega Youth Polytechnic,Electrical,Technical,In Progress,Ongoing
VOC-001489,CATHERINE OMONDI,27666344,+254741174226,catherine.omondi@gmail.com,1967-12-18,M,Trans Nzoia County,Endebess,Chepchoina,"Plot 251, Lane 9, Likoni",26-Mar-2023,INACTIVE,Eldoret Polytechnic,ICT,Technical,Enrolled,Not Started
VOC-001490,KAGWIRIA GITONGA ROTICH,81724847,+254 114 835 43,Kagwiria.rotich@yahoo.com,1964-02-27,M,Uasin Gishu,Moiben,Not Provided,N/A,08-22-2023,N/A,Mombasa Technical Institute,ICT,Digital,In Progress,Not Started
VOC-001491,DAVID LUBANGA,54706865,+25410538978,david.lubanga@outlook.com,1992-03-01,M,Nyeri,Kieni,Mwiyogo/Endarasha,"Plot 73, Lane 14, Kiambu Road",15/06/2023,INACTIVE,Kitale Technical College,Catering,Hospitality,Completed,Ongoing
VOC-001492,MWOROA OCHIENG WANYOIKE,79695592,+25473556223,Mworoa.wanyoike@gmail.com,1977-04-24,F,Machakos,Yatta,Ikombe,"Plot 151, Lane 10, Ruaraka",09-Aug-24,INACTIVE,Kisumu Youth Skills Centre,ICT,Digital,Dropped Out,Certified
VOC-001493,MWAMBURI KALOKI MARETE,38889178,+25479469341,Kaloki.mwamburi@yahoo.com,1964-03-25,F,Turkana,Turkana South,Kalamon,"Plot 151, Lane 20, Kasarani",Not Provided,ACTIVE,Nairobi Vocational Training Centre,Graphics Design,Hospitality,In Progress,Not Started
VOC-001494,KAIMENYI WANGARI,6791-9258,+254741057149,kaimenyi.wangari@gmail.com,07/11/1970,female,Nyeri,Mukurweini,Gikondi,"Plot 440, Lane 9, Ruaraka",01-04-2025,inactive,Machakos Technical Institute,Electrical,HOSPITALITY,Completed,Completed
VOC-001495,MUGO MWINYI,N/A,+25472222238,Mugo_mwinyi@gmail.com,15/07/1971,male,Kakamega,Ikolomani,Idakho East,"house 13, parklands street, kenyatta",24/12/2023,Active,Kakamega Youth Polytechnic,Graphics Design,DIGITAL,Enrolled,Completed
VOC-001496,SYOMBUA KENGA,44585366,+25475294675,syombua.kenga@yahoo.com,1978-06-25,female,Turkana,Loima,Loima,"House 364, Kenyatta Drive, Garden Estate",2023-06-08,inactive,Kakamega Youth Polytechnic,Carpentry,HOSPITALITY,In Progress,Certified
VOC-001497,NAOMI WANGARI,77945352,+254747953141,naomi.wangari@yahoo.com,1989-09-02,F,Kakamega,Mumias West,Mutema,"Plot 26, Lane 4, Thika Superhighway",04-06-2025,INACTIVE,Thika Technical Training Institute,Metalwork,Technical,Dropped Out,Completed
VOC-001498,ZECHARIAH GIKONYO,83141191,+254747691820,zechariah_gikonyo@gmail.com,1997-04-07,female,Bungoma,Kanduyi,Buokhwe,"house 291, athi river road, river road",2024-07-07,Active,Kitale Technical College,Electrical,ARTISAN,Dropped Out,Certified
VOC-001499,FLORENCE KIPROTICH,61275309,+254747625917,Florence.kiprotich@gmail.com,1957-12-07,M,Mombasa,Nyali,Kongowea,"Plot 50, Lane 8, Moi Avenue",03-10-2024,INACTIVE,Thika Technical Training Institute,Carpentry,Artisan,Enrolled,Completed
VOC-001500,KARIUKI MBUTHIAJEPCHUMBA,69239801,Not Provided,kariuki.mbuthia@gmail.com,2003-04-11,F,Kiambu,Kikuyu,Sigona,"Plot 124, Lane 2, Lenana",2024-02-15,ACTIVE,Mombasa Technical Institute,ICT,Hospitality,In Progress,Ongoing
