canonical_person_id,canonical_full_name,canonical_national_id,canonical_phone,canonical_email,canonical_dob,canonical_gender,canonical_county,canonical_sub_county,canonical_ward,canonical_address
1,Awiti Sigei,53544301,076112940,awiti.sigei@gmail.com,1974-09-08,Female,Kisumu,Kisumu West,West Kisumu,"Plot 138, Lane 16, Thika"
2,Chepngeno Lydia Kipchumba,54589439,079498343,chepngeno.kipchumba@outlook.com,1982-11-20,Male,Nairobi,Dagoretti South,Waithaka,"Plot 161, Lane 13, Kangundo"
3,Rose Achieng Musyimi,64914054,010623557,rose.musyimi@gmail.com,1982-03-23,Male,Kakamega,Shinyalu,Isukha North,"Plot 299, Lane 17, Kangundo"
4,Gichuru Habakkuk Kiarie,79631857,078708717,gichuru.kiarie@yahoo.com,1988-08-25,Male,Machakos,Kangundo,Kangundo Central,"Plot 248, Lane 14, Kitisuru"
5,Githinji Michael Omar,96969050,071810032,githinji.omar@outlook.com,1981-09-06,Female,Kisumu,Kisumu Central,Nyalenda 'B',"Plot 409, Lane 6, Langata"
6,Thomas Mukhwana Kipkorir,45212476,010613261,thomas.kipkorir@yahoo.com,1980-10-13,Male,Uasin Gishu,Moiben,Kimumu,"House 417, Athi River Avenue, Kikuyu"
7,Syombua Onsongo,96605343,072681868,syombua.onsongo@gmail.com,1981-08-20,Female,Nairobi,Dagoretti South,Mutuini,"House 100, Ruaraka Drive, Thika"
8,Teresa Kaimenyi,76479831,078635618,teresa.kaimenyi@gmail.com,2000-06-18,Male,Kilifi,Kilifi North,Mnarani,"House 112, Juja Road, Kasarani"
9,Mutheu Anyango,86514083,075658136,mutheu.anyango@gmail.com,1974-12-10,Male,Nakuru,Kuresoi South,Amalo,"Plot 471, Lane 9, Likoni"
10,Awiti Musyoka,47342819,011486999,awiti.musyoka@gmail.com,1983-12-03,Male,Meru,Central Imenti,Mwangathia,"Plot 204, Lane 14, Kasarani"
11,Wanjiku Jebet Nduku,97241147,074266699,wanjiku.nduku@hotmail.com,1954-06-09,Female,Nairobi,Kasarani,Kamulu,"House 203, Limuru Street, Kilimani"
12,Jebet Dorothy Kebaso,21989814,011945106,jebet.kebaso@gmail.com,1998-03-13,Female,Bungoma,Kabuchai,West Nalondo,"Plot 289, Lane 6, Thika Superhighway"
13,Mwirigi Gakunyi Kangogo,13600310,010416302,mwirigi.kangogo@gmail.com,1967-07-10,Male,Machakos,Matungulu,Matungulu North,"Plot 58, Lane 20, Tom Mboya"
14,Mutinda Njuguna,63415303,078400404,mutinda.njuguna@yahoo.com,1978-12-13,Female,Nairobi,Kibra,Sarang'ombe,"Plot 43, Lane 17, Jogoo"
15,Mutua Kiprop Gikonyo,11523452,072620526,mutua.gikonyo@hotmail.com,1990-12-09,Female,Kiambu,Ruiru,Kahawa Wendani,"House 172, Ruiru Avenue, Kitisuru"
16,Githinji Aaron Kimani,58852098,076257375,githinji.kimani@gmail.com,1949-12-24,Male,Machakos,Mavoko,Muthwani,"House 469, Moi Avenue Avenue, Likoni"
17,Robert Mbaka Kariuki,85672859,011418672,robert.kariuki@outlook.com,1987-08-25,Male,Bungoma,Bumula,Bumula,"Plot 13, Lane 12, Likoni"
18,Kwamboka Sarah Muriuki,71533194,011189026,kwamboka.muriuki@yahoo.com,1985-07-03,Male,Uasin Gishu,Soy,Segero/Barsombe,"Plot 150, Lane 11, Moi Avenue"
19,Anna Gikonyo,37868462,077423284,anna.gikonyo@gmail.com,1955-11-10,Female,Kilifi,Malindi,Shella,"House 428, Lavington Street, Karen"
20,Wafula Nyambura Mwendwa,18277097,011333086,wafula.mwendwa@gmail.com,1966-11-21,Female,Nairobi,Kibra,Makina,"Plot 34, Lane 15, Kitisuru"
21,Syombua Kipkoech Masinde,14650569,079749253,syombua.masinde@yahoo.com,1976-09-16,Male,Nairobi,Dagoretti South,Uthiru,"House 103, Thika Street, Likoni"
22,Aaron Moraa Muthuri,31424479,071359896,aaron.muthuri@yahoo.com,1997-12-02,Male,Bungoma,Bumula,Kimaeti,"House 479, Tom Mboya Street, Argwings Kodhek"
23,Wachira Ondieki Wanyoike,12674689,078601207,wachira.wanyoike@gmail.com,1957-03-11,Female,Meru,North Imenti,Mweronkanga,"House 301, Kitisuru Street, Kiambu"
24,Deborah Awiti,33535297,076421727,deborah.awiti@outlook.com,1981-01-23,Male,Bomet,Bomet Central,Mutarakwa,"Plot 309, Lane 20, Kikuyu"
25,Ndinda Simiyu,57040785,074925250,ndinda.simiyu@gmail.com,2006-12-14,Female,Bomet,Bomet Central,Chesoen,"Plot 280, Lane 16, Argwings Kodhek"
26,Jeremiah Kipsang Hassan,91512791,076264735,jeremiah.hassan@gmail.com,2003-07-23,Female,Kisumu,Muhoroni,Masogo/Nyang'oma,"Plot 122, Lane 13, Waiyaki"
27,Naipanoi Gladys Muthama,98723294,074195563,naipanoi.muthama@yahoo.com,1981-07-12,Male,Kiambu,Kiambu,Riabai,"Plot 135, Lane 9, Athi River"
28,Lydia Irene Salim,86703472,010750403,lydia.salim@gmail.com,1966-03-07,Male,Kilifi,Kilifi South,Junju,"Plot 350, Lane 5, Parklands"
29,Simiyu Kaimenyi,48398732,078460572,simiyu.kaimenyi@hotmail.com,1992-10-20,Male,Mombasa,Jomvu,Miritini,"House 317, River Road Drive, Kiambu"
30,Senteu Grace Lubanga,46160937,011537017,senteu.lubanga@yahoo.com,1997-07-24,Male,Mombasa,Likoni,Bofu,"Plot 406, Lane 10, Outering"
31,Judy Rotich,26625933,010132047,judy.rotich@gmail.com,1979-08-19,Female,Kisumu,Kisumu Central,Kaloleni,"Plot 146, Lane 2, Parklands"
32,Gitonga Chepkwony,50998106,011843826,gitonga.chepkwony@yahoo.com,1979-06-15,Male,Kiambu,Limuru,Ndeiya,"Plot 300, Lane 17, River Road"
33,Irene Atieno Mulandi,90535106,076792616,irene.mulandi@gmail.com,1988-08-10,Male,Kiambu,Limuru,Limuru East,"House 299, Tom Mboya Street, Lavington"
34,Kerubo Naipanoi Cherono,66434872,011447411,kerubo.cherono@gmail.com,1977-02-16,Male,Nairobi,Kasarani,Ruai,"Plot 456, Lane 4, Kangundo"
35,Mueni Kipkemboi,10632635,077386814,mueni.kipkemboi@gmail.com,1976-03-16,Female,Bungoma,Sirisia,Namwela,"Plot 207, Lane 16, Uhuru"
36,Dorothy Ogero,32417070,071963862,dorothy.ogero@gmail.com,1966-09-20,Male,Kisumu,Seme,Central Seme,"House 184, Ngong Road Street, Ruaraka"
37,Wanjiru Wachira,65938669,077498724,wanjiru.wachira@gmail.com,1994-04-23,Male,Machakos,Machakos Town,Mua,"Plot 340, Lane 20, Kileleshwa"
38,Edith Auma,74513622,075345896,edith.auma@gmail.com,1995-10-22,Male,Mombasa,Changamwe,Changamwe,"Plot 330, Lane 10, Kenyatta"
39,Rose Awiti Mitei,60012498,075291752,rose.mitei@gmail.com,1982-07-23,Female,Nyeri,Othaya,Iria-ini,"House 357, Ruiru Street, Thika"
40,Mugo Mercy Mburu,11658959,011810859,mugo.mburu@yahoo.com,1983-04-22,Female,Nyeri,Mukurweini,Githi,"House 339, Kileleshwa Drive, Uhuru"
41,Kagwiria Wachira,83886264,010497030,kagwiria.wachira@gmail.com,1989-10-15,Female,Nairobi,Lang'ata,South C,"House 255, Kiambu Road Road, Ruiru"
42,Joseph Mbaka,90524080,077851470,joseph.mbaka@yahoo.com,1961-11-08,Female,Nairobi,Dagoretti South,Riruta,"House 192, Garden Estate Road, Thika Superhighway"
43,Wabomba Katua,71389561,010717942,wabomba.katua@hotmail.com,1995-09-24,Male,Nairobi,Lang'ata,Nyayo Highrise,"House 400, Kangundo Street, Outering"
44,George Keter,78759020,074984027,george.keter@outlook.com,1981-09-21,Male,Kiambu,Ruiru,Kahawa Wendani,"House 364, Argwings Kodhek Street, Thika"
45,Kinya Osebe,48468887,010362732,kinya.osebe@gmail.com,2002-04-25,Male,Kisumu,Kisumu Central,Nyalenda 'B',"Plot 443, Lane 18, Garden Estate"
46,Leah Olela,90985229,073913848,leah.olela@outlook.com,1991-11-03,Male,Kiambu,Ruiru,Gatong'ora,"Plot 220, Lane 9, Lavington"
47,Auma Muthama,80517332,073292800,auma.muthama@yahoo.com,1960-09-18,Female,Kakamega,Khwisero,Kisa East,"Plot 170, Lane 7, Ngong Road"
48,Zephaniah Githinji Mwango,49786693,010301863,zephaniah.mwango@gmail.com,1994-09-18,Female,Nairobi,Westlands,Parklands,"Plot 428, Lane 18, Uhuru"
49,Miriam Mutinda,68119636,075117711,miriam.mutinda@gmail.com,1990-12-20,Female,Nairobi,Kasarani,Ruai,"House 184, Lavington Road, Westlands"
50,Nicholas Kariuki,84500200,072229221,nicholas.kariuki@gmail.com,1975-09-03,Female,Nakuru,Kuresoi North,Nyota,"Plot 73, Lane 8, Outering"
51,Chepkorir Mcharo,23427820,074749609,chepkorir.mcharo@gmail.com,1991-06-20,Female,Machakos,Kangundo,Kangundo Central,"Plot 220, Lane 11, Kiambu Road"
52,Jepchumba Awino Marete,20120010,070990856,jepchumba.marete@yahoo.com,2002-07-25,Female,Uasin Gishu,Soy,Kipsomba,"House 458, Kenyatta Drive, Kasarani"
53,Zephaniah Musyoka Kamotho,86015183,079791444,zephaniah.kamotho@hotmail.com,1998-06-02,Male,Kiambu,Limuru,Limuru Central,"Plot 190, Lane 7, Kenyatta"
54,Martha Awiti,57365168,075610511,martha.awiti@outlook.com,1951-03-15,Female,Kiambu,Kiambu,Riabai,"Plot 96, Lane 20, Kiambu"
55,Chepkorir Lenguro,28082355,010637544,chepkorir.lenguro@gmail.com,1965-05-06,Male,Mombasa,Nyali,Frere Town,"Plot 111, Lane 16, Parklands"
56,Wambui Akinyi,77693989,010540186,wambui.akinyi@outlook.com,1967-10-20,Male,Nairobi,Kibra,Sarang'ombe,"House 247, Ruiru Road, Parklands"
57,Oduya Nabwire,82978342,076370328,oduya.nabwire@gmail.com,1987-10-17,Male,Nairobi,Westlands,Mountain View,"Plot 210, Lane 5, Kiambu Road"
58,Esther Mutune,28531242,010224870,esther.mutune@outlook.com,1989-03-04,Female,Kiambu,Limuru,Ndeiya,"Plot 83, Lane 1, Kilimani"
59,Amos Haggai Kilonzo,48387144,073135241,amos.kilonzo@outlook.com,1987-10-06,Male,Machakos,Kathiani,Kathiani Central,"House 45, Mugumo Drive, Limuru"
60,Eunice Mutua Senteu,64644684,078211636,eunice.senteu@yahoo.com,1976-02-26,Female,Mombasa,Kisauni,Mwakirunge,"Plot 289, Lane 8, Tom Mboya"
61,Kathure Michael Wanyoike,20204415,078287155,kathure.wanyoike@gmail.com,1998-05-06,Male,Bomet,Chepalungu,Chebunyo,"Plot 377, Lane 9, Moi Avenue"
62,Jacqueline Senteu,75874779,072901387,jacqueline.senteu@hotmail.com,1982-10-05,Female,Nairobi,Lang'ata,South C,"Plot 258, Lane 6, Lavington"
63,Nyambane Michael Wamalwa,59113508,072622998,nyambane.wamalwa@gmail.com,1991-06-28,Female,Kakamega,Ikolomani,Idakho North,"Plot 417, Lane 9, Langata"
64,Kaimenyi Mbaka,16403434,076203782,kaimenyi.mbaka@yahoo.com,2002-08-27,Female,Uasin Gishu,Ainabkoi,Ainabkoi/Olare,"Plot 185, Lane 9, Lenana"
65,Isaac Kosgei,32491607,010946952,isaac.kosgei@hotmail.com,1986-07-28,Female,Trans Nzoia,Kwanza,Kwanza,"Plot 161, Lane 10, Langata"
66,Benjamin Diana Mwaura,83609531,070127645,benjamin.mwaura@outlook.com,2005-02-09,Male,Uasin Gishu,Soy,Segero/Barsombe,"House 127, Waiyaki Drive, Langata"
67,Emily Kenei,51562039,075605048,emily.kenei@yahoo.com,1969-06-14,Female,Kiambu,Githunguri,Githunguri,"House 418, Mugumo Street, Thika Superhighway"
68,Simon Timothy Rotich,60782359,073375754,simon.rotich@gmail.com,1977-10-26,Female,Machakos,Kathiani,Upper Kaewa/Iveti,"Plot 212, Lane 3, Jogoo"
69,Nabea Rose Wamalwa,11101134,073194578,nabea.wamalwa@gmail.com,1976-05-26,Male,Bungoma,Webuye East,Ndivisi,"House 42, Lavington Street, Ngong Road"
70,Harun Wandera,79946108,010318572,harun.wandera@gmail.com,1968-06-06,Male,Uasin Gishu,Soy,Kipsomba,"Plot 130, Lane 10, Ruiru"
71,Jepkorir Chepkorir,43382936,072624203,jepkorir.chepkorir@gmail.com,1997-11-02,Female,Nairobi,Kasarani,Mwiki,"Plot 65, Lane 11, Kileleshwa"
72,Faith Moses Rono,46953423,079681456,faith.rono@gmail.com,1978-05-18,Male,Nakuru,Nakuru Town East,Menengai,"House 318, Kikuyu Street, Kitisuru"
73,Musyoka Beatrice Wambui,35718350,071133362,musyoka.wambui@yahoo.com,1978-09-20,Male,Meru,Tigania East,Mikinduri,"House 311, Lenana Road, Langata"
74,Mutinda Kwamboka Gitonga,81358338,076298663,mutinda.gitonga@gmail.com,1978-03-18,Male,Meru,Buuri,Timau,"House 360, Argwings Kodhek Road, Athi River"
75,Martha Nzioka,44103265,075574379,martha.nzioka@gmail.com,1991-05-20,Male,Nairobi,Dagoretti North,Gatina,"Plot 114, Lane 11, Waiyaki"
76,Kimeu Faith Situma,74764506,072611994,kimeu.situma@outlook.com,1978-02-20,Female,Machakos,Machakos Town,Machakos Central,"Plot 400, Lane 11, Parklands"
77,Kipkorir Wachira,62731823,077889410,kipkorir.wachira@yahoo.com,1972-05-26,Male,Kakamega,Mumias West,West Wanga,"House 293, Parklands Drive, Kangundo"
78,Kinya Adoyo Mutune,25103503,010533672,kinya.mutune@gmail.com,1981-10-21,Male,Nairobi,Dagoretti South,Ngando,"Plot 320, Lane 2, Juja"
79,Kimani Silas Kipchirchir,38437423,073672967,kimani.kipchirchir@yahoo.com,1989-12-05,Female,Machakos,Kangundo,Kangundo North,"Plot 23, Lane 2, Thika Superhighway"
80,John Onsongo,81344862,071295472,john.onsongo@gmail.com,1971-12-01,Male,Nairobi,Kibra,Makina,"House 202, Ngong Road Road, Ruaraka"
81,Ojwang Nyaboke Musalia,66013532,073700727,ojwang.musalia@gmail.com,1993-06-15,Male,Kisumu,Kisumu West,Central Kisumu,"Plot 442, Lane 17, Ngong"
82,Mumo Gathoni Gichuki,92138779,079379825,mumo.gichuki@yahoo.com,1981-04-22,Male,Nairobi,Westlands,Mountain View,"House 434, Thika Avenue, Outering"
83,Rose Faith Langat,71410640,073548324,rose.langat@gmail.com,2002-07-24,Male,Nakuru,Subukia,Kabazi,"House 329, Kasarani Road, Thika Superhighway"
84,Jebiwott Adhiambo Mutisya,79386491,072586097,jebiwott.mutisya@outlook.com,1989-02-06,Female,Bungoma,Kabuchai,Mukuyuni,"Plot 231, Lane 15, Kiambu Road"
85,Elizabeth Karanja,54988861,079791567,elizabeth.karanja@hotmail.com,1988-12-02,Female,Kakamega,Butere,Marama South,"House 61, Mombasa Road Street, Kikuyu"
86,Onsongo Munyao Rimberia,16565770,072255457,onsongo.rimberia@gmail.com,1977-01-22,Male,Kisumu,Nyando,Kabonyo/Kanyagwal,"Plot 26, Lane 6, Parklands"
87,Kipkemoi Kamande,46831833,075652654,kipkemoi.kamande@gmail.com,1986-01-04,Female,Kisumu,Muhoroni,Muhoroni/Koru,"House 219, Kangundo Avenue, Mombasa Road"
88,Khaemba Wandera,92585240,076534153,khaemba.wandera@gmail.com,1995-04-01,Female,Machakos,Kangundo,Kangundo East,"Plot 158, Lane 18, Westlands"
89,Harun Marete,72071682,011953715,harun.marete@gmail.com,1989-05-19,Male,Meru,North Imenti,Mweronkanga,"House 410, Karen Avenue, Ngong Road"
90,Edith Naisula Wekesa,39009803,078417003,edith.wekesa@gmail.com,1974-04-03,Male,Kakamega,Lugari,Chekalini,"Plot 98, Lane 16, Kiambu"
91,Moses Brian Karanja,13017249,079895338,moses.karanja@gmail.com,1962-04-10,Female,Kiambu,Githunguri,Ngewa,"Plot 77, Lane 4, Jogoo"
92,Akinyi Akinyi Wamuyu,24217270,076156413,akinyi.wamuyu@gmail.com,1990-10-21,Female,Kilifi,Malindi,Malindi Town,"House 171, Argwings Kodhek Road, Waiyaki"
93,Mwende Ali,54335867,011440536,mwende.ali@gmail.com,2002-06-16,Female,Mombasa,Jomvu,Miritini,"Plot 261, Lane 4, Thika"
94,Agnes Muthama,86129797,011458823,agnes.muthama@yahoo.com,1993-02-24,Male,Bomet,Konoin,Boito,"Plot 167, Lane 15, Athi River"
95,Sharon Monica Nasimiyu,36261929,073814622,sharon.nasimiyu@hotmail.com,1995-11-10,Female,Trans Nzoia,Kiminini,Waitaluk,"House 314, Parklands Drive, Mugumo"
96,Alexander Muema Chepkirui,98917575,072597938,alexander.chepkirui@gmail.com,1993-06-27,Female,Kakamega,Butere,Marama Central,"House 37, Thika Street, Mugumo"
97,Syombua Mutisya,87569592,077987938,syombua.mutisya@outlook.com,1966-09-19,Male,Nakuru,Nakuru Town East,Menengai,"Plot 298, Lane 3, Ruiru"
98,Janet Ongaya,87036318,011447617,janet.ongaya@gmail.com,1984-05-06,Female,Nairobi,Kibra,Makina,"Plot 323, Lane 6, Kilimani"
99,Chepkoech Mutua Mwakisha,45064728,011834815,chepkoech.mwakisha@gmail.com,1993-01-11,Male,Turkana,Turkana West,Kalobeyei,"House 386, Kiambu Drive, Ruaraka"
100,Elizabeth Kenga,73698335,074252200,elizabeth.kenga@yahoo.com,1977-08-13,Male,Machakos,Yatta,Ndalani,"Plot 327, Lane 14, Kasarani"
101,Onyango Emily Kimani,23946199,010567604,onyango.kimani@gmail.com,1965-01-01,Male,Uasin Gishu,Soy,Kipsomba,"House 363, Karen Road, Ruiru"
102,Auma Masinde,61378412,076448813,auma.masinde@hotmail.com,1997-03-15,Male,Nairobi,Dagoretti North,Kileleshwa,"Plot 56, Lane 14, Ruaraka"
103,Wachira Chepkoech Mwangolo,54269149,076702553,wachira.mwangolo@gmail.com,1986-08-14,Male,Kakamega,Mumias East,East Wanga,"House 197, Langata Drive, Mugumo"
104,Kinyua Cheruiyot,50113698,011509054,kinyua.cheruiyot@hotmail.com,1972-02-21,Male,Kakamega,Matungu,Kholera,"House 13, Lavington Street, Ngong"
105,Moraa Kipkemboi Wanjohi,75618337,010119989,moraa.wanjohi@gmail.com,1951-12-21,Male,Nairobi,Dagoretti North,Kilimani,"House 234, Waiyaki Road, Kileleshwa"
106,Owuor Rachel Gikonyo,32555403,011487896,owuor.gikonyo@yahoo.com,1999-01-05,Female,Nairobi,Kasarani,Ruai,"House 9, Tom Mboya Road, Limuru"
107,Wachira Jonah Sigei,92147935,071757658,wachira.sigei@outlook.com,1985-09-08,Male,Kiambu,Lari,Kinale,"Plot 260, Lane 7, Kasarani"
108,Janet Ochieng Karanja,82123324,072265722,janet.karanja@outlook.com,1970-04-24,Female,Kakamega,Khwisero,Kisa Central,"House 118, Ngong Avenue, Kiambu Road"
109,Nicholas Mutisya Gitau,94828438,075382795,nicholas.gitau@gmail.com,1998-01-09,Female,Nairobi,Lang'ata,South C,"Plot 390, Lane 10, Limuru"
110,Mogaka Kerubo Kipkorir,89426243,072701568,mogaka.kipkorir@hotmail.com,1972-08-24,Male,Bungoma,Mt. Elgon,Kaptama,"House 246, Thika Superhighway Road, River Road"
111,Wangeci Kiprop Ndunge,64406548,072928226,wangeci.ndunge@hotmail.com,1985-01-28,Female,Uasin Gishu,Ainabkoi,Ainabkoi/Olare,"Plot 152, Lane 9, Lavington"
112,Kiprop Mukhwana Kipsang,97112459,077873199,kiprop.kipsang@hotmail.com,2000-04-25,Male,Meru,Tigania West,Kianjai,"House 258, Argwings Kodhek Avenue, Jogoo"
113,Musyoka Namukhula,20327693,071272769,musyoka.namukhula@gmail.com,1974-04-17,Female,Bomet,Sotik,Kapletundo,"Plot 478, Lane 12, Kasarani"
114,Jebet Mutwiri Ndunda,40438156,077489967,jebet.ndunda@hotmail.com,1957-06-10,Female,Mombasa,Jomvu,Mikindani,"Plot 147, Lane 6, Kasarani"
115,Allan Gitobu,81624345,074227391,allan.gitobu@hotmail.com,1983-03-15,Female,Trans Nzoia,Endebess,Chepchoina,"House 170, Kasarani Avenue, Outering"
116,Deborah Mutisya Wanyoike,88306842,078332934,deborah.wanyoike@outlook.com,1962-02-18,Female,Kilifi,Malindi,Jilore,"Plot 100, Lane 20, River Road"
117,Victor Wadada,69391930,074271746,victor.wadada@outlook.com,1964-07-05,Male,Kilifi,Ganze,Ganze,"Plot 156, Lane 17, Karen"
118,Wambugu Kipchumba,50790697,077686448,wambugu.kipchumba@outlook.com,1997-03-09,Female,Nakuru,Gilgil,Gilgil,"Plot 92, Lane 8, Likoni"
119,Atieno Chepngeno Wambugu,57967465,072155457,atieno.wambugu@gmail.com,1998-06-02,Male,Nakuru,Naivasha,Biashara-Naivasha,"House 393, Outering Road, Ngong"
120,Judith Kipngetich,31881401,071328459,judith.kipngetich@gmail.com,1985-09-20,Female,Machakos,Yatta,Katangi,"Plot 214, Lane 3, Ruiru"
121,Chepkorir Nyaboke Juma,51262331,072320034,chepkorir.juma@gmail.com,2000-02-03,Male,Nairobi,Lang'ata,South C,"Plot 56, Lane 17, Ngong"
122,Kagwiria Kipngetich Leshan,77194013,011863944,kagwiria.leshan@yahoo.com,1968-10-25,Male,Nairobi,Dagoretti North,Kawangware,"House 462, Mombasa Road Road, Limuru"
123,Mercy Flora Kamande,28241849,077899301,mercy.kamande@gmail.com,1993-02-11,Male,Mombasa,Nyali,Mkomani,"House 352, Athi River Drive, Waiyaki"
124,Nabwire Wafula Kihika,32645646,071481377,nabwire.kihika@hotmail.com,1988-07-04,Male,Kiambu,Limuru,Limuru East,"House 388, Jogoo Drive, Jogoo"
125,Adhiambo Gathoni Ndegwa,34037816,076733952,adhiambo.ndegwa@yahoo.com,1996-02-25,Male,Nairobi,Kibra,Woodley,"House 151, Athi River Drive, Ngong"
126,Joel Timothy Mwania,75425092,011214695,joel.mwania@yahoo.com,1982-09-19,Male,Mombasa,Likoni,Shika Adabu,"Plot 201, Lane 19, Kilimani"
127,Esther Omondi Chebet,98750131,073359642,esther.chebet@gmail.com,1978-12-03,Female,Nyeri,Tetu,Aguthi/Gaaki,"Plot 276, Lane 15, Kitisuru"
128,Peace Oseko,99575241,075274721,peace.oseko@yahoo.com,1983-08-21,Male,Kilifi,Magarini,Marafa,"Plot 148, Lane 10, Karen"
129,Judy Agnes Kiprotich,52057523,073534439,judy.kiprotich@gmail.com,1975-09-06,Female,Nyeri,Nyeri Town,Kamakwa/Mukaro,"House 339, Ruaraka Drive, Karen"
130,Owuor George Kimutai,45827376,074777424,owuor.kimutai@gmail.com,1966-04-04,Female,Nairobi,Westlands,Parklands,"Plot 249, Lane 14, Athi River"
131,Mercy Owuor Keter,64627534,075804299,mercy.keter@yahoo.com,2004-12-27,Male,Nairobi,Westlands,Kitisuru,"Plot 129, Lane 3, Thika Superhighway"
132,Omondi Nyambane,25161415,075672255,omondi.nyambane@gmail.com,2000-03-12,Female,Mombasa,Kisauni,Mwakirunge,"House 431, Kitisuru Road, Lavington"
133,Ndinda Ochieng,94738725,075951703,ndinda.ochieng@outlook.com,1972-02-27,Female,Bungoma,Kimilili,Kamukuywa,"Plot 368, Lane 4, Ngong Road"
134,Nokun Kipkemboi,24875109,072361728,nokun.kipkemboi@yahoo.com,1986-03-28,Male,Uasin Gishu,Ainabkoi,Ainabkoi/Olare,"House 448, Juja Avenue, Kangundo"
135,Mwania Nekesa,32650041,070520515,mwania.nekesa@yahoo.com,1966-06-06,Female,Bomet,Sotik,Ndanai/Abosi,"House 396, Thika Superhighway Drive, Uhuru"
136,Kipkirui Gakii Wangari,41606345,079572883,kipkirui.wangari@hotmail.com,1990-08-03,Female,Nairobi,Dagoretti North,Gatina,"Plot 366, Lane 14, Karen"
137,Christopher Wamuyu,85102924,070708684,christopher.wamuyu@gmail.com,1993-06-15,Female,Nairobi,Dagoretti South,Waithaka,"Plot 134, Lane 2, Kiambu"
138,Kipkoech Njuguna Kinyua,73115555,074271499,kipkoech.kinyua@outlook.com,2005-08-02,Male,Kakamega,Ikolomani,Idakho Central,"House 434, Ruaraka Street, Ruiru"
139,Hope Namukhula Gichuru,62904575,075719014,hope.gichuru@hotmail.com,1994-01-03,Male,Mombasa,Mvita,Shimanzi,"House 305, Athi River Avenue, Jogoo"
140,Kagendo Lois Okoth,21970652,070993749,kagendo.okoth@gmail.com,1982-11-25,Female,Bomet,Chepalungu,Kongasis,"Plot 411, Lane 10, Ruaraka"
141,Alice Charity Wanyoike,72213255,010335122,alice.wanyoike@yahoo.com,1997-09-21,Female,Machakos,Machakos Town,Mua,"House 41, Athi River Drive, Uhuru"
142,Gitonga Awiti Cherono,77571186,070219470,gitonga.cherono@outlook.com,1992-07-02,Female,Nairobi,Kasarani,Kasarani,"House 388, Kiambu Road Avenue, Athi River"
143,Alexander Mwakisha,90783964,011610365,alexander.mwakisha@gmail.com,1977-12-22,Female,Bomet,Bomet Central,Singorwet,"Plot 70, Lane 4, Thika"
144,Masinde Omondi,69762583,077594392,masinde.omondi@gmail.com,1975-05-19,Male,Kilifi,Rabai,Mwawesa,"House 53, Ngong Road Drive, Mugumo"
145,Edward Stephen Ombati,70173215,011557420,edward.ombati@gmail.com,1981-06-15,Female,Kiambu,Ruiru,Kahawa Wendani,"Plot 453, Lane 13, Thika"
146,Jacqueline Otieno Kipchumba,12433447,075373477,jacqueline.kipchumba@gmail.com,2000-09-02,Female,Kilifi,Kaloleni,Mariakani,"Plot 62, Lane 16, Langata"
147,Jebiwott Mutheu Kosgei,58538289,072863729,jebiwott.kosgei@gmail.com,1982-12-28,Male,Nairobi,Kasarani,Kasarani,"House 63, Ngong Road Drive, Thika"
148,Dennis Mumo,71572793,078933206,dennis.mumo@yahoo.com,1966-01-23,Male,Kilifi,Kilifi North,Tezo,"House 206, Ngong Road Street, Kiambu Road"
149,Brenda Bett,64215650,077775156,brenda.bett@gmail.com,1990-11-15,Female,Machakos,Matungulu,Matungulu West,"Plot 44, Lane 11, Waiyaki"
150,Sarah Naliaka,57576607,071150051,sarah.naliaka@outlook.com,1966-10-24,Male,Nairobi,Dagoretti South,Ngando,"Plot 180, Lane 19, Langata"
151,Kipchumba Awino Ombati,59565830,010651818,kipchumba.ombati@gmail.com,1989-05-19,Female,Mombasa,Nyali,Kongowea,"Plot 422, Lane 17, Likoni"
152,Nabwire Jepkorir,15406577,078260751,nabwire.jepkorir@gmail.com,1984-05-16,Male,Nairobi,Dagoretti North,Kawangware,"House 480, Likoni Avenue, Kilimani"
153,Jebet Harun Mulandi,70388500,010570888,jebet.mulandi@gmail.com,1960-10-22,Female,Uasin Gishu,Ainabkoi,Kaptagat,"Plot 277, Lane 15, Ngong Road"
154,Nabwire Mwakisha,34124750,070388319,nabwire.mwakisha@outlook.com,1994-10-15,Male,Nairobi,Kibra,Sarang'ombe,"Plot 302, Lane 1, River Road"
155,Kipkorir Kipkemoi,32708438,070744324,kipkorir.kipkemoi@hotmail.com,1996-05-13,Male,Nairobi,Dagoretti North,Kileleshwa,"House 193, Kiambu Road Road, Kenyatta"
156,Kariuki Wamalwa,88674767,010206440,kariuki.wamalwa@gmail.com,1990-05-19,Male,Kakamega,Mumias East,East Wanga,"House 401, Outering Avenue, Karen"
157,Elizabeth Rono,38555376,079981521,elizabeth.rono@yahoo.com,2002-10-03,Female,Nakuru,Molo,Marioshoni,"House 144, Thika Street, Garden Estate"
158,Wangari Gladys Mwakideu,62719526,078185090,wangari.mwakideu@outlook.com,1962-01-27,Male,Kilifi,Rabai,Mwawesa,"House 424, Argwings Kodhek Drive, Tom Mboya"
159,Jacqueline Jacqueline Jebet,91339562,073107482,jacqueline.jebet@gmail.com,1967-05-19,Male,Mombasa,Jomvu,Mikindani,"Plot 34, Lane 3, Kikuyu"
160,Anna Haggai Masinde,72624210,077479030,anna.masinde@yahoo.com,2002-01-09,Female,Trans Nzoia,Cherangany,Motosi,"Plot 201, Lane 3, Mugumo"
161,Kaimenyi Ombati Simiyu,55741665,070961545,kaimenyi.simiyu@gmail.com,1997-10-20,Female,Kakamega,Mumias East,East Wanga,"House 44, Juja Road, Ruiru"
162,Naliaka Ngeno,41287760,079925727,naliaka.ngeno@yahoo.com,2004-07-20,Female,Uasin Gishu,Moiben,Tembelio,"Plot 169, Lane 4, Thika Superhighway"
163,Chepkorir Kiprop,78870570,010891018,chepkorir.kiprop@gmail.com,1979-03-05,Male,Mombasa,Likoni,Bofu,"Plot 5, Lane 5, Lenana"
164,Jane Janet Kipchirchir,15662934,077330063,jane.kipchirchir@hotmail.com,1984-08-20,Female,Kiambu,Limuru,Ndeiya,"Plot 205, Lane 1, Karen"
165,Mutua Okello,33392072,075988704,mutua.okello@yahoo.com,1985-05-04,Female,Nairobi,Kasarani,Mwiki,"House 174, Tom Mboya Avenue, Ruiru"
166,Onsongo Karanja,88829544,073995940,onsongo.karanja@yahoo.com,1965-01-21,Female,Bungoma,Kabuchai,Mukuyuni,"Plot 402, Lane 20, Parklands"
167,Jonathan Kenei,88380820,010138382,jonathan.kenei@gmail.com,1967-04-13,Female,Kiambu,Limuru,Limuru East,"Plot 131, Lane 5, Lenana"
168,Mark Moraa Gichuru,45651567,010179574,mark.gichuru@gmail.com,2002-09-18,Female,Machakos,Matungulu,Matungulu East,"Plot 61, Lane 2, Kileleshwa"
169,Aaron Mitei,30036175,076338633,aaron.mitei@gmail.com,1972-09-19,Male,Bungoma,Kimilili,Kamukuywa,"House 161, Ngong Road Drive, Parklands"
170,Silas Kimani Kiprotich,86178952,011133773,silas.kiprotich@hotmail.com,2003-06-19,Female,Uasin Gishu,Kapseret,Langas,"Plot 201, Lane 13, Karen"
171,Mwania Ndegwa,61793831,074315893,mwania.ndegwa@gmail.com,1962-01-12,Male,Mombasa,Jomvu,Miritini,"House 81, Likoni Street, River Road"
172,Njoroge Lois Kihika,91181404,011358830,njoroge.kihika@yahoo.com,1991-08-15,Male,Kisumu,Muhoroni,Muhoroni/Koru,"House 178, Mombasa Road Avenue, Athi River"
173,Silas Nasimiyu,18958209,011861830,silas.nasimiyu@outlook.com,1991-09-04,Female,Turkana,Turkana North,Kaeris,"Plot 210, Lane 9, Kiambu Road"
174,Isaac Oduya Onsongo,83608832,010354063,isaac.onsongo@outlook.com,1982-05-27,Female,Kiambu,Kikuyu,Kinoo,"Plot 151, Lane 13, Kikuyu"
175,Victor Kinyua,16531664,011495727,victor.kinyua@outlook.com,1963-04-07,Female,Nairobi,Lang'ata,Karen,"Plot 421, Lane 3, Ngong Road"
176,Syokau Mwikali Gichuki,12012537,076785761,syokau.gichuki@gmail.com,1983-02-22,Male,Kilifi,Malindi,Shella,"House 35, Lenana Drive, Lavington"
177,Lilian Allan Ndegwa,61321020,078771709,lilian.ndegwa@outlook.com,1987-01-08,Female,Nairobi,Westlands,Kangemi,"Plot 388, Lane 3, Uhuru"
178,Kinyua Muriuki,65686049,010952188,kinyua.muriuki@gmail.com,2004-06-11,Female,Kiambu,Lari,Kinale,"House 312, Moi Avenue Avenue, Langata"
179,Alice Kipsang Barasa,36512868,073544613,alice.barasa@gmail.com,1985-08-21,Male,Kiambu,Kikuyu,Sigona,"Plot 204, Lane 16, Lenana"
180,Nokun Lilian Ndunge,19655576,075243294,nokun.ndunge@outlook.com,2001-01-01,Female,Nyeri,Nyeri Town,Kiganjo/Mathari,"Plot 474, Lane 13, River Road"
181,Leah Kevin Mohamed,66913730,011358779,leah.mohamed@gmail.com,2004-11-23,Female,Machakos,Kangundo,Kangundo Central,"Plot 349, Lane 8, Athi River"
182,Judith Osebe,21928391,071767083,judith.osebe@yahoo.com,1987-05-24,Female,Kiambu,Kabete,Kabete,"House 87, Waiyaki Road, Mugumo"
183,Muema Mwende Owuor,35754346,074528649,muema.owuor@gmail.com,1953-11-06,Female,Nairobi,Westlands,Mountain View,"Plot 33, Lane 19, Jogoo"
184,Peace Christopher Keter,56047075,075956526,peace.keter@gmail.com,1982-10-02,Female,Turkana,Turkana Central,Kerio Delta,"House 446, Mugumo Street, Athi River"
185,Faith Beatrice Baya,63709262,011742349,faith.baya@outlook.com,2001-08-22,Male,Nyeri,Tetu,Dedan Kimathi,"Plot 311, Lane 5, Mombasa Road"
186,Florence David Athman,61471131,011393976,florence.athman@gmail.com,1988-11-04,Male,Machakos,Yatta,Ikombe,"Plot 447, Lane 19, Ngong Road"
187,Masinde Mercy Lenguro,61028923,079872714,masinde.lenguro@gmail.com,1999-07-14,Male,Nakuru,Kuresoi North,Nyota,"Plot 55, Lane 18, Langata"
188,Mutinda Martha Mogaka,17893691,011449327,mutinda.mogaka@gmail.com,1991-04-23,Female,Meru,Igembe North,Naathu,"House 418, River Road Street, Waiyaki"
189,Peter Osebe,17264306,011418844,peter.osebe@gmail.com,1988-12-16,Male,Nakuru,Bahati,Kabatini,"House 377, Karen Avenue, Ngong"
190,Eunice Kebaso Wafula,63236763,077417393,eunice.wafula@yahoo.com,1976-07-25,Male,Machakos,Matungulu,Tala,"House 141, Athi River Drive, Tom Mboya"
191,Florence Kiprotich,23346779,075166582,florence.kiprotich@outlook.com,1972-07-27,Female,Meru,Buuri,Kibirichia,"Plot 251, Lane 19, Thika Superhighway"
192,Waithera Kagwe,77934076,074481219,waithera.kagwe@hotmail.com,2004-11-01,Female,Kiambu,Kiambu,Riabai,"Plot 72, Lane 11, Juja"
193,Chepkorir Musalia,19980384,078367352,chepkorir.musalia@gmail.com,1965-08-03,Female,Bomet,Bomet Central,Ndarawetta,"House 37, Kasarani Avenue, Karen"
194,Hope Joy Kenei,46675397,072936865,hope.kenei@gmail.com,2004-04-13,Male,Bomet,Sotik,Kipsonoi,"House 302, Thika Superhighway Drive, Waiyaki"
195,Kanana Kariuki,30869686,010232506,kanana.kariuki@gmail.com,1971-12-21,Male,Turkana,Turkana East,Katilia,"Plot 94, Lane 12, Athi River"
196,Kipsang Mworoa Senteu,84378065,077947613,kipsang.senteu@hotmail.com,1964-09-24,Male,Nairobi,Lang'ata,Nyayo Highrise,"Plot 208, Lane 7, Ruiru"
197,Amos Wamalwa Chepkirui,55360034,010361897,amos.chepkirui@outlook.com,1990-05-10,Female,Mombasa,Kisauni,Bamburi,"House 112, Mugumo Road, River Road"
198,Nafula Aoko Mwania,81014138,078261177,nafula.mwania@gmail.com,1950-11-09,Male,Kiambu,Limuru,Ndeiya,"House 220, Waiyaki Avenue, Lenana"
199,Muthoni Ochieng,74329883,010378711,muthoni.ochieng@gmail.com,1981-11-23,Female,Nairobi,Lang'ata,Nyayo Highrise,"House 57, Tom Mboya Road, Thika"
200,Mogaka Habakkuk Ngeno,35079956,073394795,mogaka.ngeno@outlook.com,2004-04-22,Female,Kilifi,Kilifi South,Chasimba,"Plot 313, Lane 19, Outering"
201,Kwamboka Isaiah Okello,18234220,078547818,kwamboka.okello@yahoo.com,1982-05-12,Female,Meru,Tigania West,Kianjai,"Plot 21, Lane 11, Kikuyu"
202,Rebecca Wadada,89042306,078734088,rebecca.wadada@gmail.com,1966-07-03,Female,Nyeri,Kieni,Thegu,"House 301, Ruiru Street, Lavington"
203,Stephen Khaemba Jepkoech,68535809,071606274,stephen.jepkoech@gmail.com,1969-01-06,Female,Uasin Gishu,Kesses,Cheptiret/Kipchamo,"Plot 290, Lane 7, Lavington"
204,Micah Omar,44740194,074993884,micah.omar@gmail.com,1976-03-08,Female,Nairobi,Dagoretti North,Gatina,"Plot 453, Lane 5, Kiambu"
205,Atieno Korir,57712141,073865960,atieno.korir@hotmail.com,2004-09-22,Female,Turkana,Turkana South,Kapedo/Napeitom,"House 446, Tom Mboya Street, Kenyatta"
206,Mulwa Joel Okoth,34213769,010395744,mulwa.okoth@gmail.com,1989-07-22,Female,Uasin Gishu,Soy,Kapkures,"Plot 126, Lane 13, Uhuru"
207,Nyambura Ndunda,24272571,078871889,nyambura.ndunda@outlook.com,1955-03-16,Male,Bungoma,Kimilili,Kimilili,"Plot 246, Lane 2, Ngong Road"
208,Jepkoech Cherono,40317689,010503433,jepkoech.cherono@yahoo.com,1994-08-06,Female,Turkana,Turkana West,Kakuma,"House 40, Mombasa Road Road, Argwings Kodhek"
209,Muthuri Salim,10292428,072915565,muthuri.salim@yahoo.com,1984-12-26,Female,Bungoma,Kimilili,Kibingei,"Plot 373, Lane 3, Uhuru"
210,Silas Bridget Kinya,40885447,076187679,silas.kinya@yahoo.com,1985-12-26,Female,Meru,Igembe Central,Athiru Gaiti,"House 105, Lenana Road, Mugumo"
211,Khaemba Mohamed,60661928,011127626,khaemba.mohamed@yahoo.com,1972-02-22,Male,Uasin Gishu,Ainabkoi,Kaptagat,"Plot 188, Lane 8, Kiambu"
212,Odhiambo Mwikali Towett,77551168,072111395,odhiambo.towett@gmail.com,2000-08-18,Male,Meru,Tigania East,Thangatha,"Plot 364, Lane 6, Waiyaki"
213,Elizabeth Sarah Omondi,96791517,076304189,elizabeth.omondi@gmail.com,1995-06-01,Female,Kiambu,Ruiru,Gatong'ora,"Plot 306, Lane 10, Karen"
214,Pauline Priscilla Achieng,57759672,072836789,pauline.achieng@yahoo.com,1999-09-04,Female,Mombasa,Jomvu,Jomvu Kuu,"House 301, Tom Mboya Road, Kangundo"
215,Agnes Njuguna,62027391,073318964,agnes.njuguna@hotmail.com,2000-10-21,Female,Turkana,Turkana North,Kaeris,"House 281, Kiambu Road, Waiyaki"
216,Muriuki Mulandi,97280725,072229988,muriuki.mulandi@hotmail.com,1977-05-13,Female,Kakamega,Mumias West,Mutema,"House 433, Lenana Avenue, Outering"
217,Momanyi Mutai,99811868,071465887,momanyi.mutai@gmail.com,1995-08-04,Male,Nairobi,Kasarani,Clay City,"Plot 103, Lane 3, Uhuru"
218,Elizabeth Githinji,58518736,011551002,elizabeth.githinji@hotmail.com,1986-01-25,Male,Machakos,Kathiani,Upper Kaewa/Iveti,"Plot 73, Lane 13, Parklands"
219,Elijah Marete,31567333,011558001,elijah.marete@gmail.com,1971-01-18,Female,Bungoma,Bumula,South Bukusu,"House 341, Kiambu Avenue, Kiambu Road"
220,Mumo Muthoka,32293702,079495896,mumo.muthoka@gmail.com,1986-11-19,Male,Bomet,Bomet East,Longisa,"Plot 460, Lane 4, Waiyaki"
221,Gakunyi Mwakisha,68719406,010397007,gakunyi.mwakisha@outlook.com,1993-02-03,Female,Kilifi,Kilifi North,Tezo,"Plot 54, Lane 20, Likoni"
222,George Kangogo,63124525,070492842,george.kangogo@outlook.com,1973-11-09,Female,Nakuru,Molo,Elburgon,"Plot 17, Lane 5, Likoni"
223,Mwikali Musyoka,79427754,072558648,mwikali.musyoka@gmail.com,1961-02-21,Female,Kisumu,Seme,East Seme,"Plot 166, Lane 3, Limuru"
224,Bridget Wafula,60748656,011373132,bridget.wafula@yahoo.com,2001-11-01,Male,Uasin Gishu,Kapseret,Simat/Kapseret,"Plot 475, Lane 4, Athi River"
225,Jane Chepngeno,95033882,077947825,jane.chepngeno@gmail.com,1999-11-19,Male,Uasin Gishu,Soy,Moi's Bridge,"House 248, Ngong Road Road, Argwings Kodhek"
226,Kiprotich Kasina Wamalwa,22343983,075842479,kiprotich.wamalwa@yahoo.com,1994-08-14,Male,Mombasa,Nyali,Ziwa la Ng'ombe,"House 102, Kenyatta Avenue, Kikuyu"
227,Kasina Owuor Kanampiu,70317901,072135399,kasina.kanampiu@hotmail.com,1987-10-27,Female,Nyeri,Mukurweini,Mukurwe-ini West,"Plot 59, Lane 11, Kitisuru"
228,Grace Adoyo,61753132,074731035,grace.adoyo@gmail.com,1992-12-20,Female,Bomet,Sotik,Chemagel,"House 163, Likoni Street, Uhuru"
229,Kariuki Towett,87277029,070584202,kariuki.towett@gmail.com,1967-09-17,Female,Nairobi,Kasarani,Clay City,"House 49, Westlands Drive, Kangundo"
230,Momanyi Wachira,28620619,071438542,momanyi.wachira@hotmail.com,1964-02-07,Male,Meru,North Imenti,Mweronkanga,"House 453, Kilimani Road, Kenyatta"
231,Namukhula Muriuki,87562374,077793390,namukhula.muriuki@gmail.com,1995-08-08,Female,Nairobi,Dagoretti South,Mutuini,"House 428, Argwings Kodhek Street, Garden Estate"
232,Kipkorir Kipchumba Matoke,39364802,075504305,kipkorir.matoke@hotmail.com,1971-07-07,Female,Nairobi,Lang'ata,Nairobi West,"Plot 76, Lane 4, Kileleshwa"
233,Micah Mwania,17134621,077385830,micah.mwania@gmail.com,1999-07-07,Female,Nakuru,Molo,Elburgon,"Plot 312, Lane 14, Thika Superhighway"
234,Priscilla Marete Kemei,76460815,073279337,priscilla.kemei@outlook.com,1981-10-10,Female,Meru,Igembe Central,Athiru Gaiti,"Plot 379, Lane 8, Kangundo"
235,Naomi Ombati,75539501,073595523,naomi.ombati@gmail.com,1974-05-27,Male,Kiambu,Lari,Kijabe,"Plot 52, Lane 11, Kileleshwa"
236,Haggai Musalia,29850853,076997859,haggai.musalia@gmail.com,1961-01-08,Female,Kisumu,Muhoroni,Chemelil,"Plot 382, Lane 13, Karen"
237,Martin Stephen Mwendwa,48709538,071108739,martin.mwendwa@gmail.com,1974-03-17,Male,Bomet,Konoin,Embomos,"Plot 250, Lane 10, Waiyaki"
238,Paul Nabwire,77376391,010906234,paul.nabwire@yahoo.com,1979-03-24,Male,Kiambu,Lari,Kinale,"Plot 17, Lane 12, Langata"
239,Edward Nokun Nabea,21488759,074694191,edward.nabea@hotmail.com,1973-07-04,Male,Nairobi,Lang'ata,Mugumu-ini,"Plot 240, Lane 15, Argwings Kodhek"
240,Kiprotich Musyoka,72117013,011900058,kiprotich.musyoka@hotmail.com,1970-01-09,Female,Kilifi,Malindi,Jilore,"Plot 421, Lane 16, Kileleshwa"
241,Onyango Nabwire Kamau,79769403,071359214,onyango.kamau@gmail.com,1993-08-13,Male,Nairobi,Westlands,Kangemi,"House 95, River Road Avenue, Kangundo"
242,Jacqueline Jepkorir,62504528,076831541,jacqueline.jepkorir@outlook.com,1993-03-01,Male,Nakuru,Nakuru Town West,Rhoda,"Plot 298, Lane 20, Mugumo"
243,Chepkoech Cherono,85584413,075581801,chepkoech.cherono@outlook.com,1964-11-10,Male,Trans Nzoia,Kwanza,Bidii,"House 311, Tom Mboya Avenue, Kangundo"
244,Kwamboka Katua,41758221,071282450,kwamboka.katua@outlook.com,2003-02-02,Female,Uasin Gishu,Soy,Moi's Bridge,"Plot 391, Lane 1, Juja"
245,Ojwang Naliaka Kipaati,37318624,070949355,ojwang.kipaati@gmail.com,2005-10-18,Male,Nyeri,Mathira,Magutu,"House 98, Thika Superhighway Drive, Ruaraka"
246,Agnes Muthaa Kipchirchir,43739900,076837435,agnes.kipchirchir@gmail.com,1957-05-03,Male,Kisumu,Kisumu West,North Kisumu,"House 280, River Road Road, Kilimani"
247,Njuguna Koech,65866810,079875201,njuguna.koech@yahoo.com,1998-03-09,Male,Meru,Igembe Central,Akachiu,"House 116, Ruaraka Drive, Outering"
248,Masinde Leah Kilonzo,57216333,073459793,masinde.kilonzo@gmail.com,1997-10-01,Male,Kiambu,Kabete,Gitaru,"Plot 417, Lane 2, Moi Avenue"
249,Faith Deborah Anyango,39566459,077847775,faith.anyango@gmail.com,1986-11-08,Female,Kisumu,Kisumu Central,Shauri Moyo,"Plot 54, Lane 14, Outering"
250,Wanjiru Oseko,46278860,074716814,wanjiru.oseko@gmail.com,1956-05-28,Male,Uasin Gishu,Ainabkoi,Kapsoya,"Plot 228, Lane 7, Tom Mboya"
251,Nasimiyu Kathure Nabea,81774457,077544423,nasimiyu.nabea@yahoo.com,1979-03-13,Male,Mombasa,Jomvu,Jomvu Kuu,"House 410, Mugumo Avenue, Jogoo"
252,Grace Nekesa,69566993,077118105,grace.nekesa@gmail.com,2001-08-21,Female,Kilifi,Kilifi South,Chasimba,"House 142, Kilimani Avenue, Parklands"
253,Mary Njuguna,40595256,070849259,mary.njuguna@hotmail.com,1948-06-18,Female,Meru,Tigania West,Kianjai,"Plot 260, Lane 17, Westlands"
254,Veronica Wabomba,31516822,075146777,veronica.wabomba@gmail.com,1995-02-20,Female,Kiambu,Githunguri,Ikinu,"Plot 426, Lane 5, Tom Mboya"
255,Hope Wafula,58582114,073577963,hope.wafula@gmail.com,1977-08-24,Male,Bomet,Bomet Central,Singorwet,"Plot 287, Lane 12, Argwings Kodhek"
256,Vincent Muthoka,29917719,079618206,vincent.muthoka@yahoo.com,1994-08-01,Male,Kiambu,Limuru,Ndeiya,"Plot 381, Lane 2, Kangundo"
257,Nasimiyu Andrew Wanjala,70249712,076761475,nasimiyu.wanjala@gmail.com,1963-08-23,Female,Nairobi,Dagoretti North,Kilimani,"Plot 304, Lane 15, Mugumo"
258,Dorothy Kipkirui,29219517,070953527,dorothy.kipkirui@hotmail.com,1981-07-17,Female,Kiambu,Lari,Nyanduma,"Plot 146, Lane 10, Argwings Kodhek"
259,Agnes Marete,10894575,077972944,agnes.marete@outlook.com,1979-10-14,Male,Meru,South Imenti,Igoji West,"Plot 471, Lane 4, Mombasa Road"
260,Cynthia Mwakideu,52253072,070554429,cynthia.mwakideu@gmail.com,1975-04-27,Female,Kisumu,Nyakach,South West Nyakach,"Plot 71, Lane 8, Moi Avenue"
261,Musyoka Gakii Wairimu,92326231,076761679,musyoka.wairimu@yahoo.com,1976-11-06,Male,Nyeri,Kieni,Mwiyogo/Endarasha,"House 408, Ruaraka Avenue, Ruaraka"
262,Chepkorir Mutune,75655873,079532016,chepkorir.mutune@yahoo.com,2001-04-28,Female,Bungoma,Mt. Elgon,Elgon,"Plot 346, Lane 13, Kenyatta"
263,Hope Wamuyu,12673605,011122143,hope.wamuyu@outlook.com,2000-06-25,Male,Bungoma,Sirisia,Lwandanyi,"Plot 108, Lane 7, Thika Superhighway"
264,Beatrice Naisula Njuguna,13254023,073762233,beatrice.njuguna@outlook.com,1985-02-27,Female,Bungoma,Webuye West,Matulo,"Plot 40, Lane 14, Parklands"
265,Muthuri Mitei,60543809,074550399,muthuri.mitei@gmail.com,1971-08-10,Male,Trans Nzoia,Cherangany,Cherangany/Suwerwa,"House 9, Moi Avenue Drive, Tom Mboya"
266,Wekesa Gladys Mbaka,89646079,073187963,wekesa.mbaka@gmail.com,1976-12-27,Male,Kisumu,Kisumu West,South West Kisumu,"Plot 211, Lane 11, Kenyatta"
267,Awino Nyambura Chepngeno,31755769,078884490,awino.chepngeno@gmail.com,2000-02-02,Female,Nyeri,Othaya,Iria-ini,"House 72, Thika Superhighway Drive, Ruaraka"
268,Margaret Auma,28164926,072649850,margaret.auma@outlook.com,1976-03-05,Female,Mombasa,Changamwe,Miritini,"Plot 356, Lane 15, Ngong"
269,Kagendo Mbaka,98498817,073181239,kagendo.mbaka@yahoo.com,1993-03-09,Female,Kisumu,Kisumu West,West Kisumu,"House 414, Ngong Road Drive, Jogoo"
270,David Kipchumba,25743269,073687354,david.kipchumba@gmail.com,1982-06-10,Female,Kilifi,Kaloleni,Mwanamwinga,"House 325, Karen Street, Limuru"
271,Mark Gichuru Chepkorir,36284674,077478526,mark.chepkorir@yahoo.com,2004-02-12,Male,Trans Nzoia,Cherangany,Sitatunga,"Plot 332, Lane 16, Lavington"
272,Jebet Nabwire Kagwe,17522634,077768444,jebet.kagwe@outlook.com,1997-05-28,Male,Kiambu,Lari,Kinale,"House 460, Ngong Road Avenue, Kiambu Road"
273,Mwania Mwinyi,33215400,010883106,mwania.mwinyi@outlook.com,1960-09-12,Female,Nairobi,Lang'ata,Nyayo Highrise,"Plot 46, Lane 3, Athi River"
274,Naserian Mworoa Kinyua,33891297,074247247,naserian.kinyua@yahoo.com,1995-05-07,Male,Kiambu,Githunguri,Ikinu,"Plot 48, Lane 19, Kenyatta"
275,Michael Ali,84036002,011932878,michael.ali@gmail.com,1972-04-15,Male,Kiambu,Kiambu,Ndumberi,"Plot 240, Lane 12, Thika"
276,Chebet Momanyi,12919231,077948530,chebet.momanyi@yahoo.com,1985-12-13,Female,Mombasa,Jomvu,Miritini,"House 248, Lenana Avenue, Ngong Road"
277,Joy Kivuva,22133101,074931377,joy.kivuva@outlook.com,1970-03-15,Male,Nairobi,Dagoretti North,Kawangware,"Plot 158, Lane 8, Waiyaki"
278,Isaac Naliaka Hassan,62019290,072433821,isaac.hassan@outlook.com,1999-05-27,Female,Machakos,Matungulu,Matungulu West,"Plot 37, Lane 19, Kasarani"
279,Githinji Awiti Awino,55578549,076785815,githinji.awino@gmail.com,1991-11-27,Male,Mombasa,Kisauni,Mtopanga,"House 204, Kikuyu Road, Limuru"
280,Evelyn Collins Katua,44715287,011764920,evelyn.katua@gmail.com,1994-09-12,Female,Bungoma,Webuye East,Maraka,"Plot 403, Lane 14, Ruiru"
281,Akinyi Koech,43866730,076453854,akinyi.koech@yahoo.com,1956-05-06,Female,Nakuru,Molo,Marioshoni,"House 153, Juja Road, Kiambu Road"
282,Awino Jepkoech Kipkorir,91786040,011768796,awino.kipkorir@outlook.com,1997-12-03,Male,Nakuru,Kuresoi South,Tinet,"House 95, River Road Avenue, Kitisuru"
283,Lois Opiyo,46598410,070526962,lois.opiyo@gmail.com,1979-05-09,Male,Mombasa,Mvita,Tononoka,"Plot 116, Lane 11, Langata"
284,Chepkoech Ondieki,76971243,073658094,chepkoech.ondieki@yahoo.com,1967-01-22,Female,Nyeri,Tetu,Dedan Kimathi,"Plot 177, Lane 17, Garden Estate"
285,Joel Silas Wekesa,27676124,076736613,joel.wekesa@hotmail.com,1994-04-04,Female,Kisumu,Kisumu West,Central Kisumu,"Plot 210, Lane 7, Garden Estate"
286,Kathure Kamau,54836082,011586561,kathure.kamau@yahoo.com,1962-10-21,Female,Kakamega,Shinyalu,Isukha West,"Plot 317, Lane 20, Kitisuru"
287,Leah Barasa,33516421,077847417,leah.barasa@hotmail.com,1982-01-07,Female,Kisumu,Seme,Central Seme,"Plot 408, Lane 15, Moi Avenue"
288,Rose Mokua,18024377,074951089,rose.mokua@gmail.com,1984-06-13,Male,Meru,South Imenti,Abogeta West,"Plot 54, Lane 9, Ruiru"
289,Mutwiri Victor Kipngetich,54380596,011572253,mutwiri.kipngetich@yahoo.com,1982-03-05,Male,Kisumu,Kisumu East,Kolwa East,"Plot 366, Lane 6, Lenana"
290,Kanana Jepkoech,79366132,076600143,kanana.jepkoech@yahoo.com,1990-03-19,Male,Nyeri,Mathira,Kirimukuyu,"House 444, Lenana Street, Tom Mboya"
291,Jonah Mulwa,95716350,070980779,jonah.mulwa@outlook.com,1985-04-24,Female,Kiambu,Kabete,Gitaru,"Plot 169, Lane 9, Kileleshwa"
292,Jebet Munyao Muriuki,40546109,073714127,jebet.muriuki@outlook.com,1970-01-11,Male,Bungoma,Sirisia,Namwela,"Plot 227, Lane 7, Ruiru"
293,Anna Mueni Koech,54109233,078606755,anna.koech@yahoo.com,1959-09-08,Female,Nakuru,Naivasha,Maiella,"House 58, Waiyaki Street, Juja"
294,Kwamboka Nokun Awino,52951801,011656164,kwamboka.awino@gmail.com,1997-04-19,Male,Machakos,Kathiani,Kathiani Central,"Plot 403, Lane 6, River Road"
295,Susan Patrick Kipkemoi,65985387,070899248,susan.kipkemoi@hotmail.com,1999-11-26,Female,Nairobi,Lang'ata,Mugumu-ini,"House 107, Kitisuru Avenue, Ngong"
296,Isaiah Wanjala,16174008,011791450,isaiah.wanjala@gmail.com,1978-04-09,Female,Turkana,Turkana South,Kalamon,"House 29, Kilimani Avenue, Kileleshwa"
297,David Lenguro,98676416,074683715,david.lenguro@yahoo.com,1978-02-28,Male,Bungoma,Webuye East,Ndivisi,"Plot 95, Lane 8, Karen"
298,Cynthia Simon Chepkorir,14306243,078937055,cynthia.chepkorir@gmail.com,1973-06-21,Male,Nairobi,Westlands,Kitisuru,"Plot 273, Lane 17, Ruiru"
299,Wanjiru Mutua,10852813,079968454,wanjiru.mutua@gmail.com,2004-03-09,Female,Nyeri,Mukurweini,Mukurwe-ini West,"House 335, Kasarani Avenue, Athi River"
300,Leshan Kanampiu Ochieng,41269891,073909862,leshan.ochieng@gmail.com,2002-08-04,Male,Kilifi,Rabai,Mwawesa,"Plot 195, Lane 15, Karen"
301,Kioko Auma,78036333,075601197,kioko.auma@gmail.com,1995-01-13,Female,Kilifi,Rabai,Mwawesa,"House 159, Argwings Kodhek Drive, Lenana"
302,Wachira Githinji,38162314,011793058,wachira.githinji@gmail.com,1991-07-06,Female,Kiambu,Lari,Kijabe,"House 451, Kikuyu Street, Lenana"
303,Agnes Chepngeno,80491768,072265855,agnes.chepngeno@gmail.com,1979-07-03,Male,Nairobi,Lang'ata,South C,"Plot 226, Lane 20, Kasarani"
304,Oduya Eunice Lubanga,47889634,079210339,oduya.lubanga@gmail.com,1995-05-11,Male,Meru,Central Imenti,Mwangathia,"Plot 217, Lane 5, Kiambu Road"
305,Mumo Korir,87470671,076574065,mumo.korir@hotmail.com,1975-08-04,Female,Meru,South Imenti,Abogeta East,"Plot 131, Lane 16, Kikuyu"
306,Kiprotich Simon Koech,84262472,071629241,kiprotich.koech@gmail.com,1992-09-07,Female,Nairobi,Kasarani,Mwiki,"House 376, Kitisuru Street, Ngong"
307,Akinyi Zechariah Mutua,66541115,077590737,akinyi.mutua@gmail.com,1967-02-09,Female,Meru,Tigania East,Kiguchwa,"Plot 387, Lane 5, Kilimani"
308,Mutheu Mwirigi Munyao,53952205,070767687,mutheu.munyao@gmail.com,1979-11-20,Male,Mombasa,Mvita,Shimanzi,"House 278, Waiyaki Drive, Ruiru"
309,Kebaso Martin Mwangolo,66596142,070769054,kebaso.mwangolo@gmail.com,1990-12-09,Female,Trans Nzoia,Cherangany,Kaplamai,"Plot 183, Lane 4, Kenyatta"
310,Wanyonyi Ombati Senteu,58412445,079805282,wanyonyi.senteu@outlook.com,1990-12-24,Male,Nairobi,Kasarani,Njiru,"House 20, Athi River Drive, Thika Superhighway"
311,Mwirigi Muema,53555317,077833064,mwirigi.muema@hotmail.com,1996-04-18,Male,Bungoma,Webuye East,Maraka,"House 400, River Road Drive, Argwings Kodhek"
312,Peace Kilonzo,31369793,072438438,peace.kilonzo@gmail.com,1989-09-23,Female,Machakos,Kathiani,Kathiani Central,"Plot 102, Lane 20, Westlands"
313,Jepkorir Mwangolo,13537870,077335372,jepkorir.mwangolo@outlook.com,1956-04-15,Male,Machakos,Mavoko,Kinanie,"House 125, Mugumo Drive, Mombasa Road"
314,Kipkemoi Kipkoech,43137733,011664422,kipkemoi.kipkoech@yahoo.com,2003-09-23,Male,Mombasa,Kisauni,Mjambere,"House 368, Langata Street, Argwings Kodhek"
315,Owuor Mwirigi Kenga,86471037,074863112,owuor.kenga@gmail.com,1975-03-13,Male,Kiambu,Limuru,Ndeiya,"Plot 170, Lane 17, Waiyaki"
316,Kaloki Wangari,76434426,011225304,kaloki.wangari@gmail.com,1996-12-22,Male,Kakamega,Shinyalu,Isukha West,"Plot 434, Lane 4, Thika"
317,Emily Awuor Nafula,84776506,070815873,emily.nafula@gmail.com,2004-09-01,Male,Nairobi,Lang'ata,Mugumu-ini,"Plot 440, Lane 6, Lenana"
318,Wachira Marete,26144121,011426804,wachira.marete@hotmail.com,1999-10-17,Male,Kiambu,Kiambu,Kihara,"House 314, Ngong Drive, Kiambu"
319,Grace Mutwiri,81393856,078513332,grace.mutwiri@outlook.com,1969-03-15,Male,Bungoma,Kanduyi,West Sang'alo,"Plot 194, Lane 1, Uhuru"
320,Barnabas Leshan Wangari,61660590,073468852,barnabas.wangari@hotmail.com,2003-07-24,Male,Mombasa,Jomvu,Mikindani,"Plot 467, Lane 15, Lavington"
321,Timothy Jonathan Oduya,16007154,072248551,timothy.oduya@yahoo.com,1969-07-22,Male,Kisumu,Nyakach,Central Nyakach,"House 210, Karen Drive, Jogoo"
322,Onyango Opiyo,32463582,011368958,onyango.opiyo@hotmail.com,1982-05-18,Female,Nakuru,Subukia,Waseges,"House 203, Kileleshwa Street, Ruiru"
323,Simon Chepkirui Langat,69327432,079906487,simon.langat@gmail.com,1982-04-25,Male,Kiambu,Githunguri,Githunguri,"House 175, Mugumo Avenue, Kiambu"
324,Erick Ndegwa,90753445,078401787,erick.ndegwa@yahoo.com,2004-01-04,Male,Machakos,Masinga,Ndithini,"House 317, Kasarani Avenue, Kitisuru"
325,Kevin Nabwire,61911006,077884407,kevin.nabwire@gmail.com,1974-11-15,Female,Mombasa,Jomvu,Miritini,"Plot 115, Lane 6, Lenana"
326,Ronald Gilbert Kioko,69578294,076586032,ronald.kioko@gmail.com,1984-12-17,Female,Kiambu,Ruiru,Kahawa Sukari,"Plot 461, Lane 14, Lenana"
327,Irene Catherine Mwania,13199132,011316481,irene.mwania@gmail.com,1968-12-22,Female,Kisumu,Kisumu West,West Kisumu,"Plot 211, Lane 8, Kiambu"
328,Naipanoi John Mburu,88309134,077598165,naipanoi.mburu@gmail.com,1990-09-06,Male,Trans Nzoia,Endebess,Chepchoina,"House 273, Likoni Drive, Ruiru"
329,Wanjiru Saidimu,58638387,077713302,wanjiru.saidimu@yahoo.com,1970-08-22,Male,Kisumu,Kisumu Central,Market Milimani,"Plot 91, Lane 10, Westlands"
330,Flora Jebiwott Gichuru,16980807,010350404,flora.gichuru@outlook.com,2006-06-02,Female,Kiambu,Kikuyu,Sigona,"Plot 283, Lane 20, Ngong Road"
331,Anna Stephen Omar,45109738,078302273,anna.omar@gmail.com,2000-11-03,Female,Kilifi,Kaloleni,Mwanamwinga,"House 413, Kitisuru Street, Thika"
332,Simiyu Jepchumba Bett,36779296,011185097,simiyu.bett@gmail.com,1960-07-26,Female,Machakos,Mavoko,Athi River,"House 165, Parklands Street, Tom Mboya"
333,Opiyo Grace Awuor,40563463,072513839,opiyo.awuor@yahoo.com,1981-09-21,Male,Nakuru,Molo,Turi,"Plot 272, Lane 9, Moi Avenue"
334,James Isaiah Mutinda,59720070,077414831,james.mutinda@outlook.com,2006-04-08,Female,Uasin Gishu,Soy,Ziwa,"Plot 451, Lane 13, Athi River"
335,Chepkoech Munyori,39124413,071117185,chepkoech.munyori@gmail.com,1991-01-16,Male,Kakamega,Butere,Marama North,"House 250, Langata Drive, Ngong"
336,Joel Kimani,94759650,072455027,joel.kimani@yahoo.com,1972-02-20,Female,Nairobi,Dagoretti South,Riruta,"Plot 190, Lane 16, Thika"
337,Ongeri Omar,41812000,073612321,ongeri.omar@yahoo.com,1962-02-13,Female,Bungoma,Webuye East,Mihuu,"House 237, Thika Superhighway Avenue, Ruaraka"
338,James Onsongo,91170992,078309776,james.onsongo@outlook.com,2000-10-20,Female,Nairobi,Kasarani,Clay City,"Plot 410, Lane 8, Thika Superhighway"
339,Victor Gitobu Musila,71195665,074307388,victor.musila@outlook.com,1973-03-11,Male,Bomet,Sotik,Ndanai/Abosi,"Plot 245, Lane 11, Garden Estate"
340,Edith Mburu,28778595,072207220,edith.mburu@yahoo.com,1957-06-12,Male,Nakuru,Molo,Turi,"Plot 206, Lane 17, Ruaraka"
341,Isaiah Moraa Njuguna,30485751,072624900,isaiah.njuguna@gmail.com,1988-07-01,Male,Mombasa,Kisauni,Mtopanga,"Plot 282, Lane 7, Likoni"
342,Habakkuk Ndunge Mutai,91553176,074450733,habakkuk.mutai@gmail.com,1965-11-10,Female,Mombasa,Nyali,Kongowea,"Plot 58, Lane 4, Kikuyu"
343,Nyambura Ojwang,54819596,073623860,nyambura.ojwang@hotmail.com,1980-07-20,Female,Bungoma,Kimilili,Kamukuywa,"House 408, Garden Estate Street, Mombasa Road"
344,Leah Ojwang,66796333,011490931,leah.ojwang@gmail.com,1971-01-04,Male,Nakuru,Kuresoi South,Tinet,"House 471, Karen Road, Ruiru"
345,Anthony Martin Wangari,72505408,076283524,anthony.wangari@hotmail.com,1965-02-25,Female,Nyeri,Nyeri Town,Kiganjo/Mathari,"Plot 411, Lane 9, Ngong"
346,Nicholas Mwakisha,83957197,078252773,nicholas.mwakisha@gmail.com,1973-10-13,Male,Kakamega,Khwisero,Kisa West,"Plot 346, Lane 12, Ruaraka"
347,Mutheu Jane Juma,25016273,078670421,mutheu.juma@gmail.com,1991-09-22,Male,Bomet,Chepalungu,Sigour,"House 167, Ruaraka Avenue, Ruiru"
348,Okoth Juma,42458322,011525847,okoth.juma@gmail.com,1994-04-01,Male,Nairobi,Dagoretti South,Mutuini,"House 424, Karen Road, Kikuyu"
349,Muthoni Maina Oseko,44330502,011596602,muthoni.oseko@hotmail.com,1985-02-14,Female,Machakos,Yatta,Kithimani,"Plot 195, Lane 16, Kitisuru"
350,Judith Chepkorir Githua,89648700,010918764,judith.githua@gmail.com,1968-03-15,Male,Kiambu,Lari,Kamburu,"Plot 130, Lane 17, Kilimani"
351,Mueni Naisula Katua,34518599,073456589,mueni.katua@hotmail.com,1978-12-15,Female,Kilifi,Kilifi North,Tezo,"House 68, Limuru Road, Thika"
352,Gakii Jonathan Mwangolo,78063630,073244207,gakii.mwangolo@gmail.com,1994-11-07,Male,Kakamega,Khwisero,Kisa West,"House 405, Kangundo Drive, Westlands"
353,Kiprop Kipkirui,74476742,011323934,kiprop.kipkirui@gmail.com,1981-02-06,Female,Kakamega,Mumias East,Lusheya/Lubinu,"House 75, Thika Road, Outering"
354,Nicholas Kemunto Kemei,27089453,077744764,nicholas.kemei@hotmail.com,1977-11-06,Male,Kiambu,Lari,Nyanduma,"Plot 222, Lane 14, Westlands"
355,Habakkuk Kiprop Onsongo,72992151,075195407,habakkuk.onsongo@yahoo.com,1969-10-21,Female,Nairobi,Kasarani,Kasarani,"Plot 305, Lane 11, Mombasa Road"
356,Matthew Salim,53103015,073936795,matthew.salim@gmail.com,1969-12-10,Male,Uasin Gishu,Turbo,Huruma,"House 455, Ngong Road Drive, Kikuyu"
357,Mumo Nafula,71036929,078711931,mumo.nafula@outlook.com,1978-05-02,Male,Turkana,Turkana East,Lokichar,"Plot 224, Lane 4, Kangundo"
358,Gichuru Mwirigi Kibathi,48143081,076352371,gichuru.kibathi@gmail.com,1979-05-18,Male,Nakuru,Rongai,Soin,"Plot 300, Lane 8, Garden Estate"
359,Rimberia Naipanoi Gichuki,68410653,079728848,rimberia.gichuki@outlook.com,1975-02-14,Male,Meru,Central Imenti,Kabachi,"Plot 12, Lane 9, Tom Mboya"
360,Anthony Odhiambo,37800640,073429474,anthony.odhiambo@gmail.com,1994-04-13,Male,Uasin Gishu,Ainabkoi,Kapsoya,"House 232, Moi Avenue Road, Westlands"
361,Isaiah Irene Otieno,90410541,078949495,isaiah.otieno@gmail.com,2000-01-25,Female,Kiambu,Kabete,Muguga,"Plot 26, Lane 17, Garden Estate"
362,Veronica Mutisya,41708297,070946964,veronica.mutisya@hotmail.com,1964-02-09,Female,Kilifi,Kilifi South,Mtepeni,"House 284, Ruiru Street, Athi River"
363,Jebet Wanyonyi,59283521,079921200,jebet.wanyonyi@gmail.com,1983-02-23,Male,Kiambu,Kabete,Gitaru,"Plot 70, Lane 15, Tom Mboya"
364,Lenguro Mbuthia,65353136,076494206,lenguro.mbuthia@gmail.com,2002-01-07,Female,Kakamega,Mumias West,Mutema,"Plot 203, Lane 1, Waiyaki"
365,Adhiambo Kevin Rono,97702160,076181918,adhiambo.rono@yahoo.com,1986-08-02,Female,Bomet,Bomet Central,Silibwet Township,"Plot 100, Lane 17, Ngong Road"
366,Stephen Leah Mitei,16833876,011642111,stephen.mitei@yahoo.com,1983-07-25,Female,Mombasa,Mvita,Majengo,"House 79, Outering Drive, Westlands"
367,Jane Chepkoech Kanampiu,67299090,078695787,jane.kanampiu@gmail.com,1950-02-06,Male,Nyeri,Mathira,Konyu,"House 240, Westlands Street, Langata"
368,Kemunto Mukami Njoroge,54044033,078415169,kemunto.njoroge@gmail.com,1970-10-10,Male,Kilifi,Kaloleni,Mwanamwinga,"House 115, Kiambu Street, Garden Estate"
369,Mercy Martin Mugo,30675696,076596159,mercy.mugo@hotmail.com,1983-05-08,Male,Mombasa,Nyali,Kongowea,"House 221, Karen Avenue, River Road"
370,Chepkoech Mueni Kinyua,14386856,072405579,chepkoech.kinyua@hotmail.com,1990-12-12,Male,Machakos,Machakos Town,Kalama,"Plot 170, Lane 19, Waiyaki"
371,Mutwiri Otieno,79107561,071620529,mutwiri.otieno@yahoo.com,1959-06-22,Female,Kiambu,Limuru,Limuru East,"Plot 157, Lane 13, Outering"
372,Auma Nabwire,52943014,079350876,auma.nabwire@outlook.com,1973-11-22,Male,Bomet,Konoin,Embomos,"Plot 459, Lane 2, Karen"
373,David Lubanga,66686642,010430079,david.lubanga@hotmail.com,1992-03-01,Male,Nyeri,Kieni,Mwiyogo/Endarasha,"House 250, Likoni Avenue, Parklands"
374,Kamau Pauline Mwaura,37073491,073254985,kamau.mwaura@gmail.com,1986-09-09,Female,Kisumu,Nyando,Awasi/Onjiko,"House 233, Uhuru Avenue, Lavington"
375,Senteu Koross,40799334,010707716,senteu.koross@gmail.com,1989-01-08,Female,Bomet,Bomet Central,Ndarawetta,"Plot 221, Lane 3, Mugumo"
376,Kasina Kimani,20694051,075778264,kasina.kimani@gmail.com,1970-12-24,Male,Kiambu,Kabete,Nyathuna,"House 83, Kenyatta Street, Likoni"
377,Namukhula Ogero,81751708,077635591,namukhula.ogero@gmail.com,1968-02-12,Female,Bungoma,Webuye East,Mihuu,"House 280, Tom Mboya Road, Ngong"
378,Kioko Ngeno,88699165,011831229,kioko.ngeno@gmail.com,1955-11-25,Male,Mombasa,Nyali,Kongowea,"House 102, Kiambu Road Road, Lenana"
379,Amos Nabea,55728427,071755303,amos.nabea@outlook.com,1978-04-10,Female,Kisumu,Seme,East Seme,"House 29, Lavington Street, Kileleshwa"
380,Mulwa Kiprop Salim,80458179,079728669,mulwa.salim@hotmail.com,1976-05-25,Female,Nakuru,Nakuru Town West,London,"Plot 119, Lane 10, Parklands"
381,Achieng Githua,88960861,070212018,achieng.githua@hotmail.com,2003-07-18,Male,Nairobi,Dagoretti North,Kawangware,"Plot 87, Lane 19, Ngong Road"
382,Agnes Awino,62135687,073965101,agnes.awino@yahoo.com,1983-10-14,Male,Trans Nzoia,Saboti,Tuwani,"Plot 362, Lane 20, Ruiru"
383,Okoth Kimeu Tsuma,47117787,071702485,okoth.tsuma@gmail.com,1985-12-01,Male,Kakamega,Khwisero,Kisa East,"House 76, Juja Road, Kiambu"
384,Simon Martin Wachira,72220991,072164387,simon.wachira@outlook.com,1983-09-10,Female,Kiambu,Kiambu,Riabai,"Plot 144, Lane 1, Mombasa Road"
385,Wambui Beatrice Maingi,61617675,073678548,wambui.maingi@yahoo.com,1953-12-12,Male,Kisumu,Muhoroni,Muhoroni/Koru,"Plot 410, Lane 13, Thika Superhighway"
386,Lilian Nokun Achieng,67022224,074829837,lilian.achieng@outlook.com,1982-11-27,Male,Bomet,Konoin,Embomos,"Plot 195, Lane 7, Kileleshwa"
387,Judith George Karanja,81803895,011176130,judith.karanja@gmail.com,1969-12-05,Male,Kiambu,Ruiru,Kahawa Sukari,"Plot 19, Lane 19, Kileleshwa"
388,Gladys Ojwang,54391723,071193019,gladys.ojwang@yahoo.com,1992-01-14,Male,Machakos,Kathiani,Lower Kaewa/Iveti,"House 14, Garden Estate Road, Limuru"
389,Muthoni Gikonyo,37402375,075757594,muthoni.gikonyo@outlook.com,1989-07-05,Male,Machakos,Matungulu,Matungulu North,"Plot 4, Lane 2, Tom Mboya"
390,Cherono Sigei,86140861,073570872,cherono.sigei@gmail.com,1989-05-11,Female,Kiambu,Ruiru,Gatong'ora,"Plot 152, Lane 18, River Road"
391,Kebaso Wachira,91456926,078177775,kebaso.wachira@gmail.com,1974-09-03,Male,Kiambu,Githunguri,Githiga,"Plot 219, Lane 7, Lavington"
392,Wangeci Peter Barasa,32135715,011878251,wangeci.barasa@outlook.com,1965-04-16,Male,Bomet,Sotik,Rongena/Manaret,"House 30, Kasarani Road, Lenana"
393,Zechariah Mutua Nzioka,48785862,078751852,zechariah.nzioka@outlook.com,1986-09-14,Female,Mombasa,Changamwe,Changamwe,"Plot 454, Lane 12, Kenyatta"
394,Thomas Kiprop,87420166,076865040,thomas.kiprop@gmail.com,1979-01-14,Male,Kiambu,Limuru,Limuru East,"House 396, Argwings Kodhek Street, Kitisuru"
395,Bosibori Mumo Gitonga,80910084,010167282,bosibori.gitonga@gmail.com,1993-03-23,Female,Kakamega,Butere,Marama Central,"Plot 209, Lane 1, Waiyaki"
396,Andrew Muthaa Osebe,15679986,072522868,andrew.osebe@outlook.com,1969-09-22,Male,Kiambu,Ruiru,Gatong'ora,"Plot 194, Lane 9, Kangundo"
397,Charity Atieno Wairimu,49107858,073314580,charity.wairimu@hotmail.com,1997-06-07,Male,Kilifi,Kaloleni,Kaloleni,"Plot 373, Lane 5, River Road"
398,Kemunto Njuguna,14665068,011180573,kemunto.njuguna@hotmail.com,1974-09-16,Female,Bungoma,Webuye East,Ndivisi,"House 257, Kileleshwa Road, Athi River"
399,Muthuri Nabwire Musalia,65768929,070751226,muthuri.musalia@yahoo.com,1987-06-05,Female,Nyeri,Tetu,Aguthi/Gaaki,"Plot 446, Lane 19, Ruiru"
400,Auma Samuel Wanyonyi,55324613,076180472,auma.wanyonyi@gmail.com,1978-12-10,Male,Nairobi,Kibra,Woodley,"Plot 323, Lane 11, Lenana"
401,Benjamin Gathoni Chepkwony,61846177,072818178,benjamin.chepkwony@gmail.com,1993-02-06,Female,Bungoma,Kanduyi,Marakaru/Tuuti,"Plot 419, Lane 18, Kilimani"
402,Wairimu Mwendwa,70053039,011303496,wairimu.mwendwa@gmail.com,1999-09-24,Female,Trans Nzoia,Endebess,Endebess,"House 120, Lavington Road, Karen"
403,Kagendo Kipaati,64070291,011726891,kagendo.kipaati@outlook.com,1981-10-19,Female,Kilifi,Magarini,Sabaki,"House 329, Mombasa Road Drive, Garden Estate"
404,Kioko Momanyi Gichuki,49517947,011248155,kioko.gichuki@outlook.com,1985-01-14,Male,Uasin Gishu,Soy,Kipsomba,"House 204, Kangundo Drive, Kiambu"
405,Esther Mwikali,25811556,072828910,esther.mwikali@yahoo.com,1971-03-13,Male,Uasin Gishu,Moiben,Sergoit,"House 48, Uhuru Drive, Jogoo"
406,Kinya Mutua,42292892,079934963,kinya.mutua@outlook.com,1962-01-28,Male,Nairobi,Dagoretti North,Kileleshwa,"House 4, Langata Drive, Mugumo"
407,Awiti Wabomba,19819744,011437004,awiti.wabomba@gmail.com,1975-11-17,Female,Kiambu,Lari,Kamburu,"House 26, Likoni Street, Kiambu"
408,Awiti Lubanga,93938382,077503149,awiti.lubanga@hotmail.com,1971-10-03,Male,Bungoma,Kanduyi,Buokhwe,"Plot 346, Lane 3, Thika Superhighway"
409,Kilonzo Omondi,20548786,079271319,kilonzo.omondi@gmail.com,1999-04-27,Male,Mombasa,Mvita,Tononoka,"Plot 254, Lane 12, Athi River"
410,Rweria Wekesa Mwango,67869281,074398593,rweria.mwango@hotmail.com,1984-05-27,Female,Nairobi,Lang'ata,Nyayo Highrise,"Plot 464, Lane 16, Kiambu"
411,Moraa Kwamboka Musila,82391660,073220570,moraa.musila@outlook.com,1996-06-14,Female,Nairobi,Dagoretti North,Kileleshwa,"House 403, Kitisuru Drive, Ruaraka"
412,Aoko Mwakisha,34219451,073759737,aoko.mwakisha@gmail.com,1962-07-22,Male,Nyeri,Mathira,Ruguru,"House 230, Ngong Road Avenue, Kasarani"
413,Cecilia Namukhula,12169801,072233037,cecilia.namukhula@hotmail.com,2000-01-20,Female,Machakos,Mavoko,Syokimau/Mulolongo,"House 150, Kenyatta Avenue, Outering"
414,Onditi Timothy Mwirigi,74102579,073665465,onditi.mwirigi@outlook.com,1961-10-15,Male,Kiambu,Kikuyu,Kinoo,"House 254, Westlands Drive, Athi River"
415,Syombua Kenga,41874244,075154391,syombua.kenga@yahoo.com,1978-06-25,Female,Turkana,Loima,Loima,"House 16, Athi River Street, Lavington"
416,Kipkemoi Kenga,87316551,074927887,kipkemoi.kenga@gmail.com,1990-04-18,Male,Bomet,Konoin,Chepchabs,"Plot 85, Lane 11, River Road"
417,Judy Gichuki,62508567,075483573,judy.gichuki@gmail.com,1977-07-28,Male,Kisumu,Kisumu East,Manyatta 'B',"Plot 423, Lane 1, Mombasa Road"
418,Wachira Nganga,38210669,076422521,wachira.nganga@gmail.com,1980-06-07,Female,Nairobi,Kasarani,Mwiki,"Plot 419, Lane 17, Karen"
419,Emily Ombati,91211357,011975468,emily.ombati@gmail.com,1975-03-08,Male,Kilifi,Ganze,Jaribuni,"Plot 456, Lane 11, Limuru"
420,Evelyn Jepkoech,52590946,011847295,evelyn.jepkoech@outlook.com,1988-05-20,Female,Trans Nzoia,Kwanza,Bidii,"House 70, Ngong Road Road, Kitisuru"
421,Peter Zechariah Kipngetich,37392666,010763753,peter.kipngetich@gmail.com,1981-05-10,Male,Nakuru,Naivasha,Maiella,"House 301, Tom Mboya Drive, Tom Mboya"
422,Achieng Mwikali Mutwiri,82929177,011956011,achieng.mutwiri@gmail.com,2000-03-07,Male,Uasin Gishu,Kesses,Racecourse,"Plot 31, Lane 1, Parklands"
423,Kaloki Grace Rono,44942332,011480829,kaloki.rono@yahoo.com,1982-03-28,Male,Kisumu,Kisumu East,Manyatta 'B',"House 262, Kiambu Drive, Parklands"
424,Catherine Kivuva,39161475,079787232,catherine.kivuva@yahoo.com,1999-01-11,Male,Kiambu,Ruiru,Kahawa Sukari,"House 52, Likoni Avenue, Limuru"
425,Kinya Isaac Kioko,76183001,073269409,kinya.kioko@outlook.com,2001-10-11,Female,Kiambu,Githunguri,Ngewa,"Plot 458, Lane 19, Kikuyu"
426,Kiprop Leshan,79651607,073237015,kiprop.leshan@gmail.com,1984-02-05,Female,Bungoma,Webuye West,Sitikho,"Plot 89, Lane 2, Ngong"
427,Ndunge Naisula Maina,41713949,076776758,ndunge.maina@gmail.com,1990-06-04,Male,Mombasa,Kisauni,Bamburi,"House 12, Karen Street, Parklands"
428,Jonah Wanyoike,25457874,072517143,jonah.wanyoike@gmail.com,1989-04-06,Male,Nairobi,Kasarani,Kamulu,"House 239, Athi River Street, Likoni"
429,Brenda Bosibori Musila,36568577,079883048,brenda.musila@outlook.com,2002-07-13,Female,Nakuru,Naivasha,Biashara-Naivasha,"House 334, Kikuyu Avenue, Athi River"
430,Martha Mutisya Macharia,59221290,075856625,martha.macharia@gmail.com,1987-12-21,Female,Nairobi,Dagoretti North,Gatina,"Plot 422, Lane 4, Ruaraka"
431,Jepkorir Lilian Gichuru,17222980,076229093,jepkorir.gichuru@gmail.com,1989-08-09,Male,Nairobi,Kibra,Sarang'ombe,"House 369, Kilimani Road, Juja"
432,Muthoni Wambui Simiyu,92696535,075525239,muthoni.simiyu@hotmail.com,1989-08-12,Female,Kakamega,Butere,Marama West,"House 303, Lenana Avenue, Juja"
433,Wachira George Auma,84335596,073205253,wachira.auma@gmail.com,2002-08-06,Male,Kakamega,Lugari,Manda/Shivanga,"House 50, Mugumo Avenue, Thika Superhighway"
434,Margaret Okello Salim,16415390,074478662,margaret.salim@hotmail.com,1968-04-26,Male,Kakamega,Mumias East,East Wanga,"Plot 9, Lane 6, Kitisuru"
435,Erick Nafula,62831328,076963180,erick.nafula@gmail.com,1976-04-27,Male,Nairobi,Lang'ata,Karen,"Plot 137, Lane 14, Kilimani"
436,Kamau Anyango Kipkemboi,52502178,011280481,kamau.kipkemboi@gmail.com,1977-10-10,Female,Machakos,Yatta,Ikombe,"House 253, River Road Road, Thika Superhighway"
437,Beatrice Kebaso,43318451,073971279,beatrice.kebaso@gmail.com,1980-12-23,Male,Bomet,Konoin,Embomos,"Plot 313, Lane 1, Ruiru"
438,Omondi Otieno,98484896,070761467,omondi.otieno@outlook.com,1964-09-26,Female,Nairobi,Dagoretti South,Waithaka,"House 454, Outering Drive, Outering"
439,Deborah Muriuki,41291228,079561744,deborah.muriuki@hotmail.com,2000-09-06,Female,Nairobi,Westlands,Kangemi,"Plot 215, Lane 16, Lavington"
440,Judy Priscilla Waithera,87657839,010989121,judy.waithera@gmail.com,1969-10-12,Female,Kiambu,Kiambu,Riabai,"Plot 58, Lane 2, Uhuru"
441,Martha Cheruiyot,45545064,079550162,martha.cheruiyot@gmail.com,1977-02-15,Female,Nairobi,Kibra,Makina,"Plot 73, Lane 12, Tom Mboya"
442,Lydia Malachi Kebaso,69750285,079703717,lydia.kebaso@gmail.com,2004-02-10,Female,Nairobi,Westlands,Parklands,"House 421, Argwings Kodhek Drive, Limuru"
443,Kimani Kagwiria Omondi,50545587,077251670,kimani.omondi@gmail.com,1974-11-02,Female,Nyeri,Nyeri Town,Kiganjo/Mathari,"Plot 404, Lane 13, Kitisuru"
444,George Gitonga,24037331,011337475,george.gitonga@outlook.com,1997-11-13,Female,Bomet,Konoin,Boito,"House 358, Kasarani Drive, Moi Avenue"
445,Ann Mark Jebet,15971136,075218896,ann.jebet@gmail.com,2000-01-08,Male,Kilifi,Ganze,Sokoke,"Plot 161, Lane 5, Likoni"
446,Rweria Chepngeno,46771858,011876533,rweria.chepngeno@hotmail.com,1975-07-02,Male,Nakuru,Molo,Turi,"House 420, Limuru Avenue, Mugumo"
447,Alexander Chepkirui,95031405,072907848,alexander@gmail.com,1999-06-20,Female,Uasin Gishu,Turbo,Ngenyilel,"House 83, Mugumo Road, Uhuru"
448,Rimberia Omar,22388317,075993163,rimberia.omar@yahoo.com,1970-09-21,Male,Kakamega,Lugari,Mautuma,"Plot 56, Lane 17, Mugumo"
449,Opiyo Wambugu,32095445,070313795,opiyo.wambugu@yahoo.com,1996-08-11,Female,Kiambu,Githunguri,Ngewa,"Plot 237, Lane 6, Kilimani"
450,Mworoa Kipkirui Koross,36415300,071216815,mworoa.koross@gmail.com,2002-08-10,Female,Bungoma,Kimilili,Kibingei,"House 462, Juja Street, Juja"
451,Mogaka Mutisya Njuguna,14456047,076738457,mogaka.njuguna@hotmail.com,1960-09-17,Female,Kilifi,Kaloleni,Kayafungo,"Plot 452, Lane 2, Langata"
452,Adhiambo Barnabas Kinya,58537393,011169161,adhiambo.kinya@gmail.com,1975-09-04,Female,Nairobi,Kasarani,Kamulu,"Plot 330, Lane 5, Moi Avenue"
453,Gitobu Mutinda,44063535,076343847,gitobu.mutinda@gmail.com,2000-10-18,Male,Meru,Buuri,Kiirua/Naari,"House 68, Kikuyu Street, Jogoo"
454,Muema Githinji Omondi,25699847,070294106,muema.omondi@gmail.com,1951-12-17,Male,Kakamega,Shinyalu,Isukha West,"Plot 466, Lane 20, Lavington"
455,Aoko Saidimu,16357179,011606030,aoko.saidimu@gmail.com,1985-09-21,Male,Nairobi,Dagoretti South,Riruta,"House 427, Likoni Road, Kiambu Road"
456,Simon Mwania,99716761,076542584,simon.mwania@gmail.com,2003-07-12,Male,Nakuru,Nakuru Town West,Barut,"House 1, Langata Avenue, Mombasa Road"
457,Barnabas Barasa,93460620,076267044,barnabas.barasa@gmail.com,1969-04-18,Female,Kakamega,Mumias East,Malaha/Isongo/Masindi,"House 401, Thika Superhighway Avenue, Ruaraka"
458,Joshua Ndunge,94699404,078705355,joshua.ndunge@yahoo.com,1965-05-03,Female,Kisumu,Kisumu East,Manyatta 'B',"Plot 402, Lane 11, Westlands"
459,Eunice Mueni Kamotho,31839746,072732457,eunice.kamotho@hotmail.com,1988-08-02,Male,Kilifi,Kaloleni,Kaloleni,"House 54, Jogoo Avenue, Thika"
460,Lois Okello,55925432,076388472,lois.okello@hotmail.com,1974-03-09,Male,Kilifi,Rabai,Ruruma,"Plot 471, Lane 11, Limuru"
461,Lilian Paul Mburu,85491870,010831921,lilian.mburu@outlook.com,1996-06-01,Male,Uasin Gishu,Ainabkoi,Kapsoya,"Plot 96, Lane 2, Kiambu Road"
462,Ojwang Matoke,51910609,078845932,ojwang.matoke@gmail.com,1996-03-26,Female,Kisumu,Seme,North Seme,"House 443, Garden Estate Avenue, Karen"
463,Mugo Eunice Kihumba,39766678,010292073,mugo.kihumba@gmail.com,1958-12-12,Female,Kakamega,Matungu,Khalaba,"Plot 272, Lane 9, Likoni"
464,Alexander Kamotho,54405710,075155651,alexander.kamotho@gmail.com,1976-01-13,Female,Nakuru,Subukia,Waseges,"House 187, Argwings Kodhek Street, Parklands"
465,Oduya Nahum Kiarie,62063088,071730222,oduya.kiarie@hotmail.com,2002-05-23,Male,Bomet,Bomet Central,Silibwet Township,"Plot 325, Lane 20, Limuru"
466,Edward Musila,16814758,071435027,edward.musila@gmail.com,1995-03-12,Male,Bomet,Konoin,Mogogosiek,"Plot 17, Lane 2, Ngong Road"
467,Leshan Katua,37281556,011707102,leshan.katua@gmail.com,1981-01-07,Male,Kakamega,Butere,Marama West,"House 154, Westlands Road, Kasarani"
468,Anna Onsongo,87525372,070775414,anna.onsongo@gmail.com,1999-09-02,Male,Nairobi,Lang'ata,South C,"House 23, Kangundo Street, Kenyatta"
469,Cherono Kimeu Kipsang,31566119,010464840,cherono.kipsang@outlook.com,1996-07-11,Female,Kiambu,Limuru,Limuru Central,"Plot 236, Lane 6, Kileleshwa"
470,Onsongo Mwangi,82613651,078534115,onsongo.mwangi@yahoo.com,1983-02-03,Female,Kakamega,Ikolomani,Idakho North,"House 145, Thika Avenue, Mugumo"
471,Jane Mcharo,34049258,011108882,jane.mcharo@hotmail.com,1992-09-06,Male,Nairobi,Lang'ata,South C,"House 1, Kitisuru Road, Thika"
472,Thomas Simiyu Kaimenyi,25041051,078557735,thomas.kaimenyi@gmail.com,1986-02-24,Male,Uasin Gishu,Moiben,Moiben,"House 361, Kangundo Drive, Limuru"
473,Adhiambo Zephaniah Mwakisha,28535751,072857472,adhiambo.mwakisha@outlook.com,1987-09-07,Female,Uasin Gishu,Kapseret,Megun,"House 340, Langata Road, Thika"
474,Njuguna Akinyi Kimutai,47178071,011829681,njuguna.kimutai@gmail.com,1956-08-16,Male,Nakuru,Bahati,Dundori,"Plot 368, Lane 5, Lenana"
475,Naliaka Bett,27719312,011174488,naliaka.bett@yahoo.com,2004-02-14,Female,Machakos,Matungulu,Tala,"House 194, Kangundo Road, Waiyaki"
476,Jane Omondi Onsongo,59243476,076684245,jane.onsongo@hotmail.com,1964-07-15,Male,Bomet,Sotik,Rongena/Manaret,"Plot 477, Lane 19, River Road"
477,Esther Martha Kariuki,32451247,077298991,esther.kariuki@gmail.com,1988-02-03,Female,Nakuru,Bahati,Kiamaina,"Plot 341, Lane 11, Likoni"
478,Ondieki Akinyi,42134668,072855148,ondieki.akinyi@hotmail.com,1996-03-12,Female,Machakos,Kathiani,Kathiani Central,"House 134, Langata Road, Moi Avenue"
479,Janet Mutua,46004061,011909593,janet.mutua@hotmail.com,1962-04-12,Female,Bomet,Bomet Central,Singorwet,"Plot 202, Lane 20, Jogoo"
480,Mulwa Chepkirui Musila,53365278,011489247,mulwa.musila@yahoo.com,1995-03-04,Female,Nyeri,Kieni,Mweiga,"Plot 70, Lane 19, Jogoo"
481,Gilbert Teresa Kanampiu,40333941,071813733,gilbert.kanampiu@hotmail.com,2003-12-04,Male,Mombasa,Likoni,Bofu,"Plot 478, Lane 12, Kiambu"
482,Edith Achieng,31958106,010955499,edith.achieng@yahoo.com,1971-06-24,Male,Kilifi,Kilifi South,Chasimba,"Plot 68, Lane 13, Juja"
483,Haggai Mwakisha,14881035,070259365,haggai.mwakisha@gmail.com,1985-02-10,Female,Kiambu,Limuru,Limuru Central,"House 14, Ruiru Street, Uhuru"
484,Syombua Senteu,75047236,011358087,syombua.senteu@gmail.com,2000-06-27,Male,Trans Nzoia,Endebess,Chepchoina,"House 78, Kiambu Drive, Limuru"
485,Alice Nganga,14665196,077516385,alice.nganga@gmail.com,2005-01-17,Female,Kiambu,Lari,Kamburu,"Plot 414, Lane 7, Outering"
486,Barnabas Naliaka,74220011,073440065,barnabas.naliaka@gmail.com,1982-04-23,Female,Turkana,Turkana West,Lopur,"Plot 325, Lane 20, Kitisuru"
487,Akinyi Isaiah Mutai,42835306,071996620,akinyi.mutai@yahoo.com,1973-11-26,Female,Mombasa,Changamwe,Chaani,"Plot 343, Lane 18, Ruaraka"
488,Thomas Mwirigi Cheruiyot,73906952,070479093,thomas.cheruiyot@gmail.com,1990-11-22,Female,Nairobi,Westlands,Mountain View,"Plot 40, Lane 11, Westlands"
489,Kiprop Florence Maina,31246090,010115633,kiprop.maina@gmail.com,1970-03-24,Male,Machakos,Mavoko,Muthwani,"Plot 293, Lane 14, Ngong"
490,Timothy Mwakideu,71791460,075829235,timothy.mwakideu@yahoo.com,1984-11-18,Female,Kakamega,Matungu,Kholera,"House 60, Waiyaki Drive, Ngong"
491,Ruth Onsongo,46545801,074690390,ruth.onsongo@yahoo.com,1964-01-23,Male,Nairobi,Dagoretti North,Kileleshwa,"Plot 203, Lane 18, Athi River"
492,Kimani John Mwikali,39607195,077308855,kimani.mwikali@gmail.com,2001-10-14,Male,Uasin Gishu,Ainabkoi,Racecourse,"House 452, Parklands Avenue, Ruiru"
493,Mutheu Okello Nduku,52146187,079404066,mutheu.nduku@hotmail.com,1979-10-25,Female,Nakuru,Molo,Turi,"Plot 337, Lane 10, Likoni"
494,Gakunyi Awiti,46190360,076376608,gakunyi.awiti@gmail.com,1989-12-18,Female,Kiambu,Ruiru,Gatong'ora,"Plot 216, Lane 16, Outering"
495,Isaiah Haggai Kipkorir,56673900,073401009,isaiah.kipkorir@yahoo.com,1967-08-26,Male,Uasin Gishu,Turbo,Ngenyilel,"Plot 22, Lane 19, Mugumo"
496,Deborah Muthuri,62560511,073446834,deborah.muthuri@yahoo.com,1991-01-18,Female,Bomet,Sotik,Chemagel,"House 134, Karen Avenue, Westlands"
497,Cherono Mcharo,14494343,073304370,cherono.mcharo@gmail.com,1983-04-21,Female,Nairobi,Dagoretti South,Ngando,"House 259, Juja Drive, Likoni"
498,Caroline Wachira Nekesa,50546917,073982347,caroline.nekesa@gmail.com,1994-06-02,Male,Kiambu,Kikuyu,Nachu,"Plot 174, Lane 11, River Road"
499,Ongeri Gitonga Njoroge,64799954,077562393,ongeri.njoroge@gmail.com,1982-07-26,Male,Mombasa,Changamwe,Airport,"Plot 398, Lane 20, Kiambu"
500,Kanampiu Athman,27691237,070233227,kanampiu.athman@yahoo.com,2000-10-26,Male,Meru,Igembe South,Mau/Antuamburi,"House 84, Athi River Street, Limuru"
501,Muthuri Cecilia Wachira,40519769,078562113,muthuri.wachira@gmail.com,1980-06-17,Male,Nyeri,Tetu,Wamagana,"Plot 307, Lane 19, Kiambu Road"
502,Otieno Gikonyo,78922513,070347155,otieno.gikonyo@yahoo.com,1970-12-20,Male,Nairobi,Westlands,Mountain View,"House 150, Kilimani Street, Ruaraka"
503,Ondieki Chebet Mworoa,12880851,075998792,ondieki.mworoa@gmail.com,1992-07-22,Male,Nakuru,Kuresoi South,Tinet,"House 379, Ngong Street, Ngong"
504,Okoth Bett,52039919,073926301,okoth.bett@yahoo.com,1985-03-13,Female,Kakamega,Matungu,Kholera,"Plot 120, Lane 15, Likoni"
505,Cherono Waithera,25706912,071438249,cherono.waithera@hotmail.com,1982-04-02,Female,Nairobi,Dagoretti South,Riruta,"Plot 224, Lane 5, Langata"
506,Mutisya Anyango,39935290,010664458,mutisya.anyango@outlook.com,1999-09-28,Male,Nyeri,Nyeri Town,Kamakwa/Mukaro,"House 91, Westlands Road, Parklands"
507,Philemon Silas Kipkorir,17850078,076424328,philemon.kipkorir@hotmail.com,1990-11-01,Male,Nairobi,Lang'ata,Nairobi West,"House 227, Outering Drive, Ruaraka"
508,Wamalwa Simon Bett,29438830,072178751,wamalwa.bett@gmail.com,2004-01-10,Male,Kiambu,Githunguri,Githiga,"Plot 376, Lane 17, Mombasa Road"
509,Wanjiru Wandera,32560859,011102234,wanjiru.wandera@gmail.com,1979-03-18,Female,Nakuru,Naivasha,Maai Mahiu,"Plot 2, Lane 2, Kileleshwa"
510,Teresa Mokua Olela,40486002,072984826,teresa.olela@yahoo.com,1991-09-20,Male,Trans Nzoia,Endebess,Chepchoina,"House 461, Kangundo Avenue, Likoni"
511,Kasina Awiti,30448683,071805719,kasina.awiti@yahoo.com,2002-06-06,Male,Mombasa,Likoni,Mtongwe,"House 167, Thika Superhighway Road, Kangundo"
512,Moses Vincent Chepkwony,25673796,077627609,moses.chepkwony@yahoo.com,1988-10-28,Male,Kisumu,Kisumu West,North Kisumu,"House 92, Argwings Kodhek Road, Ruaraka"
513,Nahum Munyori,31811407,075441993,nahum.munyori@gmail.com,1987-11-01,Female,Bungoma,Kanduyi,Khalaba,"House 138, Kitisuru Street, Juja"
514,Alexander Sophia Masinde,35976666,011737809,alexander.masinde@outlook.com,1956-08-08,Female,Nakuru,Gilgil,Malewa West,"Plot 376, Lane 18, River Road"
515,Jepchumba Lois Mulwa,48906764,078731063,jepchumba.mulwa@hotmail.com,2003-05-18,Female,Kilifi,Kaloleni,Mwanamwinga,"House 285, Langata Street, Mugumo"
516,Nyambura Mugo Wachira,56293495,011509340,nyambura.wachira@outlook.com,1986-10-12,Female,Machakos,Machakos Town,Mua,"Plot 50, Lane 19, Mombasa Road"
517,Alice Chepkorir,26492036,070342143,alice.chepkorir@gmail.com,2002-05-05,Male,Uasin Gishu,Soy,Segero/Barsombe,"Plot 341, Lane 14, Jogoo"
518,Mulwa Wangari Opiyo,54531458,073325920,mulwa.opiyo@hotmail.com,1969-01-09,Male,Mombasa,Nyali,Kongowea,"House 148, Waiyaki Avenue, Kasarani"
519,Wafula Omondi,89984645,070103485,wafula.omondi@outlook.com,1988-02-28,Male,Nairobi,Kasarani,Njiru,"House 325, Moi Avenue Drive, Kiambu"
520,Alexander Mbuthia,53982040,077486131,alexander.mbuthia@yahoo.com,1971-01-17,Male,Nyeri,Tetu,Aguthi/Gaaki,"Plot 133, Lane 10, Parklands"
521,Harun Kilonzo Akinyi,14918680,075342606,harun.akinyi@gmail.com,1971-02-17,Female,Kiambu,Kiambu,Ting'ang'a,"House 423, Ngong Street, Moi Avenue"
522,John Kaloki Tsuma,26405048,077825100,john.tsuma@gmail.com,1990-06-24,Male,Kiambu,Kikuyu,Kinoo,"House 290, Kileleshwa Avenue, Outering"
523,Momanyi Auma,28327661,079733970,momanyi.auma@yahoo.com,1976-07-09,Female,Turkana,Turkana Central,Kerio Delta,"Plot 58, Lane 20, Lavington"
524,Rweria Zephaniah Mutai,79350676,074749334,rweria.mutai@outlook.com,1978-12-15,Male,Uasin Gishu,Ainabkoi,Kaptagat,"House 422, Garden Estate Drive, Lenana"
525,Brenda Gilbert Gitobu,20999047,077115087,brenda.gitobu@hotmail.com,1974-05-11,Female,Kilifi,Magarini,Gongoni,"House 255, Karen Street, Uhuru"
526,Silas Peace Mungai,87368164,070960950,silas.mungai@gmail.com,1979-12-19,Female,Uasin Gishu,Turbo,Ngenyilel,"Plot 296, Lane 11, Athi River"
527,Kiprotich Namukhula Mwakideu,26355844,079352844,kiprotich.mwakideu@outlook.com,1995-09-05,Male,Nyeri,Othaya,Chinga,"Plot 179, Lane 14, Kiambu Road"
528,Michael Mohamed,81260169,077315630,michael.mohamed@gmail.com,1999-02-07,Male,Machakos,Yatta,Katangi,"Plot 108, Lane 20, Moi Avenue"
529,Ezekiel Stephen Kanampiu,25527671,071498281,ezekiel.kanampiu@gmail.com,1989-01-22,Male,Nairobi,Kibra,Lindi,"Plot 94, Lane 6, Ruaraka"
530,Nanjala Mitei,71985395,075765432,nanjala.mitei@hotmail.com,1997-11-10,Male,Kakamega,Butere,Marama West,"Plot 20, Lane 18, Ruiru"
531,Brenda Olela,89453898,075932828,brenda.olela@gmail.com,2002-01-14,Male,Mombasa,Kisauni,Mjambere,"Plot 259, Lane 9, Kikuyu"
532,Simiyu Kanampiu Olela,14713027,073419885,simiyu.olela@hotmail.com,1988-02-17,Male,Mombasa,Likoni,Likoni,"Plot 263, Lane 8, Argwings Kodhek"
533,Chepkorir Muthuri Rotich,32395401,070374691,chepkorir.rotich@gmail.com,1990-04-03,Male,Uasin Gishu,Kesses,Tulwet/Chuiyat,"Plot 69, Lane 9, Athi River"
534,Wanyonyi Kimutai,29353979,011390505,wanyonyi.kimutai@yahoo.com,1984-12-18,Female,Mombasa,Mvita,Shimanzi,"Plot 105, Lane 12, Likoni"
535,Nokun Chepkirui,23316648,011500013,nokun.chepkirui@gmail.com,1972-07-15,Male,Machakos,Mavoko,Athi River,"Plot 17, Lane 8, Lavington"
536,Amos Nyambura Wafula,13489239,011583807,amos.wafula@gmail.com,1973-01-21,Male,Mombasa,Jomvu,Jomvu Kuu,"House 277, Kileleshwa Road, Karen"
537,Diana Nokun Mwangi,42867023,076156406,diana.mwangi@hotmail.com,1990-05-10,Male,Nyeri,Kieni,Naromoru/Kiamathaga,"House 48, Lenana Road, Kiambu"
538,Mwende Muthoka,57395265,075198957,mwende.muthoka@gmail.com,1994-11-15,Male,Uasin Gishu,Moiben,Tembelio,"House 177, Thika Avenue, Jogoo"
539,Kagendo Kebaso,78946993,010541766,kagendo.kebaso@gmail.com,2006-01-17,Female,Kisumu,Kisumu Central,Nyalenda 'B',"House 262, Kenyatta Drive, Kitisuru"
540,Mwania Ongeri Kivuva,47393393,078382083,mwania.kivuva@yahoo.com,2002-01-17,Male,Nairobi,Dagoretti North,Kileleshwa,"Plot 222, Lane 1, Jogoo"
541,Haggai Mbaka Chepngeno,64130831,077350895,haggai.chepngeno@yahoo.com,1962-09-19,Male,Bungoma,Sirisia,Namwela,"House 208, Kenyatta Road, Ruiru"
542,Cecilia Mwendwa,50292372,078983577,cecilia.mwendwa@hotmail.com,1989-09-14,Male,Mombasa,Kisauni,Mtopanga,"Plot 26, Lane 20, Lavington"
543,Pauline Kihika,51479441,072119053,pauline.kihika@gmail.com,1998-01-03,Female,Nakuru,Kuresoi North,Nyota,"Plot 211, Lane 11, Likoni"
544,Jepchumba Hassan,22294633,011631623,jepchumba.hassan@gmail.com,1991-08-20,Male,Trans Nzoia,Saboti,Kinyoro,"Plot 73, Lane 12, River Road"
545,Ojwang Otieno,85163764,072678457,ojwang.otieno@outlook.com,1992-07-03,Female,Uasin Gishu,Kesses,Tulwet/Chuiyat,"House 147, Argwings Kodhek Drive, Kitisuru"
546,Ojwang Mutua Wangari,36911168,072695379,ojwang.wangari@outlook.com,1966-06-03,Female,Nairobi,Kasarani,Kasarani,"Plot 6, Lane 14, Lenana"
547,Adoyo Thomas Kipsang,77004252,011879638,adoyo.kipsang@outlook.com,1998-05-16,Male,Kilifi,Kaloleni,Kayafungo,"Plot 216, Lane 14, Garden Estate"
548,Kipchumba Masinde,93403051,077528626,kipchumba.masinde@hotmail.com,1995-05-26,Male,Uasin Gishu,Ainabkoi,Racecourse,"Plot 297, Lane 7, Limuru"
549,Jane Wadada,83508869,072215828,jane.wadada@gmail.com,1990-05-20,Female,Meru,North Imenti,Kithirune,"House 295, Argwings Kodhek Road, Kenyatta"
550,Dennis Peace Adoyo,88753507,011401465,dennis.adoyo@yahoo.com,1986-12-03,Male,Kisumu,Kisumu Central,Nyalenda 'B',"Plot 208, Lane 1, Kitisuru"
551,Brian Bett,80852543,076104394,brian.bett@outlook.com,1983-12-24,Male,Machakos,Yatta,Ikombe,"Plot 104, Lane 7, Kilimani"
552,Rachel Karanja,24087799,010894474,rachel.karanja@gmail.com,1982-06-22,Female,Meru,Igembe South,Athiru Gaiti,"House 433, Kileleshwa Drive, Mombasa Road"
553,Aaron Kamotho,90362099,011158969,aaron.kamotho@outlook.com,2000-02-14,Male,Nairobi,Kasarani,Ruai,"Plot 428, Lane 7, Kangundo"
554,Mwangi Mwakideu,83691032,075922480,mwangi.mwakideu@gmail.com,1970-01-06,Female,Machakos,Kangundo,Kangundo East,"House 110, Ngong Street, Thika"
555,Simon Ngeno,43005188,079990979,simon.ngeno@hotmail.com,1978-03-03,Male,Nakuru,Nakuru Town West,Kaptembwo,"Plot 199, Lane 16, Kiambu"
556,Ondieki Simiyu Gichuru,67054128,079948684,ondieki.gichuru@outlook.com,1964-04-02,Male,Nairobi,Dagoretti South,Mutuini,"Plot 369, Lane 18, Kangundo"
557,Jonah Jepkorir Muthoka,75845066,078960107,jonah.muthoka@outlook.com,1990-02-11,Female,Mombasa,Likoni,Bofu,"Plot 71, Lane 3, Ruiru"
558,Dorothy Mbaka Maina,68402385,011874001,dorothy.maina@outlook.com,1979-08-15,Male,Nairobi,Dagoretti South,Mutuini,"Plot 14, Lane 2, Kileleshwa"
559,Catherine Wabomba,50495382,078987804,catherine.wabomba@gmail.com,1973-01-06,Male,Kisumu,Kisumu Central,Shauri Moyo,"House 207, River Road Drive, Thika Superhighway"
560,Mutheu Jonathan Kiprono,73872605,076825225,mutheu.kiprono@gmail.com,1968-09-14,Male,Meru,Central Imenti,Kathonzweni,"Plot 409, Lane 17, Kitisuru"
561,Jane David Lubanga,90018084,077549906,jane.lubanga@hotmail.com,1965-11-21,Male,Meru,Buuri,Ruiri/Rwarera,"Plot 257, Lane 15, Kangundo"
562,Robert Odhiambo Musalia,33630872,072774721,robert.musalia@gmail.com,2000-08-27,Male,Kakamega,Ikolomani,Idakho Central,"Plot 55, Lane 2, Ruaraka"
563,Syombua Wangari,65459928,079933317,syombua.wangari@yahoo.com,2005-05-06,Male,Machakos,Kathiani,Lower Kaewa/Iveti,"Plot 217, Lane 3, Kilimani"
564,Teresa Rimberia Opiyo,60564531,079334751,teresa.opiyo@hotmail.com,1968-10-09,Female,Bungoma,Webuye West,Matulo,"Plot 277, Lane 19, Mugumo"
565,Agnes Khaemba Nganga,62025032,073464969,agnes.nganga@yahoo.com,1995-07-02,Male,Nairobi,Lang'ata,South C,"Plot 331, Lane 6, River Road"
566,Jane Hannah Otula,65402833,070277886,jane.otula@gmail.com,2005-02-19,Male,Bomet,Chepalungu,Siongiroi,"House 96, Lavington Avenue, Limuru"
567,Joshua Nicholas Ndegwa,97506740,011447482,joshua.ndegwa@gmail.com,1952-12-08,Male,Turkana,Turkana Central,Kalokol,"Plot 438, Lane 17, Langata"
568,Namukhula Macharia,46167085,011383349,namukhula.macharia@gmail.com,1953-06-25,Male,Uasin Gishu,Moiben,Sergoit,"Plot 74, Lane 16, Ruiru"
569,Michael Mitei,23125005,079238872,michael.mitei@gmail.com,1989-02-16,Female,Kakamega,Shinyalu,Isukha South,"Plot 243, Lane 17, Jogoo"
570,Kiprop Jebiwott Mukhwana,24212949,071471020,kiprop.mukhwana@yahoo.com,1964-06-04,Female,Kiambu,Kabete,Muguga,"Plot 154, Lane 2, Kileleshwa"
571,Agnes Kaloki Ndunda,10996386,074909144,agnes.ndunda@yahoo.com,1979-11-13,Female,Kilifi,Kilifi South,Mwarakaya,"Plot 302, Lane 18, Limuru"
572,Cecilia Odhiambo,53035439,011558482,cecilia.odhiambo@outlook.com,1978-03-01,Male,Meru,Tigania East,Karama,"Plot 338, Lane 6, Thika"
573,Alexander Odhiambo,50248639,077280463,alexander.odhiambo@yahoo.com,1997-03-21,Female,Nairobi,Dagoretti North,Kawangware,"Plot 45, Lane 19, Jogoo"
574,Rebecca Onyango Mwania,74050584,074778445,rebecca.mwania@gmail.com,1979-01-24,Male,Bungoma,Bumula,Bumula,"House 276, Lenana Street, Ngong"
575,Rimberia Jane Mutua,17367600,077557102,rimberia.mutua@hotmail.com,1977-09-23,Female,Bomet,Sotik,Ndanai/Abosi,"Plot 238, Lane 9, Langata"
576,Florence Kasina Kiprotich,23306584,076465917,florence.kiprotich@gmail.com,1957-12-07,Male,Mombasa,Nyali,Kongowea,"Plot 186, Lane 14, Thika Superhighway"
577,Amos Ngeno,35338379,072414341,amos.ngeno@yahoo.com,1999-09-08,Male,Kakamega,Butere,Marama North,"Plot 87, Lane 12, Ruaraka"
578,Wambugu Khaemba,33213842,073640769,wambugu.khaemba@gmail.com,1960-01-01,Female,Uasin Gishu,Turbo,Huruma,"House 247, Ngong Road Avenue, Kiambu Road"
579,Judith Kerubo Wandera,71151032,078647933,judith.wandera@gmail.com,1984-12-13,Female,Nairobi,Lang'ata,Mugumu-ini,"Plot 459, Lane 15, Kenyatta"
580,Nekesa Kariuki,51347842,075143001,nekesa.kariuki@yahoo.com,1991-07-01,Male,Nakuru,Rongai,Visoi,"Plot 18, Lane 2, Uhuru"
581,Nabwire Rimberia,34566728,011292319,nabwire.rimberia@gmail.com,1969-10-21,Female,Nakuru,Nakuru Town West,Rhoda,"Plot 232, Lane 17, Outering"
582,John Musyimi,53305731,070984832,john.musyimi@yahoo.com,1980-02-23,Male,Mombasa,Kisauni,Mtopanga,"Plot 443, Lane 15, Kasarani"
583,Joel Gikonyo,66194219,011438541,joel.gikonyo@hotmail.com,1985-04-15,Male,Nairobi,Kasarani,Clay City,"House 422, Kasarani Avenue, Uhuru"
584,Gathoni Chepkirui,18524087,079456493,gathoni.chepkirui@outlook.com,1970-05-20,Female,Kisumu,Kisumu Central,Kaloleni,"House 381, Garden Estate Street, Outering"
585,Brenda Leshan,16953155,071498053,brenda.leshan@yahoo.com,1996-12-22,Female,Nairobi,Kasarani,Ruai,"Plot 1, Lane 15, Ngong Road"
586,Kipchirchir Kipsang Mutua,90616304,076676997,kipchirchir.mutua@gmail.com,1962-05-27,Female,Kisumu,Nyakach,South West Nyakach,"Plot 76, Lane 19, Athi River"
587,Aaron Mwangi Musyoka,84822264,070656147,aaron.musyoka@gmail.com,2004-08-02,Male,Uasin Gishu,Turbo,Kiplombe,"Plot 144, Lane 11, Kenyatta"
588,Mutinda Mwikali,88593456,071263798,mutinda.mwikali@hotmail.com,1975-03-18,Female,Trans Nzoia,Cherangany,Motosi,"House 128, River Road Drive, Kilimani"
589,Kagwiria Mokua Baya,63701561,011385188,kagwiria.baya@outlook.com,1971-02-12,Female,Nyeri,Mukurweini,Mukurwe-ini Central,"Plot 266, Lane 13, Moi Avenue"
590,Naserian Kanampiu,99466466,072241440,naserian.kanampiu@outlook.com,1955-09-13,Female,Kiambu,Limuru,Limuru Central,"Plot 214, Lane 15, Tom Mboya"
591,Syombua Chepkorir,68227454,070415734,syombua.chepkorir@gmail.com,1983-09-28,Female,Kilifi,Ganze,Bamba,"House 103, Kileleshwa Street, Kiambu Road"
592,Waithera Nabwire,85701885,071328303,waithera.nabwire@gmail.com,2003-10-16,Male,Nakuru,Naivasha,Maai Mahiu,"House 303, Thika Drive, Lavington"
593,Kwamboka Wangari,75025705,076548902,kwamboka.wangari@yahoo.com,1977-05-18,Female,Trans Nzoia,Kiminini,Kiminini,"House 333, Kasarani Avenue, Lavington"
594,Kipkorir Olela,96161779,011404485,kipkorir.olela@outlook.com,2004-05-16,Female,Kiambu,Kabete,Muguga,"House 38, Kiambu Road Drive, Langata"
595,Mugo Wambugu,93485270,011976426,mugo.wambugu@yahoo.com,1978-09-16,Male,Kiambu,Limuru,Bibirioni,"Plot 375, Lane 10, Waiyaki"
596,Veronica Okoth Mumo,73245675,010135773,veronica.mumo@hotmail.com,1991-06-03,Male,Mombasa,Jomvu,Mikindani,"Plot 304, Lane 9, Kasarani"
597,Kanampiu Athman,62667118,010483511,kanampiu.athman@gmail.com,1996-01-21,Female,Mombasa,Nyali,Frere Town,"Plot 6, Lane 1, Mombasa Road"
598,Kinyua Wanyonyi,83012855,078518738,kinyua.wanyonyi@yahoo.com,2003-12-01,Male,Machakos,Yatta,Katangi,"Plot 201, Lane 20, Kiambu"
599,Wanjiru Ogero,17170147,011905958,wanjiru.ogero@outlook.com,1981-10-18,Female,Mombasa,Changamwe,Chaani,"House 307, Lavington Road, Ruiru"
600,Lois Nabwire Wanyonyi,24957006,079788073,lois.wanyonyi@gmail.com,1986-11-22,Male,Turkana,Turkana West,Kakuma,"House 308, Kiambu Road Road, Langata"
601,Auma Ngeno,42733135,079385526,auma.ngeno@gmail.com,1987-07-05,Female,Nyeri,Kieni,Naromoru/Kiamathaga,"Plot 473, Lane 8, Tom Mboya"
602,Joseph Wambugu Kinyua,63180637,076350301,joseph.kinyua@gmail.com,2003-12-17,Male,Nyeri,Tetu,Dedan Kimathi,"Plot 429, Lane 18, Jogoo"
603,Kasina Nzioka,59798459,079590199,kasina.nzioka@yahoo.com,1996-10-21,Male,Kilifi,Rabai,Mwawesa,"Plot 221, Lane 15, Kasarani"
604,Wabomba Nabwire Mworoa,83554537,079508199,wabomba.mworoa@gmail.com,1979-05-25,Male,Nakuru,Molo,Elburgon,"Plot 77, Lane 20, Lenana"
605,Kipkorir Alexander Olela,12152239,072306297,kipkorir.olela@gmail.com,1961-06-01,Female,Nairobi,Dagoretti North,Kilimani,"House 118, Westlands Road, Juja"
606,Naipanoi Munyao,17598656,011493610,naipanoi.munyao@hotmail.com,1969-02-22,Female,Kilifi,Malindi,Malindi Town,"Plot 371, Lane 19, Kiambu Road"
607,Muthuri Korir,71740969,076673506,muthuri.korir@hotmail.com,1984-03-08,Female,Turkana,Turkana East,Lokichar,"Plot 278, Lane 1, Parklands"
608,Ndinda Kaimenyi,64341068,074371661,ndinda.kaimenyi@gmail.com,1995-06-08,Male,Bungoma,Webuye West,Kimilili,"Plot 133, Lane 16, Kikuyu"
609,Anyango Mutisya,40595359,011937158,anyango.mutisya@gmail.com,1981-05-16,Male,Machakos,Yatta,Katangi,"House 456, Thika Superhighway Drive, Kiambu"
610,Wabomba Patrick Wangari,48164274,073323812,wabomba.wangari@yahoo.com,1997-11-24,Male,Bungoma,Kabuchai,Mukuyuni,"Plot 240, Lane 3, Athi River"
611,Mercy Odhiambo,50833796,072760785,mercy.odhiambo@gmail.com,1958-08-26,Female,Meru,Igembe South,Nkondi,"House 10, Ruaraka Drive, Jogoo"
612,Sophia Mwamburi,95133330,011948898,sophia.mwamburi@hotmail.com,1985-07-24,Male,Nairobi,Kibra,Woodley,"Plot 305, Lane 19, Kiambu Road"
613,Nabea Sigei,98830506,073249865,nabea.sigei@outlook.com,1970-04-05,Male,Nairobi,Dagoretti North,Gatina,"Plot 67, Lane 18, Kileleshwa"
614,Muthoka Munyori,50827124,077414752,muthoka.munyori@gmail.com,1976-06-13,Male,Meru,South Imenti,Abogeta West,"Plot 397, Lane 5, Outering"
615,Nokun Momanyi,87169073,079662540,nokun.momanyi@hotmail.com,1963-11-11,Female,Mombasa,Mvita,Shimanzi,"House 99, Jogoo Street, Tom Mboya"
616,Jane James Kipkoech,70346785,010631174,jane.kipkoech@gmail.com,1988-09-13,Male,Nakuru,Kuresoi North,Kamara,"Plot 89, Lane 14, Kileleshwa"
617,Kagendo Mutua Kipkorir,44452054,074372642,kagendo.kipkorir@gmail.com,1984-05-01,Female,Nairobi,Dagoretti North,Kawangware,"Plot 468, Lane 14, Likoni"
618,Cynthia Mwikali Towett,16069615,011827383,cynthia.towett@gmail.com,2001-09-08,Male,Nairobi,Kibra,Makina,"House 138, Westlands Road, Karen"
619,Malachi Wambugu Kimani,72282219,073471130,malachi.kimani@outlook.com,1990-05-17,Female,Turkana,Turkana North,Kibish,"House 328, Kiambu Road Street, Ruaraka"
620,Andrew Muthuri,28778677,075645872,andrew.muthuri@gmail.com,1953-04-28,Male,Nakuru,Nakuru Town East,Kivumbini,"Plot 341, Lane 10, Juja"
621,Zephaniah Ronald Masinde,31363906,073778117,zephaniah.masinde@outlook.com,2001-01-24,Female,Machakos,Kangundo,Kangundo West,"Plot 236, Lane 16, Limuru"
622,Rweria Mark Maingi,58561828,075690480,rweria.maingi@gmail.com,1980-01-14,Male,Trans Nzoia,Endebess,Chepchoina,"House 113, Athi River Road, Kiambu"
623,Caroline Muema,44828170,071757582,caroline.muema@outlook.com,1978-04-19,Female,Kisumu,Nyakach,South West Nyakach,"Plot 237, Lane 12, Karen"
624,Emily Njoroge,12267498,010602253,emily.njoroge@gmail.com,1995-11-04,Male,Kiambu,Kabete,Gitaru,"House 281, Ngong Road Road, Parklands"
625,Lilian Chepkirui Maingi,62025775,078736166,lilian.maingi@hotmail.com,2001-09-22,Male,Trans Nzoia,Kiminini,Waitaluk,"House 125, Athi River Road, Lavington"
626,Cherotich Mwakisha,39262205,071438590,cherotich.mwakisha@gmail.com,1984-06-15,Male,Machakos,Machakos Town,Mua,"Plot 269, Lane 20, Parklands"
627,Nyaboke Kangogo,16606138,073520055,nyaboke.kangogo@yahoo.com,1977-07-27,Male,Bomet,Konoin,Embomos,"House 299, Westlands Drive, Lavington"
628,Evelyn Barasa,50018778,070169618,evelyn.barasa@gmail.com,1974-08-07,Male,Bungoma,Bumula,South Bukusu,"Plot 188, Lane 6, Ruaraka"
629,Nyaboke Martha Onyango,60042850,071676706,nyaboke.onyango@gmail.com,1975-10-14,Male,Bungoma,Mt. Elgon,Kaptama,"House 150, Karen Drive, Waiyaki"
630,Nyambura Ochieng,20324372,078796678,nyambura.ochieng@gmail.com,1966-05-04,Female,Kiambu,Kikuyu,Nachu,"House 198, Jogoo Road, Kangundo"
631,Maina Senteu,88536501,076841427,maina.senteu@outlook.com,2002-07-13,Female,Mombasa,Changamwe,Airport,"House 223, Likoni Road, Likoni"
632,Ronald Wambui Onsongo,22587924,077574312,ronald.onsongo@yahoo.com,1990-05-27,Male,Kakamega,Butere,Marama North,"Plot 109, Lane 12, Limuru"
633,Onyango Kanampiu,57876025,011774072,onyango.kanampiu@gmail.com,1971-10-25,Male,Nairobi,Dagoretti North,Kileleshwa,"House 436, Juja Road, Tom Mboya"
634,Kipkemboi Opiyo,81933142,073700480,kipkemboi.opiyo@gmail.com,1974-04-03,Female,Kiambu,Githunguri,Ikinu,"House 192, Tom Mboya Avenue, Parklands"
635,Erick Mogaka,67032586,071638792,erick.mogaka@gmail.com,1988-09-02,Male,Nairobi,Kasarani,Kamulu,"Plot 125, Lane 7, Kangundo"
636,Alexander Kosgei,66806940,074235134,alexander.kosgei@gmail.com,1970-11-18,Male,Machakos,Machakos Town,Kola,"House 126, Uhuru Road, Ngong"
637,Kiprono Namukhula,22863109,074926551,kiprono.namukhula@gmail.com,1983-02-11,Male,Nairobi,Dagoretti South,Waithaka,"House 49, Kiambu Drive, Kitisuru"
638,Jepchumba Mugo Mitei,20136881,071894993,jepchumba.mitei@gmail.com,1971-10-04,Female,Kiambu,Kabete,Muguga,"Plot 265, Lane 4, Kikuyu"
639,Mwikali Nekesa,67720123,076302717,mwikali.nekesa@gmail.com,1984-10-12,Male,Kiambu,Kikuyu,Sigona,"House 142, Kangundo Avenue, Moi Avenue"
640,Cherono Jepkorir,95843097,078163521,cherono.jepkorir@yahoo.com,1978-05-16,Female,Bungoma,Webuye East,Mihuu,"Plot 435, Lane 12, River Road"
641,Muthaa Akinyi,62111008,077721166,muthaa.akinyi@gmail.com,1996-03-21,Male,Mombasa,Mvita,Shimanzi,"Plot 477, Lane 9, Garden Estate"
642,Rachel Momanyi Githua,77121355,071206436,rachel.githua@gmail.com,1979-12-15,Male,Nairobi,Dagoretti North,Kilimani,"Plot 243, Lane 2, Karen"
643,Mworoa Rotich,89477464,011412318,mworoa.rotich@outlook.com,1974-11-09,Male,Kilifi,Malindi,Shella,"House 432, Limuru Avenue, Tom Mboya"
644,Mbaka Vincent Kanampiu,70599012,010126817,mbaka.kanampiu@gmail.com,1958-06-08,Female,Uasin Gishu,Soy,Moi's Bridge,"Plot 87, Lane 19, Kileleshwa"
645,Mutheu Nafula Tsuma,47775156,070965625,mutheu.tsuma@yahoo.com,1963-12-02,Female,Bomet,Bomet Central,Chesoen,"House 38, Karen Road, Lavington"
646,Eunice Mwirigi,19711151,079731475,eunice.mwirigi@gmail.com,1980-04-09,Male,Mombasa,Mvita,Tononoka,"House 134, Waiyaki Road, Garden Estate"
647,Ojwang Kilonzo Ndunda,28150476,011839692,ojwang.ndunda@gmail.com,1997-01-05,Male,Nakuru,Gilgil,Gilgil,"House 285, Limuru Road, Thika Superhighway"
648,Rweria Okoth Nduku,42056846,078926925,rweria.nduku@hotmail.com,2002-05-20,Female,Turkana,Turkana East,Lokichar,"Plot 87, Lane 5, Mombasa Road"
649,Anna Esther Rimberia,55249515,072438873,anna.rimberia@gmail.com,1986-02-01,Male,Nairobi,Dagoretti South,Riruta,"House 479, Ruaraka Avenue, Westlands"
650,Thomas Jepkoech,49761155,072993111,thomas.jepkoech@hotmail.com,1989-08-05,Male,Kakamega,Mumias West,West Wanga,"Plot 14, Lane 1, Lenana"
651,Wairimu Kamau,65277579,076667799,wairimu.kamau@yahoo.com,2003-02-16,Male,Nairobi,Dagoretti North,Kilimani,"Plot 87, Lane 4, Likoni"
652,Malachi Lenguro Achieng,14288227,070386176,malachi.achieng@gmail.com,1976-08-20,Male,Kilifi,Kilifi South,Shimo la Tewa,"Plot 480, Lane 1, Ruiru"
653,Njeri Macharia,12307688,071124882,njeri.macharia@hotmail.com,1994-12-11,Male,Kiambu,Kiambu,Riabai,"House 390, Thika Avenue, Outering"
654,Wangeci Mwakideu,72365495,078713608,wangeci.mwakideu@outlook.com,1962-11-20,Female,Meru,Central Imenti,Mwangathia,"Plot 306, Lane 11, River Road"
655,Joshua Kihumba,82910006,076115490,joshua.kihumba@gmail.com,1970-07-15,Female,Kiambu,Limuru,Ndeiya,"Plot 458, Lane 13, Juja"
656,Isaiah Kipngetich Barasa,95919174,079990114,isaiah.barasa@gmail.com,1988-08-28,Male,Trans Nzoia,Saboti,Kinyoro,"Plot 346, Lane 5, Mombasa Road"
657,Nasimiyu Kipkorir,52322243,077395476,nasimiyu.kipkorir@outlook.com,1964-03-27,Female,Mombasa,Nyali,Frere Town,"Plot 85, Lane 2, Jogoo"
658,Wanjiru Kamotho,62654955,072823683,wanjiru.kamotho@yahoo.com,1994-08-10,Female,Bomet,Konoin,Kimulot,"Plot 155, Lane 15, Kitisuru"
659,Kwamboka Mugo Saidimu,50543196,078918135,kwamboka.saidimu@hotmail.com,1978-01-14,Male,Nairobi,Kibra,Laini Saba,"Plot 330, Lane 12, Moi Avenue"
660,Charity Chepngeno,47684709,011616139,charity.chepngeno@gmail.com,1968-10-10,Male,Nairobi,Lang'ata,Nyayo Highrise,"Plot 1, Lane 12, Langata"
661,Khaemba Naomi Langat,36281402,010744118,khaemba.langat@yahoo.com,1992-08-16,Male,Kakamega,Shinyalu,Isukha West,"Plot 177, Lane 16, Kilimani"
662,Onsongo Ndegwa,62451159,077756475,onsongo.ndegwa@yahoo.com,1950-11-27,Male,Mombasa,Nyali,Ziwa la Ng'ombe,"Plot 70, Lane 16, Moi Avenue"
663,Kimani Onsongo Njuguna,70875238,075910453,kimani.njuguna@hotmail.com,1980-12-05,Male,Nyeri,Nyeri Town,Ruring'u,"Plot 133, Lane 20, Kiambu"
664,Emily Wanyonyi Kamotho,46881809,010131807,emily.kamotho@outlook.com,1959-07-13,Male,Nakuru,Molo,Molo,"House 33, Langata Drive, Lenana"
665,Kipchirchir Kathure Omondi,59339530,071122733,kipchirchir.omondi@gmail.com,1970-07-19,Female,Nairobi,Kibra,Woodley,"House 274, Kiambu Road Road, Tom Mboya"
666,Marete Nekesa Kamotho,50421249,076920595,marete.kamotho@yahoo.com,1957-04-10,Female,Trans Nzoia,Kiminini,Nabiswa,"Plot 467, Lane 16, Mombasa Road"
667,Muthoka Munyao,30946019,011158825,muthoka.munyao@hotmail.com,1966-02-23,Male,Trans Nzoia,Kiminini,Sirende,"Plot 203, Lane 8, Mugumo"
668,Faith Muema Anyango,66755255,077808517,faith.anyango@yahoo.com,2004-03-23,Female,Kisumu,Seme,North Seme,"Plot 196, Lane 11, Karen"
669,Awiti Kaimenyi,60224330,070964939,awiti.kaimenyi@yahoo.com,1951-02-11,Female,Nakuru,Nakuru Town West,Kaptembwo,"House 367, Argwings Kodhek Road, Thika Superhighway"
670,Syokau Wafula Kipchirchir,46834775,078777093,syokau.kipchirchir@gmail.com,1983-09-02,Male,Kiambu,Lari,Kinale,"House 265, Kileleshwa Drive, River Road"
671,Wafula Thomas Kasina,79250561,076544903,wafula.kasina@hotmail.com,1977-02-19,Female,Kisumu,Nyakach,West Nyakach,"House 297, Juja Street, Argwings Kodhek"
672,David Kilonzo,83206688,075358907,david.kilonzo@gmail.com,1985-11-19,Female,Bungoma,Kabuchai,Bwake/Luuya,"House 205, Limuru Road, Tom Mboya"
673,Chepkoech Kivuva,37448673,072965842,chepkoech.kivuva@gmail.com,1978-10-18,Male,Kilifi,Kilifi South,Shimo la Tewa,"Plot 327, Lane 2, Westlands"
674,Robert Mulandi,84567327,011985638,robert.mulandi@gmail.com,1980-08-24,Male,Bomet,Sotik,Ndanai/Abosi,"Plot 72, Lane 16, Mombasa Road"
675,Mutinda Baya,56814976,011790641,mutinda.baya@gmail.com,1979-08-04,Female,Bungoma,Webuye West,Sitikho,"Plot 193, Lane 20, Kileleshwa"
676,Kipngetich Nabwire,60984196,010847263,kipngetich.nabwire@gmail.com,1978-12-06,Male,Nairobi,Westlands,Kitisuru,"House 320, Kenyatta Drive, Moi Avenue"
677,Achieng Rotich,30319496,076109346,achieng.rotich@gmail.com,2001-09-19,Male,Meru,Tigania East,Karama,"Plot 443, Lane 7, Athi River"
678,Judy Mumo,61987708,074811751,judy.mumo@outlook.com,1954-04-03,Male,Bomet,Bomet Central,Ndarawetta,"Plot 187, Lane 17, Uhuru"
679,Ojwang Kipchumba,60598783,011118316,ojwang.kipchumba@gmail.com,1980-06-09,Male,Kiambu,Ruiru,Kiuu,"Plot 334, Lane 2, River Road"
680,Flora Mbuthia,51570260,078147033,flora.mbuthia@gmail.com,1999-06-23,Female,Bomet,Sotik,Kapletundo,"House 320, Kasarani Street, Kikuyu"
681,Flora Leshan Ndegwa,71587674,011368891,flora.ndegwa@outlook.com,1991-12-08,Female,Nairobi,Westlands,Kitisuru,"House 109, Argwings Kodhek Street, Garden Estate"
682,Diana Mwikali,57778592,010130179,diana.mwikali@outlook.com,2001-07-16,Male,Machakos,Machakos Town,Machakos Central,"House 204, Ruaraka Street, Kangundo"
683,Martin Zephaniah Kasina,11502307,079833203,martin.kasina@yahoo.com,1979-07-27,Female,Nakuru,Bahati,Bahati,"Plot 238, Lane 19, Mugumo"
684,Mumo Sharon Mworoa,13306687,075130750,mumo.mworoa@hotmail.com,1996-05-04,Male,Bungoma,Sirisia,Malakisi/South Kulisiru,"Plot 283, Lane 19, Kangundo"
685,Mulwa Kaloki Nekesa,80176141,077688437,mulwa.nekesa@outlook.com,1985-01-21,Male,Kiambu,Kiambu,Ndumberi,"Plot 64, Lane 5, Kitisuru"
686,Kipngetich Oduya,64770806,079321061,kipngetich.oduya@outlook.com,1961-03-02,Male,Nairobi,Lang'ata,Nairobi West,"Plot 416, Lane 6, Thika"
687,Leah Mwikali,76577067,074152113,leah.mwikali@outlook.com,1979-04-12,Female,Machakos,Kathiani,Upper Kaewa/Iveti,"House 170, Langata Avenue, Kenyatta"
688,Amos Priscilla Ojwang,50226871,078428403,amos.ojwang@gmail.com,2003-08-16,Female,Nakuru,Gilgil,Gilgil,"Plot 125, Lane 14, Mombasa Road"
689,Sharon Kipsang Wamalwa,11099317,070580127,sharon.wamalwa@gmail.com,2005-10-25,Male,Kiambu,Kiambu,Kihara,"House 469, Juja Street, Langata"
690,Senteu Mulwa Kipngetich,85474249,071426790,senteu.kipngetich@gmail.com,1983-08-20,Male,Kiambu,Kabete,Muguga,"House 318, Langata Avenue, Ruaraka"
691,Mwende Ochieng Mwangolo,80272722,075619999,mwende.mwangolo@gmail.com,1996-06-12,Female,Nakuru,Nakuru Town West,Kapkures,"House 409, Uhuru Road, Lavington"
692,Syombua Mwirigi,65798756,077309501,syombua.mwirigi@gmail.com,1982-03-28,Female,Nairobi,Dagoretti South,Uthiru,"House 369, Lenana Street, Uhuru"
693,Kebaso Njoroge,41523901,079726747,kebaso.njoroge@gmail.com,2001-01-10,Female,Nakuru,Kuresoi North,Nyota,"Plot 226, Lane 4, Likoni"
694,Lenguro Kipkirui Jepkoech,84219322,072923586,lenguro.jepkoech@outlook.com,1993-08-12,Female,Bungoma,Kimilili,Kamukuywa,"House 311, Athi River Road, Kikuyu"
695,Wachira Tsuma,31043077,010713685,wachira.tsuma@gmail.com,1997-06-01,Male,Kakamega,Mumias East,East Wanga,"House 200, Athi River Avenue, Thika"
696,Benjamin Kanampiu,53253408,077328412,benjamin.kanampiu@yahoo.com,1982-01-12,Male,Nairobi,Kibra,Woodley,"House 227, Ruaraka Avenue, Mugumo"
697,Syokau Lubanga,95624361,075157975,syokau.lubanga@gmail.com,1984-07-02,Male,Kiambu,Kikuyu,Kinoo,"House 310, Jogoo Street, Mugumo"
698,Mwikali Mercy Wanjohi,23439045,073356447,mwikali.wanjohi@gmail.com,2000-03-05,Female,Nairobi,Dagoretti North,Kawangware,"Plot 89, Lane 18, Moi Avenue"
699,Caroline Otula,51105057,010609704,caroline.otula@gmail.com,1985-06-05,Male,Nairobi,Kasarani,Kamulu,"House 243, Kileleshwa Drive, Kilimani"
700,Muthuri Musyimi,58560924,074481019,muthuri.musyimi@gmail.com,1985-06-11,Male,Kakamega,Mumias East,East Wanga,"Plot 220, Lane 8, Athi River"
701,Hannah Wanyonyi Mogaka,36252609,078987165,hannah.mogaka@hotmail.com,1975-01-06,Female,Meru,Tigania West,Kianjai,"Plot 155, Lane 13, Westlands"
702,Syombua Wabomba,25125619,079516056,syombua.wabomba@hotmail.com,1963-07-09,Female,Mombasa,Kisauni,Mtopanga,"House 276, Kiambu Road Drive, Tom Mboya"
703,Okello Kaloki Mulandi,29457121,011841287,okello.mulandi@hotmail.com,1984-03-16,Male,Bomet,Bomet Central,Singorwet,"Plot 33, Lane 9, Jogoo"
704,Bridget Jonathan Mbuthia,97510445,070989173,bridget.mbuthia@outlook.com,1985-10-24,Male,Bungoma,Kanduyi,East Sang'alo,"House 298, Kangundo Road, Mombasa Road"
705,Awino Mercy Mogaka,64543706,073199313,awino.mogaka@hotmail.com,1985-10-15,Female,Turkana,Turkana Central,Kalokol,"House 382, Juja Drive, Kikuyu"
706,Munyao Towett,77053980,071546712,munyao.towett@hotmail.com,1994-12-06,Male,Nairobi,Dagoretti North,Kawangware,"House 411, Likoni Road, Ruiru"
707,Irene Kemunto Mutune,55868421,011541553,irene.mutune@hotmail.com,1961-10-19,Female,Kisumu,Nyakach,South West Nyakach,"Plot 436, Lane 7, Kangundo"
708,Mumo Musyoka,26309371,011668328,mumo.musyoka@gmail.com,1971-05-04,Male,Kilifi,Malindi,Shella,"Plot 120, Lane 13, Kiambu Road"
709,Muthoni Mbaka,92044472,079284383,muthoni.mbaka@outlook.com,1986-04-11,Female,Machakos,Matungulu,Tala,"Plot 261, Lane 7, River Road"
710,Jebet Cherotich Koross,46288827,071821782,jebet.koross@yahoo.com,1988-04-26,Female,Kilifi,Rabai,Ruruma,"Plot 223, Lane 1, Moi Avenue"
711,Judith Rono,22195202,071800771,judith.rono@outlook.com,1972-06-14,Female,Turkana,Turkana North,Kibish,"Plot 159, Lane 7, Kileleshwa"
712,Mary Kinya Cheruiyot,34325432,011705979,mary.cheruiyot@yahoo.com,1995-03-08,Male,Mombasa,Mvita,Shimanzi,"Plot 308, Lane 6, Uhuru"
713,Kipkoech Collins Wabomba,33847090,078880853,kipkoech.wabomba@gmail.com,1976-05-22,Female,Mombasa,Likoni,Shika Adabu,"Plot 107, Lane 4, Kenyatta"
714,Wanjiru Charity Mutinda,12913715,079464271,wanjiru.mutinda@gmail.com,1975-09-26,Female,Uasin Gishu,Moiben,Kimumu,"Plot 128, Lane 20, Mugumo"
715,Charity Sophia Masinde,71113260,073388118,charity.masinde@hotmail.com,1978-07-22,Male,Kakamega,Shinyalu,Isukha West,"Plot 313, Lane 15, Kasarani"
716,Allan Isaiah Mwaura,58116597,076553126,allan.mwaura@outlook.com,2006-09-24,Female,Mombasa,Changamwe,Changamwe,"Plot 340, Lane 19, Ruaraka"
717,Brian Muthuri Karanja,33883732,011688240,brian.karanja@gmail.com,1988-10-06,Female,Trans Nzoia,Kiminini,Hospital,"Plot 433, Lane 2, Lavington"
718,Ochieng Peter Mcharo,78739465,075331457,ochieng.mcharo@gmail.com,1953-02-28,Female,Bungoma,Kimilili,Kamukuywa,"House 413, Ngong Road Street, Parklands"
719,Ochieng Achieng,38941630,074418813,ochieng.achieng@yahoo.com,1993-07-17,Male,Bungoma,Webuye West,Matulo,"Plot 276, Lane 5, Kileleshwa"
720,Dennis Onyango,28240842,076356904,dennis.onyango@hotmail.com,1977-01-17,Female,Uasin Gishu,Kapseret,Langas,"Plot 402, Lane 12, Kenyatta"
721,Caroline Muthoka,47767869,070378017,caroline.muthoka@hotmail.com,2005-07-15,Female,Nakuru,Kuresoi South,Tinet,"Plot 153, Lane 11, Ngong"
722,Kebaso Gakii Lubanga,56091075,073650852,kebaso.lubanga@hotmail.com,1979-07-12,Male,Kiambu,Ruiru,Kahawa Sukari,"House 221, Thika Road, Likoni"
723,Awiti Nganga,52719028,078325482,awiti.nganga@outlook.com,1999-07-14,Female,Nairobi,Kasarani,Kasarani,"House 218, Kangundo Drive, Juja"
724,Michael Koech,12251618,078773084,michael.koech@yahoo.com,1982-04-23,Female,Kiambu,Kabete,Muguga,"House 217, Kikuyu Road, Ruaraka"
725,Muthoni Susan Kipkemoi,42700268,073678565,muthoni.kipkemoi@yahoo.com,1997-12-17,Female,Nakuru,Kuresoi South,Tinet,"Plot 424, Lane 7, Waiyaki"
726,Wekesa Kilonzo Anyango,59186621,071630036,wekesa.anyango@yahoo.com,2004-06-07,Female,Kiambu,Limuru,Ndeiya,"Plot 179, Lane 20, Parklands"
727,Haggai Esther Kibathi,93326883,072325582,haggai.kibathi@yahoo.com,1952-04-10,Female,Kisumu,Nyando,East Kano/Wawidhi,"Plot 375, Lane 7, Lavington"
728,Owuor Aaron Ongaya,35929785,074195082,owuor.ongaya@hotmail.com,1985-04-08,Male,Nairobi,Kasarani,Kasarani,"Plot 435, Lane 3, Ngong"
729,Mercy Martin Kipkirui,41860721,011939091,mercy.kipkirui@gmail.com,1959-09-24,Female,Turkana,Turkana South,Kaputir,"House 209, Kileleshwa Avenue, Kiambu"
730,Malachi Kaimenyi Kimutai,27984855,011876002,malachi.kimutai@gmail.com,1977-09-05,Male,Nairobi,Westlands,Mountain View,"House 88, Argwings Kodhek Drive, River Road"
731,Robert Wachira,31193066,072131987,robert.wachira@gmail.com,1975-05-18,Male,Nakuru,Gilgil,Mbaruk/Eburu,"Plot 285, Lane 4, Ngong"
732,Githinji Namukhula,33287112,011972156,githinji.namukhula@gmail.com,2005-05-16,Female,Kiambu,Kikuyu,Sigona,"Plot 368, Lane 9, Lavington"
733,Mark Nyambane Koech,19941358,073508266,mark.koech@yahoo.com,2001-03-27,Female,Uasin Gishu,Soy,Moi's Bridge,"Plot 196, Lane 9, Garden Estate"
734,Muthaa Namukhula Kipkemoi,44845000,077948171,muthaa.kipkemoi@yahoo.com,1999-05-15,Male,Nairobi,Dagoretti North,Gatina,"Plot 243, Lane 2, Likoni"
735,Kipkoech Munyori,59333062,011795764,kipkoech.munyori@hotmail.com,1970-03-17,Female,Trans Nzoia,Cherangany,Sitatunga,"Plot 112, Lane 12, Thika Superhighway"
736,Isaiah Wamalwa,87112395,075971315,isaiah.wamalwa@yahoo.com,1977-06-21,Male,Kiambu,Limuru,Ndeiya,"House 308, Argwings Kodhek Drive, Ngong Road"
737,Samuel Anna Awiti,57726845,011433754,samuel.awiti@gmail.com,1989-05-04,Female,Uasin Gishu,Ainabkoi,Racecourse,"House 468, Moi Avenue Street, Mugumo"
738,Kiprotich Cecilia Mutwiri,38852315,074909808,kiprotich.mutwiri@yahoo.com,1991-09-02,Male,Kisumu,Nyando,Kabonyo/Kanyagwal,"House 43, Uhuru Road, Kilimani"
739,Nanjala Mukami Koech,65945823,070461811,nanjala.koech@gmail.com,1992-10-14,Female,Mombasa,Kisauni,Mtopanga,"Plot 70, Lane 11, Ruaraka"
740,Grace Wanjala,97108374,010328073,grace.wanjala@yahoo.com,1978-08-11,Female,Nyeri,Mukurweini,Rugi,"Plot 198, Lane 9, Limuru"
741,Robert Achieng Mokua,30559033,079810500,robert.mokua@yahoo.com,1995-10-25,Male,Kiambu,Ruiru,Gatong'ora,"Plot 318, Lane 17, Jogoo"
742,Gakii Koross,38218853,010975922,gakii.koross@gmail.com,1964-08-22,Female,Mombasa,Kisauni,Mtopanga,"Plot 372, Lane 19, Kiambu"
743,Wabomba Kipsang,72054715,077339826,wabomba.kipsang@outlook.com,1969-11-03,Male,Kilifi,Malindi,Ganda,"Plot 69, Lane 12, Kangundo"
744,Mercy Kipkirui Waithera,81995285,075490992,mercy.waithera@gmail.com,2004-12-19,Male,Bungoma,Webuye East,Ndivisi,"House 186, Waiyaki Road, Ruaraka"
745,Wafula Victor Nanjala,95040154,011200680,wafula.nanjala@gmail.com,1976-08-24,Female,Kilifi,Magarini,Sabaki,"Plot 64, Lane 11, Mombasa Road"
746,Harun Rono,14192932,010987497,harun.rono@gmail.com,2000-07-15,Male,Kisumu,Muhoroni,Masogo/Nyang'oma,"Plot 279, Lane 20, Ruaraka"
747,Dennis Onsongo,59394059,010934229,dennis.onsongo@gmail.com,1977-08-02,Male,Mombasa,Jomvu,Mikindani,"House 139, Kasarani Street, Karen"
748,Alexander Mwakideu,52097153,077846866,alexander.mwakideu@outlook.com,1976-02-23,Female,Kiambu,Kiambu,Ndumberi,"Plot 469, Lane 8, Kilimani"
749,Nahum Mulandi,67601447,079208722,nahum.mulandi@gmail.com,1991-04-26,Male,Kilifi,Kilifi North,Kibarani,"Plot 444, Lane 13, Kiambu Road"
750,Kaloki Chepkorir,52550453,074400322,kaloki.chepkorir@hotmail.com,1992-12-18,Male,Machakos,Matungulu,Matungulu East,"House 196, Parklands Street, Karen"
751,Mark Njeri Mcharo,19999329,074794027,mark.mcharo@yahoo.com,1989-01-04,Female,Nairobi,Lang'ata,Nairobi West,"Plot 467, Lane 7, Karen"
752,Nicholas Jeremiah Kamau,18815479,010536245,nicholas.kamau@gmail.com,1993-05-18,Male,Kisumu,Nyando,Kobura,"Plot 337, Lane 17, Kilimani"
753,Njuguna Kipkoech,40962820,079814846,njuguna.kipkoech@gmail.com,1963-10-02,Female,Bomet,Bomet Central,Silibwet Township,"Plot 67, Lane 4, Waiyaki"
754,Khaemba Kipsang,18990534,079361062,khaemba.kipsang@yahoo.com,1975-06-06,Male,Kakamega,Lugari,Lugari,"Plot 217, Lane 1, Ruiru"
755,Matthew David Muema,21336167,077426629,matthew.muema@gmail.com,1991-12-23,Female,Nakuru,Nakuru Town East,Kivumbini,"House 25, Parklands Road, Waiyaki"
756,Jacqueline Mungai,13600484,073134244,jacqueline.mungai@gmail.com,1997-10-10,Female,Nairobi,Dagoretti South,Uthiru,"House 48, Mugumo Avenue, Ngong Road"
757,Miriam Faith Khaemba,98054220,011715642,miriam.khaemba@outlook.com,1986-04-27,Male,Nairobi,Lang'ata,Nairobi West,"Plot 116, Lane 19, Langata"
758,Cecilia Wanyoike,61944504,070998048,cecilia.wanyoike@gmail.com,1987-08-20,Male,Bungoma,Webuye East,Maraka,"House 212, Waiyaki Road, Kangundo"
759,Miriam Kenga,49734257,078454264,miriam.kenga@gmail.com,1948-04-19,Male,Nairobi,Kibra,Makina,"Plot 440, Lane 14, Thika Superhighway"
760,Rose Kinyua Sigei,97812550,073697167,rose.sigei@yahoo.com,1958-04-16,Female,Mombasa,Jomvu,Mikindani,"House 344, Juja Road, Westlands"
761,Kebaso Kinyua,38947425,079718016,kebaso.kinyua@hotmail.com,1987-07-27,Male,Meru,Igembe South,Athiru Ruujine,"House 349, Kenyatta Drive, Langata"
762,Muthoni Muthuri Kivuva,44065587,078968250,muthoni.kivuva@yahoo.com,1987-06-08,Male,Nairobi,Kibra,Sarang'ombe,"Plot 86, Lane 10, Kenyatta"
763,Kaloki Kipchumba Njuguna,32653778,071361207,kaloki.njuguna@hotmail.com,1951-02-20,Male,Bomet,Bomet East,Chemaner,"Plot 473, Lane 19, Likoni"
764,Naserian Wangari Kiprotich,41467988,073897171,naserian.kiprotich@gmail.com,1964-01-01,Female,Nakuru,Nakuru Town East,Kivumbini,"Plot 160, Lane 3, Ruaraka"
765,Onyango Mugo,46112640,076535214,onyango.mugo@gmail.com,1986-01-25,Male,Nairobi,Dagoretti North,Kileleshwa,"Plot 142, Lane 2, Kenyatta"
766,Benjamin Kinya,11404682,076151353,benjamin.kinya@outlook.com,1963-10-05,Male,Kiambu,Limuru,Limuru East,"House 380, Westlands Avenue, Jogoo"
767,Kipchumba Jepkorir Karanja,83780651,011855887,kipchumba.karanja@gmail.com,1994-10-15,Male,Kilifi,Magarini,Gongoni,"Plot 300, Lane 6, Kangundo"
768,Harun Kipchumba,24857823,011424820,harun.kipchumba@hotmail.com,1996-04-19,Female,Kakamega,Shinyalu,Isukha South,"House 265, Argwings Kodhek Street, Parklands"
769,Margaret Martha Gitonga,58573820,077215676,margaret.gitonga@gmail.com,1990-05-08,Female,Trans Nzoia,Kwanza,Kwanza,"House 139, Kilimani Road, Langata"
770,Rachel Jebiwott Macharia,64427645,076828259,rachel.macharia@outlook.com,1962-06-09,Female,Uasin Gishu,Soy,Kapkures,"Plot 28, Lane 3, Langata"
771,Joel Nyambura Kipchirchir,11546923,010168970,joel.kipchirchir@yahoo.com,1997-04-07,Female,Turkana,Turkana South,Kaputir,"Plot 411, Lane 6, Juja"
772,Caroline Musalia,64047337,075111112,caroline.musalia@gmail.com,1993-01-19,Female,Nairobi,Kasarani,Clay City,"Plot 432, Lane 3, Waiyaki"
773,Chepkirui Barasa,18209448,011553894,chepkirui.barasa@gmail.com,1997-10-08,Female,Uasin Gishu,Moiben,Sergoit,"Plot 142, Lane 7, Kitisuru"
774,Mwirigi Munyao Kipngetich,16774455,072341175,mwirigi.kipngetich@gmail.com,1993-05-25,Male,Mombasa,Kisauni,Mjambere,"House 98, Kasarani Drive, Lenana"
775,Thomas Jonah Chebet,17266411,011716309,thomas.chebet@hotmail.com,2006-01-09,Male,Nairobi,Kasarani,Kamulu,"Plot 202, Lane 3, Ngong Road"
776,Naserian Bett,19178028,079847582,naserian.bett@hotmail.com,1999-06-12,Male,Mombasa,Changamwe,Airport,"House 89, Uhuru Street, Langata"
777,Teresa Kasina,51964629,070403208,teresa.kasina@gmail.com,1988-07-17,Male,Kilifi,Malindi,Malindi Town,"Plot 450, Lane 7, Athi River"
778,Silas Rimberia Sigei,62444122,010220146,silas.sigei@gmail.com,1990-07-17,Male,Mombasa,Likoni,Bofu,"House 419, Parklands Drive, Thika Superhighway"
779,Wamalwa Mwakideu,48974564,077261834,wamalwa.mwakideu@yahoo.com,1978-05-01,Male,Mombasa,Jomvu,Mikindani,"Plot 114, Lane 13, Kasarani"
780,Gakii Florence Kaimenyi,60857535,078640123,gakii.kaimenyi@outlook.com,1971-09-11,Female,Bungoma,Sirisia,Namwela,"Plot 182, Lane 12, Waiyaki"
781,Syokau Wanyonyi,73997379,077933200,syokau.wanyonyi@gmail.com,1962-08-23,Female,Kisumu,Kisumu East,Kolwa East,"Plot 191, Lane 16, Kileleshwa"
782,Nahum Lubanga,99363234,079714621,nahum.lubanga@hotmail.com,1974-08-13,Male,Uasin Gishu,Turbo,Huruma,"Plot 70, Lane 4, Kangundo"
783,Kariuki Nyambane,47309803,071558943,kariuki.nyambane@hotmail.com,1984-06-09,Male,Kakamega,Shinyalu,Isukha South,"Plot 355, Lane 4, Ruaraka"
784,Sarah Chepkirui,70613787,071293412,sarah.chepkirui@gmail.com,1976-12-02,Male,Kilifi,Kilifi North,Matsangoni,"House 452, Limuru Avenue, Outering"
785,Edward Diana Kagwe,62466791,079438647,edward.kagwe@outlook.com,1990-05-10,Male,Nakuru,Nakuru Town East,Kivumbini,"Plot 356, Lane 9, Kenyatta"
786,Elizabeth Kosgei,26345515,074926263,elizabeth.kosgei@gmail.com,1980-07-01,Female,Kakamega,Lugari,Lwandeti,"Plot 448, Lane 4, Parklands"
787,Okello Achieng Khaemba,79211878,071216249,okello.khaemba@hotmail.com,1970-02-10,Female,Nairobi,Dagoretti South,Mutuini,"House 162, Langata Drive, Limuru"
788,Achieng Gakii Njoroge,57471125,011508656,achieng.njoroge@gmail.com,2000-03-15,Male,Nakuru,Gilgil,Malewa West,"Plot 372, Lane 8, Athi River"
789,Alexander Kevin Kiprotich,12271149,073275982,alexander.kiprotich@gmail.com,1966-02-23,Male,Machakos,Machakos Town,Mua,"Plot 124, Lane 2, River Road"
790,Rimberia Flora Kilonzo,63687857,077728565,rimberia.kilonzo@gmail.com,1989-11-19,Male,Kilifi,Ganze,Jaribuni,"Plot 265, Lane 1, Kenyatta"
791,Njuguna Munyao,24850932,071563837,njuguna.munyao@gmail.com,1972-01-02,Male,Kiambu,Kiambu,Ndumberi,"Plot 147, Lane 12, Jogoo"
792,Gathoni Awino,58344299,073101323,gathoni.awino@hotmail.com,1966-12-26,Female,Uasin Gishu,Turbo,Kiplombe,"House 110, River Road Road, Argwings Kodhek"
793,Hope Kipkorir Mwamburi,74312089,010951517,hope.mwamburi@gmail.com,1971-12-03,Female,Turkana,Turkana West,Letea,"House 459, Ngong Drive, Ruiru"
794,Wangeci Kemei,88845927,078742101,wangeci.kemei@gmail.com,1982-07-10,Female,Kakamega,Ikolomani,Idakho South,"House 340, Kileleshwa Avenue, Mombasa Road"
795,Kiprotich Keter,97033089,070445261,kiprotich.keter@gmail.com,1964-01-01,Female,Nairobi,Westlands,Kitisuru,"Plot 419, Lane 3, Parklands"
796,Martha Lenguro,85253501,076601294,martha.lenguro@gmail.com,1966-01-09,Female,Machakos,Yatta,Ndalani,"Plot 322, Lane 14, Athi River"
797,Lilian Momanyi Cheruiyot,13899798,072298792,lilian.cheruiyot@gmail.com,1981-07-20,Male,Kiambu,Lari,Kijabe,"House 212, Kiambu Road Drive, Westlands"
798,Elizabeth Mutwiri Keter,91203522,079695245,elizabeth.keter@gmail.com,1996-06-06,Male,Trans Nzoia,Kiminini,Waitaluk,"Plot 351, Lane 8, Waiyaki"
799,Isaiah Kagwe,52582456,011464610,isaiah.kagwe@yahoo.com,1984-11-13,Female,Machakos,Mavoko,Syokimau/Mulolongo,"House 476, Thika Superhighway Street, Kangundo"
800,Kipkirui Lenguro Awuor,19725451,078934985,kipkirui.awuor@gmail.com,1971-10-19,Male,Kisumu,Seme,North Seme,"House 470, Langata Street, Athi River"
801,Kimeu Omar,29920279,075512032,kimeu.omar@hotmail.com,1980-02-06,Male,Nakuru,Naivasha,Lake View,"Plot 107, Lane 1, Karen"
802,Zechariah Cherotich Mutwiri,95453300,077340677,zechariah.mutwiri@outlook.com,1981-05-18,Female,Nakuru,Bahati,Dundori,"Plot 4, Lane 15, Thika"
803,David Kariuki Cherono,12458919,075184687,david.cherono@gmail.com,1993-09-25,Male,Kiambu,Ruiru,Kahawa Sukari,"House 107, Uhuru Road, Kikuyu"
804,Mwania Kilonzo Ndunge,87083341,071555856,mwania.ndunge@outlook.com,2004-01-28,Female,Uasin Gishu,Ainabkoi,Racecourse,"House 217, Langata Drive, Ruiru"
805,Muthuri Maina Leshan,83362808,074404244,muthuri.leshan@outlook.com,1976-06-24,Female,Machakos,Masinga,Muthesya,"House 298, Waiyaki Street, Kiambu"
806,Joseph Onsongo Chepkorir,31829800,072792751,joseph.chepkorir@outlook.com,1966-09-27,Male,Kisumu,Seme,North Seme,"House 180, Waiyaki Road, Moi Avenue"
807,Isaac Muema,84110101,078285774,isaac.muema@gmail.com,2004-05-18,Male,Uasin Gishu,Turbo,Ngenyilel,"House 411, Kenyatta Road, Argwings Kodhek"
808,Naomi Grace Kaimenyi,69715793,077728709,naomi.kaimenyi@yahoo.com,1956-04-26,Female,Kakamega,Matungu,Koyonzo,"Plot 240, Lane 5, Ngong Road"
809,Zechariah Sigei,18158813,070638986,zechariah.sigei@gmail.com,1988-02-05,Female,Machakos,Kangundo,Kangundo Central,"Plot 144, Lane 4, Ruaraka"
810,Cynthia Jepkoech,85272184,079636977,cynthia.jepkoech@gmail.com,1978-05-25,Male,Kiambu,Lari,Kamburu,"House 27, River Road Road, Moi Avenue"
811,Alice Michael Gitau,48226449,010343541,alice.gitau@gmail.com,1978-10-04,Male,Machakos,Machakos Town,Mua,"House 297, Moi Avenue Street, Ngong Road"
812,Malachi Kiprop,39270317,074810085,malachi.kiprop@gmail.com,1980-01-15,Female,Machakos,Machakos Town,Mutituni,"House 49, Athi River Street, Tom Mboya"
813,Charity Wamuyu,54698618,010903028,charity.wamuyu@gmail.com,1986-03-27,Female,Machakos,Masinga,Ekalakala,"Plot 235, Lane 11, Limuru"
814,Waithera Deborah Kipaati,52139442,075461419,waithera.kipaati@yahoo.com,1948-03-02,Female,Nairobi,Westlands,Mountain View,"Plot 100, Lane 10, Westlands"
815,Faith Alexander Wangari,23873812,072277062,faith.wangari@hotmail.com,1971-04-21,Female,Meru,Igembe South,Athiru Gaiti,"Plot 146, Lane 12, Mombasa Road"
816,Jonah Onsongo,91297709,011804815,jonah.onsongo@gmail.com,1962-03-16,Female,Kakamega,Matungu,Namamali,"House 348, Kilimani Road, Kenyatta"
817,Kimani Wachira Mutua,67937221,010584680,kimani.mutua@gmail.com,1999-11-04,Female,Kiambu,Kiambu,Ndumberi,"House 159, Karen Drive, Kenyatta"
818,Wamalwa Kamau,40109240,070603719,wamalwa.kamau@gmail.com,1991-01-18,Male,Nairobi,Dagoretti North,Kawangware,"Plot 384, Lane 15, Juja"
819,Ronald Senteu,49075648,074536162,ronald.senteu@outlook.com,1987-03-24,Male,Nyeri,Othaya,Karima,"House 420, Mugumo Road, Likoni"
820,Bridget Kamau Naliaka,91335378,074536809,bridget.naliaka@gmail.com,1991-01-14,Female,Nairobi,Kibra,Sarang'ombe,"Plot 472, Lane 10, Athi River"
821,Opiyo Kangogo,66941236,070450946,opiyo.kangogo@gmail.com,1976-01-26,Female,Kiambu,Kabete,Kabete,"House 242, Tom Mboya Avenue, Waiyaki"
822,Mutwiri Erick Mworoa,10370853,011224256,mutwiri.mworoa@gmail.com,1987-11-13,Male,Mombasa,Changamwe,Miritini,"Plot 246, Lane 4, Lavington"
823,Adhiambo Kipkorir,22293104,070968931,adhiambo.kipkorir@yahoo.com,2006-01-27,Male,Nairobi,Kibra,Makina,"Plot 7, Lane 5, Kikuyu"
824,Harun Mwakideu,99068383,075771092,harun.mwakideu@gmail.com,1972-12-15,Female,Meru,Tigania East,Kiguchwa,"House 197, Argwings Kodhek Avenue, Kiambu"
825,Victor Lydia Ndunda,86964296,011921420,victor.ndunda@yahoo.com,1983-12-22,Male,Trans Nzoia,Kwanza,Keiyo,"Plot 393, Lane 15, Ruaraka"
826,Cherotich Nabwire,57712356,077367902,cherotich.nabwire@gmail.com,2003-09-14,Female,Kiambu,Githunguri,Ikinu,"House 75, Moi Avenue Road, Kiambu Road"
827,Deborah Pauline Senteu,99390140,073154856,deborah.senteu@outlook.com,1988-11-09,Male,Machakos,Matungulu,Kyeleni,"Plot 453, Lane 14, Lavington"
828,Veronica Agnes Kenga,47586447,077419865,veronica.kenga@gmail.com,1989-08-04,Female,Mombasa,Likoni,Bofu,"Plot 42, Lane 3, Kikuyu"
829,Joseph Cynthia Wabomba,44625815,077895336,joseph.wabomba@gmail.com,1997-02-20,Female,Trans Nzoia,Endebess,Matumbei,"House 456, Karen Avenue, Likoni"
830,Isaiah Ruth Keter,64643199,071173301,isaiah.keter@hotmail.com,1993-03-23,Female,Nairobi,Dagoretti North,Kilimani,"Plot 337, Lane 20, Kitisuru"
831,Mueni Koross,76042903,071662975,mueni.koross@gmail.com,1969-08-28,Female,Nyeri,Othaya,Iria-ini,"House 67, Westlands Street, Kileleshwa"
832,Kwamboka Nashipae Cherono,20724650,078130117,kwamboka.cherono@gmail.com,1979-03-11,Female,Nairobi,Dagoretti North,Kileleshwa,"House 467, Uhuru Avenue, Lavington"
833,Okoth Ndunda,32493148,073882019,okoth.ndunda@gmail.com,2005-07-17,Female,Kakamega,Butere,Marama Central,"Plot 280, Lane 14, Kangundo"
834,Okello Mwende Lubanga,99367274,078338609,okello.lubanga@outlook.com,1992-11-23,Female,Nakuru,Rongai,Visoi,"House 99, Uhuru Street, Kikuyu"
835,Esther Muema,13039386,074843635,esther.muema@gmail.com,1995-03-11,Male,Nakuru,Kuresoi South,Tinet,"House 297, Thika Superhighway Drive, Langata"
836,Gichuru Kiprotich,47384667,078803807,gichuru.kiprotich@hotmail.com,1993-08-24,Female,Kiambu,Ruiru,Kahawa Sukari,"Plot 146, Lane 11, Limuru"
837,George Gichuru,89811209,075316351,george.gichuru@gmail.com,1998-04-28,Female,Bomet,Konoin,Embomos,"House 124, Kitisuru Drive, Ruiru"
838,Rimberia Teresa Atieno,12842173,072766776,rimberia.atieno@yahoo.com,1981-08-03,Female,Turkana,Loima,Loima,"House 237, Uhuru Avenue, Lenana"
839,Mukhwana Kiprotich,48416466,071686312,mukhwana.kiprotich@gmail.com,1978-06-05,Female,Meru,North Imenti,Kithirune,"House 458, Kilimani Street, Athi River"
840,Chepngeno Ombati,93612431,074585731,chepngeno.ombati@gmail.com,1990-03-10,Male,Bomet,Chepalungu,Sigour,"House 371, Moi Avenue Street, Kikuyu"
841,Andrew Kebaso,88248208,079164100,andrew.kebaso@outlook.com,1996-10-09,Male,Nairobi,Kasarani,Mwiki,"Plot 155, Lane 3, Kiambu Road"
842,Alice Syombua Mwirigi,76245685,073404458,alice.mwirigi@outlook.com,1991-01-25,Female,Kiambu,Kiambu,Ndumberi,"Plot 115, Lane 10, Parklands"
843,Achieng Grace Mcharo,62687851,078862377,achieng.mcharo@outlook.com,1990-03-08,Male,Bungoma,Webuye West,Kimilili,"House 474, Kilimani Road, Waiyaki"
844,Bosibori Mukhwana,45365918,079485749,bosibori.mukhwana@gmail.com,1951-09-16,Male,Bungoma,Webuye East,Mihuu,"House 178, Ruaraka Street, Athi River"
845,John Katua,68987671,070297093,john.katua@outlook.com,1974-04-02,Male,Kakamega,Ikolomani,Idakho South,"House 305, Mugumo Drive, Argwings Kodhek"
846,Anyango Masinde,85085833,076307513,anyango.masinde@gmail.com,1986-01-26,Female,Bungoma,Webuye East,Maraka,"House 147, Ruaraka Street, Mombasa Road"
847,John Mukhwana Kibathi,87323948,076919695,john.kibathi@gmail.com,1987-03-25,Female,Bungoma,Webuye West,Kimilili,"Plot 466, Lane 16, Garden Estate"
848,Gitobu Isaiah Gitonga,45668220,071511980,gitobu.gitonga@gmail.com,1959-07-08,Female,Nairobi,Dagoretti South,Riruta,"Plot 247, Lane 4, Juja"
849,Elizabeth Silas Ndegwa,61165027,071206931,elizabeth.ndegwa@gmail.com,1989-07-03,Male,Nairobi,Kibra,Lindi,"Plot 401, Lane 11, Kitisuru"
850,Muthaa Musyimi,94809946,010430050,muthaa.musyimi@gmail.com,1988-11-14,Male,Bungoma,Mt. Elgon,Cheptais,"Plot 436, Lane 20, Mugumo"
851,Barnabas Jepkorir,17429594,079440623,barnabas.jepkorir@outlook.com,1962-10-07,Male,Kiambu,Kikuyu,Kinoo,"Plot 17, Lane 3, Lenana"
852,Samuel Kaloki Omar,89714295,075367473,samuel.omar@gmail.com,1970-06-10,Female,Nairobi,Westlands,Mountain View,"Plot 67, Lane 6, Uhuru"
853,Khaemba Mwikali,83927501,073963305,khaemba.mwikali@gmail.com,1994-10-16,Female,Meru,Igembe South,Mau/Antuamburi,"Plot 7, Lane 4, Juja"
854,Mwikali Korir,95510088,011357135,mwikali.korir@gmail.com,1977-09-07,Female,Uasin Gishu,Ainabkoi,Kaptagat,"Plot 366, Lane 13, Kangundo"
855,Haggai Anyango Mbaka,80422146,077139341,haggai.mbaka@yahoo.com,1983-02-24,Female,Bomet,Bomet Central,Mutarakwa,"Plot 214, Lane 10, Ruiru"
856,Irene Mwirigi,55161836,011293697,irene.mwirigi@gmail.com,1976-05-18,Male,Machakos,Kangundo,Kangundo West,"Plot 29, Lane 18, Mugumo"
857,Alexander Mumo,29918252,078551283,alexander.mumo@gmail.com,1964-04-27,Female,Kisumu,Kisumu Central,Nyalenda 'B',"Plot 158, Lane 17, Likoni"
858,Kipsang Waithera Wairimu,86589871,078345973,kipsang.wairimu@gmail.com,1982-12-23,Male,Kakamega,Butere,Marama South,"Plot 316, Lane 2, Kikuyu"
859,Kanampiu Paul Oseko,10468741,011142318,kanampiu.oseko@gmail.com,1978-03-02,Female,Kiambu,Ruiru,Kiuu,"Plot 111, Lane 13, Kilimani"
860,Jepkoech Caroline Kangogo,63648445,011601885,jepkoech.kangogo@gmail.com,1998-04-16,Female,Bungoma,Mt. Elgon,Cheptais,"House 205, Argwings Kodhek Drive, Karen"
861,Ondieki Oseko,34996513,075887391,ondieki.oseko@yahoo.com,1993-04-23,Male,Mombasa,Mvita,Mji wa Kale,"Plot 355, Lane 5, Kasarani"
862,Lois Kimutai,21071555,072477537,lois.kimutai@yahoo.com,1975-01-09,Female,Mombasa,Nyali,Frere Town,"House 386, Thika Superhighway Road, Lenana"
863,Cherono Peter Kasina,37683563,011252535,cherono.kasina@yahoo.com,1987-10-14,Female,Kisumu,Kisumu Central,Kaloleni,"House 270, Kenyatta Street, Thika"
864,Matthew Maina Maingi,27148566,075112250,matthew.maingi@gmail.com,1998-11-17,Female,Kakamega,Lugari,Chekalini,"Plot 153, Lane 16, Langata"
865,Kipkorir Jonathan Mwaura,42482494,010563225,kipkorir.mwaura@gmail.com,2003-04-20,Male,Uasin Gishu,Kapseret,Ngeria,"Plot 103, Lane 12, Mugumo"
866,Wambui Moses Mwamburi,37383624,076804098,wambui.mwamburi@gmail.com,2001-06-24,Male,Kakamega,Ikolomani,Idakho North,"Plot 374, Lane 17, Limuru"
867,Kimani Kipkorir Otula,65478943,074418983,kimani.otula@hotmail.com,1991-10-21,Female,Machakos,Kangundo,Kangundo West,"Plot 315, Lane 9, Argwings Kodhek"
868,Paul Mogaka Osebe,46493821,076556475,paul.osebe@hotmail.com,1961-08-26,Female,Kiambu,Ruiru,Kiuu,"House 382, Garden Estate Avenue, Kilimani"
869,Brenda Osebe,41727657,077386721,brenda.osebe@gmail.com,1980-07-17,Male,Nakuru,Rongai,Solai,"House 81, Lavington Road, River Road"
870,Syombua Mwaura,62194039,070962500,syombua.mwaura@gmail.com,1969-09-02,Male,Kiambu,Kikuyu,Nachu,"Plot 196, Lane 10, Mombasa Road"
871,Daniel Karanja,41908888,011702462,daniel.karanja@outlook.com,1979-06-18,Male,Bungoma,Sirisia,Lwandanyi,"House 404, Lavington Road, Lavington"
872,Jebiwott Lilian Saidimu,35907091,011643852,jebiwott.saidimu@gmail.com,1990-02-06,Male,Nyeri,Mathira,Konyu,"House 48, Kileleshwa Road, Kasarani"
873,Sharon Martin Kilonzo,98619173,077180533,sharon.kilonzo@gmail.com,1984-10-05,Female,Uasin Gishu,Turbo,Tapsagoi,"Plot 9, Lane 4, Lenana"
874,Syokau Kebaso,19803499,077620121,syokau.kebaso@gmail.com,1975-12-15,Male,Kiambu,Kiambu,Kihara,"House 35, River Road Street, Kileleshwa"
875,Agnes Wachira,18519119,078185845,agnes.wachira@hotmail.com,1963-11-23,Male,Machakos,Mavoko,Kinanie,"Plot 94, Lane 19, Kilimani"
876,Otieno Esther Namukhula,31914709,071168264,otieno.namukhula@gmail.com,1998-07-01,Female,Mombasa,Nyali,Mkomani,"Plot 394, Lane 9, Garden Estate"
877,Naomi Wangari,11550868,079813141,naomi.wangari@outlook.com,1989-09-02,Female,Kakamega,Mumias West,Mutema,"Plot 204, Lane 18, Ngong Road"
878,Janet Agnes Koross,34043977,075989163,janet.koross@gmail.com,1974-08-13,Female,Bungoma,Sirisia,Lwandanyi,"Plot 23, Lane 10, Ngong"
879,Nabwire Kiprop Musila,82496804,076556535,nabwire.musila@gmail.com,1994-03-09,Male,Kilifi,Rabai,Rabai/Kisurutini,"Plot 64, Lane 13, Lavington"
880,Charity Timothy Waithera,14542798,070646306,charity.waithera@gmail.com,1988-05-20,Male,Kakamega,Mumias East,Malaha/Isongo/Masindi,"House 186, Kikuyu Road, Kileleshwa"
881,Kathure Kipkoech Mwamburi,27028924,011852697,kathure.mwamburi@outlook.com,2004-03-19,Male,Kiambu,Githunguri,Githiga,"House 466, Kileleshwa Road, Jogoo"
882,Mukhwana Nduku,29766571,073197233,mukhwana.nduku@gmail.com,1979-11-24,Male,Mombasa,Likoni,Mtongwe,"House 412, Mugumo Drive, Lavington"
883,Senteu Ogero,81563076,072304914,senteu.ogero@outlook.com,1985-03-11,Male,Nakuru,Bahati,Kabatini,"Plot 168, Lane 15, Ngong"
884,Erick Elizabeth Rotich,60850210,011146410,erick.rotich@yahoo.com,2001-05-11,Female,Meru,South Imenti,Abogeta West,"House 29, Parklands Avenue, Thika"
885,Muriuki Ndunda,39510147,070766443,muriuki.ndunda@outlook.com,2003-05-10,Male,Nakuru,Subukia,Kabazi,"House 181, Tom Mboya Avenue, Waiyaki"
886,Moses Mugo Wangari,37651781,011763938,moses.wangari@gmail.com,1990-08-12,Female,Meru,South Imenti,Abogeta East,"Plot 321, Lane 17, Likoni"
887,Ondieki Kathure Ongaya,88298796,070320888,ondieki.ongaya@gmail.com,1989-10-11,Female,Kiambu,Kiambu,Kihara,"Plot 231, Lane 4, Mombasa Road"
888,Judith Nyambura Mulandi,10500877,010571105,judith.mulandi@gmail.com,1962-09-28,Female,Nairobi,Dagoretti North,Kawangware,"House 440, Ruiru Drive, Karen"
889,Jonathan Mutua,63296865,070386433,jonathan.mutua@yahoo.com,1950-04-09,Male,Machakos,Kathiani,Kathiani Central,"House 416, Ngong Road Road, Thika Superhighway"
890,Naipanoi Mbaka,40269419,011494542,naipanoi.mbaka@gmail.com,1952-12-14,Male,Meru,North Imenti,Nkubu,"House 294, Garden Estate Street, Lenana"
891,Flora Thomas Mogaka,86229768,073478410,flora.mogaka@outlook.com,1975-05-03,Female,Mombasa,Likoni,Mtongwe,"House 397, Argwings Kodhek Road, Langata"
892,Simiyu Wanjiku Kipsang,51314590,074292338,simiyu.kipsang@outlook.com,1977-10-06,Male,Bungoma,Kanduyi,East Sang'alo,"House 2, Mugumo Drive, Parklands"
893,Miriam Njuguna Mutinda,88387626,010513562,miriam_mutinda@gmail.com,1980-04-22,Male,Kiambu,Githunguri,Ngewa,"Plot 459, Lane 12, Limuru"
894,Jonah Anyango,34546715,011977336,jonah.anyango@hotmail.com,2006-07-17,Female,Nakuru,Naivasha,Maiella,"House 216, Kasarani Road, Garden Estate"
895,Kasina Jacqueline Waithera,98295523,076940876,kasina.waithera@outlook.com,1983-05-24,Female,Nakuru,Gilgil,Murindat,"Plot 420, Lane 9, Kenyatta"
896,Kebaso Wairimu Munyao,85048942,011386149,kebaso.munyao@yahoo.com,1978-06-08,Female,Machakos,Kathiani,Upper Kaewa/Iveti,"House 226, Kitisuru Avenue, Moi Avenue"
897,Anna Emily Koech,15757856,011390137,anna.koech@outlook.com,2000-04-02,Male,Bomet,Bomet East,Merigi,"House 370, Argwings Kodhek Street, Mugumo"
898,Mbaka Alice Rotich,45766054,011926993,mbaka.rotich@hotmail.com,1982-01-08,Male,Kiambu,Kikuyu,Kikuyu,"House 421, Ruaraka Drive, Ngong"
899,Mukhwana Haggai Kemei,45214814,079583900,mukhwana.kemei@gmail.com,1967-04-08,Female,Nyeri,Tetu,Aguthi/Gaaki,"Plot 129, Lane 11, Kenyatta"
900,Samuel Mwania,18115148,077189334,samuel.mwania@yahoo.com,1971-02-06,Female,Uasin Gishu,Turbo,Kiplombe,"Plot 292, Lane 7, Karen"
901,Githinji Korir,64286033,010481016,githinji.korir@gmail.com,2001-01-16,Male,Nairobi,Lang'ata,Nyayo Highrise,"House 349, Karen Drive, Kasarani"
902,Isaiah Owuor,92455201,070298329,isaiah.owuor@gmail.com,1996-09-08,Male,Bungoma,Webuye West,Bokoli,"Plot 220, Lane 17, Parklands"
903,Jepkorir Mutisya,17259175,071879319,jepkorir.mutisya@gmail.com,2001-01-05,Female,Uasin Gishu,Kapseret,Langas,"Plot 113, Lane 20, Ngong"
904,Munyao Kipkirui Ochieng,94282757,079474637,munyao.ochieng@gmail.com,1997-01-01,Female,Nakuru,Rongai,Menengai West,"Plot 359, Lane 13, Thika"
905,Monica Anyango,80522721,011257664,monica.anyango@gmail.com,1980-06-08,Female,Kisumu,Kisumu East,Manyatta 'B',"Plot 81, Lane 7, Kasarani"
906,Wambugu Cynthia Wafula,26634072,079543780,wambugu.wafula@outlook.com,1976-05-09,Female,Meru,Central Imenti,Gatimbi,"House 8, Kileleshwa Avenue, Ngong Road"
907,Stephen Ndinda Muthama,59427999,075632994,stephen.muthama@yahoo.com,1971-12-05,Female,Machakos,Masinga,Muthesya,"House 229, Ngong Road Drive, Waiyaki"
908,Wachira Gakunyi Maina,54417200,075728983,wachira.maina@hotmail.com,1973-12-24,Female,Kakamega,Butere,Marama West,"Plot 68, Lane 19, Uhuru"
909,Wabomba Kipkorir Muthama,75876620,072812549,wabomba.muthama@gmail.com,1994-05-27,Female,Nakuru,Nakuru Town West,London,"House 255, Jogoo Road, Kileleshwa"
910,Kilonzo Chepkorir,98318907,077833327,kilonzo.chepkorir@hotmail.com,1969-01-18,Male,Kilifi,Ganze,Jaribuni,"House 412, Mugumo Road, Waiyaki"
911,Kwamboka Dorothy Awiti,16204328,011745988,kwamboka.awiti@yahoo.com,1982-11-14,Female,Nairobi,Kibra,Sarang'ombe,"House 180, Outering Road, Kasarani"
912,Kioko Tsuma,41858513,011327680,kioko.tsuma@hotmail.com,1983-01-06,Male,Trans Nzoia,Endebess,Matumbei,"Plot 266, Lane 3, Juja"
913,Syombua Alexander Wabomba,68379988,074604086,syombua.wabomba@gmail.com,1970-05-28,Male,Nairobi,Lang'ata,Nyayo Highrise,"Plot 390, Lane 14, Limuru"
914,Muriuki Cheruiyot,39155667,011696678,muriuki.cheruiyot@yahoo.com,1977-06-11,Female,Kilifi,Rabai,Kambe/Ribe,"Plot 315, Lane 5, Ngong"
915,Kinya Cheruiyot,28437610,072155000,kinya.cheruiyot@gmail.com,1991-09-25,Male,Kiambu,Limuru,Bibirioni,"Plot 212, Lane 10, Outering"
916,Adhiambo Jebet Cherono,63096404,010884975,adhiambo.cherono@gmail.com,1987-10-09,Male,Kiambu,Limuru,Limuru Central,"Plot 19, Lane 4, Athi River"
917,Kiprop Oduya Wachira,94768182,079197190,kiprop.wachira@yahoo.com,1986-11-01,Female,Kilifi,Rabai,Kambe/Ribe,"Plot 115, Lane 18, Moi Avenue"
918,Kagwiria Naliaka Macharia,10209894,076142527,kagwiria.macharia@hotmail.com,1974-02-24,Male,Kilifi,Kilifi North,Tezo,"House 65, Lenana Avenue, Kiambu"
919,Muthaa Micah Ojwang,36003419,070427272,muthaa.ojwang@hotmail.com,2005-12-24,Male,Meru,Igembe Central,Athiru Gaiti,"Plot 40, Lane 5, Uhuru"
920,Victor Ojwang Nabwire,34107548,076545629,victor.nabwire@gmail.com,1973-04-07,Male,Kakamega,Shinyalu,Isukha Central,"Plot 12, Lane 5, Outering"
921,Wamalwa Deborah Mwangi,68602595,078611105,wamalwa.mwangi@gmail.com,1972-02-25,Female,Nairobi,Dagoretti North,Kilimani,"Plot 435, Lane 20, Parklands"
922,Joseph Ombati,69372702,079411217,joseph.ombati@gmail.com,1980-04-02,Female,Nairobi,Dagoretti North,Kileleshwa,"Plot 384, Lane 11, Likoni"
923,Akinyi Gakunyi Chepkwony,62526204,011482756,akinyi.chepkwony@outlook.com,1989-04-01,Male,Nakuru,Kuresoi North,Sirikwa,"House 359, Ngong Road, Athi River"
924,Kiprono Nabea,40061384,073758071,kiprono.nabea@outlook.com,1959-11-27,Female,Kilifi,Kaloleni,Mariakani,"Plot 233, Lane 15, Kileleshwa"
925,Mogaka Athman,75515175,079322174,mogaka.athman@hotmail.com,1989-01-17,Male,Uasin Gishu,Moiben,Kimumu,"House 180, Lavington Avenue, Tom Mboya"
926,Collins Wambugu,34466254,077216034,collins.wambugu@yahoo.com,1968-03-27,Female,Uasin Gishu,Ainabkoi,Kapsoya,"Plot 224, Lane 1, Garden Estate"
927,Alexander Wangeci Mwangolo,56268308,011800791,alexander.mwangolo@yahoo.com,1979-08-28,Female,Mombasa,Changamwe,Changamwe,"House 69, Jogoo Street, Athi River"
928,Jebiwott Nabwire Waithera,37467964,075520760,jebiwott.waithera@gmail.com,1987-12-22,Male,Mombasa,Kisauni,Bamburi,"Plot 25, Lane 4, Lavington"
929,Jonah Mutinda,60172721,079753211,jonah.mutinda@yahoo.com,1976-05-07,Female,Kisumu,Kisumu Central,Nyalenda 'B',"Plot 91, Lane 2, Ruiru"
930,Christopher Wanyonyi,38573279,010180008,christopher.wanyonyi@gmail.com,1981-01-11,Male,Machakos,Yatta,Matuu,"Plot 192, Lane 11, Kangundo"
931,Muthaa Gilbert Lubanga,40971850,079273227,muthaa.lubanga@outlook.com,1991-08-21,Male,Mombasa,Nyali,Mkomani,"House 291, Mugumo Drive, Moi Avenue"
932,Mutheu Awino Rono,19222054,011446476,mutheu.rono@gmail.com,2002-08-06,Female,Nairobi,Dagoretti South,Waithaka,"Plot 195, Lane 12, Ngong"
933,Lois Lenguro,40578723,011707345,lois.lenguro@yahoo.com,1996-01-26,Male,Meru,Igembe South,Athiru Gaiti,"House 400, Kiambu Drive, Ruaraka"
934,Onsongo Grace Jepkorir,38204138,078421583,onsongo.jepkorir@outlook.com,1953-02-11,Male,Meru,Igembe South,Nkondi,"Plot 190, Lane 3, Athi River"
935,Kiprono Kihika,86452557,074104158,kiprono.kihika@gmail.com,1983-04-22,Female,Nakuru,Kuresoi South,Tinet,"House 471, Tom Mboya Avenue, Kilimani"
936,Kanana Kosgei,21463219,011285934,kanana.kosgei@gmail.com,1990-02-16,Male,Nakuru,Nakuru Town West,Kaptembwo,"House 464, Outering Drive, Lavington"
937,Agnes Mohamed,52881821,078222235,agnes.mohamed@gmail.com,1983-12-16,Female,Kisumu,Nyando,East Kano/Wawidhi,"House 378, Ngong Road Street, Kikuyu"
938,Njoroge Cynthia Osebe,58562258,011837434,njoroge.osebe@gmail.com,1968-02-10,Female,Nyeri,Othaya,Chinga,"Plot 464, Lane 6, Mugumo"
939,Isaac Owuor,90511561,071359305,isaac.owuor@yahoo.com,1987-10-04,Male,Trans Nzoia,Saboti,Tuwani,"House 98, Ruiru Road, Kiambu Road"
940,Kiprotich Wambugu,43795754,076282615,kiprotich.wambugu@hotmail.com,1970-04-25,Male,Nairobi,Dagoretti North,Gatina,"Plot 82, Lane 14, Kenyatta"
941,Agnes Ali,77002394,077240607,agnes.ali@gmail.com,1978-05-27,Male,Machakos,Machakos Town,Kola,"House 452, Karen Road, Lavington"
942,Beatrice Kasina,41398029,079677668,beatrice.kasina@gmail.com,1993-02-26,Male,Kisumu,Nyakach,North Nyakach,"House 344, Tom Mboya Drive, Ngong"
943,Awiti Syombua Barasa,20854852,010300455,awiti.barasa@gmail.com,1986-01-12,Male,Nairobi,Lang'ata,Karen,"Plot 192, Lane 18, Kangundo"
944,Muriuki Joshua Nabea,47299640,011279636,muriuki.nabea@gmail.com,1981-02-07,Male,Kilifi,Magarini,Magarini,"Plot 314, Lane 10, Kiambu Road"
945,Ongeri Mutua,91256248,070994961,ongeri.mutua@gmail.com,1999-04-16,Female,Nyeri,Kieni,Naromoru/Kiamathaga,"Plot 69, Lane 16, Kenyatta"
946,Nabwire Wanjohi,69221668,011432580,nabwire.wanjohi@hotmail.com,1991-08-27,Male,Kiambu,Kiambu,Riabai,"House 54, Karen Drive, Moi Avenue"
947,Wachira Pauline Karanja,30544162,074179484,wachira.karanja@outlook.com,2000-01-05,Male,Mombasa,Nyali,Frere Town,"Plot 241, Lane 7, Garden Estate"
948,Kipchumba Rebecca Mwaura,18904455,070943883,kipchumba.mwaura@gmail.com,1952-01-21,Female,Nakuru,Rongai,Menengai West,"Plot 188, Lane 15, Ngong Road"
949,Joel Rose Mutisya,59803545,071328314,joel.mutisya@yahoo.com,1970-04-20,Female,Kisumu,Nyando,Awasi/Onjiko,"Plot 22, Lane 16, Limuru"
950,Silas Mworoa,14109890,077706851,silas.mworoa@yahoo.com,1983-01-08,Male,Uasin Gishu,Soy,Ziwa,"Plot 262, Lane 7, Kiambu Road"
951,John Judith Nanjala,40588727,078429266,john.nanjala@outlook.com,1951-01-24,Male,Mombasa,Mvita,Mji wa Kale,"Plot 235, Lane 9, Ngong"
952,Micah Mutwiri,88895533,072775644,micah.mutwiri@outlook.com,2001-02-25,Female,Trans Nzoia,Kwanza,Bidii,"Plot 474, Lane 20, Mugumo"
953,Vincent Jane Mokua,44509009,074256169,vincent.mokua@hotmail.com,1992-08-02,Female,Machakos,Yatta,Katangi,"Plot 43, Lane 1, Kangundo"
954,Onsongo Martha Gitau,98504112,076910211,onsongo.gitau@yahoo.com,1989-11-09,Female,Uasin Gishu,Kesses,Racecourse,"House 134, Karen Street, Kilimani"
955,Kathure Oduya Wafula,45472122,075822825,kathure.wafula@gmail.com,1985-02-06,Female,Mombasa,Likoni,Mtongwe,"Plot 12, Lane 8, Kilimani"
956,Auma Onyango Kiprono,25239435,079976575,auma.kiprono@hotmail.com,2000-07-01,Male,Mombasa,Jomvu,Mikindani,"House 28, River Road Avenue, Karen"
957,Wabomba Mercy Mwikali,99667571,011751347,wabomba.mwikali@yahoo.com,1970-03-14,Male,Bungoma,Sirisia,Lwandanyi,"Plot 162, Lane 11, Ngong Road"
958,Stephen Ongeri Mworoa,56682659,078158681,stephen.mworoa@yahoo.com,1980-11-11,Male,Nyeri,Kieni,Thegu,"Plot 173, Lane 16, Kitisuru"
959,Jeremiah Gitobu Nanjala,85899286,076377393,jeremiah.nanjala@outlook.com,1986-05-26,Female,Nairobi,Lang'ata,Karen,"Plot 448, Lane 5, Kasarani"
960,Nafula Kagendo Kamotho,13269183,077264794,nafula.kamotho@hotmail.com,2004-12-07,Male,Uasin Gishu,Soy,Moi's Bridge,"House 294, Uhuru Street, Kilimani"
961,Kimeu Kwamboka Wamuyu,88448668,074358500,kimeu.wamuyu@yahoo.com,1998-05-09,Male,Bomet,Bomet Central,Mutarakwa,"House 352, Argwings Kodhek Drive, Kiambu"
962,Muthoka Kathure Barasa,98415591,011250709,muthoka.barasa@gmail.com,1993-03-22,Female,Kiambu,Kiambu,Ndumberi,"House 202, Karen Street, Karen"
963,Judy Mungai,12135165,075106867,judy.mungai@hotmail.com,1988-09-23,Male,Uasin Gishu,Soy,Segero/Barsombe,"Plot 301, Lane 17, Ngong Road"
964,Flora Ojwang,87640642,072183688,flora.ojwang@outlook.com,1976-03-13,Female,Nairobi,Lang'ata,Nairobi West,"House 100, Westlands Avenue, Kenyatta"
965,Janet Matthew Okello,16944370,077752944,janet.okello@gmail.com,1989-04-04,Male,Turkana,Turkana South,Kalamon,"House 44, Ngong Avenue, Jogoo"
966,Aoko Otieno,26272372,078712728,aoko.otieno@outlook.com,1961-04-20,Female,Turkana,Turkana East,Lokori/Kochodin,"Plot 68, Lane 3, Lavington"
967,Nabea Nyambura Ndegwa,32723062,011869911,nabea.ndegwa@gmail.com,1995-01-15,Male,Mombasa,Likoni,Likoni,"House 265, Ruaraka Drive, Argwings Kodhek"
968,Patrick Pauline Macharia,67612764,075209454,patrick.macharia@yahoo.com,1999-03-02,Female,Nakuru,Rongai,Solai,"Plot 468, Lane 9, Kiambu Road"
969,Catherine Mworoa,85127595,010828735,catherine.mworoa@gmail.com,1993-12-27,Male,Bomet,Konoin,Mogogosiek,"Plot 318, Lane 3, Jogoo"
970,Janet Kipchirchir Ombati,47411802,079323096,janet.ombati@hotmail.com,1999-06-22,Male,Machakos,Yatta,Matuu,"Plot 480, Lane 1, Moi Avenue"
971,Akinyi Mutune,39605202,010860494,akinyi.mutune@gmail.com,1999-08-04,Male,Nairobi,Lang'ata,South C,"House 80, Kikuyu Road, Westlands"
972,Njoroge Leshan,10112761,075614961,njoroge.leshan@outlook.com,1994-01-23,Male,Bomet,Sotik,Kipsonoi,"House 421, Jogoo Street, Westlands"
973,Wangeci Anthony Oseko,23329586,074925417,wangeci.oseko@gmail.com,1952-01-26,Male,Kiambu,Lari,Kinale,"House 457, Ruaraka Street, Waiyaki"
974,Kagendo Chepkorir,68670156,076227862,kagendo.chepkorir@yahoo.com,1989-08-10,Female,Nairobi,Dagoretti North,Kileleshwa,"Plot 452, Lane 3, Lenana"
975,Wangeci Namukhula Kimani,38403396,072793965,wangeci.kimani@yahoo.com,1983-09-09,Female,Trans Nzoia,Saboti,Saboti,"Plot 37, Lane 9, Kangundo"
976,Jonathan Nyambane,99571805,077888356,jonathan.nyambane@outlook.com,1986-12-14,Female,Kakamega,Butere,Marama South,"Plot 288, Lane 1, Lavington"
977,Chepkirui Mwirigi Momanyi,29024449,072105187,chepkirui.momanyi@gmail.com,1977-12-02,Female,Kakamega,Mumias West,Mutema,"House 222, Langata Avenue, Thika Superhighway"
978,Adoyo Mwirigi,86057239,073353560,adoyo.mwirigi@outlook.com,1954-02-26,Male,Nyeri,Mathira,Ruguru,"Plot 129, Lane 11, Argwings Kodhek"
979,Gitonga Zechariah Koech,38336171,075176397,gitonga.koech@hotmail.com,1990-04-21,Female,Mombasa,Mvita,Mji wa Kale,"House 179, Moi Avenue Drive, Ngong Road"
980,Martin Collins Wamuyu,90900715,074764609,martin.wamuyu@gmail.com,1963-04-13,Male,Kilifi,Malindi,Shella,"Plot 221, Lane 12, Thika"
981,Wangari Awuor,98638560,077266561,wangari.awuor@gmail.com,1999-06-21,Male,Nairobi,Westlands,Kangemi,"House 88, Argwings Kodhek Avenue, Tom Mboya"
982,Kathure Awuor,61440401,072438724,kathure.awuor@gmail.com,2000-01-08,Male,Nairobi,Lang'ata,Mugumu-ini,"Plot 430, Lane 9, Thika Superhighway"
983,Zephaniah Kinyua,95852507,079737640,zephaniah.kinyua@outlook.com,2001-01-10,Male,Trans Nzoia,Endebess,Chepchoina,"Plot 240, Lane 18, Mugumo"
984,Victor Kemunto Chebet,55305628,075425042,victor.chebet@yahoo.com,1996-02-06,Male,Trans Nzoia,Kiminini,Sirende,"House 457, Kileleshwa Street, Ngong Road"
985,Simon Agnes Otieno,92280042,010446619,simon.otieno@yahoo.com,1986-08-07,Male,Kiambu,Kikuyu,Kinoo,"Plot 114, Lane 4, Lavington"
986,Waithera Faith Hassan,90267569,071148085,waithera.hassan@gmail.com,1983-07-09,Male,Nyeri,Othaya,Chinga,"House 108, Mombasa Road Drive, Kenyatta"
987,Margaret Nahum Mwango,69866120,078435132,margaret.mwango@yahoo.com,1997-04-07,Male,Kisumu,Kisumu Central,Kaloleni,"Plot 23, Lane 2, Mugumo"
988,Naserian Ondieki,42390660,074387538,naserian.ondieki@outlook.com,1967-12-10,Male,Kilifi,Kaloleni,Mariakani,"House 422, Thika Superhighway Avenue, Mombasa Road"
989,Rebecca Judith Leshan,11692090,070923804,rebecca.leshan@hotmail.com,1994-04-23,Female,Kiambu,Kabete,Nyathuna,"House 292, Kiambu Avenue, Kikuyu"
990,Janet Beatrice Towett,63217173,076147263,janet.towett@gmail.com,2001-05-07,Male,Nairobi,Kibra,Woodley,"Plot 40, Lane 16, Kasarani"
991,Nokun Kipkemoi Kanampiu,84758190,074126819,nokun.kanampiu@gmail.com,1987-10-26,Male,Nakuru,Subukia,Subukia,"House 276, Kasarani Avenue, Athi River"
992,Naserian Auma,77854979,072815418,naserian.auma@outlook.com,1951-06-11,Male,Kisumu,Kisumu Central,Nyalenda 'B',"Plot 406, Lane 13, Kangundo"
993,Muthoka Maingi,42341555,074769026,muthoka.maingi@gmail.com,1967-07-04,Male,Nairobi,Westlands,Kangemi,"Plot 280, Lane 13, Parklands"
994,Peter Kioko,40809400,010414253,peter.kioko@gmail.com,2001-04-23,Female,Machakos,Matungulu,Tala,"Plot 279, Lane 13, Moi Avenue"
995,Kevin Thomas Ojwang,34210268,070106190,kevin.ojwang@yahoo.com,1983-03-07,Male,Nairobi,Dagoretti North,Kawangware,"Plot 348, Lane 1, Karen"
996,Wanyonyi Mwamburi,75224158,010435754,wanyonyi.mwamburi@gmail.com,1985-01-23,Male,Nairobi,Westlands,Kitisuru,"Plot 445, Lane 7, Tom Mboya"
997,Atieno Athman,70692728,070239853,atieno.athman@gmail.com,1970-01-28,Female,Kiambu,Kiambu,Ndumberi,"House 441, Thika Superhighway Street, Mugumo"
998,Paul Owuor,61590666,072478479,paul.owuor@gmail.com,1991-02-08,Male,Nairobi,Lang'ata,South C,"Plot 85, Lane 7, Mombasa Road"
999,Musyoka Mumo Kipkirui,78075367,076369053,musyoka.kipkirui@outlook.com,1976-01-06,Male,Kiambu,Lari,Nyanduma,"House 352, Parklands Avenue, Kangundo"
1000,James Kamau,77350535,075271774,james.kamau@yahoo.com,1983-01-08,Female,Bungoma,Kanduyi,West Sang'alo,"House 26, Juja Street, Ruaraka"
1001,Catherine Catherine Omondi,42530972,011244226,catherine.omondi@yahoo.com,1967-12-18,Male,Trans Nzoia,Endebess,Chepchoina,"House 47, Lenana Road, Kileleshwa"
1002,Veronica Kenei,46663600,077940928,veronica.kenei@gmail.com,1993-07-09,Male,Kisumu,Nyakach,West Nyakach,"Plot 285, Lane 7, Outering"
1003,Samuel Jonathan Mohamed,72373944,077536305,samuel.mohamed@hotmail.com,1973-05-19,Female,Kakamega,Lugari,Mautuma,"Plot 291, Lane 4, Lavington"
1004,Judy Chepngeno Ochieng,53298009,073863917,judy.ochieng@gmail.com,1972-10-21,Female,Machakos,Yatta,Kithimani,"House 243, Thika Superhighway Avenue, Garden Estate"
1005,Nduku Salim,80935218,074902989,nduku.salim@gmail.com,1972-11-15,Female,Kiambu,Lari,Kijabe,"House 408, Kiambu Road Street, River Road"
1006,Omondi Mutisya Mwaura,42996518,074917411,omondi.mwaura@gmail.com,1999-02-12,Male,Kakamega,Matungu,Khalaba,"Plot 448, Lane 13, Kikuyu"
1007,Kanampiu Nasimiyu,21281365,071210365,kanampiu.nasimiyu@gmail.com,1990-05-19,Male,Nakuru,Kuresoi South,Keringet,"House 273, Parklands Street, Garden Estate"
1008,Mwikali Kilonzo Nanjala,53380330,073783476,mwikali.nanjala@hotmail.com,1994-06-25,Female,Machakos,Matungulu,Tala,"Plot 438, Lane 15, Moi Avenue"
1009,Faith Awino Wadada,13450881,011627614,faith.wadada@gmail.com,2004-04-24,Female,Mombasa,Mvita,Shimanzi,"House 106, Limuru Road, Waiyaki"
1010,Owuor Gitonga,90224792,011759371,owuor.gitonga@gmail.com,1984-05-15,Male,Nairobi,Kibra,Laini Saba,"Plot 462, Lane 1, Kileleshwa"
1011,Odhiambo Okello Nabea,45470187,011836117,odhiambo.nabea@yahoo.com,1985-08-20,Male,Kakamega,Shinyalu,Isukha West,"Plot 84, Lane 2, Kenyatta"
1012,Leah Odhiambo,53225813,011728070,leah.odhiambo@outlook.com,1976-06-22,Female,Mombasa,Nyali,Ziwa la Ng'ombe,"Plot 88, Lane 1, Outering"
1013,Mukami Musalia,23875009,075104657,mukami.musalia@outlook.com,1961-01-08,Male,Nakuru,Molo,Marioshoni,"House 183, Thika Drive, Thika Superhighway"
1014,Kipchumba Kiprop Mutai,60961074,074979189,kipchumba.mutai@yahoo.com,1970-03-28,Female,Kiambu,Lari,Nyanduma,"House 179, Kilimani Street, Outering"
1015,Momanyi Onsongo,43823840,078951881,momanyi.onsongo@outlook.com,1984-12-05,Female,Nakuru,Bahati,Kabatini,"Plot 425, Lane 15, Garden Estate"
1016,Adhiambo Momanyi Kihika,99224381,078455906,adhiambo.kihika@gmail.com,1971-05-25,Female,Nairobi,Kibra,Laini Saba,"Plot 74, Lane 11, Mombasa Road"
1017,Jebiwott Habakkuk Njoroge,57535503,072123511,jebiwott.njoroge@gmail.com,1985-07-03,Female,Nairobi,Kibra,Woodley,"Plot 97, Lane 17, Ruaraka"
1018,Kwamboka Githinji,60157791,074395039,kwamboka.githinji@gmail.com,1968-11-26,Male,Nyeri,Tetu,Dedan Kimathi,"House 323, Kikuyu Street, Kitisuru"
1019,Edward Kipngetich,71222108,076426266,edward.kipngetich@gmail.com,1990-01-07,Male,Kiambu,Lari,Kinale,"Plot 104, Lane 4, Kenyatta"
1020,Hannah Baya,19372830,074786634,hannah.baya@yahoo.com,1994-08-01,Male,Nairobi,Dagoretti South,Mutuini,"House 410, Uhuru Road, Thika"
1021,Chepngeno Ndunge,87698494,077361355,chepngeno.ndunge@gmail.com,1965-10-11,Female,Kilifi,Kilifi South,Shimo la Tewa,"Plot 81, Lane 12, Lavington"
1022,Mercy Kemei,49353426,074553570,mercy.kemei@gmail.com,1981-10-01,Female,Nairobi,Westlands,Kangemi,"Plot 447, Lane 17, Waiyaki"
1023,Martha Mutinda,92686915,010890022,martha.mutinda@gmail.com,1990-06-02,Female,Meru,South Imenti,Igoji East,"Plot 342, Lane 16, Waiyaki"
1024,Ojwang Cheruiyot,56982946,077439333,ojwang.cheruiyot@outlook.com,1975-03-23,Male,Mombasa,Mvita,Tudor,"Plot 387, Lane 17, Garden Estate"
1025,Rachel Mbaka,50468810,070693151,rachel.mbaka@gmail.com,1958-05-14,Female,Uasin Gishu,Moiben,Kimumu,"Plot 357, Lane 3, Ruiru"
1026,Awiti Wambugu,67667535,079572959,awiti.wambugu@outlook.com,1972-12-13,Male,Kisumu,Nyando,Kabonyo/Kanyagwal,"House 293, Thika Superhighway Drive, Kangundo"
1027,Okello Onditi Mutisya,10580409,071240659,okello.mutisya@gmail.com,1999-01-04,Female,Mombasa,Jomvu,Jomvu Kuu,"Plot 442, Lane 15, Outering"
1028,Naomi Priscilla Nyambane,93260858,011403385,naomi.nyambane@gmail.com,1971-02-01,Male,Bungoma,Mt. Elgon,Cheptais,"Plot 241, Lane 7, Limuru"
1029,Nyambura Wafula,82483315,070820091,nyambura.wafula@outlook.com,1979-12-19,Male,Nakuru,Molo,Elburgon,"Plot 172, Lane 3, Garden Estate"
1030,Nahum Wanjohi,31255444,076990293,nahum.wanjohi@gmail.com,1975-04-07,Male,Turkana,Loima,Kotaruk/Lobei,"House 16, Kikuyu Drive, Jogoo"
1031,Michael Wachira,43490657,070487085,michael.wachira@gmail.com,1971-02-05,Male,Meru,Buuri,Kiirua/Naari,"House 435, Kiambu Avenue, Mombasa Road"
1032,Marete Lois Senteu,21394849,076998753,marete.senteu@gmail.com,1979-09-06,Female,Bomet,Bomet Central,Silibwet Township,"House 363, Kiambu Road Road, Jogoo"
1033,Wambui Mutune,14558338,011710921,wambui.mutune@hotmail.com,1978-12-13,Female,Meru,South Imenti,Igoji West,"House 289, Kiambu Avenue, Karen"
1034,Philemon Mogaka,68833120,072100751,philemon.mogaka@yahoo.com,2004-04-21,Male,Meru,South Imenti,Nkuene,"Plot 81, Lane 19, Westlands"
1035,Jeremiah Nafula Kamau,87753029,010830353,jeremiah.kamau@gmail.com,1996-08-26,Female,Nakuru,Rongai,Solai,"Plot 245, Lane 9, Ruaraka"
1036,Barnabas Kipngetich Kamande,54361087,073199110,barnabas.kamande@gmail.com,1968-07-05,Female,Nakuru,Gilgil,Gilgil,"Plot 265, Lane 1, Kiambu Road"
1037,Priscilla Kilonzo,41110667,010424041,priscilla.kilonzo@outlook.com,1997-10-08,Female,Kilifi,Malindi,Jilore,"Plot 54, Lane 19, Jogoo"
1038,Onyango Wambugu Mwaura,36349479,011470538,onyango.mwaura@yahoo.com,1952-05-06,Female,Machakos,Kathiani,Mitaboni,"Plot 290, Lane 20, Kiambu Road"
1039,Naserian Maina,85722289,079957846,naserian.maina@hotmail.com,1980-05-10,Male,Machakos,Kangundo,Kangundo Central,"Plot 52, Lane 14, Thika Superhighway"
1040,Okello Kerubo Nabea,39965846,071181452,okello.nabea@outlook.com,1968-08-27,Female,Kakamega,Ikolomani,Idakho Central,"House 361, Westlands Street, Thika"
1041,Anthony Lilian Kilonzo,24866521,079774662,anthony.kilonzo@gmail.com,1972-03-13,Male,Nakuru,Gilgil,Gilgil,"Plot 145, Lane 14, River Road"
1042,Jepchumba Otieno Wanjala,25099746,078483045,jepchumba.wanjala@hotmail.com,1959-02-11,Female,Meru,Central Imenti,Kabachi,"Plot 443, Lane 11, Kasarani"
1043,Florence Kipkoech,33820621,011608420,florence.kipkoech@gmail.com,1950-11-10,Female,Meru,North Imenti,Nyaki West,"Plot 438, Lane 18, Moi Avenue"
1044,Bridget Ndunge Mwirigi,32305372,074810130,bridget.mwirigi@outlook.com,1968-07-04,Male,Machakos,Kangundo,Kangundo West,"House 466, Limuru Drive, Outering"
1045,Malachi Githua,35395354,071935217,malachi.githua@yahoo.com,1994-05-03,Female,Bungoma,Kabuchai,West Nalondo,"House 386, Thika Drive, Outering"
1046,Kamau Kinyua,56594543,076335570,kamau.kinyua@gmail.com,1956-03-14,Female,Mombasa,Kisauni,Mwakirunge,"Plot 229, Lane 18, Waiyaki"
1047,Bridget Ndinda Kipkemboi,50004437,077505380,bridget.kipkemboi@gmail.com,1990-09-06,Female,Kiambu,Lari,Kijabe,"Plot 225, Lane 20, Kasarani"
1048,Patrick Waithera,11916830,073317563,patrick.waithera@outlook.com,1987-09-27,Male,Kilifi,Magarini,Sabaki,"Plot 293, Lane 3, Mombasa Road"
1049,Matthew Muthaa Kipkirui,10357092,078766538,matthew.kipkirui@gmail.com,1997-07-05,Female,Kiambu,Lari,Nyanduma,"Plot 325, Lane 10, Kileleshwa"
1050,Samuel Akinyi,95121229,079211099,samuel.akinyi@hotmail.com,1993-03-10,Female,Kiambu,Kiambu,Kihara,"Plot 280, Lane 11, Ruaraka"
1051,Awino Mwangi Musyimi,72284373,011279868,awino.musyimi@yahoo.com,1977-11-22,Female,Nairobi,Dagoretti South,Mutuini,"Plot 228, Lane 18, Uhuru"
1052,Musyoka Kaloki Otieno,78134998,010675536,musyoka.otieno@gmail.com,1960-09-19,Female,Nyeri,Nyeri Town,Kiganjo/Mathari,"Plot 433, Lane 13, Ruiru"
1053,Nashipae Kiprono Wanyonyi,59039768,070877906,nashipae.wanyonyi@outlook.com,1984-03-26,Male,Turkana,Turkana South,Katilu,"Plot 152, Lane 8, Mombasa Road"
1054,Kathure Onsongo Mworoa,27185460,079780368,kathure.mworoa@gmail.com,1977-01-25,Male,Kilifi,Malindi,Shella,"Plot 172, Lane 11, Kileleshwa"
1055,Okoth Kaimenyi Ongeri,11326844,070310144,okoth.ongeri@outlook.com,1986-09-23,Male,Kiambu,Lari,Kamburu,"Plot 387, Lane 10, Ruaraka"
1056,Njoroge Wanjiku Mworoa,35898734,076641860,njoroge.mworoa@yahoo.com,1971-03-26,Male,Kisumu,Nyando,Kabonyo/Kanyagwal,"Plot 111, Lane 12, Waiyaki"
1057,Wanyonyi Veronica Nduku,80228051,071582274,wanyonyi.nduku@gmail.com,1992-02-08,Male,Nakuru,Gilgil,Murindat,"House 313, Jogoo Street, Limuru"
1058,Maina Gladys Wanyoike,50880085,077445026,maina.wanyoike@gmail.com,1986-11-15,Female,Nyeri,Tetu,Aguthi/Gaaki,"Plot 235, Lane 20, Likoni"
1059,Mutheu Mutua,87921068,071153664,mutheu.mutua@yahoo.com,1966-02-23,Female,Machakos,Kathiani,Lower Kaewa/Iveti,"Plot 17, Lane 6, Karen"
1060,Achieng Silas Gikonyo,54535275,077682936,achieng.gikonyo@hotmail.com,1999-02-05,Female,Kakamega,Ikolomani,Idakho North,"House 284, Garden Estate Road, Westlands"
1061,Caroline Kagwiria Salim,38790311,077536550,caroline.salim@gmail.com,1975-07-16,Male,Nairobi,Westlands,Mountain View,"House 281, Kenyatta Road, Kenyatta"
1062,Kinyua Munyao,91506018,077266625,kinyua.munyao@yahoo.com,1970-12-18,Female,Mombasa,Kisauni,Mwakirunge,"Plot 474, Lane 9, Athi River"
1063,Onyango Githinji,53300586,073715481,onyango.githinji@outlook.com,1997-10-02,Female,Bungoma,Kimilili,Kamukuywa,"Plot 166, Lane 13, Garden Estate"
1064,Vincent Amos Kenga,72390872,075254832,vincent.kenga@gmail.com,1964-03-15,Male,Kisumu,Muhoroni,Chemelil,"Plot 221, Lane 11, Juja"
1065,Jebiwott Ruth Kilonzo,51877379,073175353,jebiwott.kilonzo@gmail.com,1956-02-11,Male,Mombasa,Nyali,Mkomani,"Plot 172, Lane 10, Thika"
1066,Muriuki Wangari,73252068,073198143,muriuki.wangari@hotmail.com,1998-01-27,Male,Kilifi,Rabai,Rabai/Kisurutini,"House 208, Juja Avenue, Uhuru"
1067,Thomas Nabea,42180102,078133577,thomas.nabea@hotmail.com,1974-04-13,Male,Bungoma,Kimilili,Kamukuywa,"House 171, Mombasa Road Street, Argwings Kodhek"
1068,Kinya Kioko Nasimiyu,56126985,010715177,kinya.nasimiyu@yahoo.com,1980-10-14,Female,Machakos,Kathiani,Lower Kaewa/Iveti,"Plot 127, Lane 1, River Road"
1069,Samuel Mwikali Ojwang,70980810,011307498,samuel.ojwang@gmail.com,1986-06-17,Female,Machakos,Kangundo,Kangundo North,"Plot 353, Lane 7, Uhuru"
1070,Kinyua Wadada,22721215,070212418,kinyua.wadada@gmail.com,1963-12-15,Female,Nairobi,Kibra,Sarang'ombe,"House 397, Jogoo Avenue, Lavington"
1071,Nabwire Mutinda Wamalwa,47932567,011980125,nabwire.wamalwa@gmail.com,1970-12-04,Male,Machakos,Machakos Town,Mua,"House 175, Tom Mboya Drive, Langata"
1072,Allan Mutisya,29352405,078220326,allan.mutisya@gmail.com,1985-10-17,Female,Nyeri,Othaya,Iria-ini,"House 419, Kilimani Avenue, Athi River"
1073,Amos Athman,26103879,011539950,amos.athman@gmail.com,1994-09-21,Female,Nairobi,Westlands,Kangemi,"Plot 156, Lane 17, Kilimani"
1074,Kanampiu Musalia,84166566,077504276,kanampiu.musalia@gmail.com,1965-04-22,Male,Nyeri,Mathira,Iriaini,"Plot 165, Lane 4, Kenyatta"
1075,Mwangi Mwania,60048429,076743012,mwangi.mwania@gmail.com,1999-07-26,Male,Nairobi,Lang'ata,South C,"Plot 123, Lane 8, Thika"
1076,Edith Mungai,13588414,076236256,edith.mungai@yahoo.com,1999-03-24,Female,Kakamega,Butere,Marama North,"Plot 398, Lane 7, Langata"
1077,Evelyn Muriuki Kenei,73175517,077777274,evelyn.kenei@yahoo.com,1983-02-03,Female,Machakos,Machakos Town,Mua,"Plot 118, Lane 8, Garden Estate"
1078,Muema Kipchumba Munyori,27976106,074234373,muema.munyori@gmail.com,1972-03-15,Female,Mombasa,Kisauni,Mtopanga,"House 85, Ngong Road Avenue, Kilimani"
1079,Wambui Musila,99543733,074584569,wambui.musila@gmail.com,1983-10-25,Male,Kisumu,Kisumu Central,Shauri Moyo,"House 29, Juja Street, Kangundo"
1080,Gilbert Mutwiri,19160128,078898715,gilbert.mutwiri@yahoo.com,1962-07-24,Female,Trans Nzoia,Endebess,Matumbei,"House 400, Kiambu Road Street, Mombasa Road"
1081,Kiprop Mutua,77804320,011711752,kiprop.mutua@gmail.com,1963-10-20,Female,Nyeri,Nyeri Town,Rware,"House 284, Parklands Street, Kangundo"
1082,Aoko Charity Kipkoech,24452582,074710995,aoko.kipkoech@outlook.com,1976-07-15,Female,Nairobi,Kasarani,Kamulu,"Plot 5, Lane 9, Outering"
1083,Esther Isaac Mbuthia,30842471,011448009,esther.mbuthia@gmail.com,1993-05-07,Male,Bungoma,Bumula,Khasoko,"Plot 238, Lane 15, Uhuru"
1084,Awiti Ann Nafula,20067969,010819032,awiti.nafula@yahoo.com,1952-07-03,Female,Bomet,Konoin,Embomos,"Plot 432, Lane 13, Kangundo"
1085,Akinyi Nduku Ojwang,61923115,079489771,akinyi.ojwang@outlook.com,1963-08-24,Male,Meru,Buuri,Ruiri/Rwarera,"Plot 374, Lane 18, Kiambu Road"
1086,Mutwiri Bett,91536470,073788139,mutwiri.bett@gmail.com,1953-10-13,Male,Kiambu,Limuru,Ndeiya,"Plot 131, Lane 2, Waiyaki"
1087,Timothy Habakkuk Naliaka,72051615,011949152,timothy.naliaka@outlook.com,1993-09-04,Male,Nairobi,Kasarani,Kamulu,"House 448, Lenana Drive, Ngong"
1088,Adoyo Opiyo,91222606,076738566,adoyo.opiyo@outlook.com,1961-12-18,Female,Kiambu,Kikuyu,Sigona,"Plot 337, Lane 8, Kilimani"
1089,Jonah Chepngeno Mokua,91541051,071651866,jonah.mokua@gmail.com,1981-02-24,Female,Uasin Gishu,Ainabkoi,Kapsoya,"House 342, Kangundo Avenue, Uhuru"
1090,Chepkoech Mueni Nzioka,91651740,073936111,chepkoech.nzioka@gmail.com,1970-08-17,Male,Uasin Gishu,Soy,Ziwa,"House 412, Ngong Drive, Argwings Kodhek"
1091,Wafula Namukhula Musila,83904042,075861239,wafula.musila@yahoo.com,1967-09-16,Male,Nakuru,Kuresoi South,Kiptagich,"Plot 278, Lane 1, Ngong Road"
1092,Martha Achieng,95094024,074507541,martha.achieng@outlook.com,1984-05-27,Female,Kakamega,Butere,Marama South,"Plot 246, Lane 5, Ngong"
1093,Mercy Kipsang Wachira,25475831,079403869,mercy.wachira@gmail.com,1950-08-05,Female,Bungoma,Mt. Elgon,Elgon,"Plot 84, Lane 9, Uhuru"
1094,Simon Erick Jepkoech,96643468,078652760,simon.jepkoech@gmail.com,1976-12-20,Female,Machakos,Kathiani,Upper Kaewa/Iveti,"Plot 126, Lane 20, Ruiru"
1095,Cherono Nahum Mungai,46797799,078577209,cherono.mungai@gmail.com,1994-10-03,Female,Trans Nzoia,Cherangany,Cherangany/Suwerwa,"Plot 192, Lane 18, Ngong Road"
1096,Gakunyi Onyango Wambui,86725912,073390716,gakunyi.wambui@gmail.com,1991-11-24,Female,Nyeri,Tetu,Wamagana,"House 127, Ngong Road, Langata"
1097,Wanjiku Gladys Mutwiri,94450591,075763637,wanjiku.mutwiri@gmail.com,1978-12-26,Female,Mombasa,Jomvu,Miritini,"Plot 25, Lane 16, Moi Avenue"
1098,Hannah Jepchumba Mwamburi,90611355,076264708,hannah.mwamburi@hotmail.com,1981-12-01,Female,Machakos,Machakos Town,Mutituni,"House 354, Langata Drive, Kikuyu"
1099,Onyango Kilonzo Mulwa,88390358,078980978,onyango.mulwa@outlook.com,1987-03-09,Male,Kilifi,Kaloleni,Mwanamwinga,"Plot 344, Lane 17, Athi River"
1100,Janet Wadada,13225980,075186057,janet.wadada@outlook.com,1967-07-15,Male,Kiambu,Kikuyu,Kikuyu,"Plot 163, Lane 8, Kileleshwa"
1101,Isaiah Alice Wanyonyi,35798812,079137056,isaiah.wanyonyi@outlook.com,1980-01-14,Male,Kisumu,Muhoroni,Ombeyi,"Plot 476, Lane 15, Thika Superhighway"
1102,Muthaa Kiarie,52741825,011893997,muthaa.kiarie@yahoo.com,1969-11-05,Female,Nakuru,Nakuru Town East,Flamingo,"House 169, Lavington Road, Kikuyu"
1103,Kipkorir Namukhula,12203339,011400163,kipkorir.namukhula@gmail.com,1999-05-19,Male,Kiambu,Limuru,Limuru East,"Plot 344, Lane 4, Thika Superhighway"
1104,Naisula Wambui,84320493,079244471,naisula.wambui@gmail.com,1978-10-20,Female,Machakos,Kangundo,Kangundo West,"Plot 320, Lane 14, Waiyaki"
1105,Beatrice Wairimu,39652877,073466454,beatrice.wairimu@gmail.com,1965-11-22,Male,Kiambu,Githunguri,Ngewa,"House 344, River Road Road, Moi Avenue"
1106,Ochieng Kaimenyi,70104994,073177087,ochieng.kaimenyi@gmail.com,2004-02-13,Female,Bomet,Konoin,Embomos,"Plot 458, Lane 18, Langata"
1107,Rose Ruth Adoyo,39398504,076213251,rose.adoyo@gmail.com,1984-07-06,Female,Bungoma,Kabuchai,Bwake/Luuya,"Plot 251, Lane 2, Waiyaki"
1108,Muthuri Ojwang Katua,66021490,075138683,muthuri.katua@outlook.com,1981-03-14,Male,Kiambu,Githunguri,Githiga,"House 373, Likoni Avenue, Mombasa Road"
1109,Mogaka Faith Sigei,32116549,074282052,mogaka.sigei@outlook.com,1959-08-10,Female,Machakos,Machakos Town,Mua,"House 433, Uhuru Avenue, Kenyatta"
1110,Kipkorir Kagendo Nganga,26492810,011477576,kipkorir.nganga@gmail.com,1974-06-09,Female,Trans Nzoia,Saboti,Matisi,"Plot 4, Lane 18, Ngong Road"
1111,Gladys Muthuri,43316955,072526465,gladys.muthuri@gmail.com,1975-07-05,Male,Kakamega,Shinyalu,Isukha West,"House 452, Mombasa Road Road, Uhuru"
1112,Amos Otieno,64128162,076629146,amos.otieno@gmail.com,1999-01-22,Female,Nakuru,Molo,Molo,"House 108, Juja Road, Outering"
1113,Mumo James Akinyi,99220814,011200491,mumo.akinyi@yahoo.com,1995-09-27,Male,Nairobi,Dagoretti North,Kileleshwa,"House 30, Thika Street, Kasarani"
1114,Alice Kimani,34608805,073850491,alice.kimani@gmail.com,1998-03-14,Female,Trans Nzoia,Endebess,Chepchoina,"House 283, Waiyaki Street, Ruaraka"
1115,Peter Kebaso,88105918,077783263,peter.kebaso@gmail.com,1996-09-03,Male,Nairobi,Kibra,Woodley,"House 445, Argwings Kodhek Drive, Kikuyu"
1116,Oduya Khaemba,87653536,070304483,oduya.khaemba@yahoo.com,2000-01-02,Female,Nakuru,Molo,Elburgon,"Plot 247, Lane 6, Lavington"
1117,Chepngeno Mutua Senteu,54019895,074138978,chepngeno.senteu@gmail.com,1993-04-18,Male,Machakos,Matungulu,Matungulu East,"Plot 150, Lane 3, Lenana"
1118,Ann Thomas Rono,97016569,070393750,ann.rono@outlook.com,1980-08-12,Male,Nairobi,Kasarani,Njiru,"Plot 316, Lane 7, Lavington"
1119,Kariuki Brian Mbuthia,64452866,070195037,kariuki.mbuthia@hotmail.com,2003-04-11,Female,Kiambu,Kikuyu,Sigona,"House 415, Limuru Road, Kikuyu"
1120,Njoroge Allan Mburu,26250534,079932517,njoroge.mburu@yahoo.com,2000-05-02,Male,Nakuru,Nakuru Town West,Rhoda,"Plot 284, Lane 1, Kitisuru"
1121,Mwende Njeri Nekesa,30142372,011294741,mwende.nekesa@outlook.com,1983-07-16,Female,Turkana,Turkana North,Kaikor,"Plot 381, Lane 6, Kiambu Road"
1122,Muthoka Amos Waithera,93757881,079988185,muthoka.waithera@outlook.com,1982-06-06,Female,Kakamega,Mumias East,Malaha/Isongo/Masindi,"Plot 468, Lane 17, Athi River"
1123,Pauline Kiprop,50983865,076560954,pauline.kiprop@gmail.com,1995-08-03,Female,Trans Nzoia,Kiminini,Waitaluk,"Plot 350, Lane 20, Mugumo"
1124,Miriam Njuguna Mwaura,25214279,071804751,miriam.mwaura@gmail.com,1986-02-22,Male,Bomet,Sotik,Rongena/Manaret,"House 126, Limuru Drive, Kitisuru"
1125,Namukhula Muthoka,37618698,074899331,namukhula.muthoka@yahoo.com,1991-02-27,Male,Nairobi,Lang'ata,Mugumu-ini,"Plot 224, Lane 17, River Road"
1126,Daniel Kagwiria Langat,66716313,076434078,daniel.langat@gmail.com,1971-07-09,Male,Nakuru,Rongai,Menengai West,"House 298, Uhuru Road, Jogoo"
1127,Faith Koech,16108651,010607018,faith.koech@yahoo.com,1985-06-15,Female,Meru,Igembe South,Mau/Antuamburi,"House 117, Garden Estate Avenue, Thika Superhighway"
1128,Ann Alice Wambui,77372346,011477750,ann.wambui@gmail.com,1987-02-22,Female,Kilifi,Malindi,Malindi Town,"House 131, Kiambu Road Street, Kilimani"
1129,Paul Mokua,30556937,078170695,paul.mokua@yahoo.com,1973-07-17,Male,Nairobi,Dagoretti North,Kawangware,"House 219, Mombasa Road Road, Westlands"
1130,Kipkoech Mwangolo,71787122,079448375,kipkoech.mwangolo@yahoo.com,1956-03-07,Male,Kiambu,Kiambu,Ndumberi,"Plot 249, Lane 12, Tom Mboya"
1131,Chepkirui Joel Akinyi,41208729,011613880,chepkirui.akinyi@hotmail.com,1998-11-10,Male,Meru,Igembe South,Athiru Gaiti,"Plot 225, Lane 16, Lavington"
1132,Joshua Mwinyi,83470479,077618384,joshua.mwinyi@yahoo.com,1973-07-10,Female,Machakos,Mavoko,Syokimau/Mulolongo,"Plot 300, Lane 5, Athi River"
1133,Simiyu Mumo Wangari,60057264,011809253,simiyu.wangari@gmail.com,1966-10-09,Male,Bomet,Bomet East,Merigi,"House 72, Limuru Street, Karen"
1134,Malachi Cherono,69002986,078315064,malachi.cherono@gmail.com,1989-02-14,Male,Kilifi,Malindi,Shella,"House 193, Kikuyu Road, Thika"
1135,Rose Wadada,82978165,071200367,rose.wadada@gmail.com,1984-05-19,Female,Kiambu,Ruiru,Kahawa Wendani,"Plot 158, Lane 16, Kiambu Road"
1136,Atieno Gitau,81798741,074616061,atieno.gitau@gmail.com,1982-06-17,Female,Mombasa,Kisauni,Bamburi,"Plot 191, Lane 10, Westlands"
1137,Nafula Lenguro,19272837,011551673,nafula.lenguro@yahoo.com,2003-10-11,Male,Nakuru,Rongai,Menengai West,"House 106, Moi Avenue Street, Ruaraka"
1138,Mwangi Namukhula,59803992,078235885,mwangi.namukhula@gmail.com,1989-03-27,Male,Kiambu,Kabete,Nyathuna,"Plot 221, Lane 16, Waiyaki"
1139,Kipchirchir Otula,93402670,075599841,kipchirchir.otula@yahoo.com,1980-04-11,Female,Machakos,Kangundo,Kangundo East,"Plot 51, Lane 14, Kasarani"
1140,Christopher Mwinyi,66348257,077936306,christopher.mwinyi@hotmail.com,2005-01-04,Male,Meru,Central Imenti,Mwangathia,"House 474, Moi Avenue Road, Lavington"
1141,Wairimu Rweria Wachira,15021097,070407116,wairimu.wachira@outlook.com,1986-10-15,Female,Kakamega,Matungu,Khalaba,"Plot 180, Lane 14, Juja"
1142,Okello Nganga,25046526,072800016,okello.nganga@hotmail.com,1967-03-22,Female,Machakos,Machakos Town,Machakos Central,"Plot 290, Lane 1, Lenana"
1143,Kinyua Mwinyi,40695523,011962967,kinyua.mwinyi@gmail.com,1991-07-16,Male,Nairobi,Dagoretti South,Riruta,"Plot 212, Lane 10, Kileleshwa"
1144,Chepkorir Mukhwana,47452871,011617067,chepkorir.mukhwana@hotmail.com,1986-10-15,Female,Meru,North Imenti,Mweronkanga,"House 272, Jogoo Avenue, Waiyaki"
1145,Mokua Ann Kebaso,66111339,011367012,mokua.kebaso@hotmail.com,1973-09-02,Female,Nakuru,Kuresoi South,Keringet,"Plot 289, Lane 18, Ruiru"
1146,Kioko Gitonga Jepkoech,26935536,075704887,kioko.jepkoech@yahoo.com,1965-07-28,Male,Kisumu,Nyakach,South West Nyakach,"House 216, Thika Superhighway Drive, Argwings Kodhek"
1147,Mukami Susan Wambui,72823339,070241315,mukami.wambui@hotmail.com,1980-12-03,Male,Nakuru,Kuresoi South,Kiptagich,"House 328, Mombasa Road Avenue, Lavington"
1148,Ndinda Wanyonyi,46438376,072103380,ndinda.wanyonyi@outlook.com,1948-10-11,Female,Bomet,Sotik,Rongena/Manaret,"House 476, Limuru Street, Kangundo"
1149,Isaac Kasina,51101764,074667234,isaac.kasina@gmail.com,1974-05-07,Male,Machakos,Machakos Town,Kalama,"Plot 411, Lane 12, River Road"
1150,Dennis Aaron Leshan,33300187,075736889,dennis.leshan@gmail.com,2000-02-12,Male,Kakamega,Ikolomani,Idakho South,"Plot 73, Lane 16, Outering"
1151,Wanyonyi Elizabeth Nabea,87472932,010469579,wanyonyi.nabea@hotmail.com,1965-12-06,Female,Kisumu,Kisumu Central,Nyalenda 'B',"Plot 127, Lane 4, Lavington"
1152,Martin Gitonga Kenga,30694093,073701838,martin.kenga@hotmail.com,1981-11-07,Female,Meru,North Imenti,Nkubu,"Plot 257, Lane 8, Thika Superhighway"
1153,Jonathan Hope Otieno,57311796,073265612,jonathan.otieno@gmail.com,1966-11-21,Male,Nakuru,Naivasha,Hells Gate,"House 203, Athi River Drive, Kiambu"
1154,Rweria Kipsang Maina,90102255,076750566,rweria.maina@hotmail.com,1977-12-10,Male,Nairobi,Dagoretti South,Uthiru,"Plot 341, Lane 5, Westlands"
1155,Evelyn Nafula Jepkoech,49071526,079514877,evelyn.jepkoech@gmail.com,1975-10-07,Male,Kakamega,Mumias East,East Wanga,"Plot 452, Lane 11, Kitisuru"
1156,Rebecca Kioko,77064398,073107142,rebecca.kioko@gmail.com,2003-08-07,Female,Mombasa,Jomvu,Mikindani,"House 43, Kangundo Road, Lavington"
1157,Alice Mercy Musyoka,21409636,074361673,alice.musyoka@gmail.com,1990-08-03,Female,Nairobi,Kibra,Laini Saba,"Plot 174, Lane 11, Waiyaki"
1158,Edward Wachira,44449463,078983613,edward.wachira@hotmail.com,1980-06-01,Female,Kilifi,Kilifi South,Mwarakaya,"Plot 443, Lane 2, River Road"
1159,Mark Wanjiru Mugo,20152046,079623466,mark.mugo@yahoo.com,1964-08-02,Male,Kisumu,Seme,North Seme,"House 436, Garden Estate Road, Tom Mboya"
1160,Anyango Kipchirchir,40511801,077801582,anyango.kipchirchir@yahoo.com,1992-03-14,Male,Mombasa,Likoni,Likoni,"Plot 74, Lane 14, Mombasa Road"
1161,Kipkorir Mcharo,89989525,011782158,kipkorir.mcharo@outlook.com,1991-11-02,Female,Nakuru,Nakuru Town West,Kaptembwo,"Plot 20, Lane 16, Kiambu Road"
1162,Simon Mwaura,67430990,077605642,simon.mwaura@outlook.com,1982-12-03,Female,Uasin Gishu,Turbo,Tapsagoi,"Plot 154, Lane 4, Langata"
1163,Emily Baya,32894591,010907780,emily.baya@gmail.com,1990-05-23,Male,Mombasa,Nyali,Frere Town,"House 344, Parklands Avenue, Kikuyu"
1164,Kebaso Sarah Mulwa,55238218,079468828,kebaso.mulwa@hotmail.com,1971-07-15,Female,Trans Nzoia,Kwanza,Bidii,"Plot 294, Lane 12, Kiambu"
1165,Mwirigi Wanjiru Jebet,61970490,079381261,mwirigi.jebet@gmail.com,1993-08-27,Female,Kiambu,Kabete,Kabete,"Plot 469, Lane 10, Kasarani"
1166,Mercy Koross,10176075,011659606,mercy.koross@yahoo.com,1976-01-13,Male,Kiambu,Kikuyu,Kikuyu,"House 320, Kangundo Avenue, Lenana"
1167,Collins Mumo Nekesa,10588283,010905245,collins.nekesa@gmail.com,1984-02-20,Female,Kisumu,Kisumu Central,Nyalenda 'B',"Plot 247, Lane 18, Waiyaki"
1168,Momanyi Jepchumba Owuor,81973483,075176510,momanyi.owuor@gmail.com,1975-04-11,Female,Nairobi,Lang'ata,Karen,"Plot 284, Lane 12, Juja"
1169,Jacqueline Naliaka,15598844,074870678,jacqueline.naliaka@hotmail.com,1998-10-27,Male,Kiambu,Kikuyu,Kikuyu,"House 359, Kangundo Drive, Likoni"
1170,Judith Kipkoech Karanja,50489392,071313475,judith@gmail.com,1965-06-18,Male,Turkana,Turkana North,Kibish,"Plot 200, Lane 7, Uhuru"
1171,Faith Nasimiyu Kipaati,49399106,076835303,faith.kipaati@gmail.com,2002-09-15,Male,Uasin Gishu,Kapseret,Langas,"House 123, Likoni Road, Langata"
1172,Wambui Naserian Naliaka,42904667,011975604,wambui.naliaka@yahoo.com,1979-09-10,Female,Mombasa,Nyali,Ziwa la Ng'ombe,"Plot 378, Lane 11, Lavington"
1173,Githinji Awiti Kaimenyi,91699111,011709001,githinji.kaimenyi@yahoo.com,1987-11-22,Male,Mombasa,Changamwe,Airport,"Plot 2, Lane 14, Kileleshwa"
1174,Otieno Kiprop,31935272,075280206,otieno.kiprop@yahoo.com,1985-01-14,Female,Kisumu,Kisumu East,Nyalenda 'A',"Plot 324, Lane 20, Limuru"
1175,Philemon Ndunge,15976187,011384925,philemon.ndunge@hotmail.com,1970-07-26,Female,Nakuru,Molo,Molo,"Plot 31, Lane 7, Tom Mboya"
1176,Wangari Emily Ali,33216712,010913633,wangari.ali@gmail.com,1958-02-05,Female,Kakamega,Ikolomani,Idakho South,"House 171, Mombasa Road Avenue, Parklands"
1177,Lilian Sigei,43827053,073305933,lilian.sigei@outlook.com,1982-08-08,Female,Meru,Igembe South,Athiru Gaiti,"Plot 223, Lane 17, Likoni"
1178,Habakkuk Alice Mwamburi,56029251,010231297,habakkuk.mwamburi@gmail.com,1997-03-09,Female,Nakuru,Molo,Molo,"Plot 313, Lane 20, Kikuyu"
1179,Moraa Silas Mworoa,80546761,073348089,moraa.mworoa@yahoo.com,1989-11-25,Female,Uasin Gishu,Ainabkoi,Kaptagat,"House 332, Kiambu Drive, Argwings Kodhek"
1180,Joel Koross,50990965,011707778,joel.koross@gmail.com,1990-06-01,Male,Machakos,Machakos Town,Kalama,"Plot 421, Lane 10, Kiambu"
1181,Brian Adhiambo Wanjala,22896453,077644134,brian.wanjala@hotmail.com,1956-12-28,Female,Mombasa,Kisauni,Bamburi,"House 93, Mugumo Street, Kiambu Road"
1182,Odhiambo Korir,99635309,076887488,odhiambo.korir@hotmail.com,1986-02-07,Female,Machakos,Kathiani,Mitaboni,"House 18, Kiambu Drive, Argwings Kodhek"
1183,Gakunyi Oseko,45350739,071185662,gakunyi.oseko@hotmail.com,2003-12-19,Male,Nyeri,Kieni,Thegu,"Plot 176, Lane 18, Ruaraka"
1184,Kwamboka Njoroge,43030672,010240403,kwamboka.njoroge@yahoo.com,1988-05-21,Female,Bungoma,Bumula,Bumula,"House 177, Kiambu Drive, Waiyaki"
1185,Gichuru Opiyo Mwikali,12923691,070725409,gichuru.mwikali@yahoo.com,1972-03-20,Male,Mombasa,Likoni,Tsimba,"House 195, Moi Avenue Street, Westlands"
1186,Matthew Nzioka,80973199,011373722,matthew.nzioka@gmail.com,1970-07-12,Male,Bomet,Chepalungu,Nyongores,"Plot 471, Lane 2, Karen"
1187,Wanjiru Wabomba Lubanga,30944246,078271482,wanjiru.lubanga@gmail.com,1992-07-10,Female,Uasin Gishu,Soy,Kipsomba,"Plot 132, Lane 16, Kiambu Road"
1188,Mulwa Kagendo Munyao,98150417,011311977,mulwa.munyao@gmail.com,1978-08-20,Male,Kisumu,Kisumu Central,Nyalenda 'B',"House 263, Lavington Street, Kangundo"
1189,Mwirigi Momanyi Wamalwa,78040572,075574348,mwirigi.wamalwa@hotmail.com,1956-03-13,Female,Kilifi,Malindi,Shella,"House 215, Kitisuru Avenue, Kileleshwa"
1190,Monica Lenguro,40564080,071931498,monica.lenguro@yahoo.com,1990-06-13,Male,Nyeri,Mukurweini,Mukurwe-ini Central,"Plot 195, Lane 2, Athi River"
1191,Faith Oduya,97489300,070781223,faith.oduya@outlook.com,1994-01-11,Male,Trans Nzoia,Kiminini,Sirende,"Plot 374, Lane 19, Limuru"
1192,Mutwiri Musila,82351312,077240506,mutwiri.musila@hotmail.com,2001-10-07,Male,Meru,Tigania East,Muthara,"House 415, Kenyatta Road, Jogoo"
1193,Andrew Mutinda,40671219,010767068,andrew.mutinda@gmail.com,1990-01-11,Male,Machakos,Yatta,Matuu,"House 331, Argwings Kodhek Road, Parklands"
1194,Anna Musyoka,60524625,011110016,anna.musyoka@hotmail.com,1959-05-08,Male,Kiambu,Kiambu,Ting'ang'a,"House 201, Mugumo Avenue, Kikuyu"
1195,Kamau Mwania,92450997,070930758,kamau.mwania@outlook.com,1965-01-20,Female,Bungoma,Webuye West,Matulo,"Plot 360, Lane 1, Waiyaki"
1196,Ndunge Githinji,97153508,076216845,ndunge.githinji@gmail.com,1997-01-14,Male,Kakamega,Shinyalu,Isukha North,"House 434, Langata Road, Uhuru"
1197,Muthoni Kanampiu,61974799,010151055,muthoni.kanampiu@yahoo.com,1987-02-28,Female,Nairobi,Kibra,Sarang'ombe,"House 263, Langata Drive, Kitisuru"
1198,Gitonga Moraa Ogero,11638822,011137491,gitonga.ogero@yahoo.com,1997-05-16,Female,Kilifi,Ganze,Jaribuni,"House 416, Kitisuru Street, Ruiru"
1199,Khaemba Okello Towett,66390287,011441890,khaemba.towett@gmail.com,1991-11-26,Female,Bungoma,Sirisia,Malakisi/South Kulisiru,"House 241, Likoni Road, Moi Avenue"
1200,Nokun Nabwire,18050811,011463978,nokun.nabwire@yahoo.com,1974-10-25,Female,Kiambu,Githunguri,Githiga,"House 290, Ruaraka Road, Garden Estate"
1201,Wafula Kebaso,30416174,079391825,wafula.kebaso@gmail.com,2006-08-02,Male,Kisumu,Kisumu East,Manyatta 'B',"Plot 284, Lane 1, Argwings Kodhek"
1202,Flora Stephen Mumo,89118492,078738437,flora.mumo@gmail.com,1981-10-10,Male,Uasin Gishu,Ainabkoi,Racecourse,"Plot 313, Lane 12, Kileleshwa"
1203,Beatrice Mohamed,17363865,078443276,beatrice.mohamed@yahoo.com,1958-09-06,Female,Kiambu,Kabete,Nyathuna,"House 102, Lenana Avenue, Kenyatta"
1204,Leah Kilonzo Simiyu,73156467,075114601,leah.simiyu@yahoo.com,1991-02-15,Female,Nakuru,Bahati,Kiamaina,"Plot 76, Lane 9, Langata"
1205,Ronald Faith Omar,53764429,011648616,ronald.omar@gmail.com,1984-03-20,Male,Trans Nzoia,Kwanza,Bidii,"Plot 266, Lane 12, Limuru"
1206,Leah Cherono,28237898,076250581,leah.cherono@outlook.com,1977-07-15,Male,Kakamega,Lugari,Mautuma,"House 102, Parklands Drive, Lenana"
1207,Silas Maina Ongeri,54663800,073630450,silas.ongeri@gmail.com,1971-02-26,Female,Kiambu,Ruiru,Kahawa Sukari,"House 232, Tom Mboya Avenue, Ngong Road"
1208,Muriuki Jebet Baya,88931606,079820600,muriuki.baya@outlook.com,1996-08-03,Female,Kisumu,Seme,West Seme,"Plot 310, Lane 11, Ngong"
1209,Amos Mwendwa,17681679,073541984,amos.mwendwa@yahoo.com,1972-10-11,Female,Machakos,Kangundo,Kangundo West,"Plot 321, Lane 19, Kiambu Road"
1210,Harun Mutua Kiarie,37425725,011519696,harun.kiarie@gmail.com,1969-01-17,Male,Machakos,Yatta,Katangi,"House 401, Mombasa Road Street, Kenyatta"
1211,Moraa Ongaya,42304973,070908597,moraa.ongaya@yahoo.com,2002-06-25,Female,Kakamega,Butere,Marama Central,"Plot 63, Lane 2, Garden Estate"
1212,Kimeu Muema Mugo,24346289,072175671,kimeu.mugo@gmail.com,2000-01-10,Male,Kiambu,Ruiru,Kahawa Sukari,"Plot 270, Lane 3, Kiambu Road"
1213,Wangari Naliaka Senteu,15707233,070965696,wangari.senteu@gmail.com,1992-06-03,Male,Kiambu,Kikuyu,Kikuyu,"House 279, Kiambu Road, Ngong"
1214,Amos Kihika,31034531,070763505,amos.kihika@outlook.com,1990-10-18,Female,Nairobi,Kasarani,Mwiki,"House 124, Argwings Kodhek Avenue, Langata"
1215,Opiyo Musalia,23488183,073332090,opiyo.musalia@yahoo.com,2001-04-02,Female,Nyeri,Mukurweini,Rugi,"Plot 245, Lane 7, Mugumo"
1216,James Gichuru Matoke,13713066,011679464,james.matoke@gmail.com,1989-08-12,Male,Nairobi,Kasarani,Kasarani,"House 124, Uhuru Avenue, Thika Superhighway"
1217,Wanjiru Kamau Kamotho,22740257,076464964,wanjiru.kamotho@gmail.com,1998-01-13,Male,Meru,Igembe Central,Antubochiu,"House 234, Argwings Kodhek Road, Lavington"
1218,Stephen Mutisya,95423995,078972021,stephen.mutisya@outlook.com,2000-01-05,Female,Nyeri,Mathira,Kirimukuyu,"Plot 456, Lane 8, Parklands"
1219,Kimeu Mburu,58765052,079486088,kimeu.mburu@gmail.com,1998-01-05,Female,Uasin Gishu,Soy,Segero/Barsombe,"Plot 241, Lane 11, Waiyaki"
1220,Atieno Kangogo,45449104,011551523,atieno.kangogo@yahoo.com,1973-04-14,Female,Nairobi,Dagoretti South,Mutuini,"Plot 402, Lane 6, Kilimani"
1221,Achieng Muthoni Nyambane,22913709,076359338,achieng.nyambane@hotmail.com,1970-09-09,Female,Kisumu,Nyando,East Kano/Wawidhi,"Plot 315, Lane 20, Ngong"
1222,Martha Deborah Naliaka,61326806,072446967,martha.naliaka@hotmail.com,1997-01-24,Female,Machakos,Kangundo,Kangundo East,"Plot 183, Lane 1, Kiambu"
1223,Syombua Mwakideu,82679492,011529293,syombua.mwakideu@gmail.com,1980-02-28,Male,Kilifi,Magarini,Garashi,"Plot 96, Lane 7, Argwings Kodhek"
1224,Jonathan Anyango Munyori,88071161,010228994,jonathan.munyori@outlook.com,1996-02-19,Female,Mombasa,Likoni,Bofu,"House 467, Ruaraka Avenue, Mombasa Road"
1225,Amos Mutisya,90458662,077755288,amos.mutisya@gmail.com,1991-04-06,Female,Meru,Tigania West,Akithi,"House 251, Kenyatta Street, Langata"
1226,Nahum Aoko Munyao,96025578,010884898,nahum.munyao@gmail.com,1985-11-03,Male,Uasin Gishu,Ainabkoi,Kapsoya,"House 96, Limuru Drive, Jogoo"
1227,Nabwire Kasina,29178232,076230374,nabwire.kasina@gmail.com,1966-07-06,Female,Nairobi,Dagoretti North,Gatina,"House 247, Athi River Street, Kasarani"
1228,Eunice Kariuki Adoyo,11851426,078778557,eunice.adoyo@yahoo.com,1968-04-02,Female,Nairobi,Kibra,Makina,"House 377, Kangundo Road, Outering"
1229,Martin Gakii Mburu,60671655,070950946,martin.mburu@yahoo.com,1998-04-03,Male,Kiambu,Ruiru,Gatong'ora,"Plot 98, Lane 5, Parklands"
1230,George Nafula,74059068,073688109,george.nafula@yahoo.com,1994-04-08,Female,Trans Nzoia,Kiminini,Kiminini,"House 415, Limuru Road, Ruaraka"
1231,Ombati Wafula,19753625,011596564,ombati.wafula@outlook.com,1969-09-16,Male,Nakuru,Nakuru Town East,Menengai,"House 468, Limuru Avenue, Likoni"
1232,Atieno Mutune,30839000,011292766,atieno.mutune@outlook.com,1977-05-14,Male,Kisumu,Kisumu West,North Kisumu,"Plot 303, Lane 5, Likoni"
1233,Anyango Baya,61769923,077139224,anyango.baya@hotmail.com,2004-03-18,Male,Nyeri,Tetu,Aguthi/Gaaki,"House 54, Mombasa Road Street, Juja"
1234,Kerubo Wamuyu,71631699,076126564,kerubo.wamuyu@outlook.com,1954-11-22,Female,Nakuru,Nakuru Town West,London,"House 292, Likoni Road, Garden Estate"
1235,Aoko Kerubo Matoke,55990212,077574886,aoko.matoke@gmail.com,1981-10-05,Female,Machakos,Kathiani,Upper Kaewa/Iveti,"Plot 212, Lane 17, Langata"
1236,Timothy Oseko,30858205,071602675,timothy.oseko@outlook.com,1990-10-18,Female,Kisumu,Kisumu East,Nyalenda 'A',"Plot 120, Lane 14, Mugumo"
1237,James George Gikonyo,23646357,079965624,james.gikonyo@yahoo.com,1950-08-28,Female,Meru,South Imenti,Igoji West,"Plot 121, Lane 10, Parklands"
1238,Flora Kipkoech Chepngeno,84523599,071111277,flora.chepngeno@yahoo.com,1982-01-26,Female,Nakuru,Nakuru Town East,Flamingo,"Plot 108, Lane 10, Kangundo"
1239,Wanjiru Mbaka Juma,60267929,076730011,wanjiru.juma@gmail.com,1978-05-07,Female,Kiambu,Kabete,Kabete,"Plot 235, Lane 12, Ngong Road"
1240,Lois Chepngeno,83381520,011919351,lois.chepngeno@hotmail.com,1982-09-15,Female,Bungoma,Mt. Elgon,Kapkateny,"Plot 328, Lane 14, Mombasa Road"
1241,Kimani Koech,49086854,074325914,kimani.koech@hotmail.com,1996-04-09,Male,Turkana,Turkana East,Lokori/Kochodin,"House 311, Ngong Road Road, Juja"
1242,Auma Kangogo,24651096,011155161,auma.kangogo@gmail.com,1990-08-13,Female,Turkana,Turkana South,Lobokat,"House 369, Ngong Avenue, Thika"
1243,Wangeci Ochieng,93829645,011391326,wangeci.ochieng@hotmail.com,2002-09-05,Female,Kakamega,Ikolomani,Idakho Central,"House 121, Jogoo Drive, Ruiru"
1244,Mworoa Nabea Bett,49061399,074589123,mworoa.bett@gmail.com,1980-06-10,Male,Kiambu,Kabete,Muguga,"Plot 211, Lane 20, Garden Estate"
1245,Ombati Muema,85007742,070339481,ombati.muema@gmail.com,1983-12-04,Male,Machakos,Machakos Town,Machakos Central,"Plot 254, Lane 1, Kasarani"
1246,Isaiah Haggai Maingi,64124001,072526069,isaiah.maingi@gmail.com,1991-09-14,Male,Nairobi,Dagoretti North,Kawangware,"House 107, Garden Estate Road, River Road"
1247,Gilbert Wangari,40198707,076411367,gilbert.wangari@gmail.com,1957-05-19,Female,Machakos,Kathiani,Mitaboni,"Plot 335, Lane 6, Kileleshwa"
1248,Gathoni Namukhula,63604794,078547025,gathoni.namukhula@yahoo.com,1963-02-20,Female,Kiambu,Ruiru,Kahawa Sukari,"House 69, Parklands Road, Kiambu Road"
1249,Kebaso Hope Awiti,68504096,079425806,kebaso.awiti@hotmail.com,2003-05-26,Male,Nakuru,Molo,Molo,"House 445, Parklands Street, Likoni"
1250,Kagendo Kimutai,59587404,011479588,kagendo.kimutai@gmail.com,1960-11-26,Male,Nairobi,Kibra,Makina,"Plot 346, Lane 9, Athi River"
1251,Kiprotich Kinya,66752122,011884277,kiprotich.kinya@yahoo.com,2004-02-27,Female,Bungoma,Kanduyi,West Sang'alo,"House 126, Ngong Road Avenue, Westlands"
1252,Paul Jonathan Gacheru,92788466,070794023,paul.gacheru@yahoo.com,1972-12-12,Female,Bungoma,Kimilili,Kimilili,"Plot 169, Lane 1, Kiambu"
1253,Nasimiyu Otieno Senteu,73374043,078620628,nasimiyu.senteu@gmail.com,1963-04-19,Male,Nairobi,Westlands,Parklands,"House 96, Jogoo Street, Karen"
1254,Ongeri Muthaa Sigei,37852975,071130916,ongeri.sigei@yahoo.com,2003-09-17,Male,Nakuru,Gilgil,Murindat,"House 403, Thika Superhighway Road, Kikuyu"
1255,Susan Jane Osebe,31121184,010434896,susan.osebe@yahoo.com,1984-04-06,Male,Kakamega,Ikolomani,Idakho East,"Plot 422, Lane 19, Juja"
1256,Sharon Amos Nanjala,35520607,079275895,sharon.nanjala@gmail.com,1995-05-01,Female,Machakos,Mavoko,Athi River,"Plot 466, Lane 20, Parklands"
1257,Priscilla Kioko,46854409,077169501,priscilla.kioko@hotmail.com,1983-06-06,Male,Kakamega,Shinyalu,Isukha Central,"Plot 279, Lane 7, Kitisuru"
1258,Anthony Salim,38292455,070676548,anthony.salim@gmail.com,1959-11-08,Female,Nairobi,Lang'ata,Nairobi West,"House 436, Karen Drive, Thika"
1259,Namukhula Odhiambo Mwirigi,71623610,072945486,namukhula.mwirigi@yahoo.com,1973-10-26,Female,Bomet,Konoin,Chepchabs,"Plot 234, Lane 12, Kileleshwa"
1260,Rimberia Oduya Nzioka,12782247,079897915,rimberia.nzioka@yahoo.com,1991-04-24,Female,Kilifi,Rabai,Kambe/Ribe,"Plot 162, Lane 2, River Road"
1261,Patrick Peace Nzioka,45150449,077464083,patrick.nzioka@gmail.com,1979-05-26,Male,Meru,Buuri,Kisima,"Plot 175, Lane 16, Thika"
1262,Bridget Mwinyi,67611394,011182915,bridget.mwinyi@gmail.com,1973-05-10,Male,Meru,Tigania West,Athwana,"House 349, River Road Drive, Kiambu Road"
1263,Leah Chepkoech Macharia,66132595,077311787,leah.macharia@outlook.com,1971-08-25,Male,Nairobi,Lang'ata,Nyayo Highrise,"Plot 331, Lane 14, Thika Superhighway"
1264,Elizabeth Marete,86456040,010828483,elizabeth.marete@gmail.com,1990-11-27,Female,Kisumu,Kisumu East,Nyalenda 'A',"House 115, Tom Mboya Street, Lavington"
1265,Momanyi Mugo,75453166,077258279,momanyi.mugo@gmail.com,1965-02-12,Male,Uasin Gishu,Kesses,Tulwet/Chuiyat,"House 412, Langata Avenue, Langata"
1266,Zechariah Kasina Ojwang,46790628,079314782,zechariah.ojwang@gmail.com,1987-12-17,Male,Mombasa,Likoni,Shika Adabu,"Plot 75, Lane 9, Ruaraka"
1267,Jepchumba Kemei,50511614,078606481,jepchumba.kemei@gmail.com,1980-10-28,Male,Nakuru,Molo,Elburgon,"Plot 285, Lane 9, Lavington"
1268,Momanyi Nanjala Wamalwa,93601076,077878342,momanyi.wamalwa@gmail.com,1967-06-23,Female,Kiambu,Kikuyu,Kikuyu,"House 433, Waiyaki Avenue, River Road"
1269,Janet Wangari,53901322,070756006,janet.wangari@gmail.com,1969-11-11,Female,Meru,Igembe South,Athiru Ruujine,"Plot 160, Lane 17, Likoni"
1270,Muriuki Cecilia Jebet,82041503,071505695,muriuki.jebet@hotmail.com,1993-04-10,Male,Nairobi,Lang'ata,Mugumu-ini,"House 55, Waiyaki Road, Likoni"
1271,Nabea Mbaka,11099806,010203863,nabea.mbaka@gmail.com,1971-08-16,Female,Machakos,Kathiani,Lower Kaewa/Iveti,"House 100, Outering Road, Ngong Road"
1272,Naliaka Keter,62218930,075682849,naliaka.keter@outlook.com,2003-04-15,Female,Kakamega,Khwisero,Kisa East,"Plot 285, Lane 5, Kiambu Road"
1273,Njoroge Wanjiku Mohamed,54584415,073578218,njoroge.mohamed@yahoo.com,1976-09-24,Male,Mombasa,Jomvu,Mikindani,"House 466, Kiambu Street, Kilimani"
1274,Marete Onyango Ndegwa,87636397,078162399,marete.ndegwa@gmail.com,1979-03-15,Female,Meru,Igembe North,Antubetwe Kiongo,"Plot 210, Lane 18, Garden Estate"
1275,Rebecca Jebet,77666154,075577667,rebecca.jebet@outlook.com,1994-04-09,Male,Kakamega,Matungu,Namamali,"House 42, Kileleshwa Road, Uhuru"
1276,Moses Cherono Kaimenyi,97521058,070296190,moses.kaimenyi@gmail.com,1973-11-24,Female,Machakos,Kathiani,Upper Kaewa/Iveti,"House 42, Kenyatta Road, Kasarani"
1277,Stephen Wandera,12968722,077788690,stephen.wandera@gmail.com,2001-11-22,Female,Nairobi,Lang'ata,Karen,"House 147, Parklands Avenue, Ruaraka"
1278,Muema Chepkirui,46668084,011296327,muema.chepkirui@gmail.com,1983-08-22,Male,Nairobi,Dagoretti North,Gatina,"House 202, Ruiru Drive, Lavington"
1279,Adhiambo Tsuma,54734846,077238444,adhiambo.tsuma@yahoo.com,1999-02-28,Male,Bungoma,Mt. Elgon,Cheptais,"House 137, Likoni Avenue, Moi Avenue"
1280,Syombua Ogero,60753938,075571150,syombua.ogero@gmail.com,1977-09-14,Female,Kisumu,Seme,East Seme,"Plot 391, Lane 17, Uhuru"
1281,Charity Victor Simiyu,93443712,078466080,charity.simiyu@gmail.com,1992-09-10,Female,Nakuru,Nakuru Town East,Flamingo,"Plot 191, Lane 13, Waiyaki"
1282,Ruth Kipkorir,31948898,072702791,ruth.kipkorir@yahoo.com,1993-11-05,Female,Nakuru,Subukia,Kabazi,"Plot 369, Lane 17, Athi River"
1283,Wanyonyi Rachel Naliaka,86966061,011384482,wanyonyi.naliaka@gmail.com,1954-11-10,Female,Bungoma,Webuye West,Matulo,"Plot 42, Lane 3, Likoni"
1284,Grace Achieng,28007273,076120801,grace.achieng@gmail.com,1974-01-05,Male,Trans Nzoia,Cherangany,Kaplamai,"House 276, Ngong Road Drive, Lenana"
1285,Naipanoi Onditi Gichuki,45119596,075711320,naipanoi.gichuki@outlook.com,1998-12-17,Female,Nairobi,Kasarani,Mwiki,"House 164, Mombasa Road Road, Argwings Kodhek"
1286,Mutheu Waithera Kiarie,27409552,078879731,mutheu.kiarie@gmail.com,1948-11-28,Male,Mombasa,Jomvu,Miritini,"Plot 107, Lane 14, Karen"
1287,Joseph Adoyo Waithera,46102405,010770909,joseph.waithera@hotmail.com,1987-02-16,Male,Nairobi,Dagoretti North,Kileleshwa,"Plot 23, Lane 10, Lenana"
1288,Alexander Gacheru,40291145,079117830,alexander.gacheru@gmail.com,1986-10-05,Male,Mombasa,Mvita,Tudor,"Plot 27, Lane 2, Jogoo"
1289,Lenguro Muthuri,87825976,078144399,lenguro.muthuri@gmail.com,1982-12-07,Female,Kilifi,Magarini,Magarini,"House 236, Thika Superhighway Street, Mugumo"
1290,George Baya,56574888,011438943,george.baya@yahoo.com,1979-12-02,Female,Machakos,Kathiani,Lower Kaewa/Iveti,"Plot 84, Lane 10, Thika"
1291,Kebaso Kipngetich,22201828,074853654,kebaso.kipngetich@gmail.com,2003-09-13,Female,Nairobi,Dagoretti North,Kawangware,"House 211, Limuru Road, Garden Estate"
1292,Omondi Kioko Kimani,27369493,077651998,omondi.kimani@hotmail.com,1996-03-09,Male,Machakos,Kathiani,Mitaboni,"House 366, Ruaraka Avenue, Kileleshwa"
1293,Silas Osebe,90004656,077580637,silas.osebe@yahoo.com,1982-05-01,Male,Kisumu,Kisumu East,Nyalenda 'A',"Plot 201, Lane 8, Kilimani"
1294,Mbaka Kipkoech,99726004,078699983,mbaka.kipkoech@gmail.com,1981-09-24,Male,Meru,Tigania East,Kiguchwa,"Plot 33, Lane 6, Kiambu"
1295,Beatrice Mbaka Kenga,15686390,011820832,beatrice.kenga@gmail.com,1980-05-11,Male,Trans Nzoia,Endebess,Matumbei,"Plot 416, Lane 15, Kenyatta"
1296,Nduku Kipngetich,41445855,073850444,nduku.kipngetich@yahoo.com,1999-06-26,Female,Uasin Gishu,Kesses,Racecourse,"Plot 391, Lane 9, Moi Avenue"
1297,Wairimu Achieng Mbaka,84833535,076732295,wairimu.mbaka@outlook.com,1974-11-15,Female,Nakuru,Kuresoi North,Nyota,"Plot 281, Lane 12, Jogoo"
1298,Leah Cherono,33882612,010418013,leah.cherono@hotmail.com,1997-08-14,Male,Trans Nzoia,Cherangany,Sitatunga,"Plot 379, Lane 13, Kilimani"
1299,Jepchumba Mwikali,49585077,073412865,jepchumba.mwikali@hotmail.com,1995-04-16,Male,Nairobi,Dagoretti North,Gatina,"House 23, Ngong Avenue, Ruiru"
1300,Rose Florence Rimberia,68829924,010756480,rose.rimberia@yahoo.com,1981-07-21,Female,Bomet,Chepalungu,Kongasis,"Plot 236, Lane 2, Kitisuru"
1301,Wanjiru Achieng Gichuru,17334310,010917126,wanjiru.gichuru@outlook.com,1989-12-03,Female,Meru,Tigania East,Thangatha,"Plot 146, Lane 7, Kitisuru"
1302,Christopher Adoyo Kivuva,58913280,011647559,christopher.kivuva@yahoo.com,1966-07-01,Female,Bungoma,Kimilili,Maeni,"Plot 60, Lane 8, Jogoo"
1303,Agnes Samuel Mutai,26396664,071183123,agnes.mutai@hotmail.com,1996-08-28,Male,Nairobi,Dagoretti North,Gatina,"Plot 58, Lane 4, Kenyatta"
1304,Kipkirui Grace Mwangi,14273658,078779425,kipkirui.mwangi@hotmail.com,1993-03-10,Male,Trans Nzoia,Cherangany,Cherangany/Suwerwa,"House 379, Uhuru Street, Lavington"
1305,Nekesa Ndunda,98820686,011986367,nekesa.ndunda@outlook.com,1992-05-24,Female,Nairobi,Kasarani,Ruai,"Plot 410, Lane 7, Kiambu"
1306,Owuor Achieng Kagwe,32959320,079771657,owuor.kagwe@outlook.com,1973-05-07,Female,Nairobi,Lang'ata,South C,"Plot 317, Lane 13, Ruaraka"
1307,Naliaka Musyoka Cherono,17350085,078289048,naliaka.cherono@yahoo.com,1968-12-13,Male,Machakos,Machakos Town,Kalama,"House 302, Juja Avenue, Kiambu"
1308,Priscilla Judith Mokua,12770043,011654310,priscilla.mokua@gmail.com,1958-10-20,Female,Machakos,Kathiani,Mitaboni,"Plot 360, Lane 16, River Road"
1309,Judy Christopher Wairimu,67858606,074426767,judy.wairimu@outlook.com,1988-02-28,Male,Nairobi,Dagoretti North,Kileleshwa,"Plot 25, Lane 6, River Road"
1310,Susan Awiti Munyao,25958464,011601467,susan.munyao@gmail.com,1976-12-22,Male,Bungoma,Kanduyi,Khalaba,"House 329, Ruaraka Road, Ngong Road"
1311,Mbaka Rebecca Mworoa,63101260,077485061,mbaka.mworoa@hotmail.com,1966-02-11,Female,Kiambu,Kabete,Kabete,"House 307, Mombasa Road Drive, Ngong"
1312,Micah Waithera,44505080,071952221,micah.waithera@outlook.com,2005-01-19,Male,Mombasa,Nyali,Mkomani,"Plot 205, Lane 1, River Road"
1313,Kiprono Momanyi,69580659,072552489,kiprono.momanyi@gmail.com,1994-01-06,Male,Meru,Igembe South,Nkondi,"House 436, Thika Superhighway Avenue, Waiyaki"
1314,Kioko Chepkwony,81436260,070284785,kioko.chepkwony@gmail.com,1986-02-26,Female,Uasin Gishu,Moiben,Kimumu,"House 343, Langata Drive, Langata"
1315,Kaloki Omar,11748667,072399379,kaloki.omar@hotmail.com,1993-06-06,Female,Kilifi,Kaloleni,Mariakani,"House 36, Parklands Street, Kiambu Road"
1316,Kipchumba Ronald Wandera,58389938,078237149,kipchumba.wandera@outlook.com,1998-05-23,Female,Uasin Gishu,Soy,Ziwa,"House 10, Mombasa Road Drive, Ngong Road"
1317,Mwende Tsuma,39921599,071461290,mwende.tsuma@yahoo.com,1991-08-20,Male,Bungoma,Sirisia,Lwandanyi,"Plot 362, Lane 16, Mombasa Road"
1318,Sophia Edith Auma,85171040,078213299,sophia.auma@gmail.com,1997-05-05,Male,Nyeri,Tetu,Aguthi/Gaaki,"House 270, Waiyaki Road, Langata"
1319,Jeremiah Mwendwa,95500978,010958177,jeremiah.mwendwa@gmail.com,1997-08-07,Female,Kiambu,Limuru,Bibirioni,"Plot 130, Lane 3, Kikuyu"
1320,Michael Kipngetich Gacheru,70344473,010479254,michael.gacheru@outlook.com,1970-07-03,Female,Kiambu,Limuru,Bibirioni,"Plot 343, Lane 3, Ruaraka"
1321,Diana Hope Kebaso,44991603,070240578,diana.kebaso@gmail.com,1967-02-10,Male,Nakuru,Rongai,Mosop,"Plot 400, Lane 6, Mugumo"
1322,Moraa Habakkuk Maingi,86828416,073734447,moraa.maingi@gmail.com,1971-07-22,Male,Nakuru,Bahati,Kabatini,"Plot 225, Lane 9, Kenyatta"
1323,Jepkoech Naomi Gitonga,79485303,073384603,jepkoech.gitonga@yahoo.com,1968-01-05,Female,Kilifi,Ganze,Sokoke,"Plot 163, Lane 6, Garden Estate"
1324,Mutua Rose Onsongo,72458202,071216846,mutua.onsongo@gmail.com,1970-09-03,Female,Nakuru,Molo,Marioshoni,"House 34, River Road Street, Limuru"
1325,Rachel Mutune,66934872,072425808,rachel.mutune@outlook.com,1980-09-17,Female,Meru,Buuri,Ruiri/Rwarera,"House 480, River Road Street, Kikuyu"
1326,Haggai Mwangolo,71774245,079247789,haggai.mwangolo@gmail.com,1986-04-11,Female,Turkana,Turkana South,Kaputir,"House 402, Kilimani Avenue, Kitisuru"
1327,Wamalwa Victor Kaimenyi,22358622,011732984,wamalwa.kaimenyi@hotmail.com,1970-08-16,Male,Machakos,Kangundo,Kangundo Central,"House 50, Ruiru Drive, Karen"
1328,Nafula Senteu Ochieng,64156562,077443414,nafula.ochieng@outlook.com,1971-10-22,Male,Uasin Gishu,Kapseret,Langas,"Plot 120, Lane 16, Lavington"
1329,Aaron Langat,40930568,076624867,aaron.langat@gmail.com,1995-05-22,Female,Nakuru,Kuresoi South,Amalo,"House 477, Kitisuru Street, River Road"
1330,Mutua Muema Wamalwa,96207549,011930076,mutua.wamalwa@yahoo.com,2001-08-18,Male,Trans Nzoia,Kwanza,Kwanza,"House 69, Outering Road, Kangundo"
1331,Okello Kasina,18175303,011758576,okello.kasina@hotmail.com,2000-01-10,Female,Meru,Igembe South,Mau/Antuamburi,"Plot 446, Lane 1, Jogoo"
1332,Kinya Kipchumba Senteu,87567826,071895426,kinya.senteu@yahoo.com,2001-10-13,Female,Kilifi,Ganze,Ganze,"Plot 195, Lane 16, Moi Avenue"
1333,Charity Edward Mwamburi,12421892,079503703,charity.mwamburi@gmail.com,1973-04-21,Male,Kiambu,Lari,Kamburu,"Plot 31, Lane 19, Thika"
1334,Amos Mwirigi Karanja,84003335,011446514,amos.karanja@gmail.com,1951-07-19,Female,Meru,Igembe North,Antubetwe Kiongo,"House 457, Lavington Drive, Ngong Road"
1335,Jepkorir Wanjohi,54596393,010628785,jepkorir.wanjohi@hotmail.com,1997-01-09,Female,Machakos,Mavoko,Muthwani,"House 17, Kiambu Street, Mugumo"
1336,Vincent Kanampiu,51052630,078472008,vincent.kanampiu@gmail.com,1997-08-18,Female,Nairobi,Dagoretti North,Gatina,"House 354, Kitisuru Avenue, Argwings Kodhek"
1337,Chepngeno Kaimenyi Kenga,77959317,071108800,chepngeno.kenga@hotmail.com,1985-03-11,Male,Nakuru,Rongai,Solai,"House 166, Tom Mboya Drive, Kiambu"
1338,Edith Naliaka Mwania,51326142,078345556,edith.mwania@gmail.com,1957-07-24,Male,Nakuru,Bahati,Lanet/Umoja,"Plot 64, Lane 14, Thika"
1339,Timothy Onsongo Koross,35066481,073674989,timothy.koross@outlook.com,2002-07-17,Female,Nakuru,Kuresoi South,Keringet,"House 202, Waiyaki Street, Mombasa Road"
1340,Kipngetich Mutwiri,68518015,078342675,kipngetich.mutwiri@gmail.com,1985-03-03,Female,Nairobi,Kibra,Woodley,"House 147, Kikuyu Road, Athi River"
1341,Muriuki Simiyu,28865768,072200692,muriuki.simiyu@gmail.com,1992-05-25,Female,Kisumu,Muhoroni,Ombeyi,"Plot 340, Lane 5, Kilimani"
1342,Muthaa Jebet,60968846,072856722,muthaa.jebet@gmail.com,1996-03-09,Male,Kilifi,Kilifi South,Junju,"Plot 58, Lane 10, Ruiru"
1343,Diana Gichuru,27030337,076155652,diana.gichuru@outlook.com,1975-11-16,Female,Uasin Gishu,Kesses,Taratai,"House 207, Kikuyu Drive, Argwings Kodhek"
1344,Judith Kinyua Matoke,69444048,071211106,judith.matoke@yahoo.com,1984-11-25,Male,Nakuru,Bahati,Kabatini,"Plot 34, Lane 16, Kileleshwa"
1345,Opiyo Mwania,93410225,010594581,opiyo.mwania@gmail.com,1998-10-16,Female,Nairobi,Westlands,Kitisuru,"Plot 460, Lane 4, Ngong Road"
1346,Naisula Musyoka Wamuyu,50579039,075935705,naisula.wamuyu@yahoo.com,1966-07-24,Female,Uasin Gishu,Turbo,Kiplombe,"House 237, Westlands Drive, Jogoo"
1347,Mutwiri Mutune,44291142,072389597,mutwiri.mutune@gmail.com,1992-04-13,Female,Kakamega,Lugari,Lwandeti,"Plot 387, Lane 15, Kasarani"
1348,Nicholas Onditi Ali,42528171,010764807,nicholas.ali@yahoo.com,1991-09-04,Female,Nakuru,Gilgil,Malewa West,"Plot 420, Lane 11, Ruiru"
1349,Ndinda Gichuru,19561156,077305352,ndinda.gichuru@gmail.com,1953-08-06,Female,Bomet,Konoin,Kimulot,"House 295, Kileleshwa Avenue, Kikuyu"
1350,Jepkorir Jepkorir Koross,46193334,073559030,jepkorir.koross@gmail.com,1970-03-01,Female,Kiambu,Kiambu,Riabai,"Plot 215, Lane 19, Mugumo"
1351,Rose Omondi Odhiambo,86984297,073268605,rose.odhiambo@hotmail.com,1968-12-27,Male,Turkana,Turkana West,Lopur,"Plot 376, Lane 12, Lenana"
1352,Gathoni Cherotich Musyimi,14454330,078697402,gathoni.musyimi@gmail.com,1972-01-26,Male,Kakamega,Matungu,Kholera,"House 62, Kileleshwa Drive, Lenana"
1353,Musyoka Mugo Okoth,48493835,073182491,musyoka.okoth@outlook.com,2000-03-06,Female,Nairobi,Lang'ata,Mugumu-ini,"Plot 291, Lane 13, Outering"
1354,Paul Onyango,87918067,072317975,paul.onyango@yahoo.com,2002-03-07,Male,Mombasa,Kisauni,Mjambere,"Plot 408, Lane 1, Mombasa Road"
1355,Brian Mogaka Wamuyu,36358707,010716537,brian.wamuyu@yahoo.com,1997-05-22,Female,Kakamega,Shinyalu,Isukha North,"Plot 343, Lane 2, Kangundo"
1356,Joseph George Kariuki,32599162,073573016,joseph.kariuki@outlook.com,1958-11-09,Male,Bungoma,Webuye West,Sitikho,"House 390, Mombasa Road Avenue, Kasarani"
1357,Kaloki Koech,33000256,010576163,kaloki.koech@gmail.com,1950-10-10,Male,Bomet,Chepalungu,Nyongores,"Plot 127, Lane 3, Argwings Kodhek"
1358,Mwangi Oseko,39029725,073795093,mwangi.oseko@gmail.com,1988-04-16,Female,Mombasa,Nyali,Frere Town,"Plot 437, Lane 17, Kikuyu"
1359,Nyambura Vincent Langat,98451307,070394559,nyambura.langat@gmail.com,2004-01-08,Female,Trans Nzoia,Kiminini,Hospital,"Plot 350, Lane 16, Kiambu"
1360,Mogaka Musalia,43091057,076866469,mogaka.musalia@yahoo.com,1956-05-01,Male,Machakos,Mavoko,Athi River,"House 54, Argwings Kodhek Drive, Outering"
1361,Naisula Kipchirchir,34921334,077476850,naisula.kipchirchir@yahoo.com,1994-03-23,Female,Meru,Central Imenti,Kabachi,"House 53, Kikuyu Avenue, Kiambu"
1362,Wairimu Nashipae Mwirigi,89576137,011440776,wairimu.mwirigi@hotmail.com,1992-07-27,Female,Meru,North Imenti,Nyaki West,"Plot 329, Lane 13, Kiambu"
1363,Hannah Kinyua,39167155,076708487,hannah.kinyua@yahoo.com,1964-02-13,Female,Mombasa,Mvita,Shimanzi,"House 318, Lenana Road, Argwings Kodhek"
1364,Wairimu Kaimenyi Wandera,30814233,074736588,wairimu.wandera@gmail.com,1981-02-16,Female,Mombasa,Kisauni,Mwakirunge,"Plot 75, Lane 6, Kikuyu"
1365,Thomas David Gitobu,11978622,078871271,thomas.gitobu@gmail.com,1987-05-11,Male,Kiambu,Githunguri,Githunguri,"Plot 333, Lane 7, Kiambu Road"
1366,Mokua Kenei,32330427,075417397,mokua.kenei@gmail.com,1974-03-23,Male,Machakos,Machakos Town,Mutituni,"House 292, Kasarani Avenue, Thika"
1367,Christopher Wabomba,36236086,071417128,christopher.wabomba@gmail.com,1968-04-07,Male,Trans Nzoia,Kiminini,Hospital,"House 239, Langata Drive, Likoni"
1368,Kanana Nicholas Mokua,42123671,011181898,kanana.mokua@gmail.com,1983-10-10,Female,Nyeri,Nyeri Town,Rware,"Plot 305, Lane 5, Thika"
1369,Kanana Kimani,25706272,079960531,kanana.kimani@gmail.com,1979-02-15,Female,Turkana,Turkana Central,Kerio Delta,"Plot 430, Lane 4, River Road"
1370,Kanana Awuor Wamuyu,92746886,075511374,kanana.wamuyu@gmail.com,1961-09-11,Male,Machakos,Mavoko,Kinanie,"Plot 108, Lane 20, Ruiru"
1371,Kipkemboi Kipsang,46207497,073611430,kipkemboi.kipsang@yahoo.com,1990-09-16,Male,Nairobi,Lang'ata,Karen,"Plot 441, Lane 11, Lenana"
1372,Faith Juma,26294153,077708580,faith.juma@gmail.com,1976-04-03,Female,Nakuru,Subukia,Kabazi,"House 82, Ruiru Avenue, Kenyatta"
1373,Beatrice Kimutai,12648580,073486065,beatrice.kimutai@gmail.com,1978-04-02,Male,Bomet,Bomet Central,Mutarakwa,"House 40, Ruaraka Road, Kiambu Road"
1374,Jonah Wachira,85643715,072245918,jonah.wachira@gmail.com,1992-12-07,Male,Uasin Gishu,Soy,Kapkures,"House 33, Argwings Kodhek Road, Lavington"
1375,Esther Kebaso,49320205,075495044,esther.kebaso@hotmail.com,1981-07-08,Female,Kiambu,Kikuyu,Kikuyu,"Plot 457, Lane 14, Kasarani"
1376,Alexander Mwamburi,44182277,010999363,alexander.mwamburi@outlook.com,1955-06-21,Male,Meru,Tigania West,Kianjai,"Plot 350, Lane 7, Ruaraka"
1377,Ondieki Ndegwa,60493921,077765600,ondieki.ndegwa@yahoo.com,1991-01-18,Male,Kilifi,Kilifi North,Sokoni,"Plot 286, Lane 13, Kasarani"
1378,Gilbert Priscilla Juma,43422012,079693037,gilbert.juma@outlook.com,1999-11-06,Female,Kiambu,Kabete,Nyathuna,"Plot 116, Lane 12, Kilimani"
1379,Wangeci Cheruiyot,74535895,073330874,wangeci.cheruiyot@gmail.com,1978-06-27,Male,Kiambu,Kikuyu,Nachu,"Plot 440, Lane 10, Kilimani"
1380,Naipanoi Rimberia,75939468,079248063,naipanoi.rimberia@gmail.com,1986-12-27,Female,Machakos,Matungulu,Matungulu West,"Plot 348, Lane 4, Ngong"
1381,Ezekiel Wamuyu,19068973,070257476,ezekiel.wamuyu@hotmail.com,1968-10-11,Male,Kilifi,Rabai,Kambe/Ribe,"Plot 80, Lane 15, Ruiru"
1382,Khaemba Edward Omondi,31525708,071994729,khaemba.omondi@gmail.com,1989-12-12,Male,Kisumu,Muhoroni,Masogo/Nyang'oma,"Plot 204, Lane 19, Argwings Kodhek"
1383,Ruth Kioko,78189543,075669793,ruth.kioko@gmail.com,1987-07-19,Male,Nakuru,Kuresoi North,Kamara,"Plot 165, Lane 14, Mugumo"
1384,Micah Kipsang Ndunge,67009139,074496261,micah.ndunge@hotmail.com,1976-12-18,Female,Nairobi,Dagoretti South,Uthiru,"House 355, Likoni Drive, Mugumo"
1385,Samuel Momanyi Onyango,85306558,070283037,samuel.onyango@yahoo.com,1968-12-27,Male,Kakamega,Mumias West,Mutema,"House 166, Tom Mboya Road, Moi Avenue"
1386,Nyaboke Kipchirchir,98685344,074698192,nyaboke.kipchirchir@yahoo.com,1979-02-14,Male,Uasin Gishu,Turbo,Kamagut,"Plot 69, Lane 16, Kiambu"
1387,Evelyn Gathoni Wanyonyi,85770079,078739799,evelyn.wanyonyi@outlook.com,1951-11-01,Female,Nakuru,Kuresoi North,Kamara,"House 461, Kileleshwa Avenue, Juja"
1388,Wambui Baya,49514786,071638625,wambui.baya@gmail.com,1999-06-09,Male,Kisumu,Nyakach,West Nyakach,"Plot 90, Lane 2, Juja"
1389,Awiti Mwirigi Mcharo,25132415,073897378,awiti.mcharo@gmail.com,2001-05-26,Female,Nyeri,Kieni,Gatarakwa,"House 302, Kiambu Road Street, Lenana"
1390,Emily Collins Kangogo,26699133,070111292,emily.kangogo@gmail.com,1998-11-05,Male,Nairobi,Kibra,Makina,"Plot 299, Lane 16, Tom Mboya"
1391,Kamau Kibathi,21887286,010921515,kamau.kibathi@yahoo.com,1979-02-24,Female,Kiambu,Kikuyu,Sigona,"Plot 107, Lane 9, Limuru"
1392,Kinyua Ongaya,35767377,010280534,kinyua.ongaya@gmail.com,2000-03-06,Female,Nyeri,Mathira,Iriaini,"House 338, Thika Superhighway Street, Mombasa Road"
1393,Mwangi Hassan,94825242,072636042,mwangi.hassan@gmail.com,1999-08-02,Male,Meru,South Imenti,Igoji West,"Plot 254, Lane 9, Moi Avenue"
1394,Pauline Ochieng,16291715,071758684,pauline.ochieng@hotmail.com,1976-12-16,Female,Uasin Gishu,Kapseret,Ngeria,"Plot 90, Lane 13, River Road"
1395,Kipkorir Onsongo Senteu,54653615,070763734,kipkorir.senteu@hotmail.com,1994-10-13,Female,Kisumu,Muhoroni,Masogo/Nyang'oma,"Plot 420, Lane 17, Thika"
1396,Nokun Macharia,70098447,075531935,nokun.macharia@gmail.com,1980-05-27,Female,Kakamega,Mumias East,Malaha/Isongo/Masindi,"Plot 157, Lane 12, Kenyatta"
1397,Wangeci Oduya Nanjala,73841910,078408014,wangeci.nanjala@gmail.com,1992-04-25,Male,Kakamega,Ikolomani,Idakho East,"House 113, Kenyatta Drive, Thika Superhighway"
1398,Wanyonyi Kiprop Owuor,34216590,073997032,wanyonyi.owuor@gmail.com,1993-02-20,Female,Mombasa,Jomvu,Miritini,"Plot 439, Lane 6, Kilimani"
1399,Musyoka Kioko,31356343,071653069,musyoka.kioko@yahoo.com,1985-06-04,Female,Meru,South Imenti,Nkuene,"House 289, Argwings Kodhek Road, Outering"
1400,Daniel Awuor,36235070,073397577,daniel.awuor@yahoo.com,1971-10-15,Female,Nairobi,Westlands,Kangemi,"Plot 95, Lane 9, Karen"
1401,Cherotich Micah Kipkemoi,42093745,079872527,cherotich.kipkemoi@gmail.com,1996-02-06,Female,Nakuru,Subukia,Kabazi,"Plot 26, Lane 4, Westlands"
1402,Isaac Mogaka,57894141,071546932,isaac.mogaka@gmail.com,1954-02-18,Male,Nairobi,Dagoretti South,Riruta,"Plot 385, Lane 15, Kitisuru"
1403,Silas Brian Rono,42098856,079916555,silas.rono@hotmail.com,1986-09-09,Female,Nyeri,Othaya,Mahiga,"House 411, Kasarani Road, Jogoo"
1404,Mutheu Olela,17075698,072499140,mutheu.olela@gmail.com,1979-07-26,Male,Mombasa,Kisauni,Bamburi,"House 443, Argwings Kodhek Street, Limuru"
1405,Kevin Nabea Kiprono,31281052,073562388,kevin.kiprono@gmail.com,1965-08-28,Male,Kakamega,Mumias West,Musanda,"Plot 200, Lane 10, Kangundo"
1406,Sharon Ongeri Kinyua,74731404,071747375,sharon.kinyua@outlook.com,1994-01-23,Female,Machakos,Kathiani,Lower Kaewa/Iveti,"Plot 56, Lane 4, Westlands"
1407,Mutwiri Awino,72452939,079927272,mutwiri.awino@gmail.com,1993-01-17,Male,Kilifi,Kilifi South,Shimo la Tewa,"Plot 457, Lane 17, Lenana"
1408,Atieno Situma,50700101,073503274,atieno.situma@yahoo.com,1965-09-09,Male,Uasin Gishu,Ainabkoi,Ainabkoi/Olare,"House 268, Kilimani Drive, Juja"
1409,Gakunyi Jepkorir Mumo,72298589,075279388,gakunyi.mumo@gmail.com,1951-01-24,Male,Nairobi,Kibra,Makina,"Plot 163, Lane 18, Ngong"
1410,Nasimiyu Mitei,31168076,011691805,nasimiyu.mitei@outlook.com,1962-01-07,Female,Kakamega,Khwisero,Kisa North,"House 79, Tom Mboya Avenue, Langata"
1411,Caroline Ombati,41424136,077326645,caroline.ombati@hotmail.com,1995-10-26,Male,Nairobi,Dagoretti South,Waithaka,"Plot 159, Lane 2, Ruaraka"
1412,Benjamin Chepkirui,19576043,078109107,benjamin.chepkirui@gmail.com,2006-04-26,Female,Mombasa,Changamwe,Airport,"Plot 52, Lane 5, Kitisuru"
1413,Wamalwa Mwangi,72169894,076745918,wamalwa.mwangi@yahoo.com,1970-02-10,Female,Uasin Gishu,Soy,Moi's Bridge,"Plot 429, Lane 5, Langata"
1414,Gitonga Kipchumba,89868447,076431502,gitonga.kipchumba@gmail.com,1978-12-06,Female,Trans Nzoia,Kwanza,Kwanza,"Plot 326, Lane 11, Kenyatta"
1415,Grace Namukhula,76805175,071984855,grace.namukhula@yahoo.com,1984-01-13,Female,Nairobi,Dagoretti North,Kawangware,"House 55, Mugumo Drive, Moi Avenue"
1416,Ongeri Wambui,61901085,076510420,ongeri.wambui@hotmail.com,1971-10-13,Female,Nairobi,Dagoretti North,Kileleshwa,"House 465, Waiyaki Road, Westlands"
1417,Onsongo Mwinyi,94997392,077216665,onsongo.mwinyi@gmail.com,1988-12-19,Male,Kiambu,Kikuyu,Kikuyu,"Plot 395, Lane 6, Athi River"
1418,Mumo Njeri Musalia,30847169,010204988,mumo.musalia@outlook.com,1988-10-10,Male,Nakuru,Rongai,Solai,"Plot 111, Lane 8, Kikuyu"
1419,Wairimu Kivuva,92509986,078100759,wairimu.kivuva@gmail.com,1993-11-13,Male,Nairobi,Kibra,Laini Saba,"House 247, Lenana Road, Athi River"
1420,Joshua Alexander Mwirigi,55349245,070704876,joshua.mwirigi@outlook.com,1998-08-21,Male,Nakuru,Kuresoi North,Kamara,"House 447, Thika Road, Ruiru"
1421,Samuel Rotich,29600614,077774488,samuel.rotich@gmail.com,1985-11-17,Female,Kiambu,Kikuyu,Kikuyu,"Plot 415, Lane 8, River Road"
1422,Martin Wanjala,27988956,079331463,martin.wanjala@gmail.com,2005-05-24,Male,Kakamega,Mumias East,Malaha/Isongo/Masindi,"Plot 376, Lane 17, Outering"
1423,Gladys Sophia Kiprono,89112811,077940042,gladys.kiprono@outlook.com,1970-10-15,Female,Trans Nzoia,Cherangany,Cherangany/Suwerwa,"House 96, Kasarani Avenue, Kikuyu"
1424,Diana Muema,47549488,075318882,diana.muema@yahoo.com,1954-06-15,Male,Meru,South Imenti,Abogeta West,"Plot 381, Lane 6, Thika"
1425,Janet Onsongo,39285788,071284246,janet.onsongo@outlook.com,1991-12-27,Male,Mombasa,Changamwe,Changamwe,"House 378, Langata Road, Kileleshwa"
1426,Naserian Amos Kiprop,83502838,077173312,naserian.kiprop@gmail.com,1997-11-20,Female,Kiambu,Kabete,Gitaru,"House 402, Kilimani Street, Argwings Kodhek"
1427,Rweria Kihumba,73366381,077446569,rweria.kihumba@gmail.com,1994-03-02,Female,Machakos,Masinga,Ekalakala,"House 193, Lavington Road, Tom Mboya"
1428,Mark Olela,82736442,075427340,mark.olela@hotmail.com,1997-03-04,Female,Mombasa,Nyali,Frere Town,"Plot 128, Lane 12, Likoni"
1429,Habakkuk Nasimiyu,46365564,074308483,habakkuk.nasimiyu@gmail.com,1976-06-27,Female,Machakos,Masinga,Muthesya,"House 63, Kangundo Avenue, Mombasa Road"
1430,Robert Judy Wandera,60968569,076158483,robert.wandera@gmail.com,2003-06-01,Female,Mombasa,Nyali,Kongowea,"Plot 480, Lane 12, Lavington"
1431,Simiyu Koross,18604884,072805154,simiyu.koross@gmail.com,1991-04-19,Female,Kakamega,Butere,Marama Central,"Plot 26, Lane 3, Tom Mboya"
1432,Chepkorir Kamau Githua,23062971,078177602,chepkorir.githua@gmail.com,1983-01-04,Female,Mombasa,Likoni,Likoni,"Plot 384, Lane 14, Kiambu Road"
1433,Oduya Langat,71859648,074697014,oduya.langat@gmail.com,1983-12-16,Male,Machakos,Masinga,Masinga Central,"Plot 316, Lane 16, Ngong Road"
1434,Veronica Githua,43800407,078826903,veronica.githua@gmail.com,1987-12-07,Male,Nakuru,Rongai,Visoi,"Plot 104, Lane 1, Ngong"
1435,Kimeu Langat,98519805,072210868,kimeu.langat@outlook.com,1993-09-18,Female,Bomet,Bomet Central,Singorwet,"Plot 30, Lane 3, Argwings Kodhek"
1436,Isaiah Naipanoi Nyambane,21647236,072455953,isaiah.nyambane@outlook.com,1977-12-25,Female,Machakos,Kathiani,Mitaboni,"House 189, Kitisuru Street, Uhuru"
1437,Muriuki Kiprop,14492483,011816911,muriuki.kiprop@yahoo.com,1991-02-24,Female,Bungoma,Sirisia,Lwandanyi,"Plot 462, Lane 9, Kilimani"
1438,Benjamin Simon Rotich,58269850,071983473,benjamin.rotich@hotmail.com,1967-09-16,Female,Meru,Central Imenti,Mwangathia,"House 321, Argwings Kodhek Drive, Outering"
1439,Kemunto Kenei,57560131,071121759,kemunto.kenei@yahoo.com,1992-12-07,Male,Bomet,Bomet Central,Mutarakwa,"House 267, River Road Avenue, River Road"
1440,Catherine Wekesa Mwikali,39924542,073453694,catherine.mwikali@gmail.com,1982-08-14,Male,Nairobi,Kasarani,Kamulu,"Plot 16, Lane 19, Westlands"
1441,Martha Nduku Waithera,54999380,074761674,martha.waithera@gmail.com,2004-12-08,Female,Turkana,Turkana North,Lapurr,"Plot 321, Lane 10, Outering"
1442,Kaimenyi Opiyo,75890329,011360309,kaimenyi.opiyo@gmail.com,1998-03-10,Female,Nairobi,Kasarani,Njiru,"House 294, Ruiru Drive, Outering"
1443,Charity Nganga,55242772,070867599,charity.nganga@hotmail.com,1972-02-08,Male,Nairobi,Kasarani,Clay City,"Plot 419, Lane 14, Tom Mboya"
1444,Syokau Munyao,70204171,077201218,syokau.munyao@yahoo.com,1952-02-19,Male,Uasin Gishu,Turbo,Huruma,"House 195, Parklands Drive, Ruaraka"
1445,Gichuru Okello,76703346,078768075,gichuru.okello@outlook.com,1992-05-14,Male,Trans Nzoia,Saboti,Machewa,"House 338, Waiyaki Drive, Parklands"
1446,Mutheu Joel Ongeri,81309530,075924317,mutheu.ongeri@hotmail.com,1992-07-11,Male,Kiambu,Lari,Kijabe,"Plot 148, Lane 17, Likoni"
1447,Kamau John Lenguro,59642867,011778289,kamau.lenguro@yahoo.com,1986-10-05,Female,Machakos,Masinga,Muthesya,"House 414, Kikuyu Drive, Kiambu"
1448,Harun Mitei,90237609,079978644,harun.mitei@gmail.com,1974-11-08,Male,Bungoma,Bumula,Bumula,"Plot 371, Lane 15, Ngong"
1449,Kaloki Joy Lubanga,14985525,077947531,kaloki.lubanga@outlook.com,1985-10-08,Female,Mombasa,Nyali,Ziwa la Ng'ombe,"Plot 59, Lane 17, Thika"
1450,Kipkorir Mwikali,68239787,072660575,kipkorir.mwikali@gmail.com,1999-08-24,Male,Turkana,Turkana South,Kalamon,"House 360, Juja Road, Langata"
1451,Rimberia Njuguna,31183862,074247100,rimberia.njuguna@gmail.com,1998-03-09,Female,Turkana,Turkana East,Lokichar,"Plot 200, Lane 17, Ngong"
1452,Kilonzo Koech,73860744,011254584,kilonzo.koech@outlook.com,1977-01-01,Female,Mombasa,Likoni,Bofu,"House 332, Langata Avenue, Outering"
1453,Esther Wanjala,60292368,074336642,esther.wanjala@outlook.com,1960-07-27,Male,Nakuru,Subukia,Waseges,"Plot 250, Lane 19, Kilimani"
1454,Chepngeno Mulwa,18037525,077983290,chepngeno.mulwa@gmail.com,2003-08-25,Male,Trans Nzoia,Kiminini,Nabiswa,"Plot 355, Lane 11, Kasarani"
1455,Eunice Bett,92916784,010184806,eunice.bett@hotmail.com,1998-06-19,Male,Kiambu,Lari,Kijabe,"Plot 132, Lane 14, Kenyatta"
1456,Munyao Okello Kinyua,52524395,076712157,munyao.kinyua@gmail.com,1968-06-24,Male,Machakos,Matungulu,Matungulu West,"House 7, Lenana Street, Westlands"
1457,Mwirigi Erick Kipkemboi,79718531,079731763,mwirigi.kipkemboi@outlook.com,1965-09-19,Male,Bomet,Chepalungu,Kongasis,"Plot 147, Lane 5, Garden Estate"
1458,Gakii Bett,19121702,078385025,gakii.bett@gmail.com,2005-09-27,Female,Kakamega,Butere,Marama South,"Plot 464, Lane 2, Kikuyu"
1459,Naserian Mukhwana,24504338,075111023,naserian.mukhwana@hotmail.com,2002-11-25,Male,Meru,North Imenti,Mweronkanga,"Plot 322, Lane 13, River Road"
1460,Naliaka Kinya Keter,40299882,077259346,naliaka.keter@hotmail.com,1954-04-11,Male,Nyeri,Tetu,Dedan Kimathi,"Plot 304, Lane 5, Kitisuru"
1461,Edward Mulandi,41481296,077571878,edward.mulandi@gmail.com,1978-04-28,Female,Bungoma,Mt. Elgon,Elgon,"House 51, Kasarani Avenue, Moi Avenue"
1462,Eunice Sharon Nabea,14573121,011790379,eunice.nabea@hotmail.com,1951-01-23,Female,Nakuru,Naivasha,Maiella,"Plot 279, Lane 16, Karen"
1463,Stephen Mcharo,95174825,011980857,stephen.mcharo@gmail.com,1986-02-20,Male,Machakos,Kathiani,Upper Kaewa/Iveti,"Plot 48, Lane 14, Athi River"
1464,Rebecca Keter,57270850,079728649,rebecca.keter@gmail.com,1968-03-08,Female,Trans Nzoia,Cherangany,Sitatunga,"Plot 95, Lane 9, Kikuyu"
1465,Ojwang Kasina Mwakisha,20365975,010306542,ojwang.mwakisha@gmail.com,1991-08-01,Male,Kiambu,Lari,Nyanduma,"Plot 153, Lane 19, Ngong"
1466,Zechariah Mukhwana,26122249,073765415,zechariah.mukhwana@outlook.com,1991-08-10,Female,Nairobi,Lang'ata,Mugumu-ini,"House 15, Juja Street, Jogoo"
1467,Kipkoech Nahum Kipchirchir,15043991,079431619,kipkoech.kipchirchir@gmail.com,1989-11-05,Female,Nakuru,Kuresoi North,Nyota,"Plot 122, Lane 9, Uhuru"
1468,Musyoka Rebecca Njoroge,61159757,079200272,musyoka.njoroge@gmail.com,1953-11-10,Female,Turkana,Turkana Central,Lodwar Township,"Plot 244, Lane 17, Ngong"
1469,Senteu Joshua Koech,23238967,074710711,senteu.koech@hotmail.com,1970-04-18,Male,Mombasa,Jomvu,Miritini,"Plot 447, Lane 20, Lavington"
1470,Robert Maina,61696348,074362921,robert.maina@gmail.com,1993-07-22,Male,Nairobi,Dagoretti South,Mutuini,"House 43, Kilimani Drive, Outering"
1471,Gakii Kevin Auma,16018949,075713561,gakii.auma@gmail.com,1977-06-27,Male,Nairobi,Lang'ata,Mugumu-ini,"House 27, Kenyatta Avenue, Karen"
1472,Gathoni Bett,71524281,072589739,gathoni.bett@gmail.com,2003-05-21,Male,Machakos,Machakos Town,Mutituni,"Plot 406, Lane 20, Parklands"
1473,Jebiwott Awuor,37332854,075992271,jebiwott.awuor@gmail.com,1956-11-20,Male,Nakuru,Subukia,Waseges,"Plot 290, Lane 11, Garden Estate"
1474,Ndunge Joel Marete,64739517,076463915,ndunge.marete@outlook.com,1996-01-03,Female,Kiambu,Kabete,Gitaru,"House 330, Moi Avenue Drive, Langata"
1475,Chepkorir Mworoa Jebet,38874287,070753532,chepkorir.jebet@hotmail.com,1978-06-06,Male,Bomet,Bomet East,Merigi,"House 349, Ruaraka Drive, Ngong"
1476,Syokau Wafula Njoroge,28774471,073710405,syokau.njoroge@gmail.com,1977-07-20,Male,Mombasa,Jomvu,Jomvu Kuu,"House 182, Kiambu Road, Garden Estate"
1477,Kinya Patrick Kipkoech,75565298,078561992,kinya.kipkoech@gmail.com,1968-02-22,Male,Nairobi,Dagoretti South,Waithaka,"Plot 92, Lane 10, Karen"
1478,Charity Janet Munyao,43197634,072309980,charity.munyao@outlook.com,1994-06-05,Male,Mombasa,Likoni,Likoni,"Plot 323, Lane 6, Limuru"
1479,Kimeu Mwangolo,24527093,079777463,kimeu.mwangolo@gmail.com,1973-09-27,Female,Trans Nzoia,Kiminini,Waitaluk,"Plot 89, Lane 3, Ruiru"
1480,Kipsang Judy Ombati,89609762,079521352,kipsang.ombati@gmail.com,1981-09-12,Male,Kilifi,Magarini,Sabaki,"Plot 36, Lane 6, Karen"
1481,Charity Anyango Cherono,98988209,070314860,charity.cherono@yahoo.com,1982-08-11,Male,Kisumu,Kisumu East,Manyatta 'B',"Plot 313, Lane 7, Tom Mboya"
1482,Mugo Wairimu Mutisya,93828732,078212707,mugo.mutisya@yahoo.com,1960-10-28,Female,Nyeri,Nyeri Town,Ruring'u,"House 409, Kiambu Road Road, Ruiru"
1483,Kagendo Wanjohi,33053150,011531941,kagendo.wanjohi@gmail.com,1998-12-08,Female,Machakos,Kangundo,Kangundo Central,"Plot 109, Lane 13, Ngong Road"
1484,Martin Ogero,12571720,079202652,martin.ogero@yahoo.com,1969-05-26,Female,Turkana,Loima,Lokiriama/Lorengippi,"Plot 453, Lane 18, Kenyatta"
1485,Syokau Omondi Wekesa,28156328,010986658,syokau.wekesa@gmail.com,1991-08-01,Female,Kisumu,Kisumu East,Manyatta 'B',"Plot 391, Lane 12, Athi River"
1486,Peace Chepkirui,65796147,074566657,peace.chepkirui@outlook.com,1952-04-03,Male,Trans Nzoia,Saboti,Kinyoro,"House 117, Likoni Avenue, Outering"
1487,Deborah Chepkirui,36304716,011497581,deborah.chepkirui@gmail.com,1996-07-23,Male,Kiambu,Kiambu,Riabai,"Plot 95, Lane 5, Limuru"
1488,John Kerubo Rimberia,56509909,072225079,john.rimberia@yahoo.com,2003-07-10,Female,Nairobi,Lang'ata,Mugumu-ini,"House 101, Parklands Road, Kiambu"
1489,Kioko Mukhwana Koross,43915764,071117318,kioko.koross@yahoo.com,2004-11-13,Male,Kiambu,Limuru,Ndeiya,"Plot 478, Lane 3, Athi River"
1490,Kevin Sigei,36103070,070926219,kevin.sigei@gmail.com,1985-08-20,Male,Bungoma,Kabuchai,Kabuchai/Chwele,"House 88, Juja Drive, Mugumo"
1491,Munyao David Mwirigi,30164072,076130669,munyao.mwirigi@outlook.com,1971-03-17,Male,Mombasa,Kisauni,Mtopanga,"Plot 399, Lane 1, Waiyaki"
1492,Mwangi Kerubo Awuor,48333001,011884796,mwangi.awuor@hotmail.com,1989-12-03,Female,Nairobi,Westlands,Parklands,"House 13, Kangundo Street, Karen"
1493,Kerubo Awiti,92850903,010476831,kerubo.awiti@gmail.com,1999-11-25,Male,Turkana,Turkana South,Kalamon,"House 278, Kangundo Drive, Moi Avenue"
1494,Nanjala Mutwiri Kipchumba,78313344,076455265,nanjala.kipchumba@gmail.com,2001-03-27,Female,Nairobi,Kibra,Laini Saba,"Plot 326, Lane 19, Garden Estate"
1495,Masinde Olela,94956292,077719584,masinde.olela@gmail.com,1951-06-01,Male,Turkana,Turkana Central,Kanamkemer,"Plot 445, Lane 8, Kilimani"
1496,Mukami Mugo,80629700,011446496,mukami.mugo@hotmail.com,2002-11-14,Male,Kiambu,Ruiru,Gatong'ora,"House 8, Ngong Avenue, Ruaraka"
1497,Rebecca Mwendwa,80650431,075187734,rebecca.mwendwa@outlook.com,1990-02-26,Male,Nairobi,Dagoretti South,Riruta,"Plot 422, Lane 16, Likoni"
1498,Adhiambo Mugo Githua,27668895,073903108,adhiambo.githua@outlook.com,1986-10-13,Male,Mombasa,Likoni,Tsimba,"Plot 402, Lane 2, Kileleshwa"
1499,Brenda Kimutai,46863203,077637483,brenda.kimutai@outlook.com,1999-09-03,Female,Nyeri,Kieni,Thegu,"House 256, Langata Drive, Waiyaki"
1500,Okello Habakkuk Mohamed,33179292,074759627,okello.mohamed@hotmail.com,2000-12-08,Male,Nairobi,Dagoretti South,Riruta,"House 273, Tom Mboya Avenue, Athi River"
1501,Kanana Mwaura,21984212,010190858,kanana.mwaura@gmail.com,1997-07-28,Male,Kakamega,Ikolomani,Idakho South,"House 199, Tom Mboya Drive, Kileleshwa"
1502,Rimberia Nafula,17482979,075487850,rimberia.nafula@gmail.com,1963-08-06,Male,Nairobi,Dagoretti North,Kileleshwa,"Plot 79, Lane 19, River Road"
1503,Malachi Rose Chepngeno,28008622,071831440,malachi.chepngeno@yahoo.com,1986-04-27,Female,Nakuru,Kuresoi South,Amalo,"House 21, Waiyaki Avenue, Kangundo"
1504,Teresa Katua,25049281,071962118,teresa.katua@gmail.com,2001-02-17,Female,Machakos,Machakos Town,Mua,"Plot 392, Lane 14, Ngong"
1505,Cynthia Otieno Kangogo,79218993,076168766,cynthia.kangogo@yahoo.com,1982-11-17,Female,Meru,Tigania West,Athwana,"House 144, Kenyatta Street, Karen"
1506,Otieno Ronald Simiyu,56264215,078424300,otieno.simiyu@outlook.com,1976-11-27,Male,Nairobi,Dagoretti South,Mutuini,"House 171, Ngong Road Street, Uhuru"
1507,Wamalwa Gitonga,80019294,076379678,wamalwa.gitonga@yahoo.com,1975-07-19,Male,Trans Nzoia,Kiminini,Hospital,"House 200, Likoni Drive, Ngong"
1508,Naliaka David Mwinyi,31992370,011566254,naliaka.mwinyi@outlook.com,1977-09-26,Female,Turkana,Turkana Central,Kalokol,"Plot 221, Lane 10, Kiambu Road"
1509,Awiti Kiprotich,12946241,071352455,awiti.kiprotich@gmail.com,1983-09-28,Female,Nakuru,Naivasha,Hells Gate,"House 480, Kasarani Road, Westlands"
1510,Otieno Ogero,11544791,073420663,otieno.ogero@gmail.com,1985-09-10,Male,Kilifi,Kilifi South,Mwarakaya,"House 444, Westlands Avenue, Lavington"
1511,Jane Sarah Ndegwa,25851419,071888900,jane.ndegwa@gmail.com,1969-12-06,Female,Nakuru,Molo,Elburgon,"House 372, Westlands Road, Kilimani"
1512,Nyambane Njuguna,60247355,011570627,nyambane.njuguna@hotmail.com,1978-03-01,Female,Kiambu,Limuru,Ndeiya,"House 422, Kasarani Street, Kikuyu"
1513,Kipkemboi Oduya,74642957,075540867,kipkemboi.oduya@gmail.com,1970-07-13,Male,Nyeri,Mathira,Magutu,"House 60, Kikuyu Avenue, Jogoo"
1514,Thomas Nganga,88084025,072390495,thomas.nganga@gmail.com,1971-09-22,Female,Nairobi,Kasarani,Ruai,"Plot 47, Lane 5, Lenana"
1515,Beatrice Anna Kilonzo,36419131,079567426,beatrice.kilonzo@yahoo.com,2005-01-07,Female,Nairobi,Kibra,Woodley,"House 250, Kikuyu Drive, Ruaraka"
1516,Chepkirui Gakii Ndegwa,64621853,075197143,chepkirui.ndegwa@yahoo.com,1979-02-12,Male,Kiambu,Ruiru,Gatong'ora,"House 347, Mombasa Road Street, Westlands"
1517,Rachel Samuel Ondieki,59605793,011272972,rachel.ondieki@gmail.com,1993-05-13,Male,Bomet,Bomet East,Longisa,"Plot 368, Lane 15, Lenana"
1518,Chepkirui Kagwe,90632613,078153996,chepkirui.kagwe@gmail.com,1974-08-22,Male,Nakuru,Kuresoi North,Sirikwa,"Plot 127, Lane 7, Ruaraka"
1519,Emily Irene Mukhwana,76739837,073244922,emily.mukhwana@yahoo.com,1993-09-09,Male,Bungoma,Webuye West,Matulo,"House 462, Kangundo Drive, Kileleshwa"
1520,Adhiambo Collins Kioko,49059332,076855497,adhiambo.kioko@hotmail.com,1981-10-19,Male,Kisumu,Kisumu West,North Kisumu,"House 200, Jogoo Street, Waiyaki"
1521,Kiprop Auma Wairimu,55799693,010201026,kiprop.wairimu@hotmail.com,1976-02-07,Male,Kakamega,Butere,Marama West,"Plot 431, Lane 13, Mombasa Road"
1522,Gathoni Isaac Ombati,78380880,011400872,gathoni.ombati@gmail.com,2001-09-10,Female,Kakamega,Matungu,Koyonzo,"Plot 72, Lane 8, Karen"
1523,Jane Kanampiu Mwirigi,37653315,071242806,jane.mwirigi@yahoo.com,1956-06-17,Female,Mombasa,Likoni,Shika Adabu,"Plot 11, Lane 4, Karen"
1524,Faith Mitei,68802124,071208111,faith.mitei@gmail.com,2001-12-14,Female,Kilifi,Magarini,Adu,"Plot 345, Lane 10, Ruiru"
1525,Muthoka Koech,56299841,078846602,muthoka.koech@gmail.com,1990-12-26,Male,Mombasa,Changamwe,Chaani,"Plot 311, Lane 10, Westlands"
1526,Mercy Leshan,10354523,011869591,mercy.leshan@yahoo.com,2001-11-21,Female,Kilifi,Kilifi South,Mwarakaya,"Plot 74, Lane 11, Likoni"
1527,Jebet Cecilia Otula,88710290,073703834,jebet.otula@outlook.com,1992-09-19,Male,Kisumu,Kisumu Central,Nyalenda 'B',"Plot 435, Lane 1, Westlands"
1528,Zephaniah Muthuri,77465708,075584492,zephaniah.muthuri@outlook.com,1961-04-04,Female,Kakamega,Matungu,Khalaba,"Plot 353, Lane 11, Kiambu"
1529,Mark Moses Marete,63223998,011766347,mark.marete@hotmail.com,1965-10-28,Female,Bomet,Bomet East,Kembu,"Plot 5, Lane 1, Waiyaki"
1530,Momanyi Kipsang Mokua,96194417,011248148,momanyi.mokua@hotmail.com,1987-06-02,Male,Nairobi,Dagoretti South,Mutuini,"Plot 208, Lane 18, Ruaraka"
1531,Ombati Mutheu Mitei,50450560,078797002,ombati.mitei@yahoo.com,1980-10-21,Female,Machakos,Mavoko,Athi River,"Plot 325, Lane 17, Argwings Kodhek"
1532,Adhiambo Mwangolo,47697940,074368562,adhiambo.mwangolo@gmail.com,1961-02-22,Female,Kiambu,Lari,Kinale,"House 188, Moi Avenue Avenue, Outering"
1533,Wachira Matthew Ndegwa,35849313,076146370,wachira.ndegwa@gmail.com,1988-08-03,Female,Kiambu,Lari,Kijabe,"Plot 274, Lane 13, Lavington"
1534,Eunice Syombua Kiarie,83907211,079235961,eunice.kiarie@hotmail.com,2003-06-17,Female,Kakamega,Matungu,Khalaba,"Plot 12, Lane 11, Moi Avenue"
1535,Mary Mark Mwakisha,47549647,010817307,mary.mwakisha@gmail.com,2004-10-25,Female,Kisumu,Kisumu West,North Kisumu,"Plot 397, Lane 1, Thika Superhighway"
1536,Muthaa Mworoa,42211908,071737504,muthaa.mworoa@outlook.com,1967-03-15,Male,Kilifi,Magarini,Adu,"Plot 148, Lane 19, Karen"
1537,Mutua Kinyua,75959809,073557969,mutua.kinyua@gmail.com,1986-05-04,Male,Mombasa,Likoni,Mtongwe,"Plot 328, Lane 1, Jogoo"
1538,Kipngetich Awino Gichuki,87876113,072588710,kipngetich.gichuki@outlook.com,1959-04-21,Male,Kakamega,Shinyalu,Isukha Central,"Plot 39, Lane 10, Tom Mboya"
1539,Khaemba Mwangi Keter,78572190,011335121,khaemba.keter@gmail.com,1969-12-13,Female,Nakuru,Nakuru Town West,Rhoda,"House 326, Kangundo Drive, Kasarani"
1540,Robert Silas Ndunda,66937686,075980671,robert.ndunda@yahoo.com,2001-10-15,Female,Mombasa,Nyali,Ziwa la Ng'ombe,"House 21, Outering Avenue, Kitisuru"
1541,Jonah Mbaka,55342937,077154732,jonah.mbaka@gmail.com,1978-06-09,Female,Kilifi,Kilifi North,Watamu,"House 42, Lenana Street, Kiambu"
1542,Benjamin Ngeno,17403416,078648009,benjamin.ngeno@yahoo.com,1987-08-20,Female,Meru,Igembe Central,Akachiu,"House 97, Likoni Road, Thika"
1543,Erick Olela,49345327,079654100,erick.olela@yahoo.com,1966-05-07,Male,Kakamega,Lugari,Manda/Shivanga,"House 214, Kenyatta Drive, Kileleshwa"
1544,Allan Awino Githinji,78559883,077224538,allan.githinji@gmail.com,2005-12-20,Female,Kisumu,Nyando,Awasi/Onjiko,"Plot 415, Lane 17, Kangundo"
1545,Okoth Mokua,44462133,071392369,okoth.mokua@gmail.com,1962-06-03,Female,Kilifi,Kilifi South,Mwarakaya,"Plot 187, Lane 14, Ngong Road"
1546,Joy Rweria Maina,45152963,073441390,joy.maina@gmail.com,1989-01-03,Female,Turkana,Turkana North,Kaikor,"Plot 204, Lane 1, Langata"
1547,Gitobu Katua,52459428,073462912,gitobu.katua@hotmail.com,1984-04-12,Female,Meru,Igembe Central,Kiegoi,"Plot 107, Lane 20, Tom Mboya"
1548,Aaron Wanyonyi Salim,87290551,011265917,aaron.salim@yahoo.com,2000-02-13,Female,Nyeri,Kieni,Thegu,"House 419, Kiambu Drive, Moi Avenue"
1549,Kamau Ombati Gichuru,81404599,071637223,kamau.gichuru@gmail.com,1976-03-09,Male,Nakuru,Molo,Molo,"Plot 231, Lane 19, Ruaraka"
1550,Nicholas Jebiwott Simiyu,82935310,077854483,nicholas.simiyu@gmail.com,1984-11-01,Male,Bungoma,Mt. Elgon,Elgon,"House 137, Kenyatta Drive, Kileleshwa"
1551,Ezekiel Agnes Mwangi,96244314,074775133,ezekiel.mwangi@hotmail.com,1991-11-21,Male,Kakamega,Matungu,Kholera,"Plot 464, Lane 5, Karen"
1552,Ann Koech,47248849,074588213,ann.koech@gmail.com,1996-04-09,Female,Kiambu,Kiambu,Riabai,"House 342, Athi River Drive, Waiyaki"
1553,Wairimu Osebe,91023692,077606275,wairimu.osebe@gmail.com,1971-12-18,Female,Bungoma,Webuye East,Maraka,"Plot 467, Lane 6, Kitisuru"
1554,Kipsang Nabwire,88445646,072550521,kipsang.nabwire@gmail.com,1993-11-22,Female,Kiambu,Githunguri,Ngewa,"Plot 373, Lane 18, Thika"
1555,Nduku Kanana Kimutai,75916227,079185982,nduku.kimutai@gmail.com,1973-10-05,Male,Uasin Gishu,Kapseret,Simat/Kapseret,"Plot 45, Lane 6, Kiambu Road"
1556,Wairimu Muthoni Koross,11684313,073604543,wairimu.koross@outlook.com,1992-06-02,Male,Trans Nzoia,Cherangany,Kaplamai,"Plot 196, Lane 17, Mombasa Road"
1557,Rimberia Catherine Kibathi,24761278,075711013,rimberia.kibathi@hotmail.com,1986-09-24,Female,Mombasa,Nyali,Ziwa la Ng'ombe,"Plot 387, Lane 11, Kitisuru"
1558,Awiti Kivuva,68964116,010786842,awiti.kivuva@gmail.com,2006-10-26,Female,Nairobi,Kasarani,Kamulu,"Plot 188, Lane 13, Langata"
1559,Nekesa Mwakisha,99484103,073668297,nekesa.mwakisha@gmail.com,1974-05-05,Male,Nyeri,Tetu,Wamagana,"House 318, Thika Superhighway Avenue, Outering"
1560,Adoyo Ojwang,45414811,070901649,adoyo.ojwang@outlook.com,1977-01-04,Male,Kilifi,Kilifi North,Dabaso,"Plot 85, Lane 9, Garden Estate"
1561,Gakunyi Kinyua Wanyonyi,96095674,073382820,gakunyi.wanyonyi@gmail.com,1975-10-07,Female,Nairobi,Dagoretti South,Waithaka,"Plot 269, Lane 3, Kilimani"
1562,Wambui Mulandi,41897383,011150525,wambui.mulandi@gmail.com,2005-10-19,Female,Nairobi,Lang'ata,Mugumu-ini,"Plot 60, Lane 15, Thika Superhighway"
1563,Jonah Nasimiyu,57495176,011474730,jonah.nasimiyu@outlook.com,1987-09-12,Male,Nyeri,Nyeri Town,Rware,"House 132, Tom Mboya Street, Ngong Road"
1564,Kimeu Emily Njoroge,26195804,077874459,kimeu.njoroge@gmail.com,1994-06-11,Male,Trans Nzoia,Cherangany,Sitatunga,"House 85, Parklands Drive, Ruiru"
1565,Esther Judith Chepkwony,52354648,077196954,esther.chepkwony@gmail.com,1999-09-10,Male,Bungoma,Kimilili,Maeni,"Plot 33, Lane 20, River Road"
1566,Ruth Simiyu,92546596,077956360,ruth.simiyu@outlook.com,1961-10-26,Female,Trans Nzoia,Kwanza,Bidii,"Plot 381, Lane 12, Tom Mboya"
1567,Kagwiria Jepkorir,73457995,077677411,kagwiria.jepkorir@gmail.com,1983-10-14,Male,Meru,Igembe South,Mau/Antuamburi,"Plot 236, Lane 14, Kiambu"
1568,Florence Mutwiri Kiarie,28327026,077986319,florence.kiarie@hotmail.com,2006-09-05,Male,Kiambu,Kabete,Muguga,"Plot 86, Lane 8, Kilimani"
1569,Nahum Rachel Okello,33851205,011682534,nahum.okello@hotmail.com,1991-09-09,Female,Kisumu,Nyakach,North Nyakach,"Plot 148, Lane 4, Tom Mboya"
1570,Naliaka Kasina,84099045,011919420,naliaka.kasina@yahoo.com,1971-03-28,Male,Turkana,Turkana East,Lokori/Kochodin,"House 135, Ngong Road Road, Ruaraka"
1571,Diana Kasina,88103477,011845900,diana.kasina@gmail.com,1983-02-04,Female,Mombasa,Mvita,Tudor,"House 157, Lavington Drive, Langata"
1572,Eunice Kimeu Cheruiyot,98861366,011301971,eunice.cheruiyot@outlook.com,1980-02-26,Male,Uasin Gishu,Kapseret,Langas,"Plot 34, Lane 5, Westlands"
1573,Kinyua Mukhwana Gacheru,14145039,010903188,kinyua.gacheru@gmail.com,2004-03-21,Male,Trans Nzoia,Saboti,Machewa,"Plot 461, Lane 13, Tom Mboya"
1574,Syokau Brenda Opiyo,82987126,078123300,syokau.opiyo@gmail.com,1972-12-23,Female,Kakamega,Ikolomani,Idakho Central,"Plot 160, Lane 12, Kiambu Road"
1575,Alexander Wambui,45616644,010945565,alexander.wambui@gmail.com,1962-03-05,Male,Kiambu,Kabete,Nyathuna,"Plot 143, Lane 10, Mombasa Road"
1576,Muriuki Omondi Wamuyu,74377393,071330075,muriuki.wamuyu@gmail.com,1971-09-05,Male,Kakamega,Butere,Marama South,"House 109, Ruiru Avenue, Thika"
1577,Kebaso Bett,38703415,074519780,kebaso.bett@yahoo.com,1997-06-07,Male,Kisumu,Nyakach,South West Nyakach,"Plot 478, Lane 19, Garden Estate"
1578,Ojwang Harun Nekesa,77407734,075514480,ojwang.nekesa@outlook.com,1965-08-23,Male,Bungoma,Kabuchai,Mukuyuni,"House 118, Kikuyu Road, Waiyaki"
1579,Grace Kamau Kipkorir,21980102,072787278,grace.kipkorir@gmail.com,1999-11-26,Female,Kisumu,Nyando,Kabonyo/Kanyagwal,"Plot 105, Lane 2, Kileleshwa"
1580,Anna Muthama,16124081,011957119,anna.muthama@yahoo.com,1958-09-06,Female,Kisumu,Seme,North Seme,"House 31, Juja Road, Mombasa Road"
1581,Hannah Kipsang,16952045,071269653,hannah.kipsang@gmail.com,2006-07-24,Male,Kiambu,Limuru,Limuru Central,"Plot 219, Lane 11, Kilimani"
1582,Nicholas Kipkirui,31840594,071515916,nicholas.kipkirui@outlook.com,1981-09-27,Female,Nakuru,Kuresoi North,Sirikwa,"House 199, Mugumo Avenue, Kiambu"
1583,Miriam Matoke,11951278,071132654,miriam.matoke@gmail.com,1998-12-06,Female,Kisumu,Kisumu Central,Shauri Moyo,"Plot 161, Lane 7, Lavington"
1584,Rweria Catherine Kivuva,86520791,079337809,rweria.kivuva@yahoo.com,1990-09-28,Male,Nairobi,Dagoretti South,Waithaka,"House 179, Lenana Road, Kileleshwa"
1585,Awino Kipkoech,63765189,079717384,awino.kipkoech@outlook.com,1990-11-07,Female,Mombasa,Likoni,Mtongwe,"Plot 284, Lane 1, River Road"
1586,Moses Robert Chepkirui,47334460,071554479,moses.chepkirui@gmail.com,1964-07-24,Male,Kakamega,Ikolomani,Idakho East,"Plot 351, Lane 13, Karen"
1587,Agnes Joel Muriuki,83502837,072429784,agnes.muriuki@gmail.com,1995-04-06,Male,Nakuru,Nakuru Town East,Biashara,"House 85, Parklands Street, Kitisuru"
1588,Elijah Gitobu Kanampiu,27375659,073916532,elijah.kanampiu@yahoo.com,1986-05-11,Female,Kilifi,Ganze,Bamba,"Plot 384, Lane 1, Kangundo"
1589,Margaret Githinji,61830999,079213320,margaret.githinji@yahoo.com,1979-07-13,Female,Kakamega,Mumias West,Etenje,"Plot 293, Lane 5, Kikuyu"
1590,Wanjiru Cynthia Mwinyi,53241940,076834479,wanjiru.mwinyi@hotmail.com,2000-09-10,Male,Kiambu,Ruiru,Kiuu,"House 215, Thika Superhighway Drive, Ngong"
1591,Jonathan Agnes Kenei,12827313,078907691,jonathan.kenei@outlook.com,1998-03-01,Male,Bomet,Sotik,Ndanai/Abosi,"Plot 275, Lane 16, Kangundo"
1592,Wanjiru Anyango,52982976,078959076,wanjiru.anyango@gmail.com,1954-03-08,Female,Kiambu,Ruiru,Kahawa Sukari,"Plot 71, Lane 13, Kenyatta"
1593,Victor Wekesa Mungai,78320452,076306367,victor.mungai@gmail.com,1953-11-08,Male,Kakamega,Khwisero,Kisa East,"House 177, Parklands Avenue, Kenyatta"
1594,Kimeu Hannah Nyambane,96939740,070650144,kimeu.nyambane@gmail.com,1987-04-05,Male,Meru,Igembe South,Athiru Ruujine,"Plot 127, Lane 15, Garden Estate"
1595,Jonah Nzioka,15002845,072358626,jonah.nzioka@yahoo.com,1981-05-26,Male,Machakos,Kathiani,Lower Kaewa/Iveti,"House 195, Mombasa Road Street, Athi River"
1596,Gakii Janet Mwakisha,53986248,076221468,gakii.mwakisha@hotmail.com,1994-08-05,Male,Nairobi,Lang'ata,Karen,"Plot 229, Lane 11, Ruiru"
1597,Joel Kamande,75525207,010615547,joel.kamande@yahoo.com,1981-01-08,Male,Nairobi,Dagoretti North,Gatina,"House 346, Thika Road, Langata"
1598,Marete Bosibori Anyango,69193036,011330735,marete.anyango@gmail.com,1972-12-01,Female,Bungoma,Kanduyi,East Sang'alo,"House 56, Outering Drive, Kasarani"
1599,Wachira Mwirigi Muthoka,67561766,077689083,wachira.muthoka@gmail.com,1984-04-18,Male,Nairobi,Lang'ata,Nyayo Highrise,"Plot 280, Lane 2, Kenyatta"
1600,Mutua Harun Kipkoech,40676127,070872321,mutua.kipkoech@gmail.com,1968-08-05,Female,Nakuru,Kuresoi South,Keringet,"Plot 68, Lane 16, Kitisuru"
1601,Kevin Cheruiyot,41387892,078266394,kevin.cheruiyot@gmail.com,1979-10-15,Male,Nairobi,Lang'ata,South C,"Plot 359, Lane 1, Outering"
1602,Alice Jonathan Juma,31245020,079231939,alice.juma@yahoo.com,1972-04-13,Male,Bungoma,Webuye East,Mihuu,"Plot 466, Lane 1, Kasarani"
1603,Mwende Zephaniah Owuor,21872464,079308526,mwende.owuor@gmail.com,1964-05-21,Male,Nakuru,Kuresoi North,Sirikwa,"Plot 394, Lane 16, Mombasa Road"
1604,Susan Kanampiu,45010574,072106020,susan.kanampiu@yahoo.com,1978-07-20,Female,Turkana,Turkana West,Lopur,"House 44, Juja Street, Tom Mboya"
1605,John Musyimi,84541703,071483087,john.musyimi@gmail.com,1995-07-06,Male,Kiambu,Githunguri,Githunguri,"Plot 163, Lane 17, Ngong"
1606,Mugo Kaimenyi,82592239,072624635,mugo.kaimenyi@outlook.com,1993-10-13,Male,Machakos,Masinga,Muthesya,"Plot 14, Lane 4, Karen"
1607,Wafula Salim,61109406,077690727,wafula.salim@yahoo.com,1950-05-27,Female,Nakuru,Subukia,Subukia,"House 370, Mugumo Drive, Outering"
1608,Wanyonyi Wachira,58798639,072675456,wanyonyi.wachira@gmail.com,1976-08-06,Male,Nairobi,Dagoretti South,Uthiru,"House 66, Kiambu Road Avenue, Kilimani"
1609,Mary Kaimenyi Mwirigi,67437930,077561696,mary.mwirigi@gmail.com,1975-08-17,Female,Kiambu,Kiambu,Kihara,"Plot 209, Lane 1, Parklands"
1610,Gitobu Lois Kinya,19250084,074765235,gitobu.kinya@yahoo.com,1979-11-23,Female,Kiambu,Kiambu,Riabai,"House 10, Tom Mboya Avenue, Ngong Road"
1611,Awiti Senteu Mwamburi,78593346,010525861,awiti.mwamburi@gmail.com,1997-12-02,Male,Nakuru,Kuresoi South,Tinet,"House 4, Lavington Avenue, Kangundo"
1612,Awino Olela,69976098,010720405,awino.olela@hotmail.com,1993-06-02,Male,Kisumu,Muhoroni,Chemelil,"House 259, Lenana Street, Ngong Road"
1613,Leshan Kaloki Hassan,21206698,077771559,leshan.hassan@gmail.com,1975-06-15,Female,Nakuru,Gilgil,Murindat,"Plot 21, Lane 11, River Road"
1614,Hannah Ochieng Waithera,21333842,010461006,hannah.waithera@outlook.com,1953-07-25,Female,Uasin Gishu,Kapseret,Simat/Kapseret,"Plot 421, Lane 15, Kilimani"
1615,Ombati Silas Onsongo,38265460,078646008,ombati.onsongo@gmail.com,1961-02-09,Male,Uasin Gishu,Kesses,Cheptiret/Kipchamo,"Plot 262, Lane 19, Mombasa Road"
1616,Chepkoech Marete,10016145,070120536,chepkoech.marete@gmail.com,1992-07-28,Male,Nairobi,Kibra,Laini Saba,"Plot 423, Lane 9, Outering"
1617,Kipkemoi Ndunge Lenguro,59449217,073578680,kipkemoi.lenguro@gmail.com,1995-08-03,Male,Bomet,Bomet Central,Chesoen,"Plot 193, Lane 5, Ruiru"
1618,Martha Nekesa,75413577,011439150,martha.nekesa@gmail.com,1993-04-04,Female,Trans Nzoia,Endebess,Chepchoina,"House 438, Ruiru Avenue, Kiambu Road"
1619,Brenda Tsuma,35100154,073739150,brenda.tsuma@outlook.com,1993-11-05,Female,Kakamega,Shinyalu,Isukha North,"House 149, Limuru Drive, Thika Superhighway"
1620,Kioko Kiprono,41759505,070188062,kioko.kiprono@outlook.com,1978-12-16,Female,Nairobi,Kibra,Makina,"House 348, Kenyatta Road, Lenana"
1621,Onyango Kihika,23330923,011106454,onyango.kihika@gmail.com,1983-08-12,Male,Nairobi,Westlands,Kitisuru,"Plot 283, Lane 10, Mombasa Road"
1622,Kariuki Koech,61372134,077325246,kariuki.koech@yahoo.com,1990-11-14,Male,Bungoma,Mt. Elgon,Kaptama,"House 129, Mugumo Drive, Tom Mboya"
1623,Kinyua Kipkemoi,10978095,010568358,kinyua.kipkemoi@gmail.com,1975-03-12,Male,Nakuru,Naivasha,Hells Gate,"Plot 111, Lane 5, Waiyaki"
1624,Muriuki Maina Mutisya,43415626,078158926,muriuki.mutisya@outlook.com,1980-02-18,Female,Nakuru,Bahati,Dundori,"House 54, Karen Road, Ruaraka"
1625,Brenda Mokua,64247608,078405900,brenda.mokua@yahoo.com,1980-11-10,Male,Nairobi,Dagoretti South,Ngando,"Plot 200, Lane 15, Juja"
1626,Brian Syombua Bett,33231328,071544981,brian.bett@gmail.com,1995-03-07,Female,Mombasa,Changamwe,Miritini,"House 39, Garden Estate Street, Juja"
1627,Jepkoech Onyango Olela,75817532,075770361,jepkoech.olela@gmail.com,1990-11-10,Female,Trans Nzoia,Kiminini,Sirende,"House 448, Karen Drive, Kilimani"
1628,Onsongo Habakkuk Salim,53043124,078207891,onsongo.salim@hotmail.com,1983-11-10,Male,Uasin Gishu,Turbo,Huruma,"Plot 210, Lane 14, Ngong"
1629,Flora Mutua,91306888,076209472,flora.mutua@gmail.com,1982-02-16,Male,Nairobi,Kibra,Woodley,"Plot 463, Lane 3, Athi River"
1630,Lilian Kioko,56076501,074358757,lilian.kioko@gmail.com,1992-09-26,Female,Nairobi,Westlands,Kangemi,"House 298, Juja Street, Parklands"
1631,Senteu Mwango,95430630,070440398,senteu.mwango@gmail.com,1997-02-15,Male,Nairobi,Westlands,Kitisuru,"House 108, Jogoo Road, River Road"
1632,Simiyu Okello,29948188,075406503,simiyu.okello@hotmail.com,2006-10-16,Male,Kiambu,Kikuyu,Kinoo,"House 334, Moi Avenue Road, Argwings Kodhek"
1633,Nashipae Kipsang,41394014,011745552,nashipae.kipsang@gmail.com,1988-03-25,Male,Nairobi,Lang'ata,Nyayo Highrise,"House 342, Kenyatta Avenue, Argwings Kodhek"
1634,Kiprotich Muthoka Kipsang,48080929,074384168,kiprotich.kipsang@gmail.com,1979-10-02,Female,Kakamega,Ikolomani,Idakho East,"House 376, Kiambu Street, Westlands"
1635,Harun Kanana Wanyonyi,85902034,077231654,harun.wanyonyi@hotmail.com,1964-10-17,Male,Kilifi,Malindi,Kakuyuni,"Plot 460, Lane 8, Limuru"
1636,Daniel Muthuri,75910139,011451239,daniel.muthuri@gmail.com,1986-11-21,Male,Machakos,Kangundo,Kangundo North,"House 7, Lavington Street, Waiyaki"
1637,Ombati Anthony Mwirigi,65767719,079393415,ombati.mwirigi@yahoo.com,2000-09-13,Female,Meru,Tigania East,Thangatha,"House 278, Westlands Avenue, Kangundo"
1638,Cecilia Faith Auma,80510741,010513029,cecilia.auma@gmail.com,1964-04-27,Male,Nakuru,Naivasha,Biashara-Naivasha,"Plot 174, Lane 4, Kileleshwa"
1639,Kanampiu Wekesa Mogaka,34360444,076605915,kanampiu.mogaka@yahoo.com,1982-10-01,Female,Mombasa,Jomvu,Miritini,"Plot 263, Lane 12, Ngong"
1640,Jonathan Alice Wairimu,70058440,076875491,jonathan.wairimu@outlook.com,1973-03-09,Female,Kisumu,Nyando,Awasi/Onjiko,"Plot 133, Lane 13, Waiyaki"
1641,Haggai Awiti Awiti,62450460,011791330,haggai.awiti@yahoo.com,1976-05-25,Male,Kilifi,Ganze,Sokoke,"Plot 103, Lane 15, Juja"
1642,Michael Oduya,84638799,010584759,michael.oduya@gmail.com,1965-05-03,Male,Kisumu,Nyando,Kabonyo/Kanyagwal,"House 337, Kasarani Road, Kiambu Road"
1643,Harun Wangari,16637694,011347357,harun.wangari@gmail.com,1965-02-18,Male,Kisumu,Kisumu East,Kajulu,"House 331, Kitisuru Street, Waiyaki"
1644,Florence Adhiambo Kasina,46044786,010911632,florence.kasina@gmail.com,1991-08-20,Male,Nairobi,Dagoretti North,Gatina,"House 426, Jogoo Avenue, Lavington"
1645,Awiti Elizabeth Waithera,14688586,075731511,awiti.waithera@hotmail.com,1991-12-13,Male,Nairobi,Dagoretti North,Kawangware,"Plot 201, Lane 7, Thika"
1646,Naisula Githinji Ogero,17076084,079551550,naisula.ogero@gmail.com,1994-10-09,Female,Mombasa,Likoni,Bofu,"Plot 63, Lane 14, Lavington"
1647,Priscilla Gacheru,86592800,079318675,priscilla.gacheru@gmail.com,1965-09-23,Male,Meru,Igembe Central,Kiegoi,"House 68, Juja Street, Mombasa Road"
1648,Eunice Jepkoech Muthama,15276122,074977382,eunice.muthama@gmail.com,1984-07-13,Female,Kiambu,Limuru,Limuru Central,"Plot 362, Lane 4, Ngong"
1649,Silas Muema,38844653,077858160,silas.muema@gmail.com,1961-04-11,Female,Bungoma,Bumula,Kabula,"Plot 306, Lane 6, Argwings Kodhek"
1650,Akinyi Barasa,49822568,079769527,akinyi.barasa@gmail.com,2001-10-05,Female,Kisumu,Kisumu West,West Kisumu,"Plot 320, Lane 5, Waiyaki"
1651,Senteu Wanjala,48098536,077805924,senteu.wanjala@gmail.com,1994-07-03,Male,Trans Nzoia,Saboti,Machewa,"House 57, Kileleshwa Road, Outering"
1652,Owuor Haggai Mwendwa,20072117,070604132,owuor.mwendwa@gmail.com,1999-11-28,Male,Machakos,Matungulu,Matungulu West,"Plot 266, Lane 2, Juja"
1653,Awiti Mogaka,83676377,074598647,awiti.mogaka@outlook.com,1999-03-17,Female,Machakos,Mavoko,Athi River,"Plot 192, Lane 3, Westlands"
1654,Timothy Martha Anyango,31161881,076980333,timothy.anyango@yahoo.com,1980-09-15,Female,Bungoma,Kimilili,Kamukuywa,"House 45, Kasarani Drive, Likoni"
1655,Njeri Mutwiri,30138834,075721078,njeri.mutwiri@yahoo.com,1989-02-04,Male,Mombasa,Likoni,Shika Adabu,"House 164, Kiambu Road Road, Ruiru"
1656,Mwangi Akinyi Naliaka,47959633,077320919,mwangi.naliaka@outlook.com,1987-09-18,Female,Kilifi,Kaloleni,Kayafungo,"Plot 83, Lane 17, Langata"
1657,Ombati Jepchumba Awino,36616333,075943760,ombati.awino@hotmail.com,2001-05-22,Male,Nairobi,Dagoretti South,Uthiru,"House 440, Kilimani Street, Outering"
1658,Stephen Mworoa Mwangolo,97371709,076756614,stephen.mwangolo@gmail.com,2005-01-09,Female,Kilifi,Kilifi South,Junju,"Plot 399, Lane 4, Garden Estate"
1659,Ombati Munyao,41971752,073170475,ombati.munyao@gmail.com,1973-04-23,Female,Kisumu,Muhoroni,Masogo/Nyang'oma,"Plot 398, Lane 2, River Road"
1660,Opiyo Christopher Mwirigi,89748650,071367398,opiyo.mwirigi@gmail.com,1962-12-09,Female,Nairobi,Lang'ata,Nyayo Highrise,"Plot 141, Lane 15, Langata"
1661,Kerubo Koross,92766793,011586729,kerubo.koross@hotmail.com,1978-06-05,Female,Kilifi,Magarini,Garashi,"Plot 408, Lane 6, Kileleshwa"
1662,Diana Philemon Otula,89362594,077490044,diana.otula@hotmail.com,1988-12-09,Male,Nyeri,Kieni,Mwiyogo/Endarasha,"House 480, Parklands Street, Garden Estate"
1663,Edward Bett,36673215,079804365,edward.bett@hotmail.com,1992-02-27,Female,Turkana,Turkana Central,Lodwar Township,"Plot 417, Lane 7, Kenyatta"
1664,Ondieki Wanyonyi,37685026,071375943,ondieki.wanyonyi@yahoo.com,2004-04-01,Female,Nairobi,Westlands,Kitisuru,"Plot 36, Lane 10, Parklands"
1665,Syokau Kipchumba,95120667,077453007,syokau.kipchumba@hotmail.com,2003-04-18,Female,Nairobi,Kasarani,Ruai,"Plot 474, Lane 8, Kileleshwa"
1666,Kipkemboi Flora Kinya,65580224,073897876,kipkemboi.kinya@hotmail.com,1987-09-15,Female,Kiambu,Ruiru,Kahawa Sukari,"House 115, Ngong Street, Thika Superhighway"
1667,Akinyi Mogaka Omondi,26198289,070632391,akinyi.omondi@gmail.com,1980-09-24,Female,Nairobi,Dagoretti South,Mutuini,"Plot 338, Lane 6, Moi Avenue"
1668,Anna Waithera,48255161,076199546,anna.waithera@gmail.com,1984-12-08,Male,Mombasa,Jomvu,Miritini,"House 387, Kiambu Road Drive, Argwings Kodhek"
1669,Dennis Sharon Kioko,95126041,075836875,dennis.kioko@gmail.com,1991-09-25,Male,Kilifi,Kilifi South,Chasimba,"Plot 337, Lane 12, Kiambu Road"
1670,Amos Mbaka Kibathi,62900471,073155613,amos.kibathi@gmail.com,1962-06-17,Male,Kiambu,Kiambu,Riabai,"House 473, Limuru Street, Kasarani"
1671,Nyaboke Kipkorir,23337370,076116887,nyaboke.kipkorir@yahoo.com,1981-09-19,Female,Mombasa,Kisauni,Mjambere,"House 137, Karen Drive, Karen"
1672,Awiti Mutwiri,96251321,072529391,awiti.mutwiri@outlook.com,1997-02-19,Female,Nairobi,Lang'ata,South C,"Plot 406, Lane 15, Kikuyu"
1673,Nafula Harun Mohamed,63523596,072930586,nafula.mohamed@outlook.com,1988-01-25,Female,Kakamega,Lugari,Mautuma,"Plot 89, Lane 7, Thika Superhighway"
1674,Dorothy Towett,86986647,078600525,dorothy.towett@gmail.com,1991-01-12,Male,Kilifi,Magarini,Sabaki,"Plot 154, Lane 14, Karen"
1675,Kinyua Jebet Mwirigi,86438116,076665898,kinyua.mwirigi@hotmail.com,1988-07-24,Male,Meru,Central Imenti,Gatimbi,"Plot 198, Lane 12, Tom Mboya"
1676,Anyango Kipkoech Mulwa,83018930,010237422,anyango.mulwa@gmail.com,1974-10-01,Male,Turkana,Loima,Lokiriama/Lorengippi,"Plot 90, Lane 3, Thika Superhighway"
1677,Faith Rebecca Wanyoike,85366409,076517326,faith.wanyoike@gmail.com,1991-08-27,Female,Nairobi,Dagoretti North,Kawangware,"House 102, Ngong Avenue, Kikuyu"
1678,Ndinda Kipkemboi,45146796,070812074,ndinda.kipkemboi@yahoo.com,1968-12-27,Female,Trans Nzoia,Saboti,Saboti,"House 386, Kiambu Drive, Kilimani"
1679,Kwamboka Mugo Salim,13856812,071569656,kwamboka.salim@yahoo.com,1978-11-02,Female,Nairobi,Dagoretti North,Kilimani,"House 353, Kitisuru Avenue, Moi Avenue"
1680,Syombua Kimutai,29846665,011124314,syombua.kimutai@gmail.com,1997-01-19,Female,Kiambu,Kiambu,Ndumberi,"Plot 134, Lane 11, Ngong Road"
1681,Kipkorir Githinji,99066240,011300903,kipkorir.githinji@outlook.com,1999-01-13,Female,Nairobi,Dagoretti North,Kawangware,"House 188, Outering Avenue, Outering"
1682,Nanjala Awiti,44078615,076666672,nanjala.awiti@hotmail.com,2005-12-18,Male,Trans Nzoia,Kiminini,Nabiswa,"Plot 476, Lane 20, Kasarani"
1683,Ongeri Kanampiu,72081735,011898625,ongeri.kanampiu@outlook.com,2002-01-28,Male,Nairobi,Westlands,Kangemi,"House 335, Ngong Drive, Limuru"
1684,Momanyi Naliaka,80313876,071745390,momanyi.naliaka@gmail.com,1993-02-10,Male,Kakamega,Butere,Marama South,"House 440, Athi River Street, Kiambu Road"
1685,Masinde Musalia,86830303,072364962,masinde.musalia@hotmail.com,1981-02-15,Male,Kiambu,Ruiru,Kahawa Wendani,"House 21, Karen Drive, Lavington"
1686,Wairimu Mcharo,52939958,070678260,wairimu.mcharo@hotmail.com,1960-10-17,Male,Kiambu,Lari,Kijabe,"Plot 392, Lane 15, Westlands"
1687,Gitobu Christopher Kipsang,25681323,079563075,gitobu.kipsang@yahoo.com,1969-06-11,Male,Kisumu,Seme,Central Seme,"House 463, Ruiru Street, Tom Mboya"
1688,Mary Muthama,26773207,071137340,mary.muthama@yahoo.com,1972-02-13,Female,Nyeri,Mathira,Konyu,"Plot 368, Lane 11, Kangundo"
1689,Lois Kipkirui,58008794,074472724,lois.kipkirui@gmail.com,1975-09-17,Female,Nyeri,Mukurweini,Githi,"Plot 294, Lane 8, Tom Mboya"
1690,Esther Baya,24131536,079651945,esther.baya@yahoo.com,2005-08-15,Male,Mombasa,Changamwe,Changamwe,"Plot 11, Lane 19, Langata"
1691,Allan Saidimu,40112517,072491918,allan.saidimu@gmail.com,1994-09-25,Male,Kisumu,Nyakach,Central Nyakach,"Plot 389, Lane 6, Waiyaki"
1692,Kariuki Baya,62193650,078198157,kariuki.baya@hotmail.com,1973-08-16,Male,Machakos,Matungulu,Matungulu West,"House 318, Langata Avenue, Mugumo"
1693,Leshan Opiyo Njoroge,69721691,078459065,leshan.njoroge@hotmail.com,2004-04-21,Female,Bungoma,Bumula,Kabula,"Plot 173, Lane 2, Jogoo"
1694,Pauline Katua,61378678,073316314,pauline.katua@outlook.com,1995-09-24,Female,Nairobi,Kibra,Makina,"Plot 453, Lane 19, Parklands"
1695,Margaret Marete,21965928,074823328,margaret.marete@outlook.com,1985-01-17,Female,Kilifi,Malindi,Kakuyuni,"Plot 397, Lane 7, Kiambu"
1696,Mogaka Wairimu Adoyo,62805153,071642133,mogaka.adoyo@gmail.com,1970-01-12,Male,Kakamega,Mumias West,Mutema,"House 14, Kenyatta Drive, Lenana"
1697,Priscilla Catherine Odhiambo,46260563,077556996,priscilla.odhiambo@gmail.com,1958-03-09,Female,Nairobi,Dagoretti North,Kileleshwa,"Plot 80, Lane 13, Tom Mboya"
1698,Kimeu Langat,80991051,073584657,kimeu.langat@gmail.com,1994-10-26,Male,Kiambu,Limuru,Limuru East,"House 396, Kikuyu Avenue, Waiyaki"
1699,Allan Chepkwony,48462628,010971498,allan.chepkwony@outlook.com,1997-01-14,Female,Meru,Igembe Central,Athiru Gaiti,"House 206, Athi River Road, Argwings Kodhek"
1700,Opiyo Priscilla Mutai,92633612,073759479,opiyo.mutai@hotmail.com,1987-12-14,Female,Trans Nzoia,Kwanza,Kwanza,"Plot 135, Lane 5, Ngong Road"
1701,Kiprotich Nyambane,63690535,075905598,kiprotich.nyambane@gmail.com,1970-08-18,Female,Uasin Gishu,Ainabkoi,Kaptagat,"House 151, Ngong Avenue, Kiambu Road"
1702,John Kimani Kivuva,63573878,010499762,john.kivuva@outlook.com,2004-01-19,Female,Nakuru,Bahati,Kiamaina,"Plot 44, Lane 17, Outering"
1703,Muriuki Langat,62862467,075555607,muriuki.langat@hotmail.com,1993-12-16,Male,Kisumu,Nyakach,Central Nyakach,"Plot 358, Lane 13, Garden Estate"
1704,Moraa Wabomba,67742815,077673833,moraa.wabomba@outlook.com,1985-07-14,Male,Meru,Igembe Central,Akachiu,"Plot 205, Lane 3, Argwings Kodhek"
1705,Naliaka Nabwire,73226109,073117876,naliaka.nabwire@gmail.com,1980-03-15,Female,Uasin Gishu,Kesses,Cheptiret/Kipchamo,"Plot 7, Lane 19, Ngong"
1706,Nashipae Kipchumba,84819541,070800281,nashipae.kipchumba@gmail.com,1969-05-12,Female,Mombasa,Likoni,Bofu,"Plot 101, Lane 3, Athi River"
1707,Lilian Okoth Musyoka,62920955,011762386,lilian.musyoka@outlook.com,1990-04-25,Male,Kilifi,Rabai,Rabai/Kisurutini,"House 349, Thika Superhighway Avenue, Athi River"
1708,Ojwang Kimeu Onsongo,48003458,074161295,ojwang.onsongo@gmail.com,1988-02-13,Male,Kilifi,Magarini,Magarini,"House 318, Uhuru Drive, Likoni"
1709,Pauline Wanjohi,16194289,070551443,pauline.wanjohi@gmail.com,1973-07-15,Female,Nairobi,Dagoretti South,Uthiru,"House 371, Parklands Road, Waiyaki"
1710,Wanjiku Mwania,62791055,075273912,wanjiku.mwania@yahoo.com,1952-05-11,Male,Kakamega,Shinyalu,Isukha Central,"House 78, Kikuyu Road, Kiambu"
1711,Chepkirui Kamau,83745996,077989169,chepkirui.kamau@hotmail.com,1999-05-27,Female,Meru,Buuri,Kibirichia,"House 339, Kangundo Road, Kitisuru"
1712,Agnes Kamau,94856640,011200717,agnes.kamau@gmail.com,1984-11-04,Female,Kilifi,Rabai,Rabai/Kisurutini,"House 390, Limuru Road, Limuru"
1713,Kinya Kipkirui Rotich,44905944,011565484,kinya.rotich@gmail.com,1966-12-28,Male,Nakuru,Rongai,Visoi,"Plot 409, Lane 15, Mombasa Road"
1714,Dorothy Mutisya Kagwe,28067677,011207321,dorothy.kagwe@gmail.com,1971-01-18,Female,Mombasa,Nyali,Kongowea,"Plot 338, Lane 4, Ngong Road"
1715,Kanampiu Wamuyu,14443293,071688609,kanampiu.wamuyu@gmail.com,1998-08-08,Male,Nairobi,Kibra,Woodley,"Plot 445, Lane 6, Argwings Kodhek"
1716,Kaloki Nekesa,46419627,074930004,kaloki.nekesa@hotmail.com,2003-07-03,Male,Nyeri,Mukurweini,Rugi,"House 27, Thika Drive, Thika"
1717,Cherotich Awuor Khaemba,56180341,071636604,cherotich.khaemba@gmail.com,1967-07-04,Female,Kilifi,Rabai,Mwawesa,"Plot 471, Lane 11, Ruaraka"
1718,Ann Syombua Gichuru,74354434,010878715,ann.gichuru@yahoo.com,1985-12-14,Female,Meru,South Imenti,Igoji East,"House 74, Westlands Street, Juja"
1719,Wachira Kipngetich Kivuva,23089706,070660464,wachira.kivuva@gmail.com,1992-01-25,Male,Bungoma,Sirisia,Malakisi/South Kulisiru,"Plot 429, Lane 18, Ruiru"
1720,Musyoka Margaret Muthuri,19777233,073884535,musyoka.muthuri@gmail.com,1991-08-22,Female,Kakamega,Lugari,Manda/Shivanga,"House 380, Mugumo Drive, Mugumo"
1721,Kemunto Kamande,71814219,010780189,kemunto.kamande@gmail.com,1984-12-04,Male,Bungoma,Webuye East,Ndivisi,"Plot 344, Lane 9, Limuru"
1722,Zechariah Bridget Mwangolo,53634616,073184089,zechariah.mwangolo@gmail.com,1985-12-20,Male,Kakamega,Shinyalu,Isukha North,"Plot 349, Lane 11, Juja"
1723,Gichuru Mwamburi,67327320,072219729,gichuru.mwamburi@hotmail.com,1995-08-09,Male,Bungoma,Kanduyi,West Sang'alo,"Plot 215, Lane 3, Parklands"
1724,Ombati Collins Otula,18751109,011746740,ombati.otula@gmail.com,1975-09-28,Male,Turkana,Turkana West,Letea,"Plot 440, Lane 15, Jogoo"
1725,Mukami Rebecca Auma,25226934,073300039,mukami.auma@gmail.com,1995-12-20,Male,Kakamega,Butere,Marama Central,"Plot 94, Lane 19, Moi Avenue"
1726,Kipkemboi Momanyi,60455763,011754892,kipkemboi.momanyi@gmail.com,1999-06-24,Female,Kiambu,Lari,Kijabe,"House 10, Thika Superhighway Avenue, Kenyatta"
1727,Benjamin Maina Leshan,19857193,071779104,benjamin.leshan@yahoo.com,1970-11-07,Male,Kisumu,Muhoroni,Ombeyi,"House 19, Kitisuru Avenue, Limuru"
1728,Kanampiu Githinji,89541250,075667256,kanampiu.githinji@gmail.com,1981-02-17,Female,Kilifi,Kilifi North,Kibarani,"Plot 124, Lane 8, Ruaraka"
1729,Anna Mulwa Mwamburi,39939539,075253939,anna.mwamburi@hotmail.com,1960-11-19,Female,Machakos,Machakos Town,Kalama,"Plot 274, Lane 8, Kikuyu"
1730,Anthony Kimeu Kamotho,14725195,079367999,anthony.kamotho@gmail.com,1983-08-13,Female,Bomet,Konoin,Mogogosiek,"House 134, Jogoo Drive, Ngong"
1731,Robert Alexander Kiarie,30344320,073398241,robert.kiarie@hotmail.com,1989-11-27,Female,Nairobi,Westlands,Parklands,"Plot 304, Lane 1, Parklands"
1732,Githinji Mutwiri Mogaka,41635154,010791655,githinji.mogaka@gmail.com,1971-06-03,Female,Kiambu,Githunguri,Githiga,"Plot 380, Lane 6, Argwings Kodhek"
1733,Kemunto Chepkorir,59498486,071411991,kemunto.chepkorir@gmail.com,1967-05-02,Male,Nairobi,Kibra,Sarang'ombe,"Plot 223, Lane 9, Ngong Road"
1734,Mugo Mungai,54004149,072287426,mugo.mungai@yahoo.com,1952-02-12,Male,Nairobi,Lang'ata,Nairobi West,"Plot 12, Lane 4, Limuru"
1735,Cynthia Nekesa Ombati,99849459,011351081,cynthia.ombati@hotmail.com,1988-12-15,Female,Kiambu,Limuru,Bibirioni,"Plot 377, Lane 15, Tom Mboya"
1736,John Mbaka Mukhwana,43305439,076156663,john.mukhwana@gmail.com,1968-05-08,Male,Nairobi,Kibra,Sarang'ombe,"Plot 388, Lane 2, Garden Estate"
1737,Nafula Kipkorir,12245490,078672311,nafula.kipkorir@gmail.com,1985-09-10,Male,Nakuru,Kuresoi North,Kiptororo,"House 469, Kiambu Road Avenue, Kikuyu"
1738,Maina Matthew Opiyo,45143561,010614196,maina.opiyo@yahoo.com,1992-10-11,Female,Nairobi,Kasarani,Mwiki,"Plot 195, Lane 10, Moi Avenue"
1739,Evelyn Mumo,36487434,074732738,evelyn.mumo@gmail.com,1974-12-11,Male,Mombasa,Jomvu,Mikindani,"Plot 184, Lane 10, Kenyatta"
1740,Kioko Musalia,83568190,070135245,kioko.musalia@hotmail.com,1986-09-20,Female,Bungoma,Sirisia,Lwandanyi,"House 397, River Road Road, Garden Estate"
1741,Jepchumba Githinji Kivuva,24506505,074157111,jepchumba.kivuva@gmail.com,1993-05-13,Female,Bomet,Konoin,Embomos,"House 245, Thika Superhighway Avenue, Kenyatta"
1742,Njuguna Kemunto Anyango,14737076,072111441,njuguna.anyango@gmail.com,1961-11-18,Male,Bomet,Bomet Central,Silibwet Township,"Plot 118, Lane 11, Ruaraka"
1743,Judith Kamau Mogaka,44518559,010904614,judith.mogaka@yahoo.com,1997-01-21,Male,Nyeri,Nyeri Town,Rware,"House 104, Jogoo Drive, Kileleshwa"
1744,Matthew Mutua Mutune,58066313,076460777,matthew.mutune@gmail.com,1969-05-07,Male,Kilifi,Ganze,Ganze,"House 390, Kilimani Road, Kitisuru"
1745,Nashipae Kipchumba Kiprotich,77503142,074625620,nashipae.kiprotich@gmail.com,2005-03-26,Female,Mombasa,Mvita,Tudor,"House 29, Westlands Avenue, Kenyatta"
1746,Onditi Mwinyi,27032738,077723313,onditi.mwinyi@gmail.com,1991-06-01,Female,Uasin Gishu,Turbo,Tapsagoi,"House 309, Ngong Drive, Lavington"
1747,Timothy Auma,49533451,076373561,timothy.auma@gmail.com,1993-10-04,Female,Kiambu,Kiambu,Ting'ang'a,"House 66, Westlands Road, Lenana"
1748,Nyambane Mogaka Chepkorir,98126574,079444643,nyambane.chepkorir@outlook.com,1997-10-22,Male,Bungoma,Webuye East,Ndivisi,"Plot 41, Lane 18, Karen"
1749,Rose Mwirigi Chebet,56080521,010387187,rose.chebet@hotmail.com,1991-02-15,Male,Bungoma,Bumula,Bumula,"Plot 209, Lane 9, Westlands"
1750,Awino Adhiambo Nzioka,25264369,077197564,awino.nzioka@gmail.com,1994-03-27,Male,Machakos,Yatta,Kithimani,"Plot 51, Lane 11, Ngong"
1751,Kariuki Maingi,72571790,011745780,kariuki.maingi@gmail.com,1998-01-28,Male,Uasin Gishu,Ainabkoi,Racecourse,"Plot 116, Lane 18, Parklands"
1752,Martin Malachi Ongeri,67735664,076616173,martin.ongeri@outlook.com,1974-12-14,Female,Kisumu,Kisumu East,Kolwa East,"House 75, Garden Estate Avenue, Lenana"
1753,Gladys Mukami Kinya,78628629,070686674,gladys.kinya@outlook.com,1993-07-28,Female,Kakamega,Khwisero,Kisa Central,"Plot 293, Lane 1, Tom Mboya"
1754,Kimani Mbaka Karanja,56659686,071756035,kimani.karanja@gmail.com,1993-01-06,Female,Kiambu,Kikuyu,Sigona,"Plot 23, Lane 4, Ngong"
1755,Alice Wairimu Odhiambo,85887403,078998062,alice.odhiambo@gmail.com,1991-08-26,Female,Nairobi,Westlands,Mountain View,"House 189, River Road Road, Athi River"
1756,Jepchumba Namukhula Kaimenyi,69342241,070391783,jepchumba.kaimenyi@hotmail.com,1974-10-10,Female,Nairobi,Kasarani,Ruai,"House 220, Parklands Street, Westlands"
1757,Erick Achieng Ombati,52413506,010276367,erick.ombati@hotmail.com,1980-05-10,Male,Kiambu,Kiambu,Ndumberi,"Plot 49, Lane 7, Kiambu"
1758,Kagwiria Robert Awuor,24044274,074962915,kagwiria.awuor@yahoo.com,1970-01-11,Male,Meru,Tigania East,Muthara,"House 68, Kitisuru Avenue, Garden Estate"
1759,Kipsang Anna Kipsang,47401092,077198136,kipsang.kipsang@hotmail.com,1980-08-10,Female,Nairobi,Dagoretti South,Waithaka,"Plot 469, Lane 14, Waiyaki"
1760,Adhiambo Nafula Ndunge,13083690,079955418,adhiambo.ndunge@gmail.com,1985-07-24,Female,Kiambu,Limuru,Ndeiya,"Plot 375, Lane 2, Kikuyu"
1761,Philemon Jepkoech Ali,86938012,011512945,philemon.ali@outlook.com,1974-05-26,Female,Turkana,Loima,Turkwel,"Plot 35, Lane 18, Karen"
1762,Simon Nabea Kenga,29886386,010177627,simon.kenga@gmail.com,1952-01-15,Male,Machakos,Matungulu,Tala,"Plot 340, Lane 10, Uhuru"
1763,Atieno Kioko,49905391,010800427,atieno.kioko@yahoo.com,1990-12-15,Female,Bungoma,Sirisia,Malakisi/South Kulisiru,"Plot 407, Lane 17, Kilimani"
1764,Jepchumba Situma,61762834,073352712,jepchumba.situma@gmail.com,1962-10-20,Male,Meru,Tigania East,Thangatha,"Plot 459, Lane 12, Kiambu Road"
1765,Nyambura Kipkemboi Awino,31663649,071543785,nyambura.awino@hotmail.com,1986-12-05,Female,Nyeri,Mathira,Iriaini,"Plot 157, Lane 1, Ruiru"
1766,Atieno Kipkoech,21489788,078337921,atieno.kipkoech@gmail.com,1988-10-25,Female,Nairobi,Dagoretti South,Uthiru,"Plot 392, Lane 1, Karen"
1767,Mutua Githinji Musalia,99290821,010688186,mutua.musalia@gmail.com,2001-02-05,Female,Bungoma,Sirisia,Malakisi/South Kulisiru,"House 295, Ngong Road Avenue, Argwings Kodhek"
1768,Kilonzo Wamuyu,43402877,072827574,kilonzo.wamuyu@gmail.com,1976-05-09,Male,Turkana,Turkana East,Kapedo/Napeitom,"Plot 422, Lane 14, Kiambu"
1769,Namukhula Muriuki Chepkorir,56989012,070314018,namukhula.chepkorir@gmail.com,1980-08-08,Male,Nairobi,Kasarani,Clay City,"House 104, Kiambu Road, Ruiru"
1770,Nyaboke Kanana Munyori,11941728,011502678,nyaboke.munyori@gmail.com,1963-12-04,Female,Machakos,Machakos Town,Mua,"Plot 306, Lane 9, Jogoo"
1771,Gitobu Mburu,56995391,071625769,gitobu.mburu@gmail.com,2006-07-12,Female,Kisumu,Kisumu Central,Shauri Moyo,"Plot 378, Lane 14, Outering"
1772,Kaimenyi Kenga,52112003,076933668,kaimenyi.kenga@gmail.com,1981-02-07,Male,Bungoma,Webuye West,Matulo,"Plot 127, Lane 19, River Road"
1773,Victor Odhiambo,30011106,011658465,victor.odhiambo@hotmail.com,1994-07-12,Male,Meru,Buuri,Timau,"Plot 90, Lane 15, Kilimani"
1774,Kipchumba Adoyo,15961044,076672838,kipchumba.adoyo@yahoo.com,1993-10-26,Female,Kiambu,Kikuyu,Sigona,"Plot 359, Lane 14, River Road"
1775,Namukhula Koross,82811526,076628891,namukhula.koross@hotmail.com,1986-08-20,Male,Kilifi,Kaloleni,Mwanamwinga,"Plot 151, Lane 10, Likoni"
1776,Monica Naliaka Ongeri,26020678,078626881,monica.ongeri@hotmail.com,1953-02-26,Female,Kiambu,Kikuyu,Kinoo,"Plot 102, Lane 19, Kikuyu"
1777,Cecilia Chepkwony,25554265,072214497,cecilia.chepkwony@yahoo.com,1974-05-25,Male,Trans Nzoia,Saboti,Saboti,"House 385, Lenana Street, Uhuru"
1778,Sophia Kiprop Owuor,10991502,073998714,sophia.owuor@hotmail.com,1990-10-21,Female,Machakos,Yatta,Kithimani,"Plot 325, Lane 9, Uhuru"
1779,Jeremiah Hannah Kivuva,94650751,079931757,jeremiah.kivuva@yahoo.com,1995-06-27,Female,Nakuru,Bahati,Dundori,"House 374, Kiambu Road Drive, Mombasa Road"
1780,Mutheu Opiyo Kinyua,69114124,071737970,mutheu.kinyua@hotmail.com,2000-06-27,Male,Mombasa,Nyali,Ziwa la Ng'ombe,"House 333, Thika Drive, Lenana"
1781,Patrick Wafula,79325387,076800265,patrick.wafula@outlook.com,1997-08-27,Female,Nairobi,Lang'ata,Mugumu-ini,"House 465, Outering Avenue, Kenyatta"
1782,Mukami Onsongo Kioko,49475426,071100056,mukami.kioko@outlook.com,1997-09-06,Female,Kilifi,Rabai,Mwawesa,"Plot 46, Lane 19, Lenana"
1783,Ongeri Jane Musyimi,24277696,071440638,ongeri.musyimi@outlook.com,1982-05-21,Female,Nairobi,Dagoretti North,Kileleshwa,"Plot 28, Lane 18, Kikuyu"
1784,Mutheu Omondi Nekesa,83888307,079543152,mutheu.nekesa@gmail.com,1971-02-24,Male,Nyeri,Othaya,Karima,"House 7, Tom Mboya Road, Athi River"
1785,Naliaka Rimberia Mwakisha,15463042,077750430,naliaka.mwakisha@gmail.com,1992-10-25,Male,Kilifi,Kaloleni,Kayafungo,"House 98, Kileleshwa Avenue, Athi River"
1786,Dorothy Jepkorir,39413080,075766938,dorothy.jepkorir@gmail.com,1984-12-21,Male,Bomet,Bomet Central,Mutarakwa,"Plot 209, Lane 14, Kiambu Road"
1787,Gitonga Nafula,97008713,011737405,gitonga.nafula@gmail.com,1990-12-18,Male,Nakuru,Gilgil,Malewa West,"House 377, Kenyatta Street, Kilimani"
1788,Onyango Wambui,83394423,011729657,onyango.wambui@yahoo.com,1986-08-17,Female,Nairobi,Westlands,Kitisuru,"Plot 2, Lane 9, Athi River"
1789,Mukami Jebet,27697461,076470776,mukami.jebet@hotmail.com,1999-02-14,Male,Nakuru,Nakuru Town West,Kapkures,"House 349, Uhuru Road, Kikuyu"
1790,Kioko Mungai,47438725,079342896,kioko.mungai@gmail.com,1967-01-24,Female,Bomet,Chepalungu,Nyongores,"House 442, Athi River Road, Likoni"
1791,Faith Stephen Kipkemboi,99548878,071756164,faith.kipkemboi@gmail.com,1992-08-09,Female,Trans Nzoia,Kiminini,Sirende,"Plot 301, Lane 20, Langata"
1792,Chepkirui Rose Jepkorir,72878778,076722033,chepkirui.jepkorir@outlook.com,1990-03-27,Female,Kakamega,Butere,Marama South,"House 461, Tom Mboya Drive, Kitisuru"
1793,Kevin Muriuki,34335725,077339969,kevin.muriuki@gmail.com,1994-11-26,Female,Kiambu,Limuru,Ndeiya,"House 202, Mombasa Road Drive, Mombasa Road"
1794,Sharon Kaimenyi Maingi,56983195,011114829,sharon.maingi@gmail.com,1977-05-22,Female,Bungoma,Kanduyi,Buokhwe,"Plot 47, Lane 13, Karen"
1795,Collins Nicholas Mwakideu,77191418,070827377,collins.mwakideu@outlook.com,1970-01-25,Male,Nairobi,Kibra,Sarang'ombe,"Plot 27, Lane 17, Ruaraka"
1796,Priscilla John Munyao,80070728,011924871,priscilla.munyao@gmail.com,2001-12-02,Female,Nairobi,Dagoretti South,Waithaka,"Plot 295, Lane 10, Jogoo"
1797,Cynthia Agnes Muthoka,77799011,073999770,cynthia.muthoka@yahoo.com,1972-01-03,Male,Bungoma,Kanduyi,East Sang'alo,"Plot 237, Lane 8, Kenyatta"
1798,Sarah Towett,86116067,071800661,sarah.towett@gmail.com,1975-10-28,Male,Machakos,Machakos Town,Mua,"Plot 480, Lane 13, Parklands"
1799,Brenda Kipkoech Bett,87031272,011668289,bbett@gmail.com,1982-05-12,Male,Nairobi,Westlands,Kitisuru,"Plot 287, Lane 2, Kangundo"
1800,Owuor Kipkorir,31465712,071263117,owuor.kipkorir@gmail.com,1981-04-26,Female,Kilifi,Ganze,Sokoke,"House 24, Karen Road, Kitisuru"
1801,Christopher Kiprotich Kamotho,55299368,079385719,christopher.kamotho@outlook.com,1990-10-10,Female,Machakos,Mavoko,Kinanie,"House 443, Kitisuru Avenue, Outering"
1802,Jepkoech Rono,80854964,011552120,jepkoech.rono@hotmail.com,1995-11-07,Male,Nairobi,Lang'ata,Karen,"Plot 40, Lane 8, Kileleshwa"
1803,Nanjala Gitonga,86825841,078326535,nanjala.gitonga@yahoo.com,2000-10-07,Male,Nyeri,Kieni,Mweiga,"House 265, Westlands Road, Ngong"
1804,Christopher Matoke,11123267,075669115,christopher.matoke@yahoo.com,1972-10-14,Male,Mombasa,Nyali,Kongowea,"Plot 292, Lane 9, Ruaraka"
1805,Beatrice Kipkirui Chepkorir,30528733,010376419,beatrice.chepkorir@yahoo.com,1967-08-13,Male,Kisumu,Nyando,Awasi/Onjiko,"House 332, River Road Road, Ngong"
1806,Janet Kanampiu,35270325,010892220,janet.kanampiu@gmail.com,1976-06-22,Female,Kakamega,Mumias East,Lusheya/Lubinu,"House 427, Kangundo Drive, Argwings Kodhek"
1807,Dorothy Mwangi Mbuthia,33608547,072790701,dorothy.mbuthia@gmail.com,1995-10-14,Male,Nairobi,Dagoretti South,Waithaka,"Plot 89, Lane 19, Argwings Kodhek"
1808,Peter Kilonzo,69215408,076648679,peter.kilonzo@hotmail.com,1975-07-20,Female,Machakos,Machakos Town,Kalama,"House 120, Outering Road, Kangundo"
1809,Daniel Kiprono,24790853,011804768,daniel.kiprono@outlook.com,1998-05-28,Female,Nyeri,Kieni,Mweiga,"Plot 351, Lane 10, Thika"
1810,Chepkoech Kiprono Chepkirui,37921512,071148218,chepkoech.chepkirui@gmail.com,1969-12-21,Female,Trans Nzoia,Kiminini,Sirende,"Plot 145, Lane 2, Garden Estate"
1811,Okello Maingi,22330471,074692680,okello.maingi@gmail.com,1984-02-18,Male,Trans Nzoia,Cherangany,Makutano,"Plot 332, Lane 4, Parklands"
1812,Sharon Musyimi,80957420,076767725,sharon.musyimi@yahoo.com,2005-08-08,Male,Kilifi,Kaloleni,Kaloleni,"House 160, Athi River Drive, Ruiru"
1813,Joseph Kipchirchir Cherono,39450832,077357089,joseph.cherono@yahoo.com,1976-12-01,Male,Kiambu,Kiambu,Riabai,"House 274, Ngong Road Road, Kasarani"
1814,Wachira Onyango Kimani,10506871,011818372,wachira.kimani@yahoo.com,1987-09-11,Female,Mombasa,Mvita,Mji wa Kale,"Plot 367, Lane 13, River Road"
1815,Jonah Mwakisha,87369348,078345918,jonah.mwakisha@hotmail.com,1975-01-04,Male,Trans Nzoia,Endebess,Endebess,"Plot 3, Lane 7, Jogoo"
1816,Kimani Mark Jepkoech,72553771,011647751,kimani.jepkoech@hotmail.com,1963-09-27,Female,Kilifi,Kilifi North,Mnarani,"Plot 135, Lane 6, Ngong Road"
1817,Margaret Okoth,91542980,072661449,margaret.okoth@yahoo.com,1978-12-26,Male,Kisumu,Nyando,Kobura,"Plot 115, Lane 11, Ruaraka"
1818,Kipkoech Njuguna Wamalwa,40993282,072772020,kipkoech.wamalwa@hotmail.com,1966-12-28,Male,Kiambu,Lari,Kinale,"Plot 276, Lane 20, Tom Mboya"
1819,Kinya Kenga,89520411,071330621,kinya.kenga@gmail.com,1975-09-12,Female,Nakuru,Gilgil,Gilgil,"Plot 297, Lane 9, Ruiru"
1820,Gathoni Mutisya Macharia,31216439,011890157,gathoni.macharia@outlook.com,1992-11-05,Male,Trans Nzoia,Cherangany,Kaplamai,"House 145, Outering Drive, Ruiru"
1821,Awiti Isaiah Kamau,77431786,010411611,awiti.kamau@hotmail.com,1987-11-18,Male,Nairobi,Dagoretti South,Ngando,"House 365, Kiambu Road Avenue, Ruiru"
1822,Ndinda Florence Situma,69843840,070182160,ndinda.situma@yahoo.com,2003-05-22,Female,Turkana,Turkana South,Kaputir,"Plot 209, Lane 12, Kitisuru"
1823,Nicholas Kenei,26947996,070879381,nicholas.kenei@hotmail.com,1983-12-24,Male,Mombasa,Mvita,Mji wa Kale,"Plot 431, Lane 5, Juja"
1824,Janet Mwania Karanja,12193862,076683162,janet.karanja@gmail.com,1978-09-27,Female,Kakamega,Mumias East,East Wanga,"House 365, Kikuyu Street, Kilimani"
1825,Kipchumba Agnes Omondi,45151432,078220612,kipchumba.omondi@yahoo.com,2001-06-27,Female,Machakos,Yatta,Katangi,"Plot 282, Lane 16, Juja"
1826,Momanyi Mukhwana,58229521,073301251,momanyi.mukhwana@yahoo.com,1954-11-05,Male,Kakamega,Ikolomani,Idakho North,"House 26, Karen Street, Ruiru"
1827,Silas Hannah Chebet,20599735,079954983,silas.chebet@gmail.com,1984-10-25,Female,Nakuru,Nakuru Town East,Flamingo,"House 444, Mombasa Road Street, Waiyaki"
1828,Jebet Owuor,41754793,072754352,jebet.owuor@yahoo.com,1986-08-28,Female,Nakuru,Gilgil,Murindat,"Plot 437, Lane 11, Mugumo"
1829,Ruth Nabwire Mwaura,77638590,079863198,ruth.mwaura@hotmail.com,1978-02-03,Male,Kakamega,Shinyalu,Isukha Central,"House 115, Lenana Drive, Tom Mboya"
1830,Mworoa Timothy Wanyoike,69463339,073456731,mworoa.wanyoike@yahoo.com,1977-04-24,Female,Machakos,Yatta,Ikombe,"Plot 387, Lane 15, Lenana"
1831,Joshua Kipngetich,25376128,077221423,joshua.kipngetich@gmail.com,1994-08-19,Female,Kakamega,Matungu,Namamali,"Plot 457, Lane 14, Jogoo"
1832,Muthaa Mutinda Ndegwa,39982417,011359304,muthaa.ndegwa@gmail.com,1953-08-18,Female,Bomet,Bomet Central,Chesoen,"Plot 110, Lane 11, Lenana"
1833,Zechariah Mcharo,70640795,076420737,zechariah.mcharo@gmail.com,1959-07-07,Male,Machakos,Kathiani,Kathiani Central,"Plot 208, Lane 16, Uhuru"
1834,Kipchirchir Oseko,31889608,011798637,kipchirchir.oseko@gmail.com,1983-02-09,Female,Mombasa,Nyali,Kongowea,"Plot 322, Lane 9, Kangundo"
1835,Agnes Mukhwana,34678331,076201045,agnes.mukhwana@gmail.com,1968-10-20,Female,Trans Nzoia,Saboti,Saboti,"Plot 288, Lane 17, Westlands"
1836,Bridget Akinyi,61737376,070516616,bridget.akinyi@yahoo.com,1968-10-18,Male,Bomet,Bomet East,Kipreres,"House 22, Parklands Road, Westlands"
1837,Kamau Gakunyi Rotich,80621626,075303235,kamau.rotich@yahoo.com,1987-01-10,Male,Bungoma,Mt. Elgon,Elgon,"House 162, Garden Estate Drive, Mugumo"
1838,Daniel Gakii Mcharo,46069270,075925691,daniel.mcharo@hotmail.com,1991-10-01,Male,Nakuru,Gilgil,Mbaruk/Eburu,"House 303, Kilimani Avenue, Ruiru"
1839,Kiprop Gitonga,65192060,073971111,kiprop.gitonga@gmail.com,1969-02-15,Male,Kiambu,Kikuyu,Kikuyu,"Plot 203, Lane 8, Argwings Kodhek"
1840,Grace Ombati Musyoka,45149345,073350922,grace.musyoka@gmail.com,1991-03-01,Male,Nyeri,Mathira,Konyu,"Plot 420, Lane 18, Thika"
1841,Akinyi Omondi Ongeri,74105877,070115742,akinyi.ongeri@outlook.com,1971-09-19,Male,Kakamega,Butere,Marama North,"Plot 415, Lane 8, Kiambu Road"
1842,Chebet Kioko Awino,12890149,073518462,chebet.awino@gmail.com,1977-04-02,Male,Kisumu,Seme,West Seme,"Plot 15, Lane 9, Ngong Road"
1843,Auma Mburu,43067977,010495804,auma.mburu@gmail.com,1984-04-26,Male,Meru,Tigania East,Karama,"House 220, Tom Mboya Drive, Kangundo"
1844,Nahum Emily Mwamburi,79553479,072490088,nahum.mwamburi@yahoo.com,2000-12-25,Male,Nakuru,Kuresoi North,Sirikwa,"Plot 126, Lane 17, Garden Estate"
1845,Flora Musila,16648129,078130048,flora.musila@outlook.com,1992-04-19,Male,Kiambu,Kabete,Nyathuna,"House 391, Tom Mboya Drive, Juja"
1846,Kimeu Victor Mumo,94624286,071822205,kimeu.mumo@gmail.com,1973-08-21,Female,Machakos,Yatta,Ndalani,"Plot 129, Lane 5, Waiyaki"
1847,Kinyua Koech,74492536,076903357,kinyua.koech@yahoo.com,1982-07-03,Male,Kisumu,Kisumu Central,Market Milimani,"Plot 376, Lane 9, Kiambu Road"
1848,Muthoni Opiyo,55649927,011870118,muthoni.opiyo@yahoo.com,1970-07-11,Male,Kilifi,Kaloleni,Mariakani,"Plot 215, Lane 7, Tom Mboya"
1849,Faith Judith Baya,78812902,073824069,faith.baya@gmail.com,1997-09-19,Male,Uasin Gishu,Kapseret,Megun,"Plot 57, Lane 19, Ruaraka"
1850,Agnes Lubanga,23136524,071546707,agnes.lubanga@gmail.com,1997-10-27,Female,Meru,Central Imenti,Kathonzweni,"Plot 37, Lane 15, Lenana"
1851,Kipsang Rimberia Mworoa,46036538,070978017,kipsang.mworoa@gmail.com,1990-11-17,Male,Nyeri,Kieni,Mwiyogo/Endarasha,"Plot 383, Lane 10, Kasarani"
1852,Daniel Nyaboke Mwania,79891321,076528864,daniel.mwania@yahoo.com,2005-11-07,Female,Bungoma,Kabuchai,Bwake/Luuya,"House 381, Parklands Drive, Ngong"
1853,Moraa Chebet,24649741,079234000,moraa.chebet@gmail.com,1987-07-27,Female,Trans Nzoia,Saboti,Machewa,"House 41, Limuru Road, Uhuru"
1854,Alexander Ondieki Kihumba,71889175,076938852,alexander.kihumba@gmail.com,1966-01-14,Female,Kakamega,Khwisero,Kisa West,"House 452, Lenana Drive, Likoni"
1855,Gilbert Mutheu Mworoa,71596905,071207819,gilbert.mworoa@gmail.com,1990-12-18,Female,Nakuru,Molo,Marioshoni,"House 432, Westlands Road, Kangundo"
1856,Hannah Jonathan Kebaso,33733169,011211306,hannah.kebaso@gmail.com,1997-08-23,Male,Bungoma,Kanduyi,Buokhwe,"Plot 459, Lane 11, Ngong Road"
1857,Kimeu Ongeri,77953970,073567797,kimeu.ongeri@hotmail.com,1998-02-24,Male,Nyeri,Mathira,Konyu,"Plot 75, Lane 1, Parklands"
1858,Simon Pauline Oduya,62880140,072626658,simon.oduya@gmail.com,1970-10-13,Female,Machakos,Yatta,Kithimani,"Plot 303, Lane 12, Lenana"
1859,Syokau Joel Kanampiu,29942284,073898759,syokau.kanampiu@gmail.com,1985-04-20,Male,Kiambu,Kabete,Kabete,"House 48, Kiambu Road Drive, Waiyaki"
1860,Ann Wambui,31225952,011772104,a.wambui@gmail.com,1980-12-16,Male,Nyeri,Othaya,Ngaru,"Plot 290, Lane 12, Outering"
1861,Janet Benjamin Auma,87241350,075310888,janet.auma@gmail.com,1985-08-24,Male,Bomet,Chepalungu,Nyongores,"Plot 480, Lane 8, Kiambu Road"
1862,Sophia Nahum Senteu,91772015,077123143,sophia.senteu@hotmail.com,1961-04-28,Male,Mombasa,Likoni,Tsimba,"House 286, River Road Drive, Ruaraka"
1863,Beatrice Gathoni Chepkwony,53969051,070936050,beatrice.chepkwony@outlook.com,1987-06-19,Female,Kiambu,Kiambu,Kihara,"Plot 479, Lane 6, Moi Avenue"
1864,Naliaka Gakii Ondieki,10816273,078745083,naliaka.ondieki@yahoo.com,1989-06-22,Male,Kiambu,Kikuyu,Kinoo,"House 166, Lenana Road, Mombasa Road"
1865,Naomi Nyambane,88865847,010668217,naomi.nyambane@yahoo.com,1977-11-07,Female,Nairobi,Lang'ata,Mugumu-ini,"Plot 425, Lane 4, Kangundo"
1866,Kimani Muthoka,75513373,072746020,kimani.muthoka@hotmail.com,1996-10-21,Male,Nakuru,Nakuru Town West,Barut,"House 360, Kikuyu Street, Outering"
1867,Malachi Kagwe,69278774,077283086,malachi.kagwe@yahoo.com,1966-08-17,Female,Kiambu,Ruiru,Kiuu,"Plot 66, Lane 11, Kileleshwa"
1868,Kipkemboi Muthuri Omondi,93959277,073882637,kipkemboi.omondi@outlook.com,1989-06-05,Male,Bomet,Sotik,Ndanai/Abosi,"House 227, Westlands Avenue, Lavington"
1869,Owuor Leshan Kipkoech,24398546,072966418,owuor.kipkoech@gmail.com,1954-02-04,Male,Turkana,Turkana South,Kalamon,"Plot 267, Lane 15, Kilimani"
1870,Muthoni Leshan Masinde,26410285,074499966,muthoni.masinde@outlook.com,2006-08-11,Male,Bungoma,Sirisia,Namwela,"House 117, Argwings Kodhek Avenue, Garden Estate"
1871,Elijah Achieng Kiprono,74964934,078302633,elijah.kiprono@gmail.com,1999-07-27,Female,Kiambu,Kiambu,Riabai,"Plot 260, Lane 4, Ngong Road"
1872,Wafula Muthoni Wambui,43539303,070595735,wafula.wambui@gmail.com,1969-09-13,Female,Kisumu,Nyakach,South West Nyakach,"Plot 275, Lane 15, Athi River"
1873,Senteu Gakii Kipkemoi,47675950,076881497,senteu.kipkemoi@yahoo.com,1976-04-20,Female,Trans Nzoia,Kwanza,Kapomboi,"House 451, Langata Street, Kasarani"
1874,Priscilla Kilonzo Njoroge,24013159,071354280,priscilla.njoroge@outlook.com,1983-11-16,Male,Mombasa,Changamwe,Airport,"House 329, Athi River Street, Thika Superhighway"
1875,Vincent Lydia Hassan,10502052,075101957,vincent.hassan@gmail.com,1998-03-27,Female,Nakuru,Kuresoi North,Nyota,"House 394, Outering Drive, Thika Superhighway"
1876,Chepngeno Awuor,86515426,010561815,chepngeno.awuor@outlook.com,2004-06-08,Female,Kilifi,Kilifi South,Junju,"Plot 169, Lane 17, Limuru"
1877,Esther Kimeu Chepngeno,73541657,071439184,esther.chepngeno@hotmail.com,1959-08-09,Male,Kisumu,Kisumu West,Central Kisumu,"House 75, Uhuru Road, Kasarani"
1878,Nanjala Musalia,68152649,079923390,nanjala.musalia@hotmail.com,1988-01-14,Female,Kilifi,Rabai,Ruruma,"Plot 404, Lane 19, Ngong Road"
1879,Teresa Wanjohi,17889537,079822153,teresa.wanjohi@gmail.com,1970-02-16,Female,Turkana,Turkana Central,Kanamkemer,"House 270, Outering Street, Parklands"
1880,Isaiah Jane Marete,45707180,070922202,isaiah.marete@yahoo.com,2002-05-10,Male,Kiambu,Kiambu,Ndumberi,"House 172, Thika Superhighway Avenue, Thika Superhighway"
1881,Flora Wangari Akinyi,72772121,011313776,flora.akinyi@yahoo.com,1969-05-08,Female,Kakamega,Mumias East,Lusheya/Lubinu,"Plot 416, Lane 6, River Road"
1882,Wafula Njoroge,81569760,076238027,wafula.njoroge@gmail.com,2001-06-25,Male,Mombasa,Likoni,Shika Adabu,"Plot 69, Lane 15, Ngong Road"
1883,Mutinda Gilbert Munyao,35980604,076413943,mutinda.munyao@gmail.com,1969-02-23,Male,Kiambu,Lari,Kamburu,"Plot 39, Lane 16, Waiyaki"
1884,Beatrice Wambui Barasa,76482196,011188338,beatrice.barasa@outlook.com,1967-06-01,Female,Kilifi,Malindi,Kakuyuni,"Plot 212, Lane 19, Likoni"
1885,Mukhwana Lenguro,59069008,074693111,mukhwana.lenguro@outlook.com,1976-03-15,Female,Machakos,Machakos Town,Mua,"Plot 461, Lane 16, Kikuyu"
1886,Gichuru Sarah Kiprop,53246230,011844460,gichuru.kiprop@gmail.com,1997-03-02,Male,Nairobi,Dagoretti North,Kilimani,"Plot 22, Lane 13, Garden Estate"
1887,Charity Chepkwony,58660985,078655147,charity.chepkwony@gmail.com,1999-12-10,Female,Mombasa,Kisauni,Mtopanga,"House 35, Mombasa Road Road, Ruiru"
1888,Onsongo Oseko,68952302,072173919,onsongo.oseko@yahoo.com,1999-07-03,Female,Kakamega,Butere,Marama West,"Plot 200, Lane 17, Mombasa Road"
1889,Susan Awiti Rimberia,30307931,077609085,susan.rimberia@gmail.com,1982-04-07,Female,Bomet,Konoin,Boito,"House 123, Thika Street, Kasarani"
1890,Jebiwott Awiti,61599700,070862080,jebiwott.awiti@yahoo.com,1989-03-19,Male,Kiambu,Ruiru,Kahawa Wendani,"Plot 440, Lane 14, Kikuyu"
1891,Martha Andrew Kiarie,80822714,073420030,martha.kiarie@yahoo.com,1961-08-08,Female,Nairobi,Kibra,Laini Saba,"House 368, Outering Street, Parklands"
1892,Ondieki Gakii Saidimu,92922160,078137838,ondieki.saidimu@outlook.com,1976-10-08,Male,Kakamega,Ikolomani,Idakho East,"Plot 179, Lane 20, Jogoo"
1893,Ndunge Onsongo,59917647,011569124,ndunge.onsongo@yahoo.com,1990-08-18,Male,Nakuru,Rongai,Solai,"House 55, Ngong Drive, Westlands"
1894,Matthew Mitei,97540265,078333939,matthew.mitei@hotmail.com,1962-06-13,Male,Kiambu,Kabete,Nyathuna,"Plot 63, Lane 18, Kitisuru"
1895,Robert Oduya,82486770,072991300,robert.oduya@gmail.com,2002-07-18,Male,Kakamega,Shinyalu,Isukha West,"Plot 385, Lane 20, Mugumo"
1896,Kariuki Macharia,80529906,074710117,kariuki.macharia@yahoo.com,1971-01-27,Male,Kisumu,Kisumu West,West Kisumu,"House 66, Lenana Drive, Ngong"
1897,Okoth Kiarie,60635121,076424121,okoth.kiarie@hotmail.com,2002-06-03,Female,Turkana,Loima,Loima,"Plot 409, Lane 5, Likoni"
1898,Kipngetich Nyambura Kioko,80899398,078909749,kipngetich.kioko@hotmail.com,2001-04-19,Male,Nairobi,Kasarani,Kasarani,"House 61, Athi River Road, Moi Avenue"
1899,Aoko Njoroge,93415939,077255483,aoko.njoroge@outlook.com,1976-04-23,Male,Kisumu,Kisumu East,Kolwa East,"House 50, Kileleshwa Road, Lavington"
1900,Wafula Naserian Wambui,54838683,073180449,wafula.wambui@yahoo.com,1993-11-09,Male,Nairobi,Dagoretti North,Kileleshwa,"Plot 85, Lane 9, Moi Avenue"
1901,Zephaniah Mworoa Okello,87993653,073535354,zephaniah.okello@gmail.com,1963-07-23,Female,Mombasa,Mvita,Shimanzi,"Plot 475, Lane 15, Kitisuru"
1902,Chepkirui Catherine Kanampiu,84515996,078232654,chepkirui.kanampiu@gmail.com,1997-04-22,Male,Turkana,Turkana Central,Kanamkemer,"Plot 110, Lane 5, Thika"
1903,Timothy Rose Muthama,70665647,076113173,timothy.muthama@outlook.com,1987-03-12,Female,Turkana,Loima,Loima,"Plot 89, Lane 18, Waiyaki"
1904,Elijah Nasimiyu,56379398,071760407,elijah.nasimiyu@yahoo.com,1996-11-23,Female,Meru,Igembe Central,Athiru Gaiti,"House 411, Jogoo Drive, Ruaraka"
1905,Lenguro Mumo,47280397,011671239,lenguro.mumo@gmail.com,1988-08-13,Female,Kiambu,Githunguri,Ngewa,"Plot 21, Lane 7, Limuru"
1906,Kipchirchir Ndegwa,95394210,070453852,kipchirchir.ndegwa@outlook.com,1957-08-15,Female,Kisumu,Kisumu West,South West Kisumu,"House 370, Kilimani Street, Kiambu"
1907,Daniel Dennis Jepkorir,31654325,077228705,daniel.jepkorir@yahoo.com,1998-10-18,Male,Nakuru,Kuresoi South,Amalo,"House 231, Uhuru Drive, Tom Mboya"
1908,Nduku Kipsang Mokua,97275234,071924163,nduku.mokua@gmail.com,1979-08-15,Female,Bomet,Konoin,Boito,"Plot 4, Lane 11, Kitisuru"
1909,Lenguro Kangogo,97606127,073551062,lenguro.kangogo@gmail.com,1972-08-14,Female,Nairobi,Kasarani,Clay City,"Plot 229, Lane 8, Lavington"
1910,Peace Kipsang,41737742,011167961,peace.kipsang@yahoo.com,2004-05-09,Male,Uasin Gishu,Kapseret,Simat/Kapseret,"House 187, Tom Mboya Street, Parklands"
1911,Flora Kimutai,15126026,076502480,flora.kimutai@gmail.com,1977-10-21,Male,Nairobi,Lang'ata,Karen,"Plot 64, Lane 7, Karen"
1912,Alexander Kipchumba,46691719,076200595,alexander.kipchumba@outlook.com,1976-07-18,Male,Nairobi,Kibra,Laini Saba,"Plot 239, Lane 1, Likoni"
1913,Jepkorir Mohamed,32236316,072378441,jepkorir.mohamed@hotmail.com,1985-02-10,Male,Mombasa,Nyali,Kongowea,"Plot 418, Lane 1, River Road"
1914,Benjamin Simon Ndegwa,65261046,072448377,benjamin.ndegwa@gmail.com,1965-06-03,Female,Kakamega,Mumias West,Etenje,"Plot 465, Lane 9, Tom Mboya"
1915,Martha Adoyo,83846845,070958430,martha.adoyo@gmail.com,1964-08-27,Female,Nairobi,Westlands,Mountain View,"Plot 64, Lane 4, Jogoo"
1916,Njeri Momanyi,78564064,072754186,njeri.momanyi@gmail.com,1955-10-22,Female,Kiambu,Githunguri,Githiga,"House 474, Thika Road, Limuru"
1917,Wambui Chepngeno,52163391,073710843,wambui.chepngeno@gmail.com,1962-12-06,Male,Trans Nzoia,Saboti,Tuwani,"Plot 427, Lane 19, Thika"
1918,Wairimu Mwangi,17000794,011206294,wairimu.mwangi@yahoo.com,1953-07-21,Male,Kilifi,Malindi,Shella,"Plot 385, Lane 9, Kiambu"
1919,Muthoni Auma Ndunge,77590047,078751082,muthoni.ndunge@hotmail.com,1998-06-21,Female,Nairobi,Dagoretti South,Uthiru,"Plot 120, Lane 1, Lenana"
1920,Awiti Mohamed,97518125,076198551,awiti.mohamed@outlook.com,1982-02-09,Male,Bungoma,Kabuchai,Kabuchai/Chwele,"Plot 296, Lane 8, Lenana"
1921,Masinde Njuguna Marete,16637364,071971329,masinde.marete@gmail.com,1965-08-08,Male,Kakamega,Shinyalu,Isukha West,"House 343, Kiambu Road Drive, Argwings Kodhek"
1922,Ongeri Beatrice Koross,32859170,075977341,ongeri.koross@yahoo.com,1970-04-12,Female,Uasin Gishu,Turbo,Ngenyilel,"Plot 358, Lane 2, Ruiru"
1923,Janet Momanyi,21477571,070718609,janet.momanyi@gmail.com,2001-12-11,Male,Kilifi,Ganze,Bamba,"Plot 312, Lane 13, Kangundo"
1924,Moraa Esther Kemei,74209943,011953248,moraa.kemei@gmail.com,1995-09-27,Female,Turkana,Turkana North,Kaikor,"Plot 116, Lane 14, Kasarani"
1925,Judith Nduku,91749555,011564979,judith.nduku@gmail.com,1967-08-03,Male,Kiambu,Lari,Kinale,"Plot 180, Lane 4, Lenana"
1926,Victor Joseph Otieno,32712561,078298485,victor.otieno@outlook.com,1988-05-01,Male,Kilifi,Kilifi South,Mwarakaya,"Plot 377, Lane 3, Thika Superhighway"
1927,Kipchumba Mwakideu,17530400,070696086,kipchumba.mwakideu@gmail.com,2001-12-09,Female,Uasin Gishu,Soy,Kipsomba,"Plot 104, Lane 19, Outering"
1928,Gilbert Aaron Ondieki,46634354,011508175,gilbert.ondieki@gmail.com,1983-08-05,Female,Nairobi,Kasarani,Njiru,"House 38, Garden Estate Street, Kikuyu"
1929,Thomas Ongaya,71604156,073201853,thomas.ongaya@gmail.com,1964-12-20,Male,Kiambu,Lari,Kamburu,"Plot 164, Lane 10, Jogoo"
1930,Agnes Kamau,49311181,076816037,agnes.kamau@hotmail.com,1977-08-05,Female,Nakuru,Naivasha,Biashara-Naivasha,"House 245, Kileleshwa Drive, Outering"
1931,Mwangi Momanyi,37441558,011546333,mwangi.momanyi@gmail.com,1956-01-10,Female,Nairobi,Lang'ata,Nairobi West,"Plot 100, Lane 17, Limuru"
1932,Nekesa Agnes Leshan,89722688,077649742,nekesa.leshan@gmail.com,1991-02-25,Female,Kiambu,Limuru,Limuru Central,"Plot 298, Lane 2, Lenana"
1933,Ondieki Gichuki,73733869,073971948,ondieki.gichuki@gmail.com,1968-05-05,Female,Kakamega,Shinyalu,Isukha North,"Plot 433, Lane 11, Outering"
1934,Micah Thomas Ndunge,80647142,010737430,micah.ndunge@outlook.com,2004-08-18,Female,Bungoma,Kabuchai,Bwake/Luuya,"House 111, Outering Road, Langata"
1935,Anyango Chepkoech Barasa,74318409,077430575,anyango.barasa@gmail.com,1957-10-26,Male,Kisumu,Kisumu West,West Kisumu,"House 117, Uhuru Street, Athi River"
1936,Ombati Teresa Nabwire,19717833,011877796,ombati.nabwire@hotmail.com,1992-08-13,Female,Kakamega,Ikolomani,Idakho East,"House 15, Thika Superhighway Drive, Uhuru"
1937,Ndunge Judith Musalia,10859190,079720796,ndunge.musalia@gmail.com,1989-01-13,Male,Kisumu,Kisumu East,Nyalenda 'A',"Plot 352, Lane 7, Lenana"
1938,Gitobu Mutai,34471441,074999099,gitobu.mutai@gmail.com,1970-08-27,Female,Nakuru,Kuresoi South,Kiptagich,"House 435, Thika Superhighway Street, Kangundo"
1939,Mary Kimani Mwakideu,94973393,078619497,mary.mwakideu@outlook.com,1964-11-27,Female,Machakos,Machakos Town,Mutituni,"Plot 213, Lane 19, Ruaraka"
1940,Peter Mungai,20012982,011985240,peter.mungai@gmail.com,1998-03-05,Female,Kakamega,Khwisero,Kisa Central,"Plot 216, Lane 10, Limuru"
1941,Anna Masinde Bett,20327493,079333125,anna.bett@outlook.com,1983-06-16,Female,Kiambu,Kiambu,Ndumberi,"Plot 243, Lane 1, Outering"
1942,Flora Musila,41071321,075863334,flora82@outlook.com,1993-01-19,Male,Kiambu,Kiambu,Ting'ang'a,"Plot 78, Lane 19, Westlands"
1943,George Muthama,15832368,011743208,george.muthama@gmail.com,1994-05-03,Female,Nairobi,Westlands,Kitisuru,"Plot 47, Lane 5, Kitisuru"
1944,Muthaa Habakkuk Situma,12871038,011748325,muthaa.situma@gmail.com,1997-12-11,Female,Nairobi,Westlands,Kangemi,"House 189, Kileleshwa Drive, Outering"
1945,Evelyn Mary Matoke,59335658,074671087,evelyn.matoke@gmail.com,1970-12-25,Female,Uasin Gishu,Kapseret,Langas,"Plot 439, Lane 16, Kikuyu"
1946,Githinji Salim,65163300,072744754,githinji.salim@yahoo.com,1973-12-21,Female,Kakamega,Matungu,Mayoni,"Plot 406, Lane 1, Kiambu Road"
1947,Matthew Kivuva,61772428,072823796,matthew.kivuva@gmail.com,1975-05-14,Female,Kilifi,Malindi,Shella,"Plot 428, Lane 17, Mombasa Road"
1948,Naliaka Hannah Mugo,43296039,070633917,naliaka.mugo@gmail.com,2000-03-09,Female,Kakamega,Ikolomani,Idakho Central,"Plot 335, Lane 15, Garden Estate"
1949,Paul Allan Mbuthia,14817439,073370769,paul.mbuthia@gmail.com,1990-08-26,Female,Nyeri,Nyeri Town,Ruring'u,"House 335, Kilimani Avenue, Langata"
1950,Peace Auma,34706155,078518361,peace.auma@outlook.com,1987-11-08,Female,Kiambu,Kabete,Gitaru,"Plot 71, Lane 9, Lenana"
1951,Mwirigi Mueni Mwango,71215394,072455490,mwirigi.mwango@gmail.com,1987-10-08,Male,Nairobi,Kibra,Lindi,"House 442, Kiambu Road, Jogoo"
1952,Jebet Mwaura,87881429,010266713,jebet.mwaura@outlook.com,1993-07-01,Female,Kisumu,Seme,West Seme,"House 444, Kangundo Avenue, Ngong"
1953,Anthony Mercy Musila,43452427,077856748,anthony.musila@gmail.com,1969-03-05,Female,Nakuru,Rongai,Solai,"Plot 223, Lane 7, Westlands"
1954,Michael Mwende Nafula,30833313,075487754,michael.nafula@yahoo.com,1970-10-06,Male,Turkana,Turkana North,Kaikor,"House 41, Waiyaki Avenue, Jogoo"
1955,Marete Njeri Mohamed,87789671,078712808,marete.mohamed@hotmail.com,1975-08-02,Male,Nairobi,Dagoretti North,Kilimani,"House 273, Lenana Drive, Parklands"
1956,Catherine Naipanoi Omondi,94989716,010476435,catherine.omondi@hotmail.com,1959-10-07,Male,Nakuru,Molo,Turi,"House 364, Kiambu Road Street, Kikuyu"
1957,Mworoa Chebet,64302933,072508720,mworoa.chebet@gmail.com,1986-06-12,Male,Nakuru,Naivasha,Lake View,"House 290, Kileleshwa Road, Thika Superhighway"
1958,Awiti Alice Owuor,23582811,011922076,awiti.owuor@hotmail.com,1966-06-03,Male,Bungoma,Kimilili,Kimilili,"House 76, Kileleshwa Street, Kitisuru"
1959,Njuguna Masinde,84642078,070160041,njuguna.masinde@yahoo.com,1982-09-21,Female,Nairobi,Dagoretti North,Kawangware,"House 75, Tom Mboya Street, Kiambu"
1960,Moses Isaac Awino,90690755,071528601,moses.awino@gmail.com,1983-08-16,Male,Kiambu,Lari,Kijabe,"House 108, Lenana Road, Kikuyu"
1961,Haggai Kipkirui Ongaya,74287218,072812277,haggai.ongaya@gmail.com,1989-02-16,Female,Mombasa,Kisauni,Mtopanga,"Plot 106, Lane 12, Kangundo"
1962,Kinyua Namukhula Akinyi,87179992,079704512,kinyua.akinyi@gmail.com,1980-01-03,Male,Kiambu,Githunguri,Ngewa,"Plot 90, Lane 20, Kiambu"
1963,Auma Mukhwana,73575916,011613823,auma.mukhwana@gmail.com,1971-12-19,Female,Kiambu,Lari,Kijabe,"House 388, Tom Mboya Road, Outering"
1964,Grace Kamotho,13782653,070896029,grace.kamotho@hotmail.com,2001-08-07,Female,Bomet,Bomet Central,Chesoen,"House 241, Kilimani Drive, Kikuyu"
1965,Momanyi Mbaka Kosgei,77626740,010749449,momanyi.kosgei@yahoo.com,1988-12-18,Female,Machakos,Machakos Town,Mutituni,"House 222, Kiambu Road Road, Mugumo"
1966,Mwangi Timothy Muema,37423498,078495830,mwangi.muema@gmail.com,1955-12-15,Male,Kisumu,Nyakach,South West Nyakach,"House 234, Limuru Avenue, Juja"
1967,Zechariah Musila,65854454,072349088,zechariah.musila@gmail.com,1999-11-08,Male,Nairobi,Lang'ata,Nairobi West,"Plot 121, Lane 10, Lavington"
1968,Paul Langat,95914139,070484395,paul.langat@hotmail.com,1993-09-07,Male,Uasin Gishu,Turbo,Tapsagoi,"House 409, Likoni Street, Moi Avenue"
1969,Kipsang Khaemba Awuor,66601919,070966113,kipsang.awuor@gmail.com,1983-03-22,Male,Bungoma,Webuye East,Ndivisi,"Plot 45, Lane 1, Parklands"
1970,Onsongo Nicholas Wamuyu,44436835,072793664,onsongo.wamuyu@gmail.com,1981-02-24,Male,Mombasa,Nyali,Frere Town,"Plot 410, Lane 9, Kikuyu"
1971,Mercy Mugo,18612304,074296353,mercy.mugo@gmail.com,2003-02-28,Male,Kiambu,Kiambu,Ting'ang'a,"Plot 165, Lane 17, Mombasa Road"
1972,Isaac Kamau,39231925,011636437,isaac.kamau@yahoo.com,1978-04-26,Male,Bomet,Chepalungu,Nyongores,"Plot 226, Lane 1, Tom Mboya"
1973,Nicholas Chepkorir,56991068,072376922,nicholas.chepkorir@yahoo.com,1993-09-16,Male,Nairobi,Westlands,Kitisuru,"Plot 448, Lane 1, Parklands"
1974,Aaron Wamalwa,89750628,077560245,aaron.wamalwa@yahoo.com,1993-04-04,Female,Kakamega,Matungu,Namamali,"Plot 279, Lane 12, Waiyaki"
1975,Gitonga Gakii Wekesa,62631260,079505161,gitonga.wekesa@gmail.com,1997-02-11,Female,Trans Nzoia,Cherangany,Cherangany/Suwerwa,"House 301, Likoni Street, Mugumo"
1976,Achieng Mutinda,82433847,071153190,achieng.mutinda@gmail.com,1984-08-08,Male,Meru,Igembe North,Antubetwe Kiongo,"House 176, Kangundo Avenue, Kileleshwa"
1977,Kebaso Ndunda,40718118,071699423,kebaso.ndunda@gmail.com,1978-06-21,Female,Kakamega,Matungu,Khalaba,"House 450, River Road Drive, Thika Superhighway"
1978,Otieno Moraa Wanjala,65702103,011675520,otieno.wanjala@outlook.com,1978-09-19,Male,Kakamega,Matungu,Khalaba,"Plot 91, Lane 18, Kasarani"
1979,Omondi Kevin Munyao,63703403,072154167,omondi.munyao@hotmail.com,1993-03-16,Female,Nairobi,Dagoretti South,Uthiru,"Plot 241, Lane 1, Uhuru"
1980,Zephaniah Njoroge Kamande,14866710,075539750,zephaniah.kamande@outlook.com,1969-04-02,Female,Meru,Tigania East,Mikinduri,"House 102, Kangundo Street, Jogoo"
1981,Kipchumba Simiyu,83116783,079113196,kipchumba.simiyu@gmail.com,1969-04-16,Female,Kisumu,Kisumu East,Kajulu,"House 268, Kasarani Street, Uhuru"
1982,Philemon Ondieki,43777420,079871059,philemon.ondieki@hotmail.com,1994-02-18,Female,Machakos,Mavoko,Kinanie,"Plot 168, Lane 11, Ngong"
1983,Ndinda Muema,75317756,073801034,ndinda.muema@yahoo.com,1987-06-27,Male,Trans Nzoia,Endebess,Matumbei,"House 292, Thika Superhighway Road, Ngong Road"
1984,Mwania Ombati Kinyua,62543403,074585710,mwania.kinyua@gmail.com,1971-05-27,Female,Nairobi,Kasarani,Clay City,"House 460, Jogoo Road, Kasarani"
1985,Mukhwana Wafula,36738225,077550726,mukhwana.wafula@hotmail.com,1973-10-04,Male,Meru,Central Imenti,Kathonzweni,"House 297, Ngong Road Drive, Athi River"
1986,Bosibori Auma Waithera,25687218,073964743,bosibori.waithera@yahoo.com,1984-12-03,Male,Kisumu,Seme,West Seme,"House 316, Kangundo Road, Mugumo"
1987,Wangari Edith Jepkoech,48373096,079291569,wangari.jepkoech@hotmail.com,1989-04-02,Female,Machakos,Machakos Town,Kalama,"Plot 139, Lane 12, Langata"
1988,Erick Rimberia,97688828,011291128,erick.rimberia@gmail.com,1998-08-08,Male,Mombasa,Mvita,Tudor,"House 103, Thika Drive, Likoni"
1989,Nyambura Bridget Awuor,38402180,075425766,nyambura.awuor@gmail.com,1997-04-21,Female,Bungoma,Webuye East,Ndivisi,"House 159, River Road Avenue, Parklands"
1990,Caroline Charity Kipkemoi,15425350,076487437,caroline.kipkemoi@outlook.com,1984-01-01,Male,Kakamega,Shinyalu,Isukha Central,"Plot 81, Lane 5, Ngong"
1991,Kiprop Nyambane Wabomba,28896219,011156010,kiprop.wabomba@outlook.com,1996-12-18,Female,Machakos,Masinga,Ekalakala,"Plot 451, Lane 6, Westlands"
1992,Charity Joshua Muriuki,76161613,071775206,charity.muriuki@outlook.com,1966-09-25,Female,Kakamega,Lugari,Manda/Shivanga,"Plot 297, Lane 20, Athi River"
1993,Caroline Gilbert Kebaso,56678696,070331140,caroline.kebaso@yahoo.com,1990-12-28,Male,Bungoma,Sirisia,Malakisi/South Kulisiru,"Plot 219, Lane 1, Ngong"
1994,Daniel Kathure Mitei,15062785,078666582,daniel.mitei@yahoo.com,1976-08-06,Female,Nairobi,Kibra,Lindi,"Plot 442, Lane 1, Waiyaki"
1995,Nafula Jepkoech,40954066,011410968,nafula.jepkoech@hotmail.com,1990-08-14,Male,Kilifi,Kilifi South,Shimo la Tewa,"Plot 260, Lane 10, Moi Avenue"
1996,Okoth Awuor,14053301,077771077,okoth.awuor@outlook.com,1960-10-16,Female,Kisumu,Muhoroni,Muhoroni/Koru,"Plot 480, Lane 5, Thika"
1997,Evelyn Emily Musila,48553029,071125351,evelyn.musila@outlook.com,1986-11-23,Male,Mombasa,Mvita,Shimanzi,"Plot 458, Lane 18, Ngong"
1998,Lydia Rweria Keter,35125332,011322258,lydia.keter@yahoo.com,2005-09-14,Male,Uasin Gishu,Soy,Kipsomba,"Plot 28, Lane 18, Thika Superhighway"
1999,Ondieki Cheruiyot,85362499,076400329,ondieki.cheruiyot@hotmail.com,2003-03-16,Male,Mombasa,Changamwe,Chaani,"House 348, Garden Estate Street, Langata"
2000,Opiyo Wairimu,82772367,075469666,opiyo.wairimu@gmail.com,1984-05-10,Male,Mombasa,Changamwe,Chaani,"House 356, Garden Estate Road, Parklands"
2001,Mwania Gichuru,69686509,076258266,mwania.gichuru@hotmail.com,1956-08-06,Male,Kakamega,Shinyalu,Isukha South,"Plot 368, Lane 17, Kasarani"
2002,Mbaka Kasina Kipaati,44086060,072504919,mbaka.kipaati@outlook.com,1967-04-10,Male,Kiambu,Lari,Kijabe,"House 58, Mugumo Avenue, Kenyatta"
2003,Mutisya Harun Kiprop,26692837,070586668,mutisya.kiprop@gmail.com,1977-06-11,Female,Kilifi,Kilifi South,Chasimba,"Plot 69, Lane 3, Kangundo"
2004,Senteu Oduya,46374295,077998746,senteu.oduya@gmail.com,1985-04-13,Male,Meru,Buuri,Ruiri/Rwarera,"House 282, Moi Avenue Drive, Juja"
2005,Ruth Kagwe,91037151,010230326,ruth.kagwe@gmail.com,1973-03-20,Male,Nyeri,Othaya,Ngaru,"Plot 208, Lane 18, Ngong"
2006,Ndunge Baya,45463719,071339612,ndunge.baya@gmail.com,1955-10-15,Female,Kisumu,Nyakach,Central Nyakach,"Plot 419, Lane 1, Waiyaki"
2007,Masinde Nabea Kipsang,88399776,010897970,masinde.kipsang@gmail.com,2000-01-01,Male,Mombasa,Changamwe,Changamwe,"Plot 47, Lane 1, Kiambu"
2008,Namukhula Karanja,94457909,074559209,namukhula.karanja@gmail.com,1950-08-15,Male,Mombasa,Mvita,Tononoka,"Plot 296, Lane 3, Moi Avenue"
2009,Wanjiku Ngeno,58092949,075427376,wanjiku.ngeno@hotmail.com,1996-01-01,Male,Nakuru,Kuresoi North,Kamara,"House 68, Lavington Road, Kileleshwa"
2010,Mutisya Kipngetich,95190598,072925100,mutisya.kipngetich@gmail.com,1965-12-11,Female,Kakamega,Lugari,Manda/Shivanga,"House 99, Kasarani Avenue, Likoni"
2011,Kiprono Mwamburi,82794055,073699064,kiprono.mwamburi@gmail.com,1984-06-07,Male,Kisumu,Kisumu West,Central Kisumu,"House 65, Kiambu Road Road, Tom Mboya"
2012,Ndunge Momanyi,92278420,075501623,ndunge.momanyi@yahoo.com,1982-09-11,Female,Meru,Buuri,Ruiri/Rwarera,"House 61, Argwings Kodhek Street, Kiambu"
2013,Wabomba Kipkirui Wadada,16777558,075660437,wabomba.wadada@gmail.com,2003-11-16,Female,Bungoma,Mt. Elgon,Elgon,"Plot 69, Lane 6, Argwings Kodhek"
2014,Eunice Silas Kiarie,18206879,079934950,eunice.kiarie@gmail.com,1971-07-21,Male,Kisumu,Kisumu West,Central Kisumu,"Plot 377, Lane 16, Thika"
2015,Mukhwana Onyango Kemei,75566886,074801408,mukhwana.kemei@yahoo.com,1998-04-18,Male,Kisumu,Muhoroni,Chemelil,"House 143, Moi Avenue Road, Langata"
2016,Wambui Kevin Muema,66791673,073321102,wambui.muema@yahoo.com,1963-03-17,Male,Nyeri,Tetu,Wamagana,"Plot 329, Lane 14, Langata"
2017,Michael Catherine Kosgei,57147284,071821722,michael.kosgei@outlook.com,1956-09-22,Female,Nakuru,Subukia,Waseges,"House 11, Kiambu Drive, Argwings Kodhek"
2018,Nyaboke Oduya Keter,54161644,010991683,nyaboke.keter@gmail.com,1973-04-27,Female,Turkana,Turkana West,Lopur,"House 21, Uhuru Road, Lenana"
2019,Onyango Mitei,37234157,074528183,onyango.mitei@yahoo.com,2002-01-13,Female,Nakuru,Nakuru Town West,London,"Plot 431, Lane 5, Ruaraka"
2020,Victor Auma,50205857,010231216,victor.auma@gmail.com,1951-09-20,Male,Machakos,Mavoko,Athi River,"House 70, River Road Street, Outering"
2021,Susan Kipkirui,57318239,072751462,susan.kipkirui@hotmail.com,1979-09-01,Female,Kakamega,Lugari,Lugari,"House 5, River Road Avenue, Ruiru"
2022,Susan Robert Mwaura,57111504,011236219,susan.mwaura@outlook.com,1979-12-27,Male,Nyeri,Mathira,Ruguru,"Plot 375, Lane 19, Ruaraka"
2023,Adoyo Senteu,66823841,010963818,adoyo.senteu@gmail.com,1996-07-01,Female,Bungoma,Kabuchai,Bwake/Luuya,"House 286, Kasarani Avenue, Kangundo"
2024,Chepkoech Gichuru Rono,97670851,072913074,chepkoech.rono@hotmail.com,1990-10-01,Male,Nakuru,Molo,Marioshoni,"Plot 279, Lane 11, Kangundo"
2025,Brenda Kinya,81778448,011645575,brenda.kinya@yahoo.com,1974-03-13,Female,Kakamega,Shinyalu,Isukha West,"House 83, Jogoo Street, Thika"
2026,Muriuki Towett,97252135,010174558,muriuki.towett@gmail.com,2006-05-11,Female,Nyeri,Nyeri Town,Kamakwa/Mukaro,"Plot 78, Lane 17, Langata"
2027,Cynthia Kenga,19502237,076405261,cynthia.kenga@hotmail.com,1953-07-10,Female,Nairobi,Westlands,Kangemi,"Plot 151, Lane 5, Mombasa Road"
2028,Grace Thomas Mogaka,93462304,071889795,grace.mogaka@hotmail.com,2001-06-19,Female,Kisumu,Kisumu West,Central Kisumu,"Plot 404, Lane 7, Lenana"
2029,Haggai Hope Wambui,72923973,010698266,haggai.wambui@gmail.com,1955-02-11,Female,Meru,Buuri,Kisima,"Plot 336, Lane 5, Ruaraka"
2030,Barnabas Katua,51949099,071209771,barnabas.katua@yahoo.com,1994-11-07,Female,Meru,Buuri,Kisima,"Plot 35, Lane 9, Kitisuru"
2031,Naserian Kagwe,47781952,071969691,naserian.kagwe@hotmail.com,1959-01-11,Female,Kilifi,Kilifi South,Shimo la Tewa,"Plot 432, Lane 15, Langata"
2032,Awiti Mutua,72906871,011370198,awiti.mutua@yahoo.com,1995-05-12,Female,Machakos,Mavoko,Syokimau/Mulolongo,"Plot 411, Lane 11, Thika Superhighway"
2033,Priscilla Gilbert Naliaka,64779896,072888954,priscilla.naliaka@yahoo.com,1987-11-06,Male,Meru,South Imenti,Nkuene,"Plot 126, Lane 19, Likoni"
2034,Mutinda Ochieng,22303040,072584133,mutinda.ochieng@gmail.com,1995-08-10,Female,Machakos,Matungulu,Matungulu North,"House 310, Kangundo Avenue, Kasarani"
2035,Wangari Wanjala,95667481,075324793,wangari.wanjala@gmail.com,1967-06-20,Female,Trans Nzoia,Saboti,Machewa,"Plot 174, Lane 9, Athi River"
2036,Njuguna Nabwire Rimberia,85891673,074158840,njuguna.rimberia@gmail.com,1994-08-12,Male,Turkana,Turkana East,Katilia,"House 227, Karen Street, Tom Mboya"
2037,Benjamin John Mcharo,99446929,078876714,benjamin.mcharo@hotmail.com,1984-07-13,Female,Kiambu,Lari,Kijabe,"Plot 93, Lane 13, Limuru"
2038,Adhiambo Wanjala,66741018,011342665,adhiambo.wanjala@gmail.com,1995-02-12,Male,Kilifi,Rabai,Mwawesa,"House 132, Thika Road, Westlands"
2039,Sharon Kipchirchir,77636701,070981327,sharon.kipchirchir@gmail.com,1988-06-21,Male,Bungoma,Kabuchai,Kabuchai/Chwele,"House 292, Kasarani Road, Mugumo"
2040,Aaron Mumo Wambugu,79752010,070208428,aaron.wambugu@gmail.com,1981-06-14,Female,Kiambu,Kabete,Nyathuna,"Plot 381, Lane 12, Mombasa Road"
2041,Mwende Kimutai,68606757,072256250,mwende.kimutai@yahoo.com,1994-12-26,Female,Kakamega,Mumias East,East Wanga,"Plot 214, Lane 15, Jogoo"
2042,Kevin Kipaati,59079312,073461134,kevin.kipaati@yahoo.com,2006-03-09,Female,Trans Nzoia,Kwanza,Keiyo,"House 184, Kangundo Road, Tom Mboya"
2043,Odhiambo Namukhula,52549710,010648467,odhiambo.namukhula@gmail.com,1998-01-01,Male,Meru,North Imenti,Mweronkanga,"House 173, Athi River Street, Athi River"
2044,Micah Collins Mukhwana,42400492,073558286,micah.mukhwana@gmail.com,1955-04-11,Female,Nakuru,Subukia,Kabazi,"Plot 235, Lane 5, Lenana"
2045,Anna Ndegwa,72040483,010607389,anna.ndegwa@gmail.com,1993-05-03,Female,Mombasa,Kisauni,Mtopanga,"House 453, Kilimani Road, Kenyatta"
2046,Wambugu Onsongo Kaimenyi,82239027,011542464,wambugu.kaimenyi@gmail.com,1989-06-07,Male,Kakamega,Shinyalu,Isukha West,"House 447, Kitisuru Street, Moi Avenue"
2047,Wafula Gladys Wabomba,25012106,075179418,wafula.wabomba@gmail.com,1983-09-18,Male,Trans Nzoia,Endebess,Endebess,"House 82, Kilimani Street, Moi Avenue"
2048,Kariuki Kipchumba Marete,76678206,075631550,kariuki.marete@outlook.com,1989-03-16,Female,Kakamega,Butere,Marama South,"House 238, Kikuyu Road, Limuru"
2049,Kasina Isaac Kipkirui,14120244,078577912,kasina.kipkirui@hotmail.com,1972-02-15,Male,Nairobi,Kasarani,Njiru,"Plot 112, Lane 10, Westlands"
2050,Rose Koech,93195478,010681576,rose.koech@gmail.com,1984-03-22,Female,Nairobi,Dagoretti South,Waithaka,"House 102, Kiambu Street, Limuru"
2051,Wekesa Njeri Mungai,41923612,075481886,wekesa.mungai@gmail.com,2002-11-02,Female,Machakos,Kangundo,Kangundo North,"Plot 336, Lane 14, River Road"
2052,Philemon Kamotho,42724072,076713474,philemon.kamotho@outlook.com,1997-10-24,Female,Trans Nzoia,Cherangany,Motosi,"Plot 296, Lane 13, Westlands"
2053,Muthoni Njoroge,54336695,078571809,muthoni.njoroge@hotmail.com,1969-03-01,Female,Nairobi,Kasarani,Kasarani,"House 8, Kiambu Road Road, Lenana"
2054,Cherotich Tsuma,33371123,010920958,cherotich.tsuma@gmail.com,1990-01-05,Female,Nakuru,Rongai,Soin,"House 205, Kitisuru Street, Karen"
2055,Victor Kenei,11789993,011863468,victor.kenei@outlook.com,1993-08-17,Male,Nakuru,Rongai,Soin,"Plot 374, Lane 15, Ngong"
2056,Ronald Ondieki Njoroge,42659117,011492203,ronald.njoroge@gmail.com,1984-07-08,Male,Bungoma,Kimilili,Maeni,"House 321, Argwings Kodhek Drive, Juja"
2057,Irene Mulwa Ondieki,91101409,074881214,irene.ondieki@gmail.com,1977-02-28,Male,Trans Nzoia,Kwanza,Kwanza,"Plot 6, Lane 19, Kenyatta"
2058,Kipngetich Mbaka Munyori,50021320,072855082,kipngetich.munyori@gmail.com,1987-04-07,Male,Nairobi,Dagoretti North,Kawangware,"Plot 332, Lane 6, Kilimani"
2059,Kipkorir Mwikali Wachira,53699242,075511921,k.w@yahoo.com,1947-12-06,Female,Kiambu,Kabete,Gitaru,"Plot 270, Lane 10, Moi Avenue"
2060,Syombua Onsongo Kipkorir,91499552,077504483,syombua.kipkorir@gmail.com,1975-02-08,Male,Bomet,Sotik,Kapletundo,"House 119, Kiambu Avenue, Mugumo"
2061,Kebaso Omar,72002380,071639424,kebaso.omar@hotmail.com,2003-03-18,Female,Nyeri,Tetu,Dedan Kimathi,"Plot 188, Lane 8, Outering"
2062,Alexander Naliaka,74025259,070297440,alexander.naliaka@hotmail.com,1990-08-01,Female,Kiambu,Githunguri,Githunguri,"Plot 281, Lane 6, Garden Estate"
2063,Chepkirui Mukhwana,68080257,011292553,chepkirui.mukhwana@hotmail.com,1984-06-22,Male,Mombasa,Nyali,Ziwa la Ng'ombe,"Plot 338, Lane 3, Ngong Road"
2064,John Jane Awiti,77158078,074404789,john.awiti@gmail.com,1972-12-16,Male,Nakuru,Subukia,Kabazi,"Plot 198, Lane 17, Limuru"
2065,Habakkuk Cecilia Maina,81874786,071398461,habakkuk.maina@yahoo.com,1983-07-22,Female,Bomet,Bomet East,Longisa,"Plot 93, Lane 6, Westlands"
2066,Judith Chepkirui Mwania,38438843,011791689,judith.mwania@yahoo.com,1979-08-14,Male,Meru,Tigania East,Thangatha,"Plot 231, Lane 17, Langata"
2067,Silas Victor Ndunge,30502761,011531764,silas.ndunge@outlook.com,1975-07-24,Female,Mombasa,Jomvu,Miritini,"House 337, Westlands Street, Ngong Road"
2068,Kagwiria Nganga,29199495,074460243,kagwiria.nganga@yahoo.com,1984-04-22,Male,Kilifi,Kaloleni,Mwanamwinga,"House 42, Jogoo Street, Limuru"
2069,Achieng Opiyo Githinji,58294486,079418132,achieng.githinji@outlook.com,1989-03-23,Female,Turkana,Turkana West,Letea,"Plot 265, Lane 5, Kiambu"
2070,Onditi Maingi,51940537,072291038,onditi.maingi@gmail.com,1998-11-15,Male,Uasin Gishu,Kesses,Cheptiret/Kipchamo,"Plot 235, Lane 12, Kileleshwa"
2071,Victor Kanampiu Mutune,36346210,071468419,victor.mutune@gmail.com,2001-10-27,Male,Mombasa,Nyali,Kongowea,"House 458, Kikuyu Drive, Argwings Kodhek"
2072,Kipchirchir Kevin Gitonga,94788471,010856813,kipchirchir.gitonga@gmail.com,1980-11-26,Female,Nairobi,Lang'ata,Karen,"House 469, Westlands Street, Ngong"
2073,Kagwiria Adoyo Leshan,12429893,073141903,kagwiria.leshan@outlook.com,1990-10-04,Male,Kakamega,Khwisero,Kisa North,"Plot 205, Lane 14, Athi River"
2074,Githinji Rachel Koech,38840856,075612229,githinji.koech@gmail.com,1972-11-11,Male,Nairobi,Dagoretti South,Riruta,"Plot 39, Lane 17, Mombasa Road"
2075,Amos Kebaso,78782838,079146982,amos.kebaso@gmail.com,1974-02-02,Male,Nairobi,Dagoretti North,Kilimani,"House 306, Mugumo Avenue, Kiambu Road"
2076,Atieno Mugo Koech,93373651,071222233,atieno.koech@gmail.com,1978-02-22,Male,Kakamega,Khwisero,Kisa North,"House 237, Outering Street, Jogoo"
2077,Nicholas Faith Awino,76679708,072587676,nicholas.awino@yahoo.com,1978-11-11,Male,Nairobi,Westlands,Mountain View,"House 210, Kiambu Avenue, Lavington"
2078,Kinyua Kemei,38551356,072747228,kinyua.kemei@gmail.com,1981-07-12,Male,Kakamega,Matungu,Mayoni,"House 221, Athi River Drive, Kitisuru"
2079,Njoroge Kariuki,81521013,073488873,njoroge.kariuki@yahoo.com,1988-11-18,Female,Nakuru,Bahati,Kiamaina,"Plot 36, Lane 3, River Road"
2080,Kipkoech Naliaka,64630096,011966992,kipkoech.naliaka@yahoo.com,1970-05-25,Female,Meru,North Imenti,Mweronkanga,"House 36, Kenyatta Street, Mugumo"
2081,John Opiyo Munyori,31163742,072684006,john.munyori@gmail.com,1967-12-08,Male,Nyeri,Nyeri Town,Kamakwa/Mukaro,"Plot 223, Lane 13, Kilimani"
2082,Mworoa Musyimi,44831935,078250208,mworoa.musyimi@gmail.com,1987-01-06,Female,Nyeri,Mukurweini,Mukurwe-ini West,"Plot 286, Lane 11, Thika Superhighway"
2083,Nekesa Wamalwa,41891276,011432285,nekesa.wamalwa@gmail.com,1974-10-26,Female,Nakuru,Subukia,Subukia,"Plot 8, Lane 8, Limuru"
2084,Cecilia Ndunda,26497914,078415451,cecilia.ndunda@gmail.com,1983-01-12,Female,Nairobi,Westlands,Kangemi,"Plot 292, Lane 6, Kilimani"
2085,Stephen Thomas Kipchumba,95913974,073310758,stephen.kipchumba@yahoo.com,1996-02-14,Male,Kiambu,Kikuyu,Sigona,"Plot 341, Lane 14, Lenana"
2086,Silas Mwaura,99582601,073281825,silas.mwaura@hotmail.com,2002-07-03,Female,Nakuru,Kuresoi North,Kiptororo,"Plot 225, Lane 17, Parklands"
2087,Caroline Wachira Tsuma,90547120,072308893,caroline.tsuma@outlook.com,1962-01-23,Male,Nakuru,Kuresoi South,Tinet,"House 372, Kitisuru Road, Athi River"
2088,Jepchumba Kagwe,90233459,078570750,jepchumba.kagwe@outlook.com,2004-11-10,Male,Machakos,Kathiani,Upper Kaewa/Iveti,"House 312, Westlands Road, River Road"
2089,Masinde Elizabeth Kaimenyi,57297700,074430317,masinde.kaimenyi@yahoo.com,1950-03-02,Male,Kisumu,Kisumu Central,Kaloleni,"House 257, Ruaraka Drive, Ngong Road"
2090,Syokau Kivuva,78479889,074453150,syokau.kivuva@outlook.com,1970-10-15,Female,Mombasa,Nyali,Mkomani,"Plot 75, Lane 3, Langata"
2091,Priscilla Onyango,34167761,011926937,priscilla.onyango@yahoo.com,1988-08-25,Male,Mombasa,Nyali,Frere Town,"Plot 173, Lane 3, Mombasa Road"
2092,Kaimenyi Akinyi Kipkoech,68353816,075415710,kaimenyi.kipkoech@outlook.com,1989-03-20,Male,Nairobi,Westlands,Mountain View,"House 38, Uhuru Road, River Road"
2093,Martin Mary Ondieki,34914143,071530846,martin.ondieki@gmail.com,1997-11-09,Female,Meru,Tigania East,Muthara,"House 223, Kitisuru Avenue, Juja"
2094,Kipkirui Wanjiku Otieno,35767761,011591807,kipkirui.otieno@outlook.com,1954-02-10,Female,Nakuru,Rongai,Soin,"House 390, Moi Avenue Avenue, Thika"
2095,Gichuru Joseph Chepkwony,24775883,010382427,gichuru.chepkwony@yahoo.com,1966-04-04,Female,Kiambu,Ruiru,Kiuu,"Plot 358, Lane 2, Argwings Kodhek"
2096,Gathoni Martha Kivuva,20416193,078159379,gathoni.kivuva@gmail.com,1976-09-15,Male,Kilifi,Magarini,Gongoni,"House 109, Limuru Avenue, River Road"
2097,Nahum Onyango Korir,85642637,071591108,nahum.korir@gmail.com,2002-12-17,Male,Kiambu,Limuru,Limuru East,"Plot 303, Lane 16, Athi River"
2098,Anthony Syokau Jebet,74594778,075729155,anthony.jebet@yahoo.com,1988-04-05,Female,Trans Nzoia,Kwanza,Kapomboi,"House 316, Kileleshwa Avenue, Kikuyu"
2099,Wambugu Sarah Nekesa,29206813,077426199,wambugu.nekesa@gmail.com,1968-05-11,Male,Kiambu,Ruiru,Gatong'ora,"Plot 122, Lane 6, Kilimani"
2100,Kimeu Kenga,21153587,010947034,kimeu.kenga@gmail.com,1993-07-04,Male,Nakuru,Kuresoi South,Keringet,"House 45, Argwings Kodhek Drive, Parklands"
2101,Njeri Khaemba Mitei,81865711,071380714,njeri.mitei@outlook.com,1978-07-05,Female,Uasin Gishu,Ainabkoi,Ainabkoi/Olare,"Plot 288, Lane 4, Kileleshwa"
2102,Anyango Onsongo,99309976,011469262,anyango.onsongo@yahoo.com,1967-10-05,Female,Mombasa,Mvita,Tononoka,"House 425, Limuru Street, Kilimani"
2103,Elijah Kiprotich,60148340,072223750,elijah.kiprotich@outlook.com,1969-01-16,Male,Trans Nzoia,Cherangany,Motosi,"House 214, Kilimani Road, Parklands"
2104,Dorothy Daniel Kinyua,83742877,010959393,dorothy.kinyua@outlook.com,1985-11-26,Female,Nakuru,Bahati,Kiamaina,"Plot 462, Lane 20, Kilimani"
2105,Nasimiyu John Kipngetich,46221486,071828978,nasimiyu.kipngetich@gmail.com,1971-03-03,Male,Nairobi,Lang'ata,Nyayo Highrise,"Plot 212, Lane 1, Garden Estate"
2106,Naisula Okoth,34532109,073477031,naisula.okoth@yahoo.com,1980-08-01,Male,Trans Nzoia,Saboti,Matisi,"Plot 408, Lane 6, Parklands"
2107,George Brian Mbuthia,72768816,071940737,george.mbuthia@gmail.com,1968-03-16,Male,Kakamega,Matungu,Kholera,"Plot 13, Lane 4, Lavington"
2108,Martin Wekesa,38792473,010786983,martin.wekesa@yahoo.com,1983-10-03,Female,Kakamega,Mumias East,Malaha/Isongo/Masindi,"Plot 224, Lane 20, Kiambu Road"
2109,Haggai Munyori,36869304,073930569,haggai.munyori@outlook.com,1980-07-18,Female,Bungoma,Webuye East,Mihuu,"House 303, Outering Avenue, Jogoo"
2110,Wangeci Martha Tsuma,44435612,070653356,wangeci.tsuma@gmail.com,2000-04-14,Male,Nairobi,Kibra,Makina,"Plot 77, Lane 12, Ngong Road"
2111,Kipkemoi Kagwe,20969370,010243817,kipkemoi.kagwe@gmail.com,1966-05-26,Female,Kakamega,Matungu,Kholera,"House 385, Garden Estate Drive, Kileleshwa"
2112,Awuor Onditi Tsuma,60890181,073732535,awuor.tsuma@outlook.com,1990-12-14,Female,Meru,Igembe Central,Kiegoi,"Plot 129, Lane 19, Likoni"
2113,Bridget Muthama,46879055,070409454,bridget.muthama@outlook.com,1972-11-08,Female,Kilifi,Kilifi North,Dabaso,"Plot 463, Lane 2, Ngong Road"
2114,Kwamboka Micah Simiyu,61144210,079434695,kwamboka.simiyu@gmail.com,1965-03-01,Female,Machakos,Masinga,Muthesya,"Plot 186, Lane 16, Tom Mboya"
2115,Nyambane Kenei,13145430,073583680,nyambane.kenei@gmail.com,1987-07-17,Female,Kakamega,Khwisero,Kisa East,"House 330, Westlands Street, Tom Mboya"
2116,Kipkoech Faith Kiprono,74547148,074643458,kipkoech.kiprono@gmail.com,1979-05-14,Male,Uasin Gishu,Kesses,Taratai,"House 56, Langata Road, Outering"
2117,Njoroge Ezekiel Mutua,70819026,072314840,njoroge.mutua@hotmail.com,1994-02-04,Female,Kiambu,Lari,Kamburu,"Plot 303, Lane 18, Juja"
2118,Ndinda Anna Mburu,75567522,074109899,ndinda.mburu@yahoo.com,1962-05-08,Female,Kakamega,Mumias East,Malaha/Isongo/Masindi,"Plot 299, Lane 15, Ruiru"
2119,Mutheu Mukhwana Owuor,78148504,072337780,mutheu.owuor@gmail.com,1995-07-05,Female,Uasin Gishu,Kapseret,Langas,"Plot 338, Lane 11, Westlands"
2120,Amos Kipkemoi,80722730,077695271,amos.kipkemoi@gmail.com,1982-06-24,Female,Nairobi,Lang'ata,Karen,"House 364, Karen Drive, Argwings Kodhek"
2121,Hope Jebet Nyambane,16893281,073431807,hope.nyambane@gmail.com,1999-02-04,Female,Kilifi,Kaloleni,Mariakani,"House 125, Thika Superhighway Street, Parklands"
2122,Kagwiria Syombua Kiarie,84608123,075978390,kagwiria.kiarie@outlook.com,1952-01-08,Male,Machakos,Matungulu,Tala,"Plot 430, Lane 9, Jogoo"
2123,Nasimiyu Kipchumba,29741598,071738076,nasimiyu.kipchumba@hotmail.com,1959-07-05,Male,Kilifi,Kaloleni,Kaloleni,"House 162, Westlands Road, Thika Superhighway"
2124,Daniel Awiti,90677906,073984450,daniel.awiti@gmail.com,1982-12-17,Male,Machakos,Matungulu,Matungulu North,"House 361, Karen Drive, Lenana"
2125,Mwania Mwangi,28148594,010364202,mwania.mwangi@hotmail.com,1986-01-01,Female,Nyeri,Kieni,Mwiyogo/Endarasha,"House 221, Mombasa Road Drive, Mugumo"
2126,Florence Mutwiri Nasimiyu,88733055,073104626,florence.nasimiyu@gmail.com,1969-01-07,Female,Trans Nzoia,Endebess,Endebess,"Plot 25, Lane 5, Moi Avenue"
2127,Kanampiu Maina,64570721,074426418,kanampiu.maina@gmail.com,1981-02-16,Female,Machakos,Mavoko,Kinanie,"Plot 71, Lane 7, Mugumo"
2128,Marete Wangari,11362154,071103850,marete.wangari@hotmail.com,1987-10-16,Female,Mombasa,Changamwe,Chaani,"House 463, Uhuru Drive, Kenyatta"
2129,Mumo Chepkorir Jebet,99379526,073859966,mumo.jebet@gmail.com,2004-07-02,Female,Nakuru,Gilgil,Malewa West,"Plot 161, Lane 17, Westlands"
2130,Habakkuk Wairimu,29687397,011104321,habakkuk.wairimu@outlook.com,1999-09-16,Female,Nyeri,Tetu,Aguthi/Gaaki,"Plot 366, Lane 17, Tom Mboya"
2131,Njuguna Joshua Wanyoike,48406527,072512426,njuguna.wanyoike@yahoo.com,1975-04-06,Female,Nairobi,Kibra,Sarang'ombe,"Plot 140, Lane 10, Thika"
2132,Kipkemoi Omar,38186515,010880872,kipkemoi.omar@yahoo.com,1983-12-15,Male,Nairobi,Lang'ata,South C,"Plot 331, Lane 2, Karen"
2133,Kebaso Philemon Naliaka,24810962,011889406,kebaso.naliaka@gmail.com,1982-11-25,Female,Trans Nzoia,Saboti,Kinyoro,"Plot 73, Lane 13, Kilimani"
2134,Naisula Kariuki,39930875,070304176,naisula.kariuki@gmail.com,1982-06-19,Female,Uasin Gishu,Moiben,Sergoit,"House 6, Juja Avenue, Kikuyu"
2135,Monica Kimani Nganga,23384713,011892594,monica.nganga@gmail.com,1997-04-05,Male,Kiambu,Kabete,Muguga,"Plot 364, Lane 7, Argwings Kodhek"
2136,Sophia Mark Omondi,35045820,072337896,sophia.omondi@hotmail.com,1965-12-18,Male,Kilifi,Kilifi South,Mtepeni,"House 306, Uhuru Drive, Kilimani"
2137,Kasina Mwinyi,87177243,011792827,kasina.mwinyi@yahoo.com,1959-06-21,Female,Bomet,Chepalungu,Kongasis,"House 117, Limuru Street, Garden Estate"
2138,Monica Muema Mwakisha,34827279,074522441,monica.mwakisha@outlook.com,1983-10-28,Female,Kiambu,Lari,Kamburu,"House 317, Ngong Drive, Thika Superhighway"
2139,Kipkemboi Wadada,82494405,071639491,kipkemboi.wadada@hotmail.com,1992-03-13,Female,Kakamega,Mumias East,Malaha/Isongo/Masindi,"Plot 432, Lane 20, Kikuyu"
2140,Masinde Odhiambo Salim,49707312,010110388,masinde.salim@outlook.com,2004-02-16,Male,Kakamega,Ikolomani,Idakho South,"Plot 245, Lane 20, Ruaraka"
2141,Hannah Mohamed,45979347,073114368,hannah.mohamed@outlook.com,1995-07-20,Male,Nakuru,Kuresoi North,Nyota,"Plot 417, Lane 17, Kenyatta"
2142,Wangari Hassan,79865892,074765595,wangari.hassan@gmail.com,1969-04-17,Female,Kiambu,Kiambu,Kihara,"House 434, Thika Avenue, Moi Avenue"
2143,Wafula Mumo,77177290,011139660,wafula.mumo@gmail.com,1993-09-12,Male,Bungoma,Sirisia,Namwela,"House 207, Outering Road, Uhuru"
2144,Bridget Kiprono,41665325,077581728,bridget.kiprono@gmail.com,1993-12-09,Male,Uasin Gishu,Kapseret,Ngeria,"Plot 466, Lane 9, Ngong"
2145,Mueni Ombati,10641625,011512776,mueni.ombati@gmail.com,1975-11-14,Male,Kilifi,Magarini,Garashi,"Plot 306, Lane 17, Outering"
2146,Peace Peace Kipkemoi,23948545,075386167,peace.kipkemoi@yahoo.com,1958-04-23,Female,Bomet,Bomet Central,Silibwet Township,"House 11, Waiyaki Road, Kiambu Road"
2147,Naipanoi Cecilia Situma,23657675,076419866,naipanoi.situma@hotmail.com,1988-01-21,Female,Meru,Igembe Central,Akachiu,"Plot 466, Lane 4, Langata"
2148,Barnabas Jonah Nanjala,27850353,072150279,barnabas.nanjala@gmail.com,1990-01-01,Female,Turkana,Loima,Loima,"House 235, Uhuru Drive, Kangundo"
2149,Mumo Cheruiyot,69671506,071196042,mumo.cheruiyot@gmail.com,1960-03-05,Male,Turkana,Turkana West,Kalobeyei,"House 442, River Road Road, Limuru"
2150,Chepkirui Mutheu Njoroge,80374251,079364150,chepkirui.njoroge@gmail.com,1987-06-10,Female,Uasin Gishu,Soy,Segero/Barsombe,"House 127, Kenyatta Avenue, Argwings Kodhek"
2151,Harun Charity Kipkemoi,59735424,011116922,harun.kipkemoi@gmail.com,1979-12-14,Female,Nairobi,Dagoretti South,Uthiru,"Plot 436, Lane 15, Jogoo"
2152,Muema Olela,87804495,010719889,muema.olela@gmail.com,1986-08-23,Female,Kakamega,Butere,Marama West,"Plot 217, Lane 9, Thika Superhighway"
2153,Wanjiku Aaron Wachira,14484757,011857108,wanjiku.wachira@gmail.com,1976-12-22,Male,Kiambu,Githunguri,Githiga,"House 336, Kitisuru Drive, Lavington"
2154,Nabwire Olela,17366514,078615385,nabwire.olela@hotmail.com,1978-05-04,Male,Nyeri,Kieni,Gatarakwa,"Plot 476, Lane 14, Kitisuru"
2155,Ruth Achieng,67643368,075933832,ruth.achieng@gmail.com,1991-09-10,Male,Kilifi,Kilifi North,Sokoni,"Plot 181, Lane 15, Kikuyu"
2156,Achieng Micah Olela,36810554,010802469,achieng.olela@gmail.com,1984-05-15,Female,Kakamega,Butere,Marama North,"Plot 210, Lane 14, Athi River"
2157,Ronald Kipchumba,21236542,077267509,ronald.kipchumba@outlook.com,1990-05-12,Male,Kisumu,Nyando,Kabonyo/Kanyagwal,"Plot 278, Lane 19, Ruiru"
2158,Mukami Mbaka,43170318,074100397,mukami.mbaka@hotmail.com,1975-01-15,Male,Machakos,Matungulu,Tala,"House 91, Kasarani Drive, Athi River"
2159,Muthaa Joel Opiyo,75999953,079863604,muthaa.opiyo@yahoo.com,2005-03-04,Female,Kiambu,Ruiru,Kahawa Sukari,"Plot 87, Lane 2, Moi Avenue"
2160,Judith David Kiarie,62089071,072714973,judith.kiarie@gmail.com,1971-06-07,Male,Bomet,Konoin,Mogogosiek,"House 362, Mombasa Road Road, Waiyaki"
2161,Martin Mutwiri Sigei,15324758,076479825,martin.sigei@hotmail.com,1998-07-24,Male,Nakuru,Nakuru Town West,Kapkures,"Plot 233, Lane 9, Kangundo"
2162,Wafula Githinji,83391708,070562698,wafula.githinji@gmail.com,1992-09-25,Male,Turkana,Turkana South,Kaputir,"Plot 264, Lane 5, Kikuyu"
2163,Joseph Koross,18952306,078531493,joseph.koross@gmail.com,2003-01-27,Male,Nyeri,Mukurweini,Gikondi,"Plot 398, Lane 4, Kasarani"
2164,Nabea Stephen Chepngeno,15804102,010569454,nabea.chepngeno@gmail.com,1972-09-27,Female,Kisumu,Kisumu West,Central Kisumu,"Plot 7, Lane 17, Langata"
2165,Mworoa Okoth,71236550,075988288,mworoa.okoth@yahoo.com,1998-02-24,Male,Nairobi,Westlands,Kitisuru,"Plot 198, Lane 6, Tom Mboya"
2166,Ndunge Kiprotich,17760673,070354158,ndunge.kiprotich@gmail.com,1967-10-07,Male,Nairobi,Lang'ata,Mugumu-ini,"Plot 48, Lane 19, Kiambu"
2167,Kebaso Ngeno,99876156,078240035,kebaso.ngeno@gmail.com,2002-11-28,Female,Bomet,Konoin,Boito,"Plot 35, Lane 11, Karen"
2168,Paul Kiprop,72837908,070776428,paul.kiprop@yahoo.com,1960-04-07,Female,Kiambu,Ruiru,Kahawa Wendani,"Plot 99, Lane 9, Mombasa Road"
2169,Kipngetich Wafula,38710184,076713264,kipngetich.wafula@gmail.com,2004-08-07,Female,Mombasa,Changamwe,Miritini,"Plot 322, Lane 14, Mombasa Road"
2170,Nabwire Naliaka Muriuki,53771746,071338025,nabwire.muriuki@outlook.com,2004-05-02,Male,Uasin Gishu,Soy,Kapkures,"Plot 411, Lane 8, Tom Mboya"
2171,Maina Towett,51285527,077492252,maina.towett@gmail.com,1997-04-27,Female,Kiambu,Kabete,Nyathuna,"Plot 92, Lane 19, Kileleshwa"
2172,Opiyo Agnes Mwaura,10036839,011733534,opiyo.mwaura@yahoo.com,1976-07-26,Female,Kakamega,Matungu,Khalaba,"Plot 364, Lane 2, Kileleshwa"
2173,Wambui Joy Mokua,33218937,072411042,wambui.mokua@yahoo.com,1983-11-18,Female,Kisumu,Seme,Central Seme,"Plot 16, Lane 13, Tom Mboya"
2174,Nekesa Kimutai,68176943,077651296,nekesa.kimutai@hotmail.com,1976-05-11,Female,Kakamega,Khwisero,Kisa North,"House 125, Garden Estate Avenue, River Road"
2175,Wangeci George Kiprono,10925764,075827696,wangeci.kiprono@yahoo.com,1987-03-21,Male,Nairobi,Lang'ata,Mugumu-ini,"Plot 202, Lane 17, Lenana"
2176,Kipchumba Jonah Kangogo,51808819,070283717,kipchumba.kangogo@hotmail.com,1969-07-11,Male,Machakos,Machakos Town,Kalama,"Plot 313, Lane 11, Westlands"
2177,Mbaka Muriuki,16481532,072470694,mbaka.muriuki@outlook.com,1968-09-03,Female,Nairobi,Kasarani,Kamulu,"House 351, Tom Mboya Street, Kilimani"
2178,Ojwang Koech,68943595,072528428,ojwang.koech@outlook.com,1966-08-14,Female,Mombasa,Mvita,Majengo,"Plot 76, Lane 10, Kangundo"
2179,Erick Nashipae Mwinyi,26342487,079474911,erick.mwinyi@gmail.com,1993-02-16,Female,Kakamega,Shinyalu,Isukha West,"Plot 414, Lane 19, Kikuyu"
2180,Ongeri Nyambane Otieno,24219003,010480664,ongeri.otieno@hotmail.com,1986-09-24,Female,Trans Nzoia,Saboti,Tuwani,"Plot 417, Lane 17, Karen"
2181,Diana Kiarie,70677988,010482171,diana.kiarie@hotmail.com,2001-11-02,Female,Uasin Gishu,Kesses,Tulwet/Chuiyat,"House 56, Thika Superhighway Street, Tom Mboya"
2182,Mutisya Kariuki,98061208,011724317,mutisya.kariuki@yahoo.com,1987-05-17,Male,Kakamega,Khwisero,Kisa Central,"House 262, Kiambu Road Street, Kasarani"
2183,Ochieng Mulandi,47532758,071217588,ochieng.mulandi@yahoo.com,1975-07-23,Male,Nairobi,Lang'ata,Nyayo Highrise,"House 243, Limuru Drive, Parklands"
2184,Brenda Wairimu Mitei,63606649,072165229,brenda.mitei@hotmail.com,1997-07-27,Male,Kisumu,Seme,West Seme,"Plot 409, Lane 8, Kilimani"
2185,Kipkemboi Owuor Macharia,40563798,079774187,kipkemboi.macharia@outlook.com,1955-07-09,Female,Bomet,Chepalungu,Sigour,"Plot 188, Lane 4, Kiambu"
2186,Zephaniah Kipkemoi,79415978,011756770,zephaniah.kipkemoi@hotmail.com,1992-07-21,Female,Bungoma,Bumula,Kabula,"Plot 347, Lane 18, Ruaraka"
2187,Wambui Kioko Githua,96019338,073580085,wambui.githua@gmail.com,1952-03-17,Female,Uasin Gishu,Kesses,Racecourse,"House 391, Langata Street, Ruiru"
2188,Faith Rebecca Osebe,41809725,077114397,faith.osebe@yahoo.com,2000-07-12,Male,Uasin Gishu,Kapseret,Ngeria,"Plot 2, Lane 1, Jogoo"
2189,Kiprop Mwakisha,25228744,078625168,kiprop.mwakisha@gmail.com,1983-06-08,Female,Nakuru,Subukia,Subukia,"Plot 411, Lane 20, Kikuyu"
2190,Mukami Wangari,69848366,070912408,mukami.wangari@yahoo.com,1968-08-28,Male,Nakuru,Rongai,Solai,"Plot 255, Lane 18, Uhuru"
2191,Kilonzo Korir,39096346,074475443,kilonzo.korir@yahoo.com,1991-04-21,Male,Kakamega,Khwisero,Kisa West,"House 55, Kasarani Avenue, Westlands"
2192,Margaret Gacheru,68997676,011188984,margaret.gacheru@outlook.com,2001-04-01,Female,Trans Nzoia,Endebess,Endebess,"House 167, Thika Drive, Kangundo"
2193,Faith Owuor,19492547,074888769,faith.owuor@gmail.com,2002-12-06,Female,Kilifi,Rabai,Mwawesa,"Plot 292, Lane 17, Garden Estate"
2194,Kathure Gilbert Bett,35966874,073240343,kathure.bett@gmail.com,1975-12-18,Female,Nairobi,Dagoretti North,Kileleshwa,"House 172, Mombasa Road Avenue, Karen"
2195,Wambugu Mbaka,48271336,075159607,wambugu.mbaka@gmail.com,1987-06-01,Female,Uasin Gishu,Kesses,Taratai,"House 358, Kikuyu Street, Ngong Road"
2196,Adoyo Ojwang,86243195,011278447,adoyo.ojwang@gmail.com,1973-09-23,Female,Kakamega,Butere,Marama North,"House 477, Ngong Road Street, Kileleshwa"
2197,Jacqueline Christopher Nyambane,86864986,079263550,jacqueline.nyambane@outlook.com,1953-09-20,Male,Uasin Gishu,Moiben,Tembelio,"Plot 379, Lane 1, Outering"
2198,Faith Gilbert Kipngetich,52055939,010166058,faith.kipngetich@yahoo.com,1983-05-17,Female,Nairobi,Dagoretti South,Mutuini,"House 380, Kasarani Road, Lenana"
2199,Pauline Nyaboke Mbaka,30546143,076102999,pauline.mbaka@gmail.com,1989-12-10,Male,Bungoma,Mt. Elgon,Kapkateny,"House 355, Athi River Drive, Uhuru"
2200,Collins Wanjala,97196470,075355565,collins.wanjala@gmail.com,1977-09-27,Female,Kilifi,Magarini,Garashi,"House 317, Argwings Kodhek Drive, Athi River"
2201,Evelyn Nahum Kilonzo,82592759,070372564,evelyn.kilonzo@yahoo.com,2004-12-16,Female,Bungoma,Kabuchai,Mukuyuni,"Plot 8, Lane 4, Uhuru"
2202,Jepkoech Mworoa Nanjala,75914907,076504897,jepkoech.nanjala@yahoo.com,1985-07-03,Male,Kilifi,Ganze,Ganze,"Plot 154, Lane 19, Ruiru"
2203,Judith Salim,24080342,077336654,judith.salim@gmail.com,1999-10-16,Male,Nairobi,Lang'ata,South C,"Plot 442, Lane 13, Limuru"
2204,Jepkorir Kipkoech,67585806,071510755,jepkorir.kipkoech@outlook.com,1991-04-28,Female,Mombasa,Kisauni,Mjambere,"House 284, Kileleshwa Road, Waiyaki"
2205,Jonah Nduku Koech,53558017,074595148,jonah.koech@gmail.com,1950-06-06,Male,Kakamega,Lugari,Chekalini,"Plot 198, Lane 20, Kasarani"
2206,Kemunto Okoth,26573957,072375799,kemunto.okoth@yahoo.com,1991-10-04,Male,Bungoma,Kabuchai,Mukuyuni,"House 461, Kenyatta Road, Thika"
2207,Kinya Gikonyo,52977271,070403726,kinya.gikonyo@yahoo.com,1952-01-13,Male,Mombasa,Likoni,Likoni,"Plot 138, Lane 5, Thika"
2208,Wangeci Kihika,63716725,010620357,wangeci.kihika@gmail.com,1975-02-26,Female,Nakuru,Gilgil,Mbaruk/Eburu,"Plot 169, Lane 13, Kangundo"
2209,Munyao Mumo,88695386,075562755,munyao.mumo@gmail.com,2003-01-02,Male,Machakos,Machakos Town,Mua,"Plot 129, Lane 18, Waiyaki"
2210,Ojwang Kipkorir,42160084,010262043,ojwang.kipkorir@hotmail.com,2006-12-14,Male,Trans Nzoia,Kiminini,Kiminini,"Plot 241, Lane 16, Outering"
2211,Christopher Kebaso,18343342,071490678,christopher.kebaso@yahoo.com,2003-07-16,Male,Nairobi,Lang'ata,Mugumu-ini,"Plot 335, Lane 1, Uhuru"
2212,Kilonzo Ndunge,19026390,072671612,kilonzo.ndunge@outlook.com,1996-02-22,Male,Kakamega,Shinyalu,Isukha West,"House 24, Karen Street, Ngong Road"
2213,Syokau Towett,57317691,076589991,syokau.towett@gmail.com,1995-02-26,Male,Machakos,Machakos Town,Kalama,"House 115, Jogoo Street, Kangundo"
2214,Kariuki Mwikali,66341384,077356506,kariuki.mwikali@gmail.com,1991-10-09,Male,Nairobi,Dagoretti South,Ngando,"Plot 302, Lane 6, Argwings Kodhek"
2215,Ndinda Jane Tsuma,47912030,077751931,ndinda.tsuma@yahoo.com,1964-07-11,Female,Bungoma,Mt. Elgon,Chepyuk,"Plot 10, Lane 17, Argwings Kodhek"
2216,Vincent Chepkwony,37119826,011830207,vincent.chepkwony@yahoo.com,1976-03-27,Female,Kilifi,Ganze,Ganze,"Plot 355, Lane 13, Ngong Road"
2217,Awuor Judy Rotich,73913779,078863024,awuor.rotich@gmail.com,1951-08-26,Female,Machakos,Masinga,Muthesya,"Plot 333, Lane 11, Jogoo"
2218,Muthoka Kilonzo,63659879,011420263,muthoka.kilonzo@yahoo.com,1981-02-09,Male,Kilifi,Rabai,Kambe/Ribe,"Plot 432, Lane 15, Langata"
2219,Faith Mbaka Simiyu,19273191,011219984,faith.simiyu@hotmail.com,1986-04-19,Male,Nairobi,Lang'ata,Karen,"Plot 471, Lane 20, Kiambu"
2220,Chebet Wangari Gikonyo,15478361,076980116,chebet.gikonyo@gmail.com,1988-05-24,Female,Kisumu,Kisumu East,Kajulu,"House 410, River Road Street, Jogoo"
2221,Kiprono Mutune,68066393,011751737,kiprono.mutune@gmail.com,1992-10-16,Male,Kiambu,Kabete,Nyathuna,"House 97, Karen Drive, Thika Superhighway"
2222,Chepkirui Joseph Kangogo,93582589,073223386,chepkirui.kangogo@gmail.com,1984-09-06,Male,Turkana,Turkana South,Kapedo/Napeitom,"House 396, Tom Mboya Avenue, Kiambu Road"
2223,Mwende Onyango Awiti,90170142,010583571,mwende.awiti@gmail.com,2001-11-09,Female,Uasin Gishu,Moiben,Sergoit,"House 183, Mugumo Avenue, Kenyatta"
2224,Daniel Nasimiyu,13247865,011279502,daniel.nasimiyu@outlook.com,2003-12-28,Male,Kakamega,Ikolomani,Idakho Central,"Plot 81, Lane 1, Kileleshwa"
2225,Awuor Mwikali Mbaka,85040061,072217815,awuor.mbaka@outlook.com,1956-09-27,Male,Trans Nzoia,Kiminini,Nabiswa,"House 59, Kileleshwa Road, Ngong Road"
2226,Kerubo Ann Mwango,87999861,071432737,kerubo.mwango@yahoo.com,2003-12-24,Female,Nyeri,Mathira,Kirimukuyu,"Plot 363, Lane 16, Thika"
2227,Kaloki Kinya Koech,30641480,072124841,kaloki.koech@outlook.com,2001-05-08,Female,Bungoma,Sirisia,Namwela,"Plot 329, Lane 15, Uhuru"
2228,Mutua Paul Anyango,77090332,074178433,mutua.anyango@gmail.com,1982-02-25,Female,Kiambu,Kikuyu,Nachu,"Plot 328, Lane 12, Kasarani"
2229,Jeremiah Mutai,97024584,071647167,jeremiah.mutai@outlook.com,1990-03-13,Male,Nairobi,Kasarani,Mwiki,"Plot 134, Lane 10, Kiambu"
2230,Kevin Wekesa,21646351,078290988,kevin.wekesa@gmail.com,2005-07-25,Female,Kilifi,Magarini,Sabaki,"House 284, Thika Road, Uhuru"
2231,Kimeu Flora Adoyo,56020818,011911326,kimeu.adoyo@gmail.com,1975-01-10,Female,Kisumu,Seme,Central Seme,"House 182, Argwings Kodhek Avenue, Limuru"
2232,Daniel Onditi Gacheru,18537725,079964117,daniel.gacheru@gmail.com,1965-02-19,Female,Bomet,Chepalungu,Kongasis,"Plot 232, Lane 12, Lenana"
2233,Lenguro Kipchirchir Mwangolo,57584677,074770388,lenguro.mwangolo@outlook.com,1964-11-28,Female,Bungoma,Webuye East,Mihuu,"Plot 168, Lane 2, Lenana"
2234,Nanjala Anyango,21860851,011714314,nanjala.anyango@gmail.com,2005-12-15,Female,Nairobi,Westlands,Parklands,"House 221, Likoni Road, Tom Mboya"
2235,Joseph Okoth,45736204,072597084,joseph.okoth@yahoo.com,1980-02-13,Male,Kilifi,Kilifi North,Kibarani,"Plot 132, Lane 8, River Road"
2236,Kamau Barnabas Ngeno,78754356,010674529,kamau.ngeno@outlook.com,1954-05-19,Female,Kakamega,Shinyalu,Isukha West,"House 131, Likoni Avenue, Kasarani"
2237,Kamau Njoroge Atieno,38410379,010698390,kamau.atieno@gmail.com,1964-05-05,Female,Nakuru,Kuresoi South,Keringet,"Plot 397, Lane 18, Moi Avenue"
2238,James Musyoka Kioko,32638266,079228873,james.kioko@gmail.com,1997-01-20,Male,Turkana,Turkana Central,Kalokol,"Plot 318, Lane 8, Mugumo"
2239,Wachira Simiyu,74554953,075772280,wachira.simiyu@gmail.com,2005-07-03,Male,Kiambu,Ruiru,Kahawa Sukari,"House 141, Langata Avenue, Ngong"
2240,Nekesa Khaemba Olela,96417651,011193251,nekesa.olela@gmail.com,1969-07-21,Female,Nairobi,Kibra,Woodley,"Plot 393, Lane 13, Moi Avenue"
2241,Nasimiyu Kinya Kimani,51575089,076723779,nasimiyu.kimani@gmail.com,1999-10-17,Male,Kilifi,Malindi,Kakuyuni,"House 397, Kilimani Drive, Kangundo"
2242,Naisula Mwikali Kihika,12952658,073139195,naisula.kihika@gmail.com,1986-02-26,Female,Nairobi,Lang'ata,Mugumu-ini,"House 341, Karen Road, Karen"
2243,Maina Patrick Wabomba,88335630,072277752,maina.wabomba@yahoo.com,2000-12-28,Male,Nakuru,Gilgil,Gilgil,"Plot 60, Lane 14, Kiambu"
2244,Isaiah Kamau,93794131,077401052,isaiah.kamau@gmail.com,1959-08-07,Male,Nakuru,Nakuru Town West,Barut,"Plot 341, Lane 3, Ngong"
2245,Wambugu Wanjiku Kipaati,74004868,073758494,wambugu.kipaati@gmail.com,1998-11-12,Male,Nairobi,Kasarani,Clay City,"House 143, Ruaraka Drive, Karen"
2246,Gladys Oseko,86849735,070918880,gladys.oseko@outlook.com,2005-04-18,Female,Bungoma,Webuye East,Maraka,"House 236, Juja Road, Kasarani"
2247,Habakkuk Kinya Leshan,80425944,071336992,habakkuk.leshan@yahoo.com,1999-10-22,Male,Nakuru,Kuresoi South,Amalo,"Plot 383, Lane 8, Argwings Kodhek"
2248,Jepchumba Leshan,22100825,076630687,jepchumba.leshan@gmail.com,1974-04-07,Male,Kiambu,Ruiru,Gatong'ora,"House 116, Kitisuru Avenue, Kitisuru"
2249,Margaret Kihika,12346084,077550929,margaret.kihika@gmail.com,2005-05-09,Male,Nairobi,Lang'ata,Nyayo Highrise,"Plot 409, Lane 16, Kilimani"
2250,Nahum Vincent Mitei,15200255,070932968,nahum.mitei@gmail.com,1977-12-16,Male,Nairobi,Dagoretti South,Waithaka,"Plot 383, Lane 9, Argwings Kodhek"
2251,Githinji Saidimu,51367965,076832522,githinji.saidimu@hotmail.com,1968-08-09,Male,Nairobi,Dagoretti South,Uthiru,"House 155, Ngong Road, Karen"
2252,Rebecca Atieno Keter,56590046,076429700,r.keter@gmail.com,1987-11-18,Female,Nairobi,Dagoretti South,Mutuini,"Plot 235, Lane 8, Tom Mboya"
2253,Nduku Kiprono,84965763,011664153,nduku.kiprono@gmail.com,1954-07-20,Male,Bungoma,Kabuchai,Mukuyuni,"Plot 13, Lane 19, Kitisuru"
2254,Mukhwana Grace Njuguna,45623793,011744079,mukhwana.njuguna@yahoo.com,1994-09-01,Female,Uasin Gishu,Soy,Segero/Barsombe,"House 371, Uhuru Road, Mugumo"
2255,Nduku Kipngetich,67011369,079157487,nduku.kipngetich@gmail.com,1952-06-07,Male,Nairobi,Lang'ata,Nairobi West,"Plot 43, Lane 19, Juja"
2256,Christopher Sarah Wafula,96688443,076748050,christopher.wafula@outlook.com,1976-12-02,Female,Meru,Igembe North,Antuamburi,"House 231, Waiyaki Avenue, Ruiru"
2257,Munyao Mworoa,47603482,010560302,munyao.mworoa@outlook.com,2005-09-21,Male,Kilifi,Ganze,Sokoke,"Plot 240, Lane 15, Westlands"
2258,Jonah Faith Awiti,20439138,076309969,jonah.awiti@hotmail.com,1969-06-01,Male,Nairobi,Lang'ata,Nairobi West,"House 408, Ngong Road Street, Juja"
2259,Mutisya Kiprotich,30513743,072650263,mutisya.kiprotich@hotmail.com,2005-06-15,Female,Kakamega,Mumias West,Musanda,"Plot 122, Lane 14, Limuru"
2260,Paul Kebaso,87747703,078961317,paul.kebaso@yahoo.com,1966-06-10,Male,Nairobi,Lang'ata,Nairobi West,"Plot 315, Lane 15, Kikuyu"
2261,Adhiambo Lubanga,32662280,072211474,adhiambo.lubanga@outlook.com,2004-05-26,Male,Bungoma,Kabuchai,West Nalondo,"Plot 416, Lane 10, Athi River"
2262,Kinya Opiyo,24230201,074925853,kinya.opiyo@gmail.com,1957-10-12,Female,Nairobi,Westlands,Kitisuru,"Plot 409, Lane 20, River Road"
2263,Stephen Rachel Githinji,77163014,071971690,stephen.githinji@yahoo.com,1984-11-12,Male,Mombasa,Kisauni,Mwakirunge,"Plot 113, Lane 17, Limuru"
2264,Gichuru Kivuva,85709619,072280937,gichuru.kivuva@yahoo.com,1965-07-13,Female,Kiambu,Limuru,Limuru Central,"Plot 284, Lane 9, Mombasa Road"
2265,Kipchirchir Sigei,71334237,011664772,kipchirchir.sigei@hotmail.com,1975-10-17,Female,Nairobi,Kibra,Makina,"Plot 22, Lane 2, Jogoo"
2266,Mogaka Koech,65001524,078413019,mogaka.koech@yahoo.com,1984-08-07,Male,Bomet,Bomet East,Chemaner,"Plot 351, Lane 19, Argwings Kodhek"
2267,Muriuki Barasa,98843736,011499251,muriuki.barasa@outlook.com,1982-02-23,Female,Nairobi,Lang'ata,South C,"Plot 185, Lane 2, Lavington"
2268,Sharon Senteu,30338272,072642480,sharon.senteu@gmail.com,1997-12-09,Male,Meru,Central Imenti,Kathonzweni,"Plot 329, Lane 17, Ruaraka"
2269,Kioko Bett,11991297,075124665,kioko.bett@outlook.com,1967-12-10,Female,Bungoma,Sirisia,Malakisi/South Kulisiru,"House 104, Kasarani Street, Kilimani"
2270,Margaret Ndegwa,37735363,074219606,margaret.ndegwa@gmail.com,1953-02-13,Female,Kisumu,Nyakach,Central Nyakach,"Plot 40, Lane 16, Likoni"
2271,Amos Kinya,19509607,070924008,amos.kinya@gmail.com,1996-02-14,Female,Kilifi,Malindi,Shella,"House 38, Uhuru Avenue, Langata"
2272,Munyao Mary Namukhula,29405087,011418745,munyao.namukhula@gmail.com,2001-10-14,Female,Machakos,Yatta,Ikombe,"Plot 265, Lane 19, Likoni"
2273,Ndinda Wekesa Nabea,10377208,073173621,ndinda.nabea@hotmail.com,1997-11-28,Male,Mombasa,Changamwe,Chaani,"Plot 260, Lane 1, Kangundo"
2274,Kanampiu Susan Kinyua,20985043,073997179,kanampiu.kinyua@gmail.com,2001-05-16,Female,Kiambu,Limuru,Bibirioni,"Plot 306, Lane 11, Ruiru"
2275,Okoth Muthaa Wambugu,64343950,010958855,okoth.wambugu@outlook.com,1991-05-19,Female,Mombasa,Changamwe,Miritini,"Plot 429, Lane 11, Thika Superhighway"
2276,Peace Mokua Mitei,41322466,072659426,peace.mitei@gmail.com,1969-09-08,Male,Trans Nzoia,Saboti,Kinyoro,"House 433, Westlands Road, Uhuru"
2277,Otieno Waithera Kipchirchir,50615055,078671385,otieno.kipchirchir@gmail.com,1984-11-15,Female,Machakos,Machakos Town,Kola,"Plot 192, Lane 17, Outering"
2278,Wanyonyi Haggai Jebet,11083382,010760772,wanyonyi.jebet@gmail.com,1966-01-03,Female,Turkana,Loima,Loima,"Plot 95, Lane 14, Kiambu"
2279,Mueni Kiarie,27431021,078730870,mueni.kiarie@yahoo.com,1988-05-27,Female,Nairobi,Dagoretti North,Kilimani,"Plot 92, Lane 15, Kenyatta"
2280,Kerubo Njuguna Nganga,32907135,075739346,kerubo.nganga@gmail.com,1976-08-14,Female,Uasin Gishu,Ainabkoi,Kapsoya,"Plot 290, Lane 17, Argwings Kodhek"
2281,Silas Akinyi,41394539,073158055,silas.akinyi@gmail.com,1990-08-25,Female,Kakamega,Matungu,Khalaba,"Plot 362, Lane 5, Thika"
2282,Mwende Koross,83290256,078846010,mwende.koross@yahoo.com,1994-02-03,Female,Kisumu,Nyando,Kobura,"Plot 186, Lane 12, Moi Avenue"
2283,Achieng Musyoka Kipsang,76977281,075103287,achieng.kipsang@outlook.com,1976-11-14,Male,Kiambu,Lari,Kijabe,"Plot 7, Lane 17, Ngong Road"
2284,Agnes Salim,15932500,074998736,agnes.salim@outlook.com,2006-08-21,Female,Nyeri,Othaya,Iria-ini,"Plot 394, Lane 8, Ngong"
2285,Mugo Adoyo,21276223,010550704,mugo.adoyo@gmail.com,1996-06-12,Male,Kakamega,Ikolomani,Idakho North,"Plot 193, Lane 15, Juja"
2286,Chepngeno Kiprop Juma,54422964,070854824,chepngeno.juma@outlook.com,1995-04-13,Male,Meru,Igembe North,Antubetwe Kiongo,"Plot 395, Lane 5, Athi River"
2287,Kipngetich Cherotich Nabea,19971406,073108380,kipngetich.nabea@gmail.com,1972-01-10,Male,Nakuru,Kuresoi South,Amalo,"Plot 140, Lane 10, Mugumo"
2288,Jebiwott Sharon Kenga,45355912,074351287,jebiwott.kenga@hotmail.com,1977-03-21,Female,Kisumu,Kisumu West,North Kisumu,"Plot 409, Lane 18, Waiyaki"
2289,Adhiambo Samuel Mutisya,91630214,010214881,adhiambo.mutisya@gmail.com,1984-03-22,Male,Nyeri,Nyeri Town,Kiganjo/Mathari,"Plot 298, Lane 13, Mombasa Road"
2290,Anna Kibathi,28894885,077868100,anna.kibathi@gmail.com,1990-08-26,Male,Uasin Gishu,Kesses,Tulwet/Chuiyat,"Plot 394, Lane 10, Westlands"
2291,Cynthia Namukhula Ondieki,55769240,010112372,cynthia.ondieki@gmail.com,1995-02-24,Female,Kisumu,Kisumu Central,Nyalenda 'B',"Plot 44, Lane 11, Outering"
2292,Judy Mcharo,87423293,070650609,judy.mcharo@yahoo.com,1957-08-24,Female,Mombasa,Jomvu,Miritini,"Plot 159, Lane 16, Moi Avenue"
2293,Jepchumba Munyori,28205180,070385701,jepchumba.munyori@gmail.com,1992-03-27,Female,Kakamega,Matungu,Mayoni,"House 354, Lenana Avenue, Kangundo"
2294,Chebet Kanampiu,21085814,078654094,chebet.kanampiu@outlook.com,1976-10-09,Male,Nairobi,Dagoretti South,Waithaka,"Plot 372, Lane 6, Likoni"
2295,Lois Kagwiria Gichuru,46990787,072840418,lois.gichuru@gmail.com,1973-09-10,Male,Uasin Gishu,Turbo,Kiplombe,"House 366, Kenyatta Drive, Moi Avenue"
2296,Wangeci Nekesa Chepkorir,17050138,010552468,wangeci.chepkorir@gmail.com,1985-03-01,Female,Nairobi,Westlands,Kitisuru,"House 74, Kenyatta Drive, Parklands"
2297,Lydia Irene Kagwe,28241731,077142153,lydia.kagwe@gmail.com,1976-06-19,Male,Nairobi,Lang'ata,Nyayo Highrise,"Plot 476, Lane 2, River Road"
2298,Wamalwa Katua,84360486,078774573,wamalwa.katua@outlook.com,1970-06-16,Female,Kakamega,Butere,Marama North,"Plot 339, Lane 15, Outering"
2299,Cynthia Erick Gitobu,77569898,010912327,cynthia.gitobu@gmail.com,1992-05-12,Male,Mombasa,Kisauni,Mwakirunge,"House 221, Parklands Drive, River Road"
2300,Muthuri Naipanoi Okoth,72734318,072788006,muthuri.okoth@gmail.com,1994-03-15,Male,Nairobi,Dagoretti South,Riruta,"Plot 5, Lane 10, Jogoo"
2301,Onsongo Chepkirui,65823059,073421712,onsongo.chepkirui@yahoo.com,1969-09-11,Male,Machakos,Mavoko,Muthwani,"House 107, Outering Road, Mugumo"
2302,Gladys Wanjala,12273686,070275515,gladys.wanjala@yahoo.com,1963-10-07,Female,Uasin Gishu,Turbo,Ngenyilel,"House 411, Tom Mboya Drive, Waiyaki"
2303,Kipkemoi Rono,27554482,071948338,kipkemoi.rono@gmail.com,1974-04-02,Female,Uasin Gishu,Kesses,Racecourse,"Plot 101, Lane 5, Jogoo"
2304,Esther Mwania,35431755,076307732,esther.mwania@hotmail.com,1997-07-21,Female,Uasin Gishu,Moiben,Kimumu,"House 377, Waiyaki Road, Westlands"
2305,Kwamboka Adhiambo Lenguro,45877297,075848056,kwamboka.lenguro@hotmail.com,1997-02-22,Female,Nairobi,Kibra,Woodley,"Plot 244, Lane 19, Moi Avenue"
2306,Agnes Jepkorir Maingi,62090372,075109541,agnes.maingi@gmail.com,1963-03-07,Male,Kakamega,Butere,Marama Central,"Plot 81, Lane 20, Likoni"
2307,Moraa Okello Gichuki,14708370,075830908,moraa.gichuki@gmail.com,1968-11-16,Male,Bomet,Konoin,Boito,"House 261, Thika Road, Limuru"
2308,Lois Njoroge,13904497,073337743,lois.njoroge@gmail.com,1975-02-06,Male,Kakamega,Lugari,Chekalini,"House 31, Thika Street, Outering"
2309,Eunice Awiti Kamau,91140766,074714759,eunice.kamau@gmail.com,1991-11-06,Female,Nairobi,Lang'ata,Nairobi West,"House 437, Kilimani Drive, Waiyaki"
2310,Auma Onsongo Mugo,53158132,073471566,auma.mugo@outlook.com,1977-03-24,Male,Kiambu,Githunguri,Githiga,"Plot 191, Lane 20, Argwings Kodhek"
2311,Sharon Erick Kiprono,39924449,079678266,sharon.kiprono@hotmail.com,1981-07-04,Female,Turkana,Loima,Turkwel,"Plot 194, Lane 17, Kikuyu"
2312,Ndinda John Wambui,75333189,070446189,ndinda.wambui@gmail.com,1990-05-08,Female,Kilifi,Magarini,Marafa,"House 427, Kiambu Drive, Juja"
2313,Awiti Wairimu,49457335,072922680,awiti.wairimu@hotmail.com,1988-08-13,Female,Nakuru,Molo,Elburgon,"Plot 63, Lane 12, Karen"
2314,Achieng Ronald Musyoka,88969142,073392470,achieng.musyoka@yahoo.com,1982-05-13,Male,Kiambu,Limuru,Limuru Central,"House 433, Kilimani Avenue, Kangundo"
2315,Ezekiel Wamalwa Kioko,75356107,074948143,ezekiel.kioko@yahoo.com,1998-08-09,Male,Kiambu,Kikuyu,Kikuyu,"Plot 93, Lane 12, Kasarani"
2316,Kimani Chepkwony,54352810,077864553,kimani.chepkwony@yahoo.com,1981-08-20,Female,Kakamega,Butere,Marama Central,"Plot 119, Lane 18, Kikuyu"
2317,Jepkorir Omar,81833417,077827196,jepkorir.omar@yahoo.com,1958-06-19,Male,Trans Nzoia,Cherangany,Motosi,"House 445, Kilimani Avenue, Moi Avenue"
2318,Thomas Kimani Wanjohi,24569958,077177979,thomas.wanjohi@gmail.com,1988-05-19,Female,Nyeri,Mathira,Ruguru,"House 351, Lenana Drive, Moi Avenue"
2319,George Jepkoech,18979224,075607412,george.jepkoech@hotmail.com,1990-07-23,Female,Kakamega,Butere,Marama South,"House 306, Mombasa Road Drive, Karen"
2320,Beatrice Kimani Kibathi,54343467,072103974,beatrice.kibathi@gmail.com,1999-10-03,Female,Uasin Gishu,Soy,Segero/Barsombe,"Plot 222, Lane 11, River Road"
2321,Jonathan Nyambane,80202733,073343255,jonathan.nyambane@yahoo.com,1976-05-20,Male,Kilifi,Kilifi South,Shimo la Tewa,"Plot 95, Lane 2, Moi Avenue"
2322,Rose Sigei,89476768,077869703,rose.sigei@gmail.com,1978-08-03,Male,Bungoma,Sirisia,Malakisi/South Kulisiru,"House 365, Thika Superhighway Avenue, Jogoo"
2323,Nabwire Kagendo Mulandi,25119448,070182432,nabwire.mulandi@gmail.com,1978-08-27,Female,Machakos,Masinga,Ndithini,"House 457, Kitisuru Avenue, Argwings Kodhek"
2324,Kioko Kerubo Leshan,24603301,011294363,kioko.leshan@outlook.com,1991-10-16,Male,Nairobi,Dagoretti South,Mutuini,"Plot 215, Lane 2, Ruaraka"
2325,Matthew Cheruiyot,24069919,072666849,matthew.cheruiyot@yahoo.com,2004-01-27,Female,Kisumu,Nyando,Kobura,"House 327, Thika Road, Juja"
2326,Chepkoech Kebaso,58688161,010658743,chepkoech.kebaso@gmail.com,1983-03-24,Male,Nairobi,Westlands,Kitisuru,"Plot 344, Lane 11, Jogoo"
2327,Victor Gitau,67304369,079821075,victor.gitau@yahoo.com,1988-06-05,Female,Kisumu,Nyando,Kabonyo/Kanyagwal,"House 381, River Road Road, Parklands"
2328,Jepchumba Syokau Kiprotich,14498966,011306730,jepchumba.kiprotich@gmail.com,1988-01-19,Female,Machakos,Kathiani,Kathiani Central,"House 293, Lavington Street, Outering"
2329,Lilian Wabomba Juma,39916575,070882260,lilian.juma@yahoo.com,1977-09-16,Female,Kisumu,Kisumu West,West Kisumu,"House 160, Thika Drive, Jogoo"
2330,Kwamboka Chepngeno,37406375,072967934,kwamboka.chepngeno@yahoo.com,2003-01-01,Male,Nairobi,Westlands,Kangemi,"House 268, Waiyaki Drive, Mugumo"
2331,Odhiambo Ruth Onyango,66955616,011284186,odhiambo.onyango@outlook.com,2006-05-23,Female,Machakos,Machakos Town,Machakos Central,"Plot 270, Lane 7, Kiambu"
2332,Kariuki Naliaka,64387805,011978693,kariuki.naliaka@outlook.com,1993-05-03,Male,Nairobi,Kibra,Lindi,"House 213, Ngong Road Street, Lavington"
2333,Nabwire Muthoka,88353421,075428908,nabwire.muthoka@gmail.com,1989-02-28,Female,Machakos,Kangundo,Kangundo Central,"House 129, Mombasa Road Road, River Road"
2334,Nabwire Kimutai,10853065,072223218,nabwire.kimutai@hotmail.com,1977-05-22,Male,Kilifi,Kaloleni,Mwanamwinga,"Plot 290, Lane 6, Kileleshwa"
2335,Kimeu Isaiah Rotich,25725946,074706314,kimeu.rotich@outlook.com,1967-04-15,Male,Turkana,Turkana South,Lobokat,"House 243, Jogoo Drive, Lenana"
2336,Barnabas Wairimu,15513078,070469545,barnabas.wairimu@gmail.com,1970-06-27,Female,Kakamega,Shinyalu,Isukha South,"Plot 357, Lane 17, Kasarani"
2337,Odhiambo Deborah Chebet,89627368,077254997,odhiambo.chebet@gmail.com,1968-10-25,Male,Nairobi,Dagoretti South,Riruta,"Plot 265, Lane 11, Kasarani"
2338,Judy Nashipae Ndunge,58047475,073934900,judy.ndunge@outlook.com,1980-12-17,Male,Nairobi,Dagoretti South,Waithaka,"Plot 471, Lane 11, Outering"
2339,Peter Okoth Tsuma,81688074,079485230,peter.tsuma@yahoo.com,1998-05-12,Male,Kiambu,Githunguri,Githiga,"Plot 380, Lane 4, Thika Superhighway"
2340,Onsongo George Wambugu,32046483,078744602,onsongo.wambugu@outlook.com,1968-06-04,Male,Uasin Gishu,Ainabkoi,Ainabkoi/Olare,"House 355, Jogoo Road, Argwings Kodhek"
2341,Allan Naliaka Sigei,33086487,070152261,allan.sigei@gmail.com,1985-07-13,Female,Kiambu,Kiambu,Ndumberi,"Plot 394, Lane 17, Likoni"
2342,Syokau Gichuru,31424408,010605828,syokau.gichuru@gmail.com,1979-04-05,Male,Kakamega,Lugari,Mautuma,"House 472, Kasarani Drive, Ruaraka"
2343,Eunice Kanampiu Towett,96762436,077748591,eunice.towett@hotmail.com,1972-05-18,Male,Uasin Gishu,Turbo,Tapsagoi,"Plot 322, Lane 18, Juja"
2344,Aoko Onsongo Ongeri,79047441,073872539,aoko.ongeri@gmail.com,1977-02-17,Female,Kilifi,Kaloleni,Kaloleni,"House 196, Thika Superhighway Drive, Argwings Kodhek"
2345,Jane Mulandi,40540451,011760060,jane.mulandi@outlook.com,2002-04-04,Male,Meru,Igembe North,Ntunene,"Plot 18, Lane 3, Ngong Road"
2346,Gladys Veronica Wairimu,78053602,071303595,gladys.wairimu@outlook.com,1995-02-27,Male,Nairobi,Westlands,Parklands,"Plot 368, Lane 12, Kasarani"
2347,Wekesa Mwania,15948948,077854931,wekesa.mwania@outlook.com,1993-10-18,Male,Nakuru,Kuresoi North,Kiptororo,"House 369, Thika Street, Kikuyu"
2348,Stephen Wanyonyi Muthoka,80205024,011143232,stephen.muthoka@yahoo.com,1988-08-13,Male,Machakos,Kathiani,Kathiani Central,"Plot 440, Lane 7, Kiambu"
2349,Anna Akinyi,28564520,071795029,anna.akinyi@gmail.com,1989-12-23,Male,Nairobi,Dagoretti South,Waithaka,"Plot 84, Lane 19, Garden Estate"
2350,Mutinda Wambui,59535866,010170721,mutinda.wambui@gmail.com,1982-01-24,Male,Nakuru,Subukia,Kabazi,"House 439, Ruiru Avenue, Kileleshwa"
2351,Erick Achieng,71744706,075556633,erick.achieng@gmail.com,1994-10-03,Male,Kilifi,Magarini,Magarini,"House 152, Mombasa Road Road, Mugumo"
2352,Ruth Kipchumba,57509988,076289346,ruth.kipchumba@hotmail.com,1985-08-22,Female,Mombasa,Jomvu,Jomvu Kuu,"Plot 381, Lane 7, Thika Superhighway"
2353,Owuor Cecilia Kipkorir,29573882,077343164,o.kipkorir@gmail.com,1979-03-03,Female,Uasin Gishu,Kapseret,Megun,"Plot 71, Lane 5, Juja"
2354,Kamau Ongeri,40184249,011254452,kamau.ongeri@gmail.com,2005-05-09,Male,Kiambu,Githunguri,Githunguri,"Plot 446, Lane 18, Juja"
2355,Haggai Mwania Ali,36429766,011865743,haggai.ali@gmail.com,1994-11-06,Male,Mombasa,Jomvu,Jomvu Kuu,"Plot 401, Lane 17, Kiambu"
2356,Owuor Awiti,84379601,074609902,owuor.awiti@yahoo.com,1996-03-16,Male,Kiambu,Lari,Kijabe,"House 428, Mugumo Street, Kilimani"
2357,Chepkorir Mitei,10523681,011314075,chepkorir.mitei@gmail.com,1990-01-14,Female,Kiambu,Lari,Kinale,"House 328, Tom Mboya Street, Juja"
2358,Jebet Nekesa Otieno,87034382,078858864,jebet.otieno@gmail.com,1973-04-08,Female,Kiambu,Lari,Kinale,"House 359, Limuru Drive, Kileleshwa"
2359,Isaac Githinji Wanjohi,88591468,073308132,isaac.wanjohi@yahoo.com,1956-08-21,Female,Kakamega,Mumias West,West Wanga,"Plot 45, Lane 12, Karen"
2360,Onditi David Nduku,82003695,070764994,onditi.nduku@yahoo.com,1957-08-15,Male,Uasin Gishu,Ainabkoi,Kaptagat,"Plot 455, Lane 20, Argwings Kodhek"
2361,Naserian Moses Oduya,30793913,073364110,naserian.oduya@outlook.com,1960-04-19,Female,Uasin Gishu,Soy,Moi's Bridge,"Plot 366, Lane 4, Outering"
2362,Cynthia Mwikali Katua,63297593,010718157,cynthia.katua@yahoo.com,1978-01-02,Male,Nairobi,Kasarani,Clay City,"Plot 461, Lane 6, Thika Superhighway"
2363,Nokun Karanja,40519135,011736186,nokun.karanja@gmail.com,1995-04-27,Female,Uasin Gishu,Kesses,Racecourse,"House 134, Likoni Road, Kasarani"
2364,Mumo Naserian Mitei,30065669,072669139,mumo.mitei@yahoo.com,2001-09-22,Male,Meru,Tigania East,Kiguchwa,"House 475, Thika Drive, Lenana"
2365,Mary Charity Wafula,74158630,074357688,mary.wafula@gmail.com,1973-05-21,Female,Kiambu,Limuru,Limuru Central,"Plot 417, Lane 20, Kiambu"
2366,Gathoni Mumo Mworoa,72025011,072362631,gathoni.mworoa@hotmail.com,1974-10-02,Female,Uasin Gishu,Ainabkoi,Kaptagat,"Plot 312, Lane 16, Likoni"
2367,Jebet Adoyo Jepkoech,68083241,075782445,jebet.jepkoech@yahoo.com,1979-02-19,Female,Kakamega,Ikolomani,Idakho East,"House 175, Ruaraka Road, Athi River"
2368,Mbaka Anna Ndunge,65109983,011525662,mbaka.ndunge@yahoo.com,1954-10-10,Male,Kakamega,Butere,Marama North,"House 191, Kiambu Road Road, Jogoo"
2369,Andrew Syokau Musyoka,10455925,078443555,andrew.musyoka@gmail.com,1969-12-14,Male,Bungoma,Kanduyi,Marakaru/Tuuti,"House 157, Langata Drive, Kangundo"
2370,Naisula Bosibori Mworoa,39012935,075862280,naisula.mworoa@hotmail.com,1988-09-14,Male,Nairobi,Lang'ata,Mugumu-ini,"Plot 417, Lane 18, Ruaraka"
2371,Kipngetich Okoth Wachira,47359725,075132850,kipngetich.wachira@gmail.com,1960-05-28,Male,Bomet,Sotik,Ndanai/Abosi,"Plot 240, Lane 5, Langata"
2372,Atieno Mwikali Wangari,77461035,074511837,atieno.wangari@gmail.com,1995-06-13,Male,Kiambu,Ruiru,Kahawa Sukari,"House 438, River Road Road, Mugumo"
2373,Sarah Zechariah Muriuki,78083554,072491085,sarah.muriuki@yahoo.com,1953-03-25,Male,Meru,Igembe North,Naathu,"House 414, Limuru Road, Kiambu Road"
2374,Nicholas Kamotho,45555324,010237967,nicholas.kamotho@yahoo.com,1982-11-20,Female,Nyeri,Kieni,Naromoru/Kiamathaga,"Plot 287, Lane 15, Tom Mboya"
2375,Agnes Chepkirui Cheruiyot,76761811,077849810,agnes.cheruiyot@gmail.com,1978-05-26,Male,Meru,Igembe Central,Akachiu,"Plot 324, Lane 18, Mombasa Road"
2376,Kaimenyi Patrick Macharia,44476453,072820940,kaimenyi.macharia@outlook.com,1975-05-13,Female,Machakos,Machakos Town,Kalama,"House 164, Kasarani Drive, Juja"
2377,Aaron Benjamin Kivuva,17005696,076840754,aaron.kivuva@gmail.com,1969-11-07,Male,Nyeri,Mathira,Ruguru,"Plot 114, Lane 20, Juja"
2378,Syokau Kiprotich,89797435,011443694,syokau.kiprotich@gmail.com,1996-01-04,Male,Kiambu,Kikuyu,Nachu,"House 466, Garden Estate Avenue, Uhuru"
2379,Kipsang Koross,96390959,072428558,kipsang.koross@yahoo.com,1982-02-25,Female,Kiambu,Kikuyu,Kinoo,"House 372, Tom Mboya Avenue, Thika Superhighway"
2380,Kipkirui Otieno Muriuki,56734629,075874825,kipkirui.muriuki@gmail.com,1997-10-21,Female,Nairobi,Kasarani,Kamulu,"House 5, Langata Drive, Athi River"
2381,Beatrice Barnabas Mcharo,82568847,073481829,beatrice.mcharo@yahoo.com,1985-05-09,Female,Mombasa,Mvita,Tononoka,"House 358, Kileleshwa Street, Thika"
2382,Aoko Kagwiria Mutua,44678863,071433950,aoko.mutua@gmail.com,1988-02-26,Female,Machakos,Kangundo,Kangundo East,"House 218, Lavington Road, Ngong"
2383,Evelyn Rimberia,71679877,079927681,evelyn.rimberia@gmail.com,1995-01-02,Female,Kilifi,Kilifi South,Mtepeni,"House 308, Westlands Drive, Uhuru"
2384,Naserian Wambugu Muema,11630877,073782316,naserian.muema@yahoo.com,1981-04-05,Male,Kakamega,Mumias West,West Wanga,"House 115, Kenyatta Avenue, Ngong"
2385,Irene Ronald Kaimenyi,27627784,070453266,irene.kaimenyi@outlook.com,1983-03-17,Female,Nairobi,Lang'ata,Karen,"House 173, Thika Superhighway Street, Moi Avenue"
2386,Nanjala Teresa Ndunda,86149917,079831072,nanjala.ndunda@outlook.com,1989-11-12,Male,Meru,Tigania West,Akithi,"House 230, Argwings Kodhek Avenue, Kileleshwa"
2387,Masinde Koross,32625303,074908787,masinde.koross@gmail.com,1985-08-05,Female,Uasin Gishu,Soy,Kapkures,"Plot 193, Lane 7, Ngong"
2388,Munyao Nafula,18667877,076111943,munyao.nafula@gmail.com,1960-01-21,Male,Mombasa,Likoni,Bofu,"Plot 391, Lane 16, Westlands"
2389,Agnes Korir,46632288,011446081,agnes.korir@gmail.com,1983-07-23,Male,Kisumu,Kisumu East,Manyatta 'B',"Plot 175, Lane 14, Thika"
2390,Jane Kaimenyi,64730253,010977234,jane.kaimenyi@hotmail.com,1972-02-06,Male,Nairobi,Dagoretti North,Kileleshwa,"Plot 327, Lane 17, Likoni"
2391,Wachira Mwania,56624300,078778047,wachira.mwania@gmail.com,1993-01-01,Male,Kisumu,Kisumu Central,Nyalenda 'B',"Plot 468, Lane 18, Waiyaki"
2392,Cherotich Nyambura Gichuru,84430500,011282909,cherotich.gichuru@yahoo.com,2004-04-21,Male,Turkana,Turkana Central,Lodwar Township,"Plot 207, Lane 12, Lenana"
2393,Edward Micah Mutune,57887366,078419116,edward.mutune@yahoo.com,1972-06-17,Male,Nyeri,Mathira,Kirimukuyu,"Plot 149, Lane 17, Jogoo"
2394,Odhiambo Kariuki,18787232,075861938,odhiambo.kariuki@gmail.com,2004-05-07,Female,Machakos,Matungulu,Matungulu North,"Plot 242, Lane 17, Mugumo"
2395,Teresa Odhiambo Korir,50553589,076529097,teresa.korir@gmail.com,1978-04-05,Female,Nakuru,Molo,Turi,"Plot 132, Lane 1, Kangundo"
2396,Muthuri Gitonga,58384994,073133581,muthuri.gitonga@gmail.com,1995-12-15,Male,Kiambu,Githunguri,Githunguri,"Plot 320, Lane 13, Kilimani"
2397,Brian Kwamboka Macharia,66364654,070277862,brian.macharia@hotmail.com,1975-12-18,Male,Mombasa,Nyali,Mkomani,"Plot 250, Lane 12, Kasarani"
2398,Gladys Elizabeth Awiti,53413739,075262136,gladys.awiti@yahoo.com,1990-02-16,Male,Meru,Buuri,Ruiri/Rwarera,"House 364, Uhuru Avenue, Ruaraka"
2399,Kariuki Wekesa Odhiambo,42094378,077244630,kariuki.odhiambo@outlook.com,2003-03-11,Male,Nakuru,Kuresoi North,Kamara,"Plot 469, Lane 9, Lenana"
2400,Caroline Namukhula,31800010,010925297,caroline.namukhula@hotmail.com,1990-01-07,Female,Nairobi,Dagoretti North,Kileleshwa,"House 297, Moi Avenue Street, Tom Mboya"
2401,Nduku Isaac Saidimu,82957881,071847130,nduku.saidimu@gmail.com,1973-03-16,Male,Bungoma,Webuye West,Sitikho,"Plot 325, Lane 12, Kitisuru"
2402,Kimani Paul Hassan,56675977,072983953,kimani.hassan@gmail.com,1994-03-15,Male,Meru,Igembe Central,Akachiu,"Plot 344, Lane 18, Karen"
2403,Caroline Jonathan Mwikali,70404159,072888018,caroline.mwikali@outlook.com,2004-11-03,Female,Machakos,Yatta,Katangi,"Plot 245, Lane 6, Ruaraka"
2404,Barnabas Onsongo,65413506,011359754,barnabas.onsongo@yahoo.com,1991-08-03,Female,Uasin Gishu,Kapseret,Ngeria,"House 445, Argwings Kodhek Road, Westlands"
2405,Khaemba Mworoa Baya,55682742,071812079,khaemba.baya@gmail.com,1986-10-03,Female,Kiambu,Kiambu,Ting'ang'a,"Plot 402, Lane 11, Kileleshwa"
2406,Jonah Sharon Bett,74650288,078747039,jonah.bett@yahoo.com,1986-04-27,Male,Mombasa,Kisauni,Bamburi,"Plot 469, Lane 7, Athi River"
2407,Edith Gacheru,40705520,075320215,edith.gacheru@gmail.com,1993-08-15,Female,Bungoma,Sirisia,Lwandanyi,"House 194, Athi River Avenue, Kileleshwa"
2408,Jebiwott Wanjala,78690258,073564381,jebiwott.wanjala@outlook.com,1955-08-04,Female,Trans Nzoia,Kwanza,Kapomboi,"House 124, Langata Street, Outering"
2409,Leshan Waithera,37154707,077556774,leshan.waithera@gmail.com,1983-04-03,Male,Kiambu,Kikuyu,Sigona,"Plot 53, Lane 7, Kangundo"
2410,Rachel Haggai Rotich,73884512,011201420,rachel.rotich@gmail.com,1986-03-24,Male,Uasin Gishu,Kapseret,Megun,"House 333, Thika Road, Waiyaki"
2411,Kipkemboi Chepkirui Mwakisha,38554192,078220295,kipkemboi.mwakisha@gmail.com,1987-05-20,Male,Nyeri,Tetu,Dedan Kimathi,"Plot 121, Lane 7, Athi River"
2412,Veronica Margaret Kamau,32280888,077634427,veronica.kamau@outlook.com,1998-12-17,Female,Meru,Central Imenti,Mwangathia,"House 109, Ngong Road Drive, Ruaraka"
2413,Oduya Edward Wangari,97638169,073494953,oduya.wangari@gmail.com,2006-06-04,Male,Nairobi,Kibra,Lindi,"Plot 410, Lane 6, Thika Superhighway"
2414,Beatrice Mbaka,74121353,079506171,beatrice.mbaka@outlook.com,1962-04-27,Female,Kilifi,Ganze,Sokoke,"Plot 29, Lane 9, Kilimani"
2415,Mugo Wafula Wanjala,66230595,075149208,mugo.wanjala@yahoo.com,1994-01-13,Female,Kilifi,Kaloleni,Mwanamwinga,"House 230, Argwings Kodhek Road, Thika"
2416,George Chepkoech Mogaka,28443910,074576073,george.mogaka@yahoo.com,1956-12-22,Female,Kiambu,Ruiru,Kahawa Wendani,"Plot 398, Lane 16, Thika Superhighway"
2417,Margaret Okoth Koech,45611439,011974811,margaret.koech@yahoo.com,1998-10-17,Male,Kiambu,Kabete,Nyathuna,"Plot 136, Lane 9, Athi River"
2418,Elijah Kagendo Lubanga,94515323,011877990,elijah.lubanga@hotmail.com,1991-03-08,Male,Nakuru,Molo,Elburgon,"Plot 47, Lane 20, Limuru"
2419,Kipkorir Judy Wekesa,60204030,075546912,kipkorir.wekesa@gmail.com,1995-11-02,Female,Nairobi,Lang'ata,Mugumu-ini,"House 79, Langata Street, Lavington"
2420,Judith Timothy Mukhwana,66569148,073129262,judith.mukhwana@gmail.com,1988-03-17,Female,Nairobi,Dagoretti North,Kilimani,"House 254, Kangundo Drive, Kangundo"
2421,Mark Chepngeno,60721412,076894057,mark.chepngeno@gmail.com,1978-09-24,Male,Nakuru,Nakuru Town East,Menengai,"Plot 453, Lane 18, Tom Mboya"
2422,Jane Alice Kinyua,34260309,073812617,jane.kinyua@yahoo.com,1999-06-16,Female,Bomet,Sotik,Rongena/Manaret,"Plot 99, Lane 20, River Road"
2423,Kagwiria Naliaka,64362660,072875923,kagwiria.naliaka@hotmail.com,1998-07-28,Male,Meru,Central Imenti,Mwangathia,"House 272, Athi River Avenue, Jogoo"
2424,Nanjala Alice Mbaka,43363652,074791003,nanjala.mbaka@hotmail.com,1954-12-02,Female,Meru,South Imenti,Nkuene,"House 241, Kikuyu Street, Waiyaki"
2425,Stephen Edith Awiti,72606225,077134525,stephen.awiti@gmail.com,1961-04-15,Female,Nairobi,Kibra,Laini Saba,"House 158, Tom Mboya Drive, Kiambu"
2426,Charity Samuel Jebet,65673607,072324305,charity.jebet@gmail.com,1999-05-23,Female,Turkana,Turkana North,Kaeris,"Plot 132, Lane 12, Tom Mboya"
2427,Florence Senteu,33094509,076192113,florence.senteu@gmail.com,1989-10-09,Female,Nairobi,Lang'ata,Mugumu-ini,"Plot 111, Lane 20, Limuru"
2428,Moraa Jepkorir Matoke,54775863,076457851,moraa.matoke@yahoo.com,1994-12-26,Male,Nyeri,Othaya,Karima,"Plot 271, Lane 5, Kiambu"
2429,Dorothy Kemunto Korir,82960874,077237126,dorothy.korir@gmail.com,1970-11-28,Female,Uasin Gishu,Turbo,Ngenyilel,"Plot 115, Lane 7, Langata"
2430,Kiprono Ochieng,48494442,077121519,kiprono.ochieng@gmail.com,2003-10-20,Male,Meru,Igembe Central,Athiru Gaiti,"House 316, River Road Street, Waiyaki"
2431,Priscilla Ndegwa,35144726,011969354,priscilla.ndegwa@gmail.com,1995-03-15,Male,Nairobi,Dagoretti North,Kawangware,"Plot 136, Lane 16, Waiyaki"
2432,Kilonzo Bett,67401265,011421236,kilonzo.bett@gmail.com,1995-02-10,Female,Turkana,Turkana East,Kapedo/Napeitom,"Plot 399, Lane 19, Athi River"
2433,Kioko Karanja,58052871,070374296,kioko.karanja@gmail.com,1961-05-07,Male,Kisumu,Nyakach,West Nyakach,"House 412, Moi Avenue Road, Mugumo"
2434,Moses Cherono Kibathi,42454583,011476311,moses.kibathi@yahoo.com,1977-03-11,Female,Meru,North Imenti,Nyaki West,"House 253, Mugumo Street, Limuru"
2435,Victor Rono,33875260,076429536,victor.rono@yahoo.com,1993-11-15,Male,Machakos,Yatta,Katangi,"Plot 287, Lane 5, Kiambu Road"
2436,Mwangi Jepkoech,89365186,071556633,mwangi.jepkoech@gmail.com,1998-11-21,Male,Trans Nzoia,Endebess,Matumbei,"Plot 38, Lane 6, Parklands"
2437,Peace Edith Mitei,55583827,071681140,peace.mitei@hotmail.com,1962-09-25,Female,Uasin Gishu,Soy,Ziwa,"Plot 207, Lane 14, Mugumo"
2438,Matthew Nafula,89161407,075274684,matthew.nafula@outlook.com,1997-12-26,Male,Kisumu,Muhoroni,Chemelil,"Plot 82, Lane 12, Waiyaki"
2439,Senteu Githinji,99624588,072557959,senteu.githinji@outlook.com,2000-07-24,Male,Meru,Tigania West,Kianjai,"Plot 453, Lane 14, Kitisuru"
2440,Moraa Kipkirui,65243280,072761706,moraa.kipkirui@gmail.com,1969-02-25,Male,Bomet,Bomet Central,Mutarakwa,"House 179, Mombasa Road Drive, Mombasa Road"
2441,Muthoni Lilian Nyambane,73218332,077220847,muthoni.nyambane@yahoo.com,1999-11-13,Male,Nairobi,Dagoretti North,Kawangware,"Plot 228, Lane 13, Limuru"
2442,Wanjiku Agnes Nabea,55595912,011194400,wanjiku.nabea@yahoo.com,1996-09-24,Male,Mombasa,Mvita,Tudor,"House 149, Ruiru Street, Uhuru"
2443,Jebet Joy Kivuva,64910054,077786779,jebet.kivuva@gmail.com,1995-02-06,Female,Kiambu,Kikuyu,Nachu,"Plot 227, Lane 12, Ruiru"
2444,George Saidimu,23265532,079788710,george.saidimu@outlook.com,1992-01-11,Male,Kisumu,Kisumu West,West Kisumu,"Plot 187, Lane 9, Thika Superhighway"
2445,Wangeci Kariuki,15776720,079182405,wangeci.kariuki@gmail.com,1982-09-06,Male,Nairobi,Dagoretti South,Uthiru,"House 109, Athi River Road, Langata"
2446,Odhiambo Kamotho,74938160,071433754,odhiambo.kamotho@gmail.com,1984-08-26,Female,Trans Nzoia,Saboti,Kinyoro,"House 296, Mombasa Road Drive, Kenyatta"
2447,Agnes Flora Lubanga,83425325,070862890,agneslubanga@gmail.com,1981-01-11,Female,Nyeri,Kieni,Naromoru/Kiamathaga,"House 365, Ruiru Drive, Argwings Kodhek"
2448,Awino Ombati Kipchirchir,77409527,079531225,awino.kipchirchir@gmail.com,1948-03-18,Male,Nairobi,Lang'ata,Mugumu-ini,"Plot 411, Lane 11, Jogoo"
2449,Benjamin Wabomba Mutinda,77095951,010788352,benjamin.mutinda@outlook.com,1984-07-12,Female,Mombasa,Changamwe,Miritini,"Plot 248, Lane 10, Outering"
2450,Muriuki Achieng Owuor,84711718,073857131,muriuki.owuor@outlook.com,1964-07-02,Male,Meru,Tigania West,Kianjai,"House 480, River Road Road, Ngong"
2451,Susan Wafula Lubanga,71384698,011379490,susan.lubanga@gmail.com,1980-03-05,Female,Trans Nzoia,Cherangany,Motosi,"Plot 79, Lane 5, Mugumo"
2452,Odhiambo Bosibori Opiyo,84469533,071273126,odhiambo.opiyo@yahoo.com,2004-07-21,Female,Kisumu,Nyakach,Central Nyakach,"Plot 355, Lane 13, Moi Avenue"
2453,Kaloki Waithera Munyori,62785816,010126920,kaloki.munyori@hotmail.com,1993-01-20,Male,Uasin Gishu,Moiben,Kimumu,"Plot 213, Lane 18, Kangundo"
2454,Mbaka Benjamin Mwirigi,78387472,073186038,mbaka.mwirigi@yahoo.com,2002-10-21,Male,Kiambu,Limuru,Limuru Central,"House 164, Ruaraka Drive, Thika"
2455,Diana Chebet Keter,60556251,072459544,diana.keter@yahoo.com,1971-10-16,Female,Mombasa,Kisauni,Mjambere,"Plot 459, Lane 12, Thika"
2456,Jeremiah Musalia,71492746,071645970,jeremiah.musalia@yahoo.com,1981-12-23,Male,Meru,Igembe North,Naathu,"Plot 204, Lane 11, Lenana"
2457,Chepkoech Kariuki Mwango,24776431,078926576,chepkoech.mwango@gmail.com,2002-11-17,Male,Machakos,Machakos Town,Mua,"Plot 213, Lane 16, Mugumo"
2458,Jeremiah Wamuyu,28785946,077556168,jeremiah.wamuyu@yahoo.com,1982-08-06,Female,Kiambu,Ruiru,Kiuu,"House 297, Kiambu Road Street, Ruiru"
2459,Edith Khaemba Koech,21509423,078408788,edith.koech@outlook.com,1971-08-21,Female,Kiambu,Kikuyu,Nachu,"House 208, Juja Drive, Parklands"
2460,Mumo Kagwe,36971737,074794650,mumo.kagwe@gmail.com,1992-08-10,Male,Kakamega,Ikolomani,Idakho Central,"House 478, Tom Mboya Street, Kiambu Road"
2461,Chebet Wanjiku Wanjohi,89013846,011139312,chebet.wanjohi@hotmail.com,1973-05-27,Female,Nyeri,Kieni,Gatarakwa,"Plot 167, Lane 11, Langata"
2462,Onyango Allan Baya,17773636,072447398,onyango.baya@hotmail.com,2006-12-08,Male,Machakos,Matungulu,Kyeleni,"Plot 304, Lane 1, Juja"
2463,Kiprono Lenguro Chebet,65925285,070449778,kiprono.chebet@yahoo.com,1976-02-19,Female,Nakuru,Rongai,Mosop,"House 252, Kileleshwa Avenue, Moi Avenue"
2464,Mukhwana Nicholas Gikonyo,91082703,073704849,mukhwana.gikonyo@yahoo.com,1960-11-28,Male,Mombasa,Changamwe,Chaani,"Plot 4, Lane 11, Jogoo"
2465,Nicholas Khaemba Nganga,27632071,071653404,nicholas.nganga@gmail.com,1978-04-23,Female,Trans Nzoia,Kwanza,Keiyo,"House 281, Mugumo Street, Juja"
2466,Kevin Mulandi,79509204,010342742,kevin.mulandi@outlook.com,2000-02-04,Male,Mombasa,Likoni,Bofu,"Plot 465, Lane 15, Thika Superhighway"
2467,Momanyi Kiprono Kenga,34282303,074228822,momanyi.kenga@gmail.com,1981-12-04,Female,Meru,Igembe North,Antubetwe Kiongo,"Plot 401, Lane 11, Ruaraka"
2468,Miriam Veronica Mutune,20727703,074695322,miriam.mutune@yahoo.com,1973-09-18,Female,Kilifi,Rabai,Rabai/Kisurutini,"House 34, Ngong Avenue, Outering"
2469,Collins Kipchumba,20835155,077380039,collins.kipchumba@yahoo.com,2000-01-04,Female,Meru,Igembe South,Nkondi,"House 354, Garden Estate Street, Kangundo"
2470,Bosibori Rimberia Otula,76442410,011458655,bosibori.otula@hotmail.com,1953-09-10,Male,Nyeri,Nyeri Town,Rware,"House 440, Ngong Street, Kikuyu"
2471,Zechariah Kilonzo,16927312,075874733,zechariah.kilonzo@hotmail.com,1999-07-14,Male,Mombasa,Changamwe,Changamwe,"House 475, Likoni Road, Thika Superhighway"
2472,Benjamin Gathoni Rono,62665465,077574417,benjamin.rono@outlook.com,1986-05-09,Female,Mombasa,Kisauni,Mwakirunge,"Plot 344, Lane 11, Thika Superhighway"
2473,Rimberia Irene Chebet,14839862,073487345,rimberia.chebet@gmail.com,1960-06-14,Female,Nakuru,Nakuru Town East,Flamingo,"Plot 109, Lane 6, Ruaraka"
2474,Habakkuk Gacheru,67426412,079225278,habakkuk.gacheru@gmail.com,1986-02-22,Female,Kiambu,Limuru,Limuru Central,"Plot 382, Lane 5, Kasarani"
2475,Cecilia Wanjohi,20643089,073595687,cecilia.wanjohi@hotmail.com,1977-11-28,Male,Nairobi,Dagoretti South,Mutuini,"House 94, Juja Drive, Kenyatta"
2476,Musyoka Nduku,63287172,073280256,musyoka.nduku@hotmail.com,1980-05-17,Female,Mombasa,Kisauni,Bamburi,"House 456, Kiambu Road Drive, Ngong Road"
2477,Brian Nganga,69520891,075317150,brian.nganga@hotmail.com,1992-10-23,Female,Bungoma,Webuye West,Kimilili,"Plot 113, Lane 5, Lenana"
2478,Wairimu Jeremiah Ali,14874387,072915390,wairimu.ali@gmail.com,1992-06-28,Female,Nakuru,Nakuru Town East,Biashara,"House 325, Jogoo Street, Garden Estate"
2479,Kevin Onsongo,67104460,070813760,kevin.onsongo@gmail.com,1997-12-24,Male,Mombasa,Likoni,Shika Adabu,"House 124, Thika Superhighway Street, Tom Mboya"
2480,Kipsang Simon Nanjala,68361406,011540612,kipsang.nanjala@gmail.com,2006-07-09,Male,Nairobi,Lang'ata,Mugumu-ini,"Plot 239, Lane 14, Limuru"
2481,Victor Kilonzo,82462154,073215343,victor.kilonzo@gmail.com,1961-10-16,Female,Mombasa,Kisauni,Bamburi,"House 269, Uhuru Street, Kenyatta"
2482,Rebecca Omar,78683307,071894496,rebecca.omar@gmail.com,1971-08-16,Female,Trans Nzoia,Endebess,Matumbei,"Plot 393, Lane 1, Athi River"
2483,Martin Wambugu Achieng,14253979,079657365,martin.achieng@outlook.com,1976-02-13,Male,Kakamega,Khwisero,Kisa East,"House 410, Juja Road, Karen"
2484,Kagwiria Mwikali Kinya,49752081,077187915,kagwiria.kinya@gmail.com,1977-06-03,Male,Nakuru,Bahati,Bahati,"House 286, Lenana Avenue, Mombasa Road"
2485,Grace Wambugu,23431358,072709216,grace.wambugu@yahoo.com,1947-03-10,Female,Nairobi,Dagoretti North,Kileleshwa,"House 54, Mombasa Road Road, Tom Mboya"
2486,Kanana Rimberia Kiarie,17082790,076343312,kanana.kiarie@gmail.com,1996-08-07,Male,Nairobi,Kasarani,Ruai,"House 149, Kileleshwa Road, River Road"
2487,Nanjala Vincent Chepkwony,20019588,011507386,nanjala.chepkwony@hotmail.com,1989-05-04,Male,Bomet,Chepalungu,Chebunyo,"House 331, Langata Drive, Limuru"
2488,Gakii Mutwiri,75051263,076514900,gakii.mutwiri@gmail.com,2000-10-25,Female,Kakamega,Khwisero,Kisa West,"House 327, Argwings Kodhek Avenue, Limuru"
2489,Jane Omondi Gacheru,98275197,075753217,jane.gacheru@gmail.com,1969-08-02,Female,Bungoma,Mt. Elgon,Elgon,"Plot 109, Lane 20, Ruiru"
2490,Beatrice Adoyo Kinya,56502604,011648427,beatrice.kinya@gmail.com,1984-10-25,Female,Trans Nzoia,Cherangany,Sitatunga,"Plot 475, Lane 16, Uhuru"
2491,Harun Sharon Wandera,16156667,079915981,harun.wandera@yahoo.com,2006-12-17,Male,Bungoma,Webuye East,Mihuu,"Plot 159, Lane 13, Athi River"
2492,Rebecca Wanjohi,68418006,010643928,rebecca.wanjohi@yahoo.com,1966-01-16,Male,Mombasa,Likoni,Bofu,"House 336, Langata Road, Lenana"
2493,Kerubo Mwangi,70081394,011563395,kerubo.mwangi@gmail.com,1965-12-18,Female,Nairobi,Westlands,Kangemi,"Plot 449, Lane 1, Ngong Road"
2494,Kanana Wamuyu,38478250,072734578,kananawamuyu@gmail.com,1990-01-14,Male,Nakuru,Rongai,Soin,"Plot 185, Lane 10, Waiyaki"
2495,Ndunge Mulandi,23756993,079464678,ndunge.mulandi@gmail.com,1999-05-26,Male,Kilifi,Malindi,Shella,"House 337, Juja Road, Kasarani"
2496,Onditi Opiyo,24687953,071450202,onditi.opiyo@gmail.com,1982-05-22,Male,Machakos,Yatta,Ikombe,"Plot 153, Lane 7, Kileleshwa"
2497,Jonah Awino Cheruiyot,61860619,011940456,jonah.cheruiyot@outlook.com,2000-05-16,Female,Mombasa,Likoni,Likoni,"House 43, Moi Avenue Road, Ngong"
2498,Gitonga Ojwang,65253560,079258215,gitonga.ojwang@outlook.com,1999-09-25,Male,Kiambu,Kabete,Kabete,"House 227, Langata Road, Lavington"
2499,Deborah Musila,43247799,071676149,deborah.musila@gmail.com,1979-10-24,Female,Kakamega,Mumias East,Malaha/Isongo/Masindi,"House 405, Jogoo Avenue, Kenyatta"
2500,Githinji Ogero,49993925,011954029,githinji.ogero@outlook.com,1967-10-23,Male,Trans Nzoia,Saboti,Kinyoro,"Plot 252, Lane 17, Jogoo"
2501,Gakunyi Margaret Mcharo,46793365,079798993,gakunyi.mcharo@yahoo.com,1998-07-09,Male,Nairobi,Dagoretti South,Riruta,"House 302, Ruiru Road, Thika Superhighway"
2502,Matthew Kihika,49391905,010575031,matthew.kihika@gmail.com,1982-06-15,Male,Nairobi,Lang'ata,Nairobi West,"House 325, Juja Road, Athi River"
2503,Evelyn Auma,51968530,011836598,evelyn.auma@hotmail.com,2005-06-17,Male,Mombasa,Likoni,Tsimba,"House 462, Ruaraka Street, Mugumo"
2504,Ann Khaemba Masinde,49610969,010470962,ann.masinde@gmail.com,1960-09-19,Male,Mombasa,Jomvu,Mikindani,"House 206, Kenyatta Drive, Kangundo"
2505,Auma Elijah Chepkirui,36578446,078794988,auma.chepkirui@yahoo.com,1965-07-03,Female,Nairobi,Lang'ata,Nairobi West,"House 351, Ruiru Drive, Athi River"
2506,Silas Nabea,12675965,011102713,silas.nabea@yahoo.com,1988-04-17,Female,Trans Nzoia,Cherangany,Kaplamai,"House 353, Ruiru Road, Lenana"
2507,Nasimiyu Zechariah Kiprop,99824331,070461018,nasimiyu.kiprop@gmail.com,1987-06-25,Female,Machakos,Mavoko,Syokimau/Mulolongo,"House 401, Kangundo Street, Thika Superhighway"
2508,Anthony Oduya Kemei,57966539,072771694,anthony.kemei@gmail.com,1969-08-10,Male,Kakamega,Shinyalu,Isukha South,"Plot 173, Lane 13, Ngong"
2509,Hannah Muema,92720952,077526717,hannah.muema@gmail.com,1986-10-13,Male,Kisumu,Nyakach,South West Nyakach,"Plot 35, Lane 15, Kasarani"
2510,Gitobu Awiti Mwakisha,98433083,073514211,gitobu.mwakisha@gmail.com,1973-03-27,Male,Kakamega,Mumias East,East Wanga,"Plot 406, Lane 18, Lenana"
2511,James Ombati,59325778,075287785,james.ombati@gmail.com,1980-12-03,Female,Nakuru,Kuresoi North,Kamara,"Plot 317, Lane 15, Westlands"
2512,Kerubo Waithera,21627864,077977923,kerubo.waithera@yahoo.com,1981-02-21,Female,Bomet,Bomet Central,Silibwet Township,"Plot 292, Lane 7, Lenana"
2513,Moses Nicholas Juma,18881109,074855282,moses.juma@outlook.com,1994-05-15,Male,Kisumu,Seme,North Seme,"Plot 76, Lane 13, Argwings Kodhek"
2514,Susan Owuor Mbaka,77926594,010125157,susan.mbaka@yahoo.com,1967-07-02,Female,Kiambu,Lari,Kamburu,"Plot 217, Lane 14, Garden Estate"
2515,Naipanoi Awino,70701873,078640626,naipanoi.awino@outlook.com,1987-09-04,Male,Nakuru,Nakuru Town East,Kivumbini,"House 73, Tom Mboya Avenue, Kiambu Road"
2516,Gichuru Kipkemboi,71156898,071587836,gichuru.kipkemboi@yahoo.com,1975-06-24,Female,Kiambu,Lari,Nyanduma,"Plot 147, Lane 12, Ngong"
2517,Victor Ngeno,63539335,011984070,victor.ngeno@gmail.com,1988-01-03,Male,Nairobi,Dagoretti North,Gatina,"House 32, Jogoo Street, Limuru"
2518,Agnes Kathure Wabomba,18178128,076387366,agnes.wabomba@yahoo.com,1970-08-14,Male,Kisumu,Seme,West Seme,"Plot 373, Lane 17, Kiambu"
2519,Mutua Njuguna,84840355,079723649,mutua.njuguna@gmail.com,1977-06-06,Male,Kiambu,Limuru,Limuru Central,"Plot 103, Lane 15, Kenyatta"
2520,Marete Kipkemoi,70351700,011828823,marete.kipkemoi@hotmail.com,1959-07-20,Male,Machakos,Mavoko,Kinanie,"Plot 94, Lane 10, Kangundo"
2521,Onditi Naipanoi Jepkorir,84211554,074564046,onditi.jepkorir@hotmail.com,1964-05-19,Female,Bomet,Bomet Central,Mutarakwa,"Plot 222, Lane 14, Kikuyu"
2522,Kipchirchir Kathure Otieno,85251775,070470188,kipchirchir.otieno@hotmail.com,1995-02-21,Female,Trans Nzoia,Cherangany,Kaplamai,"Plot 405, Lane 6, Moi Avenue"
2523,Ann Wangeci Kemei,33205321,011913253,ann.kemei@gmail.com,2006-02-25,Female,Nakuru,Bahati,Dundori,"Plot 270, Lane 8, Jogoo"
2524,Elijah Nanjala,35144936,079634647,elijah.nanjala@gmail.com,1966-03-06,Male,Machakos,Mavoko,Kinanie,"Plot 384, Lane 1, Ruaraka"
2525,Monica Aoko Wabomba,24045619,072213935,monica.wabomba@gmail.com,2000-02-13,Male,Mombasa,Nyali,Mkomani,"House 448, Ruaraka Street, Uhuru"
2526,Ezekiel Mitei,12208928,076767220,ezekiel.mitei@gmail.com,1978-03-06,Male,Kakamega,Mumias East,Malaha/Isongo/Masindi,"House 374, Garden Estate Avenue, Ngong Road"
2527,Mukami Muriuki Musyimi,88733895,075507457,mukami.musyimi@outlook.com,1991-10-03,Female,Nairobi,Dagoretti North,Kilimani,"Plot 447, Lane 20, Jogoo"
2528,Nafula Ann Mogaka,22065080,078158429,nafula.mogaka@gmail.com,1987-04-23,Male,Kiambu,Lari,Kijabe,"House 114, Kileleshwa Drive, Lavington"
2529,Maina Ongeri Ali,58674401,075639139,maina.ali@gmail.com,1994-01-14,Male,Nairobi,Westlands,Parklands,"House 305, Outering Drive, Outering"
2530,Awuor Leshan,64250555,076504747,awuor.leshan@gmail.com,1976-09-12,Male,Kakamega,Mumias West,West Wanga,"Plot 173, Lane 3, Ngong Road"
2531,Peter Nanjala,80397312,071396212,peter.nanjala@gmail.com,1955-12-28,Female,Nakuru,Subukia,Kabazi,"House 140, Kiambu Drive, Ruaraka"
2532,Syokau Timothy Chepkwony,46934135,070640384,syokau.chepkwony@gmail.com,2004-06-21,Female,Bungoma,Mt. Elgon,Kaptama,"House 306, Jogoo Drive, Ngong Road"
2533,Joy Andrew Mwakideu,77699065,071413801,joy.mwakideu@yahoo.com,1985-03-06,Male,Nakuru,Kuresoi North,Kamara,"Plot 263, Lane 19, Karen"
2534,Patrick Senteu Otieno,14305217,011406400,patrick.otieno@gmail.com,1962-04-28,Male,Kakamega,Mumias West,Mutema,"House 421, Lavington Street, Garden Estate"
2535,Kimeu Maingi,91370652,075643677,kimeu.maingi@gmail.com,2005-09-22,Female,Uasin Gishu,Soy,Segero/Barsombe,"House 283, Garden Estate Avenue, Argwings Kodhek"
2536,Jacqueline Munyao,50253181,072466882,jacqueline.munyao@outlook.com,1954-10-11,Female,Kiambu,Kiambu,Ndumberi,"House 441, Kitisuru Avenue, Likoni"
2537,Cynthia Koech,42008485,074453028,cynthia.koech@yahoo.com,2005-02-08,Female,Nakuru,Naivasha,Hells Gate,"Plot 144, Lane 7, Kikuyu"
2538,Margaret Flora Mwirigi,75796428,075677144,margaret.mwirigi@gmail.com,2003-06-16,Male,Bomet,Chepalungu,Nyongores,"Plot 213, Lane 18, Ruiru"
2539,Senteu Momanyi Mutune,22998111,075879605,senteu.mutune@yahoo.com,1976-11-17,Male,Bungoma,Mt. Elgon,Kapkateny,"Plot 459, Lane 11, Thika"
2540,Gladys Ombati Mwakideu,19607241,071695551,gladys.mwakideu@outlook.com,1960-02-17,Female,Kiambu,Kikuyu,Kinoo,"Plot 261, Lane 10, Lavington"
2541,Esther Esther Karanja,78835811,078750993,esther.karanja@hotmail.com,1967-03-11,Female,Nakuru,Kuresoi North,Kamara,"House 439, Waiyaki Drive, Kasarani"
2542,Marete Kanana Wangari,96973536,071999867,marete.wangari@yahoo.com,1978-06-19,Male,Trans Nzoia,Endebess,Matumbei,"Plot 455, Lane 4, Garden Estate"
2543,Kipkoech Jebet,66912106,074120415,kipkoech.jebet@gmail.com,1999-09-19,Female,Nairobi,Kibra,Laini Saba,"Plot 297, Lane 4, Lenana"
2544,Maina Auma,30487706,075922827,maina.auma@outlook.com,1987-08-05,Male,Meru,Igembe North,Antubetwe Kiongo,"Plot 73, Lane 16, Kileleshwa"
2545,Robert Ongeri,70697288,079561561,robert.ongeri@gmail.com,1962-04-02,Male,Kilifi,Kilifi North,Dabaso,"Plot 255, Lane 20, Athi River"
2546,Gitonga Anyango,15850065,071342012,gitonga.anyango@hotmail.com,2005-08-10,Female,Kiambu,Ruiru,Kiuu,"Plot 168, Lane 4, Karen"
2547,Kwamboka Mutinda,94535808,078509689,kwamboka.mutinda@gmail.com,1987-03-25,Female,Nakuru,Subukia,Kabazi,"House 139, Waiyaki Road, Thika"
2548,Michael Nganga,55540304,011496719,michael.nganga@gmail.com,2004-06-09,Female,Machakos,Machakos Town,Mutituni,"House 173, Kitisuru Street, Kitisuru"
2549,Gilbert Wafula,68829908,078320745,gilbert.wafula@yahoo.com,2002-08-02,Female,Kisumu,Kisumu West,North Kisumu,"Plot 435, Lane 15, Kangundo"
2550,Jepkorir Lubanga,11218188,075141856,jepkorir.lubanga@gmail.com,1963-08-18,Female,Kiambu,Limuru,Limuru East,"Plot 53, Lane 5, Juja"
2551,Matthew Ruth Opiyo,59867180,011894053,matthew.opiyo@outlook.com,1991-03-02,Female,Mombasa,Nyali,Mkomani,"Plot 311, Lane 10, Ruiru"
2552,Awino Mukhwana,38691026,077917960,awino.mukhwana@gmail.com,1967-02-07,Female,Nairobi,Kasarani,Mwiki,"House 114, Thika Superhighway Drive, Kenyatta"
2553,Awuor Bridget Gacheru,23766380,079450905,awuor.gacheru@outlook.com,1986-09-19,Male,Kiambu,Kikuyu,Kinoo,"Plot 52, Lane 19, Kiambu"
2554,Awuor Wairimu,15051770,076325340,awuor.wairimu@gmail.com,1988-07-02,Male,Nairobi,Dagoretti North,Kileleshwa,"House 359, Jogoo Drive, Kiambu"
2555,Kilonzo Athman,38920897,070632388,kilonzo.athman@gmail.com,1967-05-14,Male,Nairobi,Lang'ata,Mugumu-ini,"House 6, Kiambu Road, Kenyatta"
2556,Alice Ochieng,79467412,070815182,alice.ochieng@hotmail.com,1977-06-26,Female,Kakamega,Khwisero,Kisa East,"Plot 6, Lane 10, Waiyaki"
2557,Florence Khaemba,26844326,074935333,florence.khaemba@outlook.com,1992-10-14,Male,Nyeri,Mathira,Magutu,"House 467, River Road Drive, Kangundo"
2558,Opiyo Elizabeth Ndunda,18011253,077696323,opiyo.ndunda@gmail.com,1961-07-24,Male,Nyeri,Kieni,Naromoru/Kiamathaga,"Plot 168, Lane 13, Thika"
2559,Kamau Opiyo,22358164,075898538,kamau.opiyo@yahoo.com,1991-10-14,Male,Mombasa,Likoni,Bofu,"Plot 232, Lane 13, Waiyaki"
2560,Elizabeth Ndunge Lubanga,38889586,010856610,elizabeth.lubanga@outlook.com,1983-07-25,Male,Nakuru,Nakuru Town East,Flamingo,"Plot 47, Lane 20, Kiambu Road"
2561,Harun Mulwa,19500496,079621154,harun.mulwa@gmail.com,1982-04-04,Female,Nakuru,Nakuru Town West,London,"House 476, Kenyatta Avenue, Ruaraka"
2562,Paul Martin Awino,37246941,079925964,paul.awino@gmail.com,1987-10-02,Male,Nakuru,Rongai,Mosop,"House 212, Kiambu Avenue, Argwings Kodhek"
2563,Florence Deborah Wambui,28699996,074586953,florence.wambui@yahoo.com,1985-11-03,Male,Kiambu,Limuru,Limuru Central,"Plot 378, Lane 4, Kasarani"
2564,Kinyua Kanampiu Kipkorir,82488696,073693437,kinyua.kipkorir@gmail.com,1990-01-01,Male,Kisumu,Muhoroni,Masogo/Nyang'oma,"Plot 238, Lane 2, Kasarani"
2565,Muema Kinyua,74825959,073871711,muema.kinyua@outlook.com,1992-01-16,Female,Kiambu,Lari,Nyanduma,"Plot 170, Lane 19, Kangundo"
2566,Opiyo Ruth Chepkirui,17578334,074340362,opiyo.chepkirui@hotmail.com,1973-07-14,Male,Meru,Igembe Central,Akachiu,"Plot 46, Lane 8, Athi River"
2567,Kaloki Mwikali,51972986,075409829,kaloki.mwikali@yahoo.com,2002-03-23,Male,Nairobi,Dagoretti North,Kilimani,"Plot 251, Lane 18, Kileleshwa"
2568,Daniel Kinya Mutua,38434784,077584137,daniel.mutua@gmail.com,1993-10-06,Male,Meru,Tigania East,Muthara,"Plot 164, Lane 5, Ngong"
2569,Ondieki Ojwang,54462182,076482605,ondieki.ojwang@gmail.com,1975-07-01,Male,Nairobi,Dagoretti North,Gatina,"Plot 385, Lane 19, Kikuyu"
2570,Mutheu Mitei,35177082,078764544,mutheu.mitei@gmail.com,1984-06-02,Male,Kakamega,Matungu,Namamali,"House 438, Thika Superhighway Avenue, Likoni"
2571,Awuor Chebet Ndegwa,55562227,076807053,awuor.ndegwa@yahoo.com,1967-10-24,Female,Kakamega,Shinyalu,Isukha West,"Plot 223, Lane 19, Mombasa Road"
2572,Munyao Rotich,84316712,079749235,munyao.rotich@gmail.com,1999-08-19,Male,Kilifi,Ganze,Sokoke,"Plot 380, Lane 19, Limuru"
2573,Kariuki Jebet Koech,52846556,076323060,kariuki.koech@gmail.com,1967-01-02,Female,Kiambu,Lari,Kinale,"House 140, Kitisuru Street, Juja"
2574,Kagendo Chepkirui,31674405,072525351,kagendo.chepkirui@hotmail.com,1970-08-13,Female,Kiambu,Lari,Kamburu,"Plot 262, Lane 8, Parklands"
2575,Zechariah Ngeno,75344377,079109198,zechariah.ngeno@gmail.com,1978-02-11,Male,Bomet,Konoin,Boito,"Plot 142, Lane 2, Parklands"
2576,Brian Chepkwony,89760817,071931896,brian.chepkwony@yahoo.com,1980-02-03,Female,Nairobi,Dagoretti South,Mutuini,"House 72, Kileleshwa Avenue, Ruaraka"
2577,Chepkoech Wekesa,88153810,071720466,chepkoech.wekesa@gmail.com,1971-12-09,Female,Kisumu,Muhoroni,Muhoroni/Koru,"House 248, Garden Estate Road, Westlands"
2578,Caroline Mwakideu,84618453,011693379,caroline.mwakideu@gmail.com,1974-07-21,Male,Meru,Igembe North,Antuamburi,"Plot 138, Lane 5, Jogoo"
2579,Mueni Kenei,22087678,073856451,mueni.kenei@hotmail.com,1983-08-16,Male,Nairobi,Dagoretti South,Riruta,"Plot 390, Lane 8, Jogoo"
2580,Gladys Jepkorir Omondi,59887499,079628539,gladys.omondi@gmail.com,1980-01-25,Female,Meru,Buuri,Kiirua/Naari,"House 59, Uhuru Drive, Kitisuru"
2581,Ezekiel Zephaniah Kipchirchir,60658575,071780370,ezekiel.kipchirchir@gmail.com,1988-11-22,Female,Mombasa,Nyali,Kongowea,"House 202, Tom Mboya Road, Limuru"
2582,Ndinda Maingi,26642804,010890881,ndinda.maingi@outlook.com,1986-10-15,Male,Kisumu,Kisumu West,Central Kisumu,"Plot 51, Lane 19, Langata"
2583,Wamalwa Wairimu,56646447,078596537,wamalwa.wairimu@gmail.com,1994-11-03,Male,Bungoma,Kimilili,Kimilili,"House 418, Mugumo Road, Karen"
2584,Nanjala Ondieki Nabwire,82250099,072764555,nanjala.nabwire@gmail.com,1992-10-11,Male,Nairobi,Dagoretti South,Ngando,"Plot 49, Lane 6, Waiyaki"
2585,Kamau Ombati Mitei,69224618,077408763,kamau.mitei@gmail.com,1992-02-20,Male,Bungoma,Kabuchai,West Nalondo,"Plot 67, Lane 10, Argwings Kodhek"
2586,Isaac Ali,36943494,011764919,isaac.ali@gmail.com,1964-07-16,Female,Meru,Tigania East,Thangatha,"House 125, Garden Estate Avenue, Thika Superhighway"
2587,Kipchirchir Nabea Namukhula,45488502,071974489,kipchirchir.namukhula@outlook.com,1989-07-02,Female,Kisumu,Seme,West Seme,"Plot 306, Lane 1, Outering"
2588,Mworoa Ngeno,22404243,011500774,mworoa.ngeno@hotmail.com,1990-11-07,Male,Trans Nzoia,Kwanza,Kapomboi,"Plot 397, Lane 6, Thika Superhighway"
2589,Kilonzo Wafula Githua,23342241,010982404,kilonzo.githua@hotmail.com,1959-05-01,Male,Kiambu,Githunguri,Ikinu,"Plot 433, Lane 5, Mugumo"
2590,Githinji Wanjohi,64002855,073324527,githinji.wanjohi@yahoo.com,1998-06-16,Male,Mombasa,Likoni,Likoni,"Plot 53, Lane 14, Tom Mboya"
2591,George Mwikali,14721256,076504496,george.mwikali@outlook.com,2002-01-03,Male,Nairobi,Lang'ata,Mugumu-ini,"House 345, Lenana Street, Ruiru"
2592,Jeremiah Mutua Karanja,47364992,075485271,jeremiah.karanja@gmail.com,1997-04-26,Male,Trans Nzoia,Endebess,Chepchoina,"House 222, Thika Avenue, Likoni"
2593,Khaemba Naliaka,57455285,071283842,khaemba.naliaka@gmail.com,1993-12-27,Female,Nairobi,Kibra,Lindi,"House 114, Garden Estate Avenue, Waiyaki"
2594,Nasimiyu Korir,18579673,072124052,nasimiyu.korir@gmail.com,2001-05-12,Female,Machakos,Masinga,Muthesya,"House 455, Kasarani Avenue, Thika"
2595,Kanana Ruth Munyao,10313589,075412096,kanana.munyao@gmail.com,1992-11-11,Female,Kiambu,Ruiru,Kiuu,"Plot 65, Lane 6, Thika Superhighway"
2596,Moraa Muthoka Otieno,68136765,071307036,moraa.otieno@yahoo.com,1977-01-05,Female,Kisumu,Muhoroni,Ombeyi,"Plot 104, Lane 16, Mugumo"
2597,Evelyn Baya,74994816,075723024,evelyn.baya@outlook.com,1982-08-25,Male,Machakos,Machakos Town,Kalama,"Plot 454, Lane 5, Kitisuru"
2598,Deborah Kipchirchir Athman,80075544,071939287,deborah.athman@gmail.com,1974-02-20,Female,Uasin Gishu,Turbo,Huruma,"Plot 187, Lane 8, Langata"
2599,Mark Otieno Mitei,20525655,076793756,mark.mitei@gmail.com,1961-05-22,Female,Bungoma,Sirisia,Lwandanyi,"Plot 466, Lane 2, Karen"
2600,Marete Senteu,79523642,078695379,marete@gmail.com,1962-08-27,Male,Kilifi,Malindi,Jilore,"Plot 78, Lane 6, Thika"
2601,Victor Chebet,73339433,076281520,victor.chebet@gmail.com,1981-09-20,Female,Kakamega,Mumias East,East Wanga,"Plot 86, Lane 6, Kiambu Road"
2602,Ongeri Barasa,79521092,074822893,ongeri.barasa@yahoo.com,1988-09-14,Male,Kiambu,Ruiru,Kiuu,"Plot 307, Lane 14, Parklands"
2603,Masinde Leshan,32258756,071737499,masinde.leshan@yahoo.com,1984-11-04,Female,Nakuru,Rongai,Solai,"Plot 392, Lane 15, Mombasa Road"
2604,Namukhula Kipchirchir,94011734,011625394,namukhula.kipchirchir@outlook.com,1990-05-23,Female,Bomet,Bomet Central,Silibwet Township,"House 84, Garden Estate Avenue, Juja"
2605,Mutheu Kihumba,54717010,011516946,mutheu.kihumba@gmail.com,1966-12-20,Female,Nairobi,Kasarani,Mwiki,"House 179, Outering Avenue, Mugumo"
2606,Moraa Haggai Kimutai,90481646,078325457,moraa.kimutai@outlook.com,1983-04-17,Male,Uasin Gishu,Kesses,Taratai,"House 314, Kilimani Drive, Thika Superhighway"
2607,Aoko Mutisya,94060783,010360211,aoko.mutisya@gmail.com,1970-07-01,Male,Bomet,Chepalungu,Sigour,"House 7, Ngong Avenue, Kitisuru"
2608,John Kiprotich Mukhwana,52137942,073856603,j.mukhwana@gmail.com,1990-03-28,Male,Machakos,Matungulu,Matungulu East,"Plot 288, Lane 7, Kitisuru"
2609,Kipkoech Kebaso,83306541,077772512,kipkoech.kebaso@outlook.com,1957-02-18,Male,Nakuru,Nakuru Town West,Kaptembwo,"Plot 171, Lane 17, Kenyatta"
2610,Kathure Wanjiku Atieno,86599891,077148301,kathure.atieno@hotmail.com,1985-01-05,Male,Uasin Gishu,Turbo,Tapsagoi,"Plot 187, Lane 13, Kikuyu"
2611,Isaac Ongaya,65632441,010768551,isaac.ongaya@yahoo.com,1977-03-26,Male,Kilifi,Kaloleni,Mwanamwinga,"Plot 327, Lane 6, Kilimani"
2612,Sharon Nyaboke Adoyo,17228318,011818423,sharon.adoyo@gmail.com,1955-05-09,Male,Meru,South Imenti,Abogeta East,"Plot 363, Lane 17, Kilimani"
2613,Priscilla Kipsang Jepkoech,37762436,071951547,priscilla.jepkoech@yahoo.com,1955-02-21,Female,Kakamega,Butere,Marama North,"House 191, Kasarani Drive, Langata"
2614,Wanjiru Monica Kariuki,92279946,070506737,wanjiru.kariuki@outlook.com,1995-12-11,Male,Meru,Igembe South,Mau/Antuamburi,"House 380, Kasarani Drive, Kileleshwa"
2615,Margaret Mwango,56421468,078771176,margaret.mwango@outlook.com,1994-08-14,Male,Bungoma,Mt. Elgon,Chepyuk,"Plot 85, Lane 20, Kitisuru"
2616,Alice Rimberia Cherono,38673273,070421388,alice.cherono@gmail.com,1955-12-22,Male,Nairobi,Dagoretti South,Uthiru,"Plot 101, Lane 10, Mugumo"
2617,Judith Mwangi Achieng,25861239,076910769,judith.achieng@outlook.com,1976-04-22,Male,Uasin Gishu,Kapseret,Ngeria,"Plot 322, Lane 7, Karen"
2618,Judith Ombati,83601776,075628866,judith.ombati@hotmail.com,1993-01-16,Female,Uasin Gishu,Soy,Kipsomba,"Plot 139, Lane 4, Kilimani"
2619,Mutisya Mbaka Mutua,45160395,010658737,mutisya.mutua@yahoo.com,1985-06-18,Female,Trans Nzoia,Saboti,Tuwani,"Plot 103, Lane 5, Ngong Road"
2620,Okello Akinyi Akinyi,86260059,010381138,okello.akinyi@gmail.com,1956-07-05,Female,Nairobi,Lang'ata,Nairobi West,"Plot 240, Lane 14, Ngong Road"
2621,Sarah Kamotho,94271736,076561275,sarah.kamotho@yahoo.com,1981-11-16,Female,Nyeri,Tetu,Wamagana,"Plot 231, Lane 2, Limuru"
2622,Awuor Moses Nafula,91649465,076783885,awuor.nafula@yahoo.com,1967-02-28,Male,Nakuru,Molo,Marioshoni,"House 405, Likoni Road, Ruaraka"
2623,Syokau Daniel Kiprop,92229647,011400232,syokau.kiprop@gmail.com,1987-07-06,Male,Machakos,Masinga,Ekalakala,"House 237, Ngong Road Drive, Uhuru"
2624,Caroline Jepkorir Gitonga,32185945,077300931,caroline.gitonga@gmail.com,1982-08-05,Female,Bomet,Konoin,Embomos,"Plot 78, Lane 19, Juja"
2625,Auma Wanjiku Awino,42945212,011517664,auma.awino@gmail.com,1981-08-03,Male,Nakuru,Nakuru Town East,Menengai,"Plot 332, Lane 13, Moi Avenue"
2626,Adoyo Mutisya,30678826,073527347,adoyo.mutisya@gmail.com,1970-10-07,Female,Kiambu,Kikuyu,Nachu,"Plot 381, Lane 9, Kiambu Road"
2627,Hope Christopher Auma,23658560,079391752,hope.auma@gmail.com,1980-08-23,Female,Nairobi,Dagoretti North,Gatina,"House 348, Kitisuru Avenue, Moi Avenue"
2628,Mercy Charity Baya,69988122,078661151,mercy.baya@gmail.com,1984-06-01,Male,Kisumu,Kisumu East,Nyalenda 'A',"House 161, Westlands Street, Lavington"
2629,Oduya Edward Kamau,96974887,078665643,oduya.kamau@gmail.com,1996-04-17,Female,Nyeri,Nyeri Town,Kamakwa/Mukaro,"Plot 171, Lane 19, Tom Mboya"
2630,Chepkirui Auma,41278153,071697718,chepkirui.auma@gmail.com,2001-05-20,Female,Uasin Gishu,Kesses,Racecourse,"Plot 351, Lane 13, Mombasa Road"
2631,Kagwiria Pauline Mwaura,13581735,010732046,kagwiria.mwaura@gmail.com,1962-11-25,Female,Nakuru,Kuresoi South,Amalo,"Plot 211, Lane 17, Waiyaki"
2632,Rachel Ondieki,13465323,078300013,rondieki@gmail.com,1976-04-24,Male,Nairobi,Kasarani,Mwiki,"House 172, Kikuyu Road, Lenana"
2633,Kevin Munyori,91899417,070681581,kevin.munyori@outlook.com,1983-12-13,Female,Uasin Gishu,Turbo,Ngenyilel,"House 327, Kiambu Avenue, Kasarani"
2634,Nafula Masinde,92434730,011499721,nafula.masinde@hotmail.com,1989-12-23,Female,Uasin Gishu,Ainabkoi,Racecourse,"House 192, Lenana Street, Ruiru"
2635,Namukhula Philemon Wekesa,94544389,010939233,namukhula.wekesa@yahoo.com,1977-11-01,Male,Nairobi,Lang'ata,Nyayo Highrise,"Plot 45, Lane 20, Kiambu"
2636,Wanyonyi Kenei,74668530,074357796,wanyonyi.kenei@gmail.com,1996-01-06,Female,Nairobi,Dagoretti North,Gatina,"Plot 87, Lane 17, Karen"
2637,Caroline Kaimenyi Ndegwa,54756034,011512517,caroline.ndegwa@yahoo.com,1982-07-27,Male,Nyeri,Mathira,Kirimukuyu,"House 407, Jogoo Street, Langata"
2638,Gathoni Wanjiku Mutwiri,97978959,077649700,gathoni.mutwiri@gmail.com,1999-04-07,Male,Kiambu,Kabete,Kabete,"House 92, Ngong Avenue, Kileleshwa"
2639,Muriuki Nabwire Kihumba,29821491,011629532,muriuki.kihumba@gmail.com,1990-03-03,Female,Kilifi,Kaloleni,Mariakani,"House 166, Kilimani Road, River Road"
2640,Otieno Athman,79517267,075197027,otieno.athman@hotmail.com,1967-03-25,Male,Nyeri,Kieni,Mwiyogo/Endarasha,"Plot 12, Lane 8, Ruiru"
2641,Nashipae Kinyua Lubanga,31883041,073404994,nashipae.lubanga@gmail.com,2002-11-15,Female,Bomet,Chepalungu,Chebunyo,"House 258, Lavington Road, Kileleshwa"
2642,Nabea Benjamin Githua,45144127,079905356,nabea.githua@gmail.com,1980-05-21,Female,Kisumu,Muhoroni,Chemelil,"Plot 368, Lane 13, Likoni"
2643,Anyango Kipkemoi,76604568,078337055,anyango.kipkemoi@outlook.com,2000-01-15,Male,Nairobi,Westlands,Parklands,"House 373, Kitisuru Road, Kikuyu"
2644,Edith Wanjohi,49567691,079937590,edith.wanjohi@yahoo.com,1964-03-03,Female,Meru,Igembe South,Athiru Ruujine,"Plot 278, Lane 1, Kasarani"
2645,Agnes Kipchumba Anyango,86141171,075596623,agnes.anyango@gmail.com,1971-04-15,Male,Kakamega,Lugari,Lugari,"Plot 192, Lane 5, Kasarani"
2646,Mukhwana Patrick Kamau,75354103,011939193,mukhwana.kamau@gmail.com,1981-02-26,Male,Kisumu,Kisumu Central,Nyalenda 'B',"Plot 264, Lane 7, Thika Superhighway"
2647,Nabea Rweria Naliaka,90179610,075955272,nabea.naliaka@outlook.com,1999-08-20,Female,Kiambu,Kabete,Kabete,"House 158, Likoni Avenue, Mombasa Road"
2648,Kanana Muriuki Nafula,90274058,078606873,kanana.nafula@yahoo.com,1976-08-17,Female,Nakuru,Nakuru Town West,Barut,"Plot 134, Lane 3, Thika Superhighway"
2649,Thomas Mutwiri Kimutai,86279469,077371122,thomas.kimutai@outlook.com,1951-07-22,Female,Bungoma,Kanduyi,West Sang'alo,"Plot 120, Lane 13, Uhuru"
2650,Gitobu Mworoa Kamande,85614882,077703399,gitobu.kamande@yahoo.com,1990-01-04,Male,Kisumu,Seme,North Seme,"Plot 118, Lane 3, Ruiru"
2651,Allan Kerubo Momanyi,95823989,073380774,allan.momanyi@outlook.com,1997-01-05,Female,Kilifi,Kilifi South,Mtepeni,"Plot 375, Lane 16, Ngong Road"
2652,Lois Peace Mcharo,55552113,079641838,lois.mcharo@yahoo.com,2002-04-15,Male,Meru,Central Imenti,Mwangathia,"Plot 479, Lane 12, Kiambu"
2653,Gitobu David Chepkirui,81437621,070406640,gitobu.chepkirui@gmail.com,1958-02-25,Male,Kakamega,Lugari,Lugari,"Plot 91, Lane 12, Ruiru"
2654,Silas Kaimenyi,78175036,070368818,silas.kaimenyi@outlook.com,1986-06-07,Female,Nakuru,Rongai,Menengai West,"Plot 217, Lane 9, River Road"
2655,Dennis Otula,36135120,070932586,dennis.otula@hotmail.com,1998-09-20,Female,Nakuru,Nakuru Town East,Menengai,"House 60, Uhuru Drive, Outering"
2656,Chebet Kamande,31523597,010608838,chebet.kamande@hotmail.com,1991-03-21,Male,Uasin Gishu,Moiben,Moiben,"House 337, Moi Avenue Street, Ruaraka"
2657,David Amos Kivuva,25814390,011654826,david.kivuva@gmail.com,1967-06-28,Male,Turkana,Turkana East,Katilia,"Plot 172, Lane 5, Ruaraka"
2658,Caroline Opiyo Mwakideu,74037100,078622897,caroline.mwakideu@yahoo.com,1983-08-12,Male,Kiambu,Githunguri,Ngewa,"Plot 98, Lane 10, Outering"
2659,Esther Simiyu,55049676,011338667,esther.simiyu@yahoo.com,1996-01-18,Female,Bomet,Konoin,Boito,"House 317, Mombasa Road Street, Thika"
2660,Florence Mitei,74609504,079515201,florence.mitei@outlook.com,1995-10-19,Female,Uasin Gishu,Turbo,Kamagut,"House 232, Jogoo Street, Limuru"
2661,Syombua Andrew Wairimu,87943239,071445139,syombua.wairimu@outlook.com,1988-04-01,Female,Nakuru,Molo,Marioshoni,"Plot 455, Lane 12, Kitisuru"
2662,Mokua Wambugu,84513202,010762219,mokua.wambugu@yahoo.com,2003-07-10,Male,Kiambu,Githunguri,Githunguri,"Plot 446, Lane 13, Limuru"
2663,Flora Nzioka,47628190,074432247,flora.nzioka@gmail.com,1973-01-21,Male,Nakuru,Kuresoi South,Amalo,"Plot 105, Lane 12, Limuru"
2664,Aaron Thomas Wanyonyi,35580680,071699939,aaron.wanyonyi@gmail.com,1979-11-01,Female,Kiambu,Kikuyu,Nachu,"Plot 73, Lane 12, Parklands"
2665,Jeremiah Mworoa,67444614,074333243,jeremiah.mworoa@gmail.com,1997-11-13,Female,Turkana,Turkana West,Lopur,"House 473, Garden Estate Road, Likoni"
2666,Auma Naliaka Namukhula,47871627,011716337,auma.namukhula@outlook.com,1990-08-04,Male,Nairobi,Westlands,Kitisuru,"Plot 28, Lane 5, Mombasa Road"
2667,Margaret Kioko Mugo,46079842,079448965,margaret.mugo@gmail.com,1960-04-28,Male,Trans Nzoia,Kwanza,Kapomboi,"House 442, Argwings Kodhek Drive, Lavington"
2668,Kemunto Ombati Nasimiyu,67617529,071938966,kemunto.nasimiyu@hotmail.com,1967-02-09,Female,Meru,South Imenti,Abogeta East,"House 394, Jogoo Road, Uhuru"
2669,Ongeri Gakunyi Baya,69466273,076649625,ongeri.baya@outlook.com,1963-09-18,Female,Kiambu,Lari,Kamburu,"Plot 37, Lane 18, Kitisuru"
2670,Ombati Brian Chepkorir,70463012,072768968,ombati.chepkorir@outlook.com,1964-07-15,Male,Kiambu,Kabete,Muguga,"Plot 431, Lane 9, Limuru"
2671,Ochieng Musila,90918991,079802568,ochieng.musila@yahoo.com,1982-03-01,Female,Nakuru,Gilgil,Malewa West,"Plot 156, Lane 16, Kiambu Road"
2672,Monica Irene Musyimi,74434188,011955764,monica.musyimi@yahoo.com,1968-01-11,Female,Uasin Gishu,Kesses,Cheptiret/Kipchamo,"Plot 442, Lane 18, Ruaraka"
2673,Gichuru Jepchumba Mbuthia,90254666,010279762,gichuru.mbuthia@gmail.com,2000-12-25,Female,Uasin Gishu,Moiben,Tembelio,"Plot 324, Lane 13, Argwings Kodhek"
2674,Leshan Veronica Gitonga,15843117,072549376,leshan.gitonga@hotmail.com,1998-10-24,Female,Machakos,Machakos Town,Kalama,"Plot 86, Lane 8, Garden Estate"
2675,Micah Kinyua,44296775,076468604,micah.kinyua@gmail.com,1999-03-17,Female,Meru,South Imenti,Abogeta East,"Plot 319, Lane 2, Ngong Road"
2676,Samuel Matthew Wandera,11662570,078806334,samuel.wandera@gmail.com,2003-07-26,Female,Mombasa,Nyali,Kongowea,"House 70, Tom Mboya Avenue, Garden Estate"
2677,Kipkemboi Cherotich Mwikali,17625072,074112688,kipkemboi.mwikali@gmail.com,1981-02-02,Female,Nairobi,Dagoretti North,Kilimani,"Plot 314, Lane 2, Langata"
2678,Ombati Ochieng,25952450,071356441,ombati.ochieng@outlook.com,1999-05-18,Male,Machakos,Machakos Town,Machakos Central,"Plot 245, Lane 4, Moi Avenue"
2679,Gitobu Mulwa Kenga,17924926,074120292,gitobu.kenga@gmail.com,1954-08-20,Female,Kiambu,Lari,Kinale,"House 180, Mugumo Street, Likoni"
2680,Okoth Nyambura Wangari,40214458,072395996,okoth.wangari@gmail.com,1979-03-21,Male,Nairobi,Dagoretti South,Uthiru,"Plot 271, Lane 18, Waiyaki"
2681,Paul Anyango,79177210,076819262,paul.anyango@gmail.com,1982-07-03,Male,Kakamega,Lugari,Lugari,"House 395, Kangundo Road, Athi River"
2682,Jane Jepkorir,67827740,010754595,jane.jepkorir@outlook.com,1993-05-13,Female,Mombasa,Jomvu,Mikindani,"Plot 382, Lane 19, Kikuyu"
2683,Kagwiria Thomas Rotich,98996499,011500263,kagwiria.rotich@gmail.com,1964-02-27,Male,Uasin Gishu,Moiben,Moiben,"House 338, Kiambu Avenue, Kiambu Road"
2684,Ann Leah Awino,21410295,077171388,ann.awino@gmail.com,1978-10-24,Female,Kiambu,Limuru,Ndeiya,"Plot 185, Lane 10, Kasarani"
2685,Wachira Mutinda Achieng,73369617,011313699,wachira.achieng@gmail.com,2004-11-22,Female,Kisumu,Kisumu East,Nyalenda 'A',"Plot 330, Lane 17, Ngong Road"
2686,Martha Gakunyi Masinde,19575984,078278048,martha.masinde@hotmail.com,1991-12-07,Female,Trans Nzoia,Kiminini,Hospital,"Plot 230, Lane 4, Parklands"
2687,Mwangi Omondi,91803127,010805706,mwangi.omondi@gmail.com,1949-10-17,Female,Machakos,Masinga,Kivaa,"Plot 230, Lane 15, Kileleshwa"
2688,Micah Kipaati,58064835,011423089,micah.kipaati@outlook.com,1956-08-06,Male,Kakamega,Matungu,Koyonzo,"Plot 146, Lane 15, Karen"
2689,Ndunge Mburu,84435339,076365809,ndunge.mburu@yahoo.com,1955-05-08,Female,Uasin Gishu,Ainabkoi,Kapsoya,"Plot 200, Lane 1, Outering"
2690,Wabomba Kimani Mcharo,52538666,011517591,wabomba.mcharo@gmail.com,1973-06-04,Male,Kisumu,Kisumu Central,Kaloleni,"House 151, Kasarani Drive, Argwings Kodhek"
2691,Kaloki Awino Mwamburi,41979969,079820515,kaloki.mwamburi@gmail.com,1964-03-25,Female,Turkana,Turkana South,Kalamon,"Plot 214, Lane 4, Ruaraka"
2692,Teresa Nduku,87082493,011221145,teresa.nduku@gmail.com,1996-04-09,Female,Meru,Igembe Central,Akachiu,"Plot 259, Lane 9, Thika"
2693,Kagwiria Mwania Wamuyu,92747419,010547335,kagwiria.wamuyu@yahoo.com,1973-06-04,Female,Machakos,Masinga,Kivaa,"Plot 432, Lane 17, Kileleshwa"
2694,Jepkoech Christopher Momanyi,27879065,011531562,jepkoech.momanyi@yahoo.com,1988-05-24,Male,Meru,Igembe South,Mau/Antuamburi,"Plot 206, Lane 9, Ngong"
2695,Bosibori Kamande,68953251,010908583,bosibori.kamande@gmail.com,1959-12-09,Male,Kisumu,Muhoroni,Muhoroni/Koru,"House 314, Kangundo Drive, Kileleshwa"
2696,Andrew Chepkwony,96730472,073258606,andrew.chepkwony@gmail.com,1986-11-07,Male,Machakos,Yatta,Ndalani,"Plot 477, Lane 13, Kenyatta"
2697,Faith Mburu,36397799,072740535,faith.mburu@gmail.com,1980-08-04,Male,Kiambu,Kabete,Muguga,"House 144, Garden Estate Avenue, Kasarani"
2698,Onsongo Lydia Kihika,74145640,076377890,onsongo.kihika@gmail.com,1979-10-28,Female,Nakuru,Molo,Turi,"House 239, Juja Drive, Tom Mboya"
2699,Gakunyi Joshua Mogaka,55252973,073767203,gakunyi.mogaka@hotmail.com,1963-10-19,Female,Kisumu,Seme,North Seme,"House 293, Kenyatta Road, Juja"
2700,Judith Kipkorir,86299547,070400122,judith.kipkorir@gmail.com,1998-09-11,Male,Nairobi,Lang'ata,Nairobi West,"Plot 255, Lane 17, Ruaraka"
2701,Aoko Kamande,90316913,079455960,aoko.kamande@yahoo.com,2001-03-09,Female,Nairobi,Kasarani,Njiru,"House 433, Kasarani Road, Westlands"
2702,Jebiwott Kemei,46799123,074332559,jebiwott.kemei@gmail.com,2003-08-18,Female,Bungoma,Webuye East,Ndivisi,"House 347, Kangundo Street, Kenyatta"
2703,Sarah Koech,76710062,073963103,sarah.koech@yahoo.com,1980-06-27,Female,Nyeri,Nyeri Town,Rware,"Plot 262, Lane 15, Parklands"
2704,Rachel Lubanga,33552487,076958768,rachel.lubanga@outlook.com,2006-12-14,Female,Uasin Gishu,Kapseret,Langas,"Plot 444, Lane 13, Karen"
2705,Alice Atieno Onsongo,30981102,011119815,alice.onsongo@gmail.com,1988-03-26,Female,Nyeri,Kieni,Mweiga,"House 225, Thika Road, Limuru"
2706,Muthaa Faith Rono,39783273,075720617,muthaa.rono@gmail.com,1983-11-17,Male,Machakos,Yatta,Katangi,"Plot 23, Lane 13, Argwings Kodhek"
2707,Maina Kosgei,68253604,010334447,maina.kosgei@yahoo.com,1984-09-23,Male,Kiambu,Ruiru,Gatong'ora,"Plot 267, Lane 15, Moi Avenue"
2708,Oduya Mutwiri Mutai,68256986,073495438,oduya.mutai@yahoo.com,1997-06-15,Male,Bungoma,Webuye East,Mihuu,"House 193, Juja Avenue, Lavington"
2709,Okoth Leshan,72895019,076245450,okoth.leshan@gmail.com,1994-12-05,Female,Bomet,Bomet Central,Ndarawetta,"House 164, Kiambu Road Drive, Mugumo"
2710,Habakkuk Kipngetich Wanyonyi,75343668,011843534,habakkuk.wanyonyi@gmail.com,1998-09-22,Male,Nairobi,Westlands,Mountain View,"Plot 181, Lane 1, Mombasa Road"
2711,Bridget Towett,84286913,011302020,bridget.towett@hotmail.com,1968-10-11,Male,Mombasa,Kisauni,Mtopanga,"House 15, Langata Street, Kangundo"
2712,Brenda Elijah Omar,97043369,076999373,brenda.omar@yahoo.com,1993-04-04,Male,Kisumu,Nyando,Awasi/Onjiko,"House 180, Langata Avenue, Tom Mboya"
2713,Ombati Mulwa Nyambane,58456843,078623747,ombati.nyambane@gmail.com,1983-05-23,Male,Nairobi,Kasarani,Njiru,"Plot 50, Lane 11, Waiyaki"
2714,Leshan Mwango,45474823,072128699,leshan.mwango@outlook.com,1975-11-14,Male,Nyeri,Mukurweini,Mukurwe-ini Central,"House 358, Outering Street, Kenyatta"
2715,Agnes Musalia,76597184,073230001,agnes.musalia@hotmail.com,1977-06-16,Female,Kiambu,Ruiru,Kahawa Wendani,"Plot 448, Lane 17, Ngong"
2716,Mokua Mcharo,16954628,073407153,mokua.mcharo@hotmail.com,1988-01-05,Male,Kilifi,Malindi,Malindi Town,"House 5, Tom Mboya Drive, Garden Estate"
2717,Awino Mulwa Cheruiyot,16882306,079108208,awino.cheruiyot@gmail.com,1992-02-18,Female,Uasin Gishu,Soy,Kapkures,"Plot 112, Lane 3, Uhuru"
2718,Jonathan Nicholas Muthoka,56175617,073667611,jonathan.muthoka@gmail.com,1986-06-16,Male,Uasin Gishu,Kesses,Taratai,"House 450, Moi Avenue Street, Waiyaki"
2719,Leah Wadada,71041249,011262096,leah.wadada@yahoo.com,1976-05-26,Male,Nairobi,Westlands,Kangemi,"Plot 178, Lane 19, Outering"
2720,Chepngeno Barnabas Kanampiu,37519951,071649726,chepngeno.kanampiu@gmail.com,2004-11-01,Female,Nyeri,Mathira,Konyu,"Plot 246, Lane 7, Ruaraka"
2721,Wachira Gitobu,43538762,077949756,wachira.gitobu@gmail.com,1980-12-08,Female,Nairobi,Westlands,Kangemi,"House 209, Westlands Avenue, Moi Avenue"
2722,Catherine Kipsang Mutai,51593222,070509111,catherine.mutai@yahoo.com,1974-04-15,Female,Mombasa,Likoni,Bofu,"Plot 431, Lane 16, Kilimani"
2723,Namukhula Anyango,64178031,010642322,namukhula.anyango@gmail.com,1960-09-04,Female,Nairobi,Westlands,Kitisuru,"Plot 344, Lane 1, Karen"
2724,Isaiah Cheruiyot,65621630,075958800,isaiah.cheruiyot@gmail.com,1982-09-11,Female,Nairobi,Kasarani,Njiru,"Plot 318, Lane 20, Kitisuru"
2725,Rweria Veronica Wabomba,45346366,071322534,rweria.wabomba@hotmail.com,1967-05-14,Female,Bomet,Konoin,Embomos,"Plot 366, Lane 10, Waiyaki"
2726,Kerubo Kenei,35313782,072111659,kerubo.kenei@yahoo.com,1982-03-13,Male,Nakuru,Molo,Turi,"Plot 457, Lane 10, Karen"
2727,Chepkoech Owuor Nyambane,63547436,070908237,chepkoech.nyambane@yahoo.com,1962-08-03,Female,Kakamega,Khwisero,Kisa East,"House 123, Argwings Kodhek Drive, Jogoo"
2728,Syombua Bett,29969152,073566760,syombua.bett@gmail.com,1961-02-10,Male,Bungoma,Bumula,Khasoko,"Plot 355, Lane 10, Mombasa Road"
2729,Cynthia Mwikali,97146005,075143566,cynthia.mwikali@outlook.com,2001-07-02,Male,Mombasa,Nyali,Frere Town,"House 418, Garden Estate Drive, Langata"
2730,Mbaka Peter Gacheru,58645001,076465022,mbaka.gacheru@gmail.com,1992-03-17,Male,Kilifi,Kilifi South,Shimo la Tewa,"Plot 310, Lane 20, Kilimani"
2731,Ochieng Kipkirui,67192629,072457371,ochieng.kipkirui@gmail.com,1974-11-13,Male,Trans Nzoia,Endebess,Endebess,"House 449, Kiambu Road Drive, Ruiru"
2732,Kagendo Kipkemboi,31035769,076628060,kagendo.kipkemboi@gmail.com,1972-04-02,Female,Bomet,Konoin,Chepchabs,"House 111, Kiambu Road Drive, Limuru"
2733,John Awiti Nyambane,68602342,074858911,john.nyambane@outlook.com,1953-05-06,Female,Bungoma,Sirisia,Namwela,"Plot 464, Lane 5, Mugumo"
2734,Daniel Timothy Opiyo,47110818,075590044,daniel.opiyo@gmail.com,1991-03-23,Female,Bungoma,Sirisia,Malakisi/South Kulisiru,"Plot 132, Lane 9, Mugumo"
2735,Mwikali Kipkorir Awino,79932036,078258828,mwikali.awino@hotmail.com,1983-08-04,Female,Kiambu,Kikuyu,Sigona,"House 308, Tom Mboya Avenue, Likoni"
2736,Aaron Onyango Towett,99338984,075292300,aaron.towett@hotmail.com,1972-01-21,Female,Meru,Buuri,Kisima,"House 73, Kangundo Drive, Juja"
2737,Mokua Gikonyo,13727541,077369426,mokua.gikonyo@yahoo.com,1956-07-17,Male,Kiambu,Ruiru,Kiuu,"Plot 470, Lane 4, Lavington"
2738,Ongeri Mohamed,36970791,076653655,ongeri.mohamed@hotmail.com,1959-03-22,Male,Kiambu,Kabete,Kabete,"House 72, Kiambu Road Drive, Ruaraka"
2739,Naserian Juma,93792514,070407031,naserian.juma@gmail.com,1970-10-02,Female,Turkana,Turkana East,Lokichar,"Plot 298, Lane 6, Thika"
2740,Kemunto Maina,97458429,070211266,kemunto.maina@yahoo.com,1984-02-26,Male,Kisumu,Kisumu Central,Kaloleni,"Plot 253, Lane 7, Jogoo"
2741,Agnes Wairimu,34644621,074200494,agnes.wairimu@outlook.com,1991-01-07,Male,Nakuru,Kuresoi South,Keringet,"House 184, Kiambu Road Avenue, Garden Estate"
2742,Rebecca Awino,22925216,072828216,rebecca.awino@yahoo.com,1972-03-15,Female,Uasin Gishu,Kapseret,Megun,"Plot 93, Lane 17, River Road"
2743,Robert Gathoni Ogero,61335115,075714847,robert.ogero@gmail.com,1991-02-10,Male,Machakos,Mavoko,Muthwani,"House 357, Juja Avenue, Ngong"
2744,Chebet Kasina,60914313,075772196,chebet.kasina@yahoo.com,1979-04-22,Male,Trans Nzoia,Cherangany,Sitatunga,"Plot 394, Lane 6, Mombasa Road"
2745,Thomas Kimutai,54952046,010552001,thomas.kimutai@gmail.com,2003-07-28,Male,Nairobi,Dagoretti South,Mutuini,"Plot 429, Lane 17, Jogoo"
2746,Faith Awiti Kamande,89064828,076572143,faith.kamande@yahoo.com,1992-02-26,Male,Nairobi,Kasarani,Njiru,"House 459, Karen Street, Kangundo"
2747,Lois Chepkorir Gacheru,75026294,010562398,lois.gacheru@yahoo.com,1979-06-08,Male,Kiambu,Lari,Kamburu,"House 351, Parklands Road, Ngong"
2748,Mutisya Wamalwa Otieno,83818646,011188164,mutisya.otieno@yahoo.com,1995-10-16,Male,Machakos,Machakos Town,Kalama,"House 419, Ruaraka Street, Mombasa Road"
2749,Paul Mohamed,90836216,078717141,paul.mohamed@gmail.com,1978-12-09,Female,Uasin Gishu,Turbo,Tapsagoi,"Plot 129, Lane 16, Kilimani"
2750,Okoth Kilonzo,21056868,010342892,okoth.kilonzo@hotmail.com,1992-10-20,Female,Nairobi,Lang'ata,Nyayo Highrise,"House 330, Argwings Kodhek Drive, Mombasa Road"
2751,Isaiah Auma Juma,25978403,075970600,isaiah.juma@gmail.com,2001-06-19,Male,Uasin Gishu,Ainabkoi,Kaptagat,"Plot 459, Lane 11, Mombasa Road"
2752,Rebecca Nduku Wairimu,86963274,010834015,rebecca.wairimu@yahoo.com,1955-05-06,Female,Nairobi,Kibra,Makina,"Plot 28, Lane 13, Thika"
2753,Nabea Kihika,56553684,072356381,nabea.kihika@gmail.com,1992-12-24,Female,Nairobi,Dagoretti South,Mutuini,"Plot 258, Lane 2, River Road"
2754,Wangari Musila,25694621,011958597,wangari.musila@outlook.com,1991-04-03,Male,Bungoma,Kanduyi,Marakaru/Tuuti,"Plot 58, Lane 12, Waiyaki"
2755,Esther Wamuyu,58437433,010839343,esther.wamuyu@outlook.com,1953-06-21,Male,Mombasa,Mvita,Tudor,"House 210, Likoni Road, Tom Mboya"
2756,Kagwiria Njeri Mwakisha,46018367,075815133,kagwiria.mwakisha@gmail.com,1963-08-15,Male,Nakuru,Molo,Elburgon,"Plot 148, Lane 6, Ruiru"
2757,Muthoka Wamalwa,90824141,073960777,muthoka.wamalwa@gmail.com,1988-02-22,Male,Bomet,Konoin,Boito,"Plot 325, Lane 14, Thika Superhighway"
2758,Mueni Daniel Kagwe,11812674,076376260,mueni.kagwe@gmail.com,1989-11-19,Male,Kakamega,Ikolomani,Idakho Central,"House 358, Mugumo Street, Westlands"
2759,Munyao Awiti,38731535,079741041,munyao.awiti@gmail.com,1989-12-07,Male,Mombasa,Nyali,Ziwa la Ng'ombe,"Plot 189, Lane 8, Thika"
2760,Kasina George Karanja,36369313,078670320,kasina.karanja@hotmail.com,1971-03-01,Female,Kilifi,Kilifi North,Tezo,"House 264, Ngong Road, Kikuyu"
2761,Mogaka Robert Mohamed,29263249,070541373,mogaka.mohamed@gmail.com,1998-05-19,Male,Kakamega,Lugari,Chekalini,"Plot 384, Lane 18, Tom Mboya"
2762,Mueni Alice Nyambane,95705986,071246508,mueni.nyambane@gmail.com,1979-12-04,Female,Nakuru,Bahati,Kiamaina,"Plot 222, Lane 10, Garden Estate"
2763,Caroline Jonah Jepkorir,46428687,077391148,caroline.jepkorir@outlook.com,1980-01-12,Male,Kilifi,Kaloleni,Kaloleni,"Plot 59, Lane 5, Thika"
2764,Chepngeno Monica Okello,86952622,071941267,chepngeno.okello@gmail.com,1966-07-15,Male,Meru,North Imenti,Mweronkanga,"Plot 18, Lane 1, Kikuyu"
2765,Gitobu Martha Mbaka,15651583,010558976,gitobu.mbaka@gmail.com,1989-06-14,Female,Kakamega,Shinyalu,Isukha South,"House 139, Athi River Street, Lenana"
2766,Wafula Kanana Kiarie,48949856,079394097,wafula.kiarie@gmail.com,1967-07-27,Female,Nairobi,Dagoretti South,Waithaka,"House 409, Ruiru Road, Kileleshwa"
2767,Chepkorir Ondieki Kimutai,77779642,079771485,chepkorir.kimutai@gmail.com,1998-04-03,Female,Kakamega,Ikolomani,Idakho South,"Plot 182, Lane 5, Lavington"
2768,Opiyo Wanjohi,62879989,079597887,opiyo.wanjohi@gmail.com,1973-02-14,Male,Nairobi,Lang'ata,Nyayo Highrise,"Plot 139, Lane 13, Parklands"
2769,Allan Awiti Ndegwa,98565484,073999367,allan.ndegwa@gmail.com,1992-12-14,Female,Nyeri,Othaya,Chinga,"Plot 471, Lane 7, Argwings Kodhek"
2770,Kimeu Omar,78238599,073387328,kimeu.omar@gmail.com,1995-09-13,Male,Kiambu,Ruiru,Gatong'ora,"Plot 312, Lane 8, Tom Mboya"
2771,Atieno Ondieki Kemei,16027748,075587893,atieno.kemei@yahoo.com,1969-04-18,Female,Kisumu,Nyakach,North Nyakach,"Plot 364, Lane 6, Mombasa Road"
2772,Anyango Ochieng,44612609,078535777,anyango.ochieng@hotmail.com,1998-05-20,Female,Nakuru,Molo,Turi,"Plot 388, Lane 15, Moi Avenue"
2773,Kipkoech Paul Githinji,46243299,071335280,kipkoech.githinji@gmail.com,1989-03-17,Male,Kisumu,Nyando,East Kano/Wawidhi,"Plot 181, Lane 2, Garden Estate"
2774,Jacqueline Awiti Lubanga,25651239,011578416,jacqueline.lubanga@yahoo.com,1979-09-24,Male,Nairobi,Dagoretti North,Gatina,"House 428, Ngong Road Drive, Mombasa Road"
2775,Ochieng Rimberia Kebaso,49953071,074222854,ochieng.kebaso@gmail.com,1986-01-17,Female,Bungoma,Kanduyi,Buokhwe,"Plot 76, Lane 8, Kiambu"
2776,Senteu Naliaka Lubanga,48309461,011135467,senteu.lubanga@outlook.com,1997-06-08,Male,Nakuru,Bahati,Bahati,"Plot 456, Lane 7, River Road"
2777,Janet Kihumba,24135622,011877371,janet.kihumba@outlook.com,1992-12-06,Male,Mombasa,Kisauni,Bamburi,"House 183, Parklands Drive, Ruiru"
2778,Marete Kosgei,56462427,079334523,marete.kosgei@hotmail.com,1997-09-03,Female,Kisumu,Kisumu Central,Nyalenda 'B',"Plot 330, Lane 8, Jogoo"
2779,Rimberia Kaimenyi Kinya,13680680,011249600,rimberia.kinya@gmail.com,1983-04-02,Male,Machakos,Mavoko,Kinanie,"Plot 266, Lane 17, Waiyaki"
2780,Masinde Akinyi Kimutai,85698866,078660956,masinde.kimutai@gmail.com,1985-05-03,Female,Turkana,Turkana West,Lopur,"Plot 332, Lane 4, Mombasa Road"
2781,Wafula Lenguro,49379157,011875727,wafula.lenguro@gmail.com,1976-01-25,Female,Nakuru,Kuresoi South,Tinet,"Plot 176, Lane 3, Kasarani"
2782,Kioko Kaimenyi Okoth,92108031,072711941,kioko.okoth@yahoo.com,1977-10-15,Female,Kisumu,Muhoroni,Muhoroni/Koru,"Plot 390, Lane 2, Garden Estate"
2783,Anna Awino Oduya,76510566,010256876,anna.oduya@gmail.com,1993-05-24,Female,Meru,Tigania East,Kiguchwa,"House 377, Westlands Drive, Likoni"
2784,Kipkemoi Kemei,78131606,079453873,kipkemoi.kemei@yahoo.com,1979-12-07,Female,Uasin Gishu,Ainabkoi,Kapsoya,"House 170, Lavington Avenue, Karen"
2785,Wamalwa Kamotho,43225720,011463318,wamalwa.kamotho@outlook.com,2004-01-26,Male,Kiambu,Ruiru,Gatong'ora,"Plot 363, Lane 14, Kitisuru"
2786,Cherotich Alice Wabomba,90190366,073956666,cherotich.wabomba@yahoo.com,1979-01-27,Female,Kilifi,Kaloleni,Kayafungo,"House 411, Ngong Road Street, River Road"
2787,Syombua Ogero,10341866,071404744,s.o@gmail.com,1968-04-28,Male,Kisumu,Kisumu East,Nyalenda 'A',"Plot 443, Lane 10, Kangundo"
2788,Ondieki Wambui Okello,69082766,079946951,ondieki.okello@gmail.com,1985-05-21,Male,Kiambu,Kikuyu,Sigona,"Plot 203, Lane 5, Kileleshwa"
2789,Auma Wamuyu,37715114,078594375,auma.wamuyu@outlook.com,1997-04-04,Male,Nakuru,Bahati,Lanet/Umoja,"House 312, Kasarani Road, Kenyatta"
2790,Njuguna Wamalwa,75851188,076317264,njuguna.wamalwa@gmail.com,1956-02-06,Male,Bomet,Bomet East,Merigi,"House 469, Jogoo Avenue, Kenyatta"
2791,Lois Onsongo,79953085,075881140,lois.onsongo@gmail.com,1957-01-26,Male,Uasin Gishu,Ainabkoi,Kapsoya,"Plot 326, Lane 1, Langata"
2792,Ongeri Mutheu Omondi,14740156,079767233,ongeri.omondi@gmail.com,1984-12-06,Male,Kakamega,Mumias West,Etenje,"Plot 138, Lane 7, Ngong"
2793,Kiprono Rose Nekesa,86650544,073409665,kiprono.nekesa@outlook.com,1995-08-11,Female,Kilifi,Kilifi South,Mwarakaya,"House 176, Juja Drive, Kangundo"
2794,Muthaa Mwania,68099856,075697028,muthaa.mwania@yahoo.com,1971-07-24,Female,Turkana,Turkana South,Katilu,"House 319, Kilimani Avenue, Kasarani"
2795,Momanyi Stephen Maingi,40070581,070101906,momanyi.maingi@hotmail.com,1974-11-06,Male,Nairobi,Kibra,Woodley,"Plot 286, Lane 11, Kikuyu"
2796,Martin Atieno,78887438,074706128,martin.atieno@yahoo.com,1982-06-27,Female,Trans Nzoia,Kwanza,Kapomboi,"House 162, Ruaraka Street, Kangundo"
2797,Kamau Githinji,64875713,073370492,kamau.githinji@gmail.com,1983-04-18,Male,Nyeri,Kieni,Thegu,"Plot 171, Lane 16, Thika"
2798,Lois Momanyi,89951297,011287886,lois.momanyi@hotmail.com,1979-12-08,Male,Bomet,Chepalungu,Nyongores,"Plot 69, Lane 20, Garden Estate"
2799,Ronald Mwango,30892409,074439321,ronald.mwango@hotmail.com,1968-05-02,Male,Kisumu,Muhoroni,Chemelil,"Plot 248, Lane 2, Jogoo"
2800,Adhiambo Isaiah Kasina,97956703,011740758,adhiambo.kasina@gmail.com,1980-11-11,Female,Nakuru,Subukia,Subukia,"House 367, Kenyatta Avenue, Ruiru"
2801,Okoth Oseko,19172109,076412853,okoth.oseko@gmail.com,1980-04-12,Female,Nairobi,Kibra,Laini Saba,"Plot 107, Lane 8, Langata"
2802,Nicholas Kamotho,10713121,073422330,nicholas@yahoo.com,1990-02-11,Female,Nairobi,Kibra,Lindi,"Plot 158, Lane 9, Mombasa Road"
2803,Catherine Mwania,21486731,079352872,catherine.mwania@outlook.com,1995-07-07,Female,Kiambu,Ruiru,Gatong'ora,"Plot 309, Lane 19, Limuru"
2804,Hope Ondieki Mworoa,26571117,079615842,hope.mworoa@outlook.com,1983-02-27,Female,Kiambu,Kikuyu,Kinoo,"House 75, Ruaraka Street, Kikuyu"
2805,Nashipae Cherono Kenei,20135658,076369155,nashipae.kenei@outlook.com,1999-08-04,Male,Uasin Gishu,Moiben,Sergoit,"Plot 65, Lane 5, Likoni"
2806,Wamalwa Njuguna Rimberia,59388622,011395124,wamalwa.rimberia@outlook.com,1978-11-20,Female,Uasin Gishu,Moiben,Tembelio,"Plot 376, Lane 14, Ruiru"
2807,Timothy Musyoka Mugo,64788573,078674161,timothy.mugo@yahoo.com,1986-06-17,Female,Trans Nzoia,Cherangany,Motosi,"Plot 1, Lane 13, Moi Avenue"
2808,Senteu Irene Kasina,64003293,079210231,senteu.kasina@gmail.com,1990-07-21,Female,Meru,Tigania West,Kianjai,"Plot 254, Lane 7, Kangundo"
2809,Gichuru Mueni Mutua,97671253,010451240,gichuru.mutua@gmail.com,2004-06-15,Male,Uasin Gishu,Turbo,Kamagut,"House 33, Ruiru Avenue, Kikuyu"
2810,Nahum Gitobu,96754681,074270253,nahum.gitobu@hotmail.com,1986-02-06,Male,Kakamega,Matungu,Kholera,"House 206, Thika Avenue, Mugumo"
2811,Kipchumba Kangogo,77285702,073849086,kipchumba.kangogo@gmail.com,1971-11-12,Male,Nakuru,Gilgil,Murindat,"House 97, Kiambu Road Drive, Kenyatta"
2812,Jonathan Emily Jepkorir,14478997,070391980,jonathan.jepkorir@gmail.com,1979-07-28,Female,Kisumu,Kisumu East,Nyalenda 'A',"House 104, Kitisuru Road, Kiambu Road"
2813,Mugo Mwinyi,11263526,072447924,mugo.mwinyi@gmail.com,1971-07-15,Male,Kakamega,Ikolomani,Idakho East,"Plot 373, Lane 13, Waiyaki"
2814,Martin Musyoka Keter,67012426,074662325,martin.keter@yahoo.com,1955-11-01,Female,Nairobi,Dagoretti North,Kilimani,"Plot 199, Lane 19, River Road"
2815,Judy Gathoni Mutwiri,83541478,071856005,judy.mutwiri@outlook.com,2001-11-23,Female,Nairobi,Dagoretti North,Kawangware,"Plot 244, Lane 16, Ruaraka"
2816,Wambugu Agnes Mwania,35421340,011505272,wambugu.mwania@gmail.com,1979-02-14,Male,Mombasa,Changamwe,Chaani,"House 46, Kileleshwa Street, Kenyatta"
2817,Muthoka Odhiambo Simiyu,65119167,010606138,muthoka.simiyu@yahoo.com,1997-01-22,Female,Kakamega,Mumias West,Etenje,"House 420, Kileleshwa Drive, Ngong"
2818,Moses Cherono,94737532,071320870,moses.cherono@outlook.com,1972-03-05,Male,Bungoma,Webuye East,Ndivisi,"House 3, Uhuru Road, Kiambu Road"
2819,Munyao Aoko Mwamburi,96972557,075400294,munyao.mwamburi@hotmail.com,2001-05-25,Female,Nairobi,Dagoretti North,Kileleshwa,"Plot 306, Lane 11, Outering"
2820,Stephen Mulandi,34874358,010512578,stephen.mulandi@hotmail.com,1973-02-15,Female,Mombasa,Mvita,Mji wa Kale,"Plot 120, Lane 13, Parklands"
2821,Naisula Wandera,90921574,010422261,naisula.wandera@hotmail.com,1953-01-05,Female,Bomet,Konoin,Chepchabs,"Plot 202, Lane 9, River Road"
2822,Nanjala Rose Ojwang,84189838,010469591,nanjala.ojwang@yahoo.com,1961-07-06,Male,Kakamega,Mumias West,Mutema,"Plot 11, Lane 20, Mombasa Road"
2823,Matthew Otieno Awino,95863855,073318374,matthew.awino@gmail.com,1977-10-26,Female,Kiambu,Githunguri,Githunguri,"Plot 291, Lane 1, Athi River"
2824,Awuor Kivuva,18153331,076596751,awuor.kivuva@gmail.com,1994-04-01,Female,Kakamega,Khwisero,Kisa West,"Plot 48, Lane 4, Kikuyu"
2825,Isaac Agnes Ndegwa,87589413,071573283,isaac.ndegwa@hotmail.com,1989-09-14,Male,Bungoma,Sirisia,Lwandanyi,"House 225, Jogoo Road, Garden Estate"
2826,Owuor Joy Gichuki,77576650,073654481,owuor.gichuki@gmail.com,2004-11-05,Female,Kisumu,Nyando,Kobura,"House 321, Ngong Road Avenue, Outering"
2827,Simon Mwania Sigei,97389730,011496418,simon.sigei@yahoo.com,1982-01-12,Female,Mombasa,Mvita,Mji wa Kale,"Plot 232, Lane 15, Limuru"
2828,Habakkuk Dorothy Chepkorir,54431754,077263846,habakkuk.chepkorir@gmail.com,1971-03-25,Female,Nairobi,Westlands,Parklands,"Plot 146, Lane 5, Kikuyu"
2829,Teresa George Nduku,70680846,071694655,teresa.nduku@outlook.com,2001-02-05,Female,Nakuru,Nakuru Town East,Kivumbini,"Plot 410, Lane 4, Kilimani"
2830,Mulwa Omar,77505434,073702894,mulwa.omar@hotmail.com,1998-11-27,Male,Kilifi,Kilifi South,Mtepeni,"Plot 454, Lane 15, Argwings Kodhek"
2831,Owuor Situma,48677336,010508108,owuor.situma@yahoo.com,1994-07-03,Female,Nairobi,Westlands,Mountain View,"House 39, Uhuru Avenue, Juja"
2832,Kimeu Chepngeno,74176576,074682011,kimeu.chepngeno@gmail.com,1979-08-27,Male,Kakamega,Mumias East,East Wanga,"Plot 81, Lane 4, Uhuru"
2833,Harun Kibathi,41531880,071464238,harun.kibathi@gmail.com,1981-09-05,Female,Kiambu,Githunguri,Ikinu,"Plot 183, Lane 15, Langata"
2834,Matthew Simiyu,84826135,075287762,matthew.simiyu@yahoo.com,1991-05-21,Female,Mombasa,Mvita,Majengo,"Plot 124, Lane 15, Likoni"
2835,Musyoka Kamotho,58598545,078161699,musyoka.kamotho@hotmail.com,1983-03-16,Female,Mombasa,Likoni,Likoni,"Plot 350, Lane 10, Karen"
2836,Muema Njeri Akinyi,64020132,076138657,muema.akinyi@gmail.com,1984-05-27,Female,Meru,North Imenti,Nkubu,"House 119, Kiambu Drive, Argwings Kodhek"
2837,Michael Mwakisha,77368102,073149697,michael.mwakisha@yahoo.com,1951-11-05,Female,Kiambu,Limuru,Limuru Central,"Plot 31, Lane 18, Juja"
2838,Aoko Chebet,43903002,078113686,aoko.chebet@yahoo.com,1974-12-10,Female,Kisumu,Muhoroni,Masogo/Nyang'oma,"Plot 119, Lane 2, Ngong Road"
2839,Onsongo Mbuthia,48019794,070825305,onsongo.mbuthia@gmail.com,1988-12-13,Male,Kakamega,Mumias East,Malaha/Isongo/Masindi,"House 187, Juja Road, River Road"
2840,Atieno Kipkirui Gichuru,57277284,010262753,atieno.gichuru@gmail.com,1981-12-25,Female,Nakuru,Kuresoi South,Amalo,"Plot 396, Lane 8, Athi River"
2841,Leah Saidimu,13619039,075316099,leah.saidimu@yahoo.com,1990-10-14,Male,Bungoma,Kabuchai,Bwake/Luuya,"Plot 166, Lane 17, Ruaraka"
2842,Maina Anna Mwango,63685963,073814595,maina.mwango@gmail.com,1982-03-19,Female,Nairobi,Dagoretti South,Riruta,"House 36, Mombasa Road Road, Kitisuru"
2843,Kasina Kipngetich,90268486,079400741,kasina.kipngetich@hotmail.com,1987-07-16,Male,Uasin Gishu,Kesses,Taratai,"House 34, Thika Superhighway Road, Parklands"
2844,Gichuru Githua,79805302,074689058,gichuru.githua@hotmail.com,2001-02-07,Female,Machakos,Yatta,Kithimani,"House 41, Lenana Avenue, Juja"
2845,Jebet Situma,30579047,076514871,jebet.situma@gmail.com,1993-03-26,Male,Kakamega,Mumias East,Lusheya/Lubinu,"Plot 427, Lane 7, Kiambu"
2846,Cecilia Naomi Nzioka,60993199,075687212,cecilia.nzioka@yahoo.com,1994-09-28,Male,Mombasa,Changamwe,Miritini,"Plot 369, Lane 5, Uhuru"
2847,Nahum Korir,96931421,077665128,nkorir@gmail.com,1972-05-12,Male,Kiambu,Ruiru,Kahawa Wendani,"House 153, Kiambu Road Drive, Kiambu"
2848,Elijah Achieng Cherono,48493281,010523830,elijah.cherono@yahoo.com,1979-07-21,Male,Meru,Igembe North,Ntunene,"Plot 397, Lane 14, Mombasa Road"
2849,Owuor Mokua,99646907,079959597,owuor.mokua@gmail.com,1983-09-13,Female,Kiambu,Ruiru,Kiuu,"House 424, Westlands Road, Kiambu Road"
2850,Brenda Lois Mokua,28570786,071466205,brenda.mokua@gmail.com,2003-04-25,Male,Meru,South Imenti,Igoji East,"Plot 173, Lane 11, Lenana"
2851,Waithera Ondieki,29695202,011138963,waithera.ondieki@gmail.com,1979-03-01,Male,Bungoma,Kabuchai,Mukuyuni,"House 324, Langata Drive, Mombasa Road"
2852,Anthony Kinyua Gikonyo,79630194,073149419,anthony.gikonyo@hotmail.com,1961-12-16,Male,Uasin Gishu,Moiben,Kimumu,"Plot 90, Lane 19, Parklands"
2853,Muriuki Njeri Githinji,20074514,075811376,muriuki.githinji@gmail.com,1982-11-08,Female,Kisumu,Muhoroni,Ombeyi,"Plot 300, Lane 4, Likoni"
2854,Barnabas Mworoa,34277838,011699937,barnabas.mworoa@hotmail.com,1979-07-07,Female,Nakuru,Gilgil,Mbaruk/Eburu,"Plot 424, Lane 7, Westlands"
2855,Priscilla Kanampiu,43446835,077910487,priscilla.kanampiu@outlook.com,1996-01-03,Female,Mombasa,Kisauni,Bamburi,"Plot 396, Lane 18, Langata"
2856,Wairimu Kipchirchir Kangogo,59583540,076355304,wairimu.kangogo@gmail.com,1985-02-23,Male,Kilifi,Malindi,Shella,"Plot 237, Lane 19, Kilimani"
2857,Rimberia Okello Koech,48065927,072474361,rimberia.koech@gmail.com,1988-12-16,Male,Nakuru,Molo,Elburgon,"House 440, River Road Street, Karen"
2858,Mukhwana Kipkirui,16574246,076623043,mukhwana.kipkirui@gmail.com,1948-02-23,Male,Bungoma,Webuye West,Sitikho,"Plot 59, Lane 13, Kiambu"
2859,Chepkoech Hannah Mburu,54850828,076537081,chepkoech.mburu@gmail.com,1965-11-15,Male,Nairobi,Westlands,Kitisuru,"Plot 341, Lane 9, Kitisuru"
2860,Kanana Bridget Munyori,62386745,076516595,kanana.munyori@gmail.com,1958-01-15,Male,Uasin Gishu,Kesses,Tulwet/Chuiyat,"Plot 428, Lane 20, Kasarani"
2861,Alexander Emily Kipkemboi,77886466,075298983,alexander.kipkemboi@hotmail.com,1999-04-09,Female,Kiambu,Limuru,Ndeiya,"Plot 96, Lane 17, Garden Estate"
2862,Kebaso Chepkorir,69341118,074248358,kebaso.chepkorir@yahoo.com,2005-09-17,Female,Kakamega,Mumias East,Malaha/Isongo/Masindi,"Plot 2, Lane 3, Ngong"
2863,Michael Mwinyi,87754278,074362307,michael.mwinyi@yahoo.com,1988-06-20,Male,Mombasa,Likoni,Bofu,"House 69, Kileleshwa Street, Thika"
2864,Jacqueline Teresa Barasa,23142530,072253507,jacqueline.barasa@gmail.com,1984-03-02,Female,Kiambu,Kiambu,Kihara,"House 372, Lenana Drive, Kitisuru"
2865,Wachira Kamande,97037399,011714442,wachira.kamande@hotmail.com,1964-06-02,Female,Nairobi,Kibra,Sarang'ombe,"Plot 195, Lane 7, Lenana"
2866,Dorothy Chepkoech Rimberia,10596673,072555647,dorothy.rimberia@yahoo.com,1994-12-07,Female,Kakamega,Mumias East,Malaha/Isongo/Masindi,"House 417, Kangundo Road, Parklands"
2867,Naserian Musila,48662280,011732304,naserian.musila@hotmail.com,1965-11-07,Male,Trans Nzoia,Endebess,Chepchoina,"House 190, Kilimani Drive, Kasarani"
2868,Alice Kipsang,66255243,074582114,alice.kipsang@hotmail.com,1968-02-25,Male,Kakamega,Lugari,Lwandeti,"Plot 102, Lane 10, Jogoo"
2869,Isaiah Kimeu Ondieki,89761155,010984042,isaiah.ondieki@gmail.com,1974-11-10,Male,Kakamega,Shinyalu,Isukha Central,"Plot 432, Lane 16, Kiambu"
2870,Atieno Okello,58285562,073248528,atieno.okello@gmail.com,1987-09-18,Male,Trans Nzoia,Endebess,Chepchoina,"Plot 201, Lane 16, Parklands"
2871,Nyambura Chepkwony,41127467,011909940,nyambura.chepkwony@outlook.com,1979-08-27,Male,Mombasa,Jomvu,Jomvu Kuu,"Plot 445, Lane 8, River Road"
2872,George Kiarie,15101740,071536663,george.kiarie@yahoo.com,1952-11-18,Female,Kiambu,Kiambu,Ndumberi,"House 24, Mombasa Road Avenue, Argwings Kodhek"
2873,Awiti Paul Mwania,38834086,011411453,awiti.mwania@gmail.com,1963-07-22,Female,Kiambu,Kiambu,Ting'ang'a,"Plot 412, Lane 13, Lenana"
2874,Nicholas Maina,62313993,075511017,nicholas.maina@gmail.com,2003-06-15,Female,Nakuru,Gilgil,Gilgil,"Plot 88, Lane 3, Argwings Kodhek"
2875,Nanjala Margaret Nabea,66772359,079341392,nanjala.nabea@gmail.com,1970-08-21,Female,Nairobi,Lang'ata,Mugumu-ini,"Plot 354, Lane 19, Uhuru"
2876,Atieno Brian Chepngeno,30823310,078256880,atieno.chepngeno@gmail.com,1962-02-13,Male,Nyeri,Kieni,Thegu,"Plot 328, Lane 1, Outering"
2877,Mercy Mwendwa,51370674,072440210,mercy.mwendwa@yahoo.com,1991-10-05,Male,Bungoma,Webuye East,Maraka,"House 436, Moi Avenue Drive, Ngong"
2878,Akinyi Kipchirchir,99127258,010301324,akinyi.kipchirchir@gmail.com,1997-10-04,Female,Trans Nzoia,Cherangany,Kaplamai,"Plot 381, Lane 5, Athi River"
2879,Musyoka Nabwire,71413187,072494153,musyoka.nabwire@yahoo.com,1999-03-07,Female,Kilifi,Ganze,Ganze,"House 265, Ngong Road Street, Lavington"
2880,Nduku Muema,58624291,076348565,nduku.muema@yahoo.com,1983-06-08,Female,Machakos,Matungulu,Kyeleni,"Plot 472, Lane 14, Argwings Kodhek"
2881,Kamau Brian Nanjala,92761466,011996536,kamau.nanjala@gmail.com,1972-07-17,Male,Kiambu,Kabete,Nyathuna,"House 451, Kitisuru Road, Lavington"
2882,Philemon Onyango,58182841,071763076,philemon.onyango@gmail.com,1983-06-08,Male,Machakos,Machakos Town,Machakos Central,"House 153, Ngong Road, Kasarani"
2883,Adoyo Sharon Mwikali,10401966,074571335,adoyo.mwikali@gmail.com,1970-09-21,Male,Kiambu,Kiambu,Ting'ang'a,"House 359, Outering Avenue, Karen"
2884,Jepchumba Andrew Macharia,97764898,073877165,jepchumba.macharia@gmail.com,1990-09-08,Female,Kiambu,Kabete,Gitaru,"Plot 387, Lane 13, Likoni"
2885,Jane Bridget Leshan,40390076,075362668,jane.leshan@gmail.com,1963-07-15,Female,Kisumu,Nyakach,West Nyakach,"Plot 61, Lane 1, Likoni"
2886,Muthuri Nafula,81227728,079156576,muthuri.nafula@gmail.com,1976-10-08,Male,Kilifi,Kilifi North,Sokoni,"House 171, Kileleshwa Drive, Kilimani"
2887,Haggai Kemei,22553839,078615289,haggai.kemei@gmail.com,1959-07-25,Female,Nakuru,Nakuru Town East,Kivumbini,"Plot 172, Lane 5, Mombasa Road"
2888,Kioko Wabomba,23167464,072306510,kioko.wabomba@hotmail.com,1970-11-27,Male,Kiambu,Limuru,Limuru East,"House 456, Kangundo Drive, Kenyatta"
2889,Caroline Mbuthia,30454694,011679358,caroline.mbuthia@gmail.com,1961-02-13,Female,Kakamega,Lugari,Chekalini,"Plot 401, Lane 11, Outering"
2890,Kimeu Kinya Achieng,78234708,079153510,kimeu.achieng@outlook.com,2001-10-01,Male,Kisumu,Kisumu West,West Kisumu,"House 322, Likoni Avenue, Parklands"
2891,Onditi Ndunda,44734935,011473454,onditi.ndunda@hotmail.com,1979-06-02,Male,Nairobi,Dagoretti South,Ngando,"House 340, Kilimani Street, Ruaraka"
2892,Nokun Situma,62794884,011294048,nokun.situma@gmail.com,1984-04-13,Female,Uasin Gishu,Kapseret,Ngeria,"House 126, Kangundo Road, Argwings Kodhek"
2893,Okello Edward Barasa,28732359,078748004,okello.barasa@outlook.com,1987-04-23,Male,Nairobi,Kibra,Laini Saba,"Plot 182, Lane 18, Kiambu Road"
2894,Harun Mwirigi,93868796,011113341,harun.mwirigi@outlook.com,1976-03-11,Male,Nyeri,Mukurweini,Mukurwe-ini West,"House 19, Likoni Drive, Ngong"
2895,Mueni Mbaka,30947020,071550651,mueni.mbaka@outlook.com,2001-12-08,Female,Nakuru,Bahati,Bahati,"Plot 235, Lane 8, Lenana"
2896,Teresa Vincent Oduya,55239722,074157836,teresa.oduya@yahoo.com,1990-09-15,Male,Bungoma,Kabuchai,Kabuchai/Chwele,"Plot 9, Lane 3, Ngong"
2897,Dennis Mumo,46389263,071652065,dennis.mumo@gmail.com,2001-03-20,Female,Kiambu,Kikuyu,Kinoo,"House 327, Tom Mboya Road, Jogoo"
2898,Lenguro Ongeri,22425993,074557829,lenguro.ongeri@gmail.com,1969-03-27,Male,Bomet,Konoin,Chepchabs,"House 280, Athi River Avenue, Waiyaki"
2899,Benjamin Anyango,94956879,011435552,benjamin.anyango@yahoo.com,1984-10-05,Male,Kilifi,Kilifi South,Mtepeni,"Plot 218, Lane 8, Parklands"
2900,Florence Kagwe,89726979,011662773,florence.kagwe@outlook.com,1996-06-18,Female,Nairobi,Lang'ata,Nairobi West,"Plot 92, Lane 13, Likoni"
2901,Kamau Erick Jepkoech,16526108,011792157,kamau.jepkoech@outlook.com,1976-11-04,Male,Bungoma,Kabuchai,West Nalondo,"Plot 110, Lane 19, Thika Superhighway"
2902,Caroline Mutinda Rotich,68955335,079496617,caroline.rotich@gmail.com,1964-04-23,Female,Mombasa,Jomvu,Mikindani,"Plot 400, Lane 11, Ngong"
2903,Christopher Jepkorir,52414064,071884476,christopher.jepkorir@hotmail.com,1993-03-28,Female,Nyeri,Othaya,Karima,"Plot 305, Lane 17, Ruaraka"
2904,Faith Oduya Ongeri,79886887,011604589,faith.ongeri@gmail.com,1982-02-02,Female,Kisumu,Kisumu West,North Kisumu,"Plot 74, Lane 14, Waiyaki"
2905,Silas Chepkirui,69200912,072663599,silas.chepkirui@outlook.com,1981-08-17,Female,Machakos,Matungulu,Tala,"House 122, Kileleshwa Street, Mugumo"
2906,Kipkemboi Ali,42854392,075137875,kipkemboi.ali@gmail.com,1997-04-21,Female,Machakos,Mavoko,Kinanie,"Plot 153, Lane 15, Westlands"
2907,Grace Kasina Chepngeno,95347156,078787892,grace.chepngeno@gmail.com,1991-09-21,Male,Kakamega,Mumias East,Lusheya/Lubinu,"House 169, Kilimani Street, Uhuru"
2908,Zechariah Mutisya Nafula,55936943,070210366,zechariah.nafula@gmail.com,1981-04-07,Male,Bomet,Bomet Central,Silibwet Township,"Plot 236, Lane 14, Lavington"
2909,Cynthia Kipchumba Njoroge,47173534,070865244,cynthia.njoroge@outlook.com,1998-01-03,Female,Trans Nzoia,Endebess,Chepchoina,"House 78, Athi River Drive, Kilimani"
2910,Kilonzo Kivuva,67385857,010668304,kilonzo.kivuva@yahoo.com,2002-07-25,Female,Meru,North Imenti,Nyaki West,"Plot 425, Lane 8, Ngong Road"
2911,Ezekiel Jepkorir Mogaka,24320131,070273575,ezekiel.mogaka@hotmail.com,1969-12-05,Male,Bungoma,Sirisia,Namwela,"House 315, Ngong Road Road, Uhuru"
2912,Nicholas Wangari,29192519,077671118,nicholas.wangari@gmail.com,1995-06-05,Female,Kiambu,Githunguri,Githiga,"Plot 29, Lane 8, Limuru"
2913,Kimani Saidimu,50216471,075458587,kimani.saidimu@gmail.com,1964-10-19,Male,Nyeri,Mathira,Magutu,"Plot 345, Lane 5, Ruiru"
2914,Nasimiyu Janet Awuor,98826024,074948218,nasimiyu.awuor@gmail.com,2001-06-08,Female,Nairobi,Dagoretti South,Waithaka,"Plot 315, Lane 14, Waiyaki"
2915,Ruth Wekesa Gacheru,97499117,079436575,ruth.gacheru@outlook.com,1962-06-06,Female,Kakamega,Shinyalu,Isukha South,"Plot 91, Lane 18, Jogoo"
2916,Judith Kipkorir,80508307,076681679,judithkipkorir@gmail.com,1967-11-26,Female,Kakamega,Mumias East,Malaha/Isongo/Masindi,"Plot 114, Lane 8, Kenyatta"
2917,John Otieno,82914021,070571469,john.otieno@gmail.com,1975-12-12,Female,Kiambu,Kiambu,Kihara,"Plot 56, Lane 16, Ruiru"
2918,Kaimenyi Wangari,89854522,010877149,kaimenyi.wangari@hotmail.com,1970-11-07,Male,Nyeri,Mukurweini,Gikondi,"House 410, Thika Avenue, Lenana"
2919,Isaiah Achieng Karanja,15998100,075276931,isaiah.karanja@yahoo.com,1992-12-08,Male,Kiambu,Kiambu,Ndumberi,"Plot 61, Lane 16, Kenyatta"
2920,Monica Senteu,35645457,072122019,monica.senteu@yahoo.com,1982-03-14,Female,Uasin Gishu,Kesses,Cheptiret/Kipchamo,"Plot 464, Lane 3, Moi Avenue"
2921,Erick Rachel Okello,36014440,078198402,erick.okello@outlook.com,2000-12-25,Male,Kilifi,Ganze,Sokoke,"Plot 247, Lane 6, Kangundo"
2922,Rachel Gakunyi Mworoa,29459871,078475375,rachel.mworoa@gmail.com,1988-04-14,Female,Mombasa,Changamwe,Airport,"House 108, Tom Mboya Drive, Kiambu Road"
2923,Moraa Omar,14511005,071182326,moraa.omar@outlook.com,1969-08-02,Male,Machakos,Kathiani,Mitaboni,"House 324, Thika Superhighway Drive, Kiambu Road"
2924,Kebaso Matoke,64943803,072475511,kebaso.matoke@gmail.com,1973-06-03,Female,Kisumu,Nyakach,South West Nyakach,"Plot 418, Lane 3, Ngong Road"
2925,Veronica Onditi Musyoka,17076255,010373781,veronica.musyoka@yahoo.com,1997-02-11,Male,Nakuru,Rongai,Solai,"Plot 365, Lane 3, Outering"
2926,Patrick Kiprotich Macharia,88619356,074704375,patrick.macharia@gmail.com,1975-11-03,Female,Bomet,Konoin,Embomos,"Plot 385, Lane 16, Thika Superhighway"
2927,Daniel Bett,57019856,077520260,daniel.bett@gmail.com,1959-06-06,Female,Turkana,Loima,Kotaruk/Lobei,"House 302, Mugumo Road, Likoni"
2928,Teresa Veronica Mwinyi,28206262,010699875,teresa.mwinyi@gmail.com,1998-09-27,Female,Bomet,Chepalungu,Siongiroi,"Plot 69, Lane 20, Juja"
2929,Mukami Jeremiah Mwirigi,27371884,010185548,mukami.mwirigi@gmail.com,1977-05-13,Female,Kiambu,Kikuyu,Sigona,"House 397, Parklands Avenue, Kenyatta"
2930,Mworoa Kemei,91341590,075509768,mworoa.kemei@gmail.com,2001-07-26,Male,Kakamega,Lugari,Lwandeti,"Plot 381, Lane 1, Ngong"
2931,Habakkuk Kipkemoi,34179644,079629077,habakkuk.kipkemoi@outlook.com,1960-01-16,Male,Nairobi,Kasarani,Ruai,"House 384, Athi River Drive, Ruiru"
2932,John Osebe,47756543,070282219,john.osebe@yahoo.com,1966-06-22,Female,Bomet,Bomet Central,Silibwet Township,"Plot 38, Lane 17, Jogoo"
2933,Samuel Mwikali,44656852,078948305,samuel.mwikali@yahoo.com,1950-04-20,Male,Kiambu,Githunguri,Githiga,"Plot 472, Lane 9, Kangundo"
2934,Mwende Kipchirchir Hassan,26128324,011769968,mwende.hassan@yahoo.com,1983-09-22,Female,Kilifi,Magarini,Garashi,"Plot 74, Lane 4, Mugumo"
2935,Wanjiku Hassan,16633532,010514446,wanjiku.hassan@outlook.com,1981-02-05,Male,Trans Nzoia,Saboti,Machewa,"House 325, Mugumo Road, Kikuyu"
2936,Nyambura Wafula Kimani,78060314,075176908,nyambura.kimani@gmail.com,1996-01-27,Female,Nakuru,Nakuru Town East,Kivumbini,"Plot 173, Lane 12, River Road"
2937,Otieno Wabomba,53755508,071245005,otieno.wabomba@hotmail.com,1966-10-16,Male,Turkana,Turkana East,Lokori/Kochodin,"House 248, Waiyaki Road, Langata"
2938,Wekesa Nafula Chepkorir,92227443,072719227,wekesa.chepkorir@gmail.com,1977-12-04,Female,Kakamega,Ikolomani,Idakho South,"Plot 21, Lane 18, Lavington"
2939,Nduku Ann Nafula,59431339,072335537,nduku.nafula@hotmail.com,2002-11-05,Female,Turkana,Turkana East,Kapedo/Napeitom,"Plot 258, Lane 13, Jogoo"
2940,Muema Kamotho,47468823,070714000,muema.kamotho@hotmail.com,1980-03-26,Male,Kiambu,Kikuyu,Kinoo,"Plot 97, Lane 14, Langata"
2941,Isaac Otieno,34131793,074920795,isaac.otieno@gmail.com,1986-07-07,Male,Meru,Buuri,Ruiri/Rwarera,"House 307, Juja Street, Langata"
2942,Achieng Owuor Karanja,73047046,011977281,achieng.karanja@gmail.com,1973-10-26,Male,Uasin Gishu,Moiben,Tembelio,"House 380, Uhuru Drive, Mombasa Road"
2943,Caroline Wairimu Ongaya,14829328,010178518,caroline.ongaya@gmail.com,2000-08-07,Female,Uasin Gishu,Ainabkoi,Kaptagat,"House 50, Langata Drive, Kasarani"
2944,Judith Okoth,35444694,074395512,judith.okoth@yahoo.com,1975-10-22,Male,Kisumu,Nyakach,South West Nyakach,"Plot 52, Lane 17, Kiambu"
2945,Njeri Munyori,30047069,011516650,njeri.munyori@hotmail.com,1998-09-27,Female,Trans Nzoia,Endebess,Matumbei,"House 49, Ruaraka Street, Tom Mboya"
2946,Naserian Koech,20253315,076634640,naserian.koech@outlook.com,1964-06-02,Male,Turkana,Turkana South,Katilu,"Plot 232, Lane 13, Ruaraka"
2947,Naisula Barasa,44887843,073338534,naisula.barasa@outlook.com,1996-05-06,Female,Nakuru,Gilgil,Gilgil,"Plot 361, Lane 9, Jogoo"
2948,Nyambane Chepkorir Nzioka,50482377,011535552,nyambane.nzioka@outlook.com,1955-08-17,Female,Kisumu,Kisumu West,North Kisumu,"Plot 70, Lane 3, Karen"
2949,Nanjala Awiti,78242493,073403798,nanjala.awiti@gmail.com,1971-03-13,Male,Bungoma,Webuye West,Sitikho,"Plot 171, Lane 17, Limuru"
2950,Auma Awino,25610550,077714998,auma.awino@outlook.com,1961-09-08,Female,Machakos,Kangundo,Kangundo Central,"Plot 176, Lane 8, Mugumo"
2951,Chepkirui Kagwe,62346547,070318793,chepkirui.kagwe@hotmail.com,2006-08-07,Male,Kilifi,Malindi,Ganda,"Plot 459, Lane 6, Parklands"
2952,Kanampiu Wafula,76205523,073868760,kanampiu.wafula@outlook.com,1970-11-04,Male,Trans Nzoia,Endebess,Endebess,"House 407, Langata Road, Langata"
2953,Pauline Kilonzo,59359775,011741823,pauline.kilonzo@yahoo.com,1983-02-07,Male,Kiambu,Kiambu,Kihara,"Plot 273, Lane 18, Kikuyu"
2954,Kathure Joseph Okello,29760957,011159467,kathure.okello@gmail.com,2004-09-01,Female,Kiambu,Kikuyu,Kinoo,"House 369, Athi River Road, Tom Mboya"
2955,Mutua Ndunda,28282183,078625967,mutua.ndunda@gmail.com,1989-05-23,Male,Nairobi,Kibra,Lindi,"Plot 144, Lane 17, Kiambu"
2956,Dennis Ongeri,30039564,071447269,dennis.ongeri@gmail.com,2005-12-18,Female,Kiambu,Githunguri,Githiga,"House 208, Ruaraka Drive, Kiambu Road"
2957,Muthuri Mwango,79872246,071723137,muthuri.mwango@yahoo.com,1962-08-06,Male,Kilifi,Rabai,Ruruma,"Plot 23, Lane 11, Mugumo"
2958,Monica Kevin Wekesa,31744118,073397228,monica.wekesa@gmail.com,1990-03-18,Female,Uasin Gishu,Ainabkoi,Kapsoya,"House 231, River Road Street, Kenyatta"
2959,Kinyua Jebet,31706858,010143010,kinyua.jebet@gmail.com,1958-01-13,Female,Machakos,Matungulu,Matungulu West,"Plot 141, Lane 11, Kitisuru"
2960,Leah Langat,70007583,071376670,leah.langat@outlook.com,1995-04-24,Female,Kilifi,Magarini,Adu,"Plot 204, Lane 10, Tom Mboya"
2961,Rebecca Naomi Chepkwony,44318062,011189216,rebecca.chepkwony@hotmail.com,1981-05-24,Male,Nakuru,Rongai,Soin,"House 216, Kiambu Road Drive, Uhuru"
2962,Catherine Mwendwa,77597242,070110022,catherine.mwendwa@gmail.com,1969-09-19,Female,Kiambu,Kiambu,Kihara,"Plot 343, Lane 9, Juja"
2963,Atieno Mutua,99885715,078933087,atieno.mutua@gmail.com,1986-05-27,Female,Machakos,Kathiani,Upper Kaewa/Iveti,"House 281, Kiambu Road, Kenyatta"
2964,Auma Maina,80122328,074961561,auma.maina@hotmail.com,1962-08-19,Female,Nakuru,Kuresoi North,Nyota,"Plot 197, Lane 20, Argwings Kodhek"
2965,Naisula Kipsang Mutua,41277403,070668151,naisula.mutua@yahoo.com,1997-09-26,Female,Kisumu,Kisumu Central,Market Milimani,"Plot 97, Lane 20, Parklands"
2966,Margaret Moses Ombati,47677050,070748000,margaret.ombati@gmail.com,1980-03-10,Male,Nairobi,Westlands,Kitisuru,"Plot 69, Lane 13, Lavington"
2967,Diana Kinyua Wachira,15838870,011445080,diana.wachira@gmail.com,1999-08-24,Female,Mombasa,Changamwe,Chaani,"Plot 397, Lane 19, River Road"
2968,Muthoni Sarah Kipkorir,40158481,070821627,muthoni.kipkorir@gmail.com,1972-05-03,Female,Nairobi,Kasarani,Njiru,"Plot 76, Lane 13, Waiyaki"
2969,Zechariah Flora Gikonyo,18651330,076871820,zechariah.gikonyo@gmail.com,1997-04-07,Male,Bungoma,Kanduyi,Buokhwe,"Plot 429, Lane 1, Tom Mboya"
2970,Edith Cherotich Muriuki,62991228,079276994,edith.muriuki@gmail.com,2001-07-18,Male,Bomet,Chepalungu,Siongiroi,"House 127, Karen Drive, Likoni"
2971,Mutisya Alexander Mulwa,28908977,076538604,mutisya.mulwa@gmail.com,1978-11-16,Female,Kilifi,Kilifi North,Mnarani,"House 343, Kasarani Drive, Ruaraka"
2972,Nabea Mwangi,88091841,077935111,nabea.mwangi@gmail.com,1988-08-11,Male,Nakuru,Nakuru Town East,Biashara,"House 139, Kiambu Drive, Parklands"
2973,Cynthia Gichuki,95115329,011423192,cynthia.gichuki@yahoo.com,2001-02-24,Male,Turkana,Turkana South,Kalamon,"House 413, Parklands Street, Kilimani"
2974,Kebaso Kipkoech,51861437,071292104,kebaso.kipkoech@gmail.com,2000-11-16,Male,Kakamega,Ikolomani,Idakho North,"House 39, Langata Street, Mugumo"
2975,Onsongo Mutua,99175850,075689576,onsongo.mutua@outlook.com,1976-04-09,Male,Kiambu,Kiambu,Kihara,"Plot 167, Lane 4, Kasarani"
2976,Jepkorir Collins Oduya,62901281,070314829,jepkorir.oduya@gmail.com,1966-10-22,Male,Nairobi,Kasarani,Kasarani,"Plot 210, Lane 11, Outering"
2977,Wabomba Mumo,86442878,073140559,wabomba.mumo@outlook.com,1968-08-23,Female,Nairobi,Dagoretti North,Kawangware,"Plot 225, Lane 2, Limuru"
2978,Adhiambo Joel Kenga,66844852,010204081,adhiambo.kenga@gmail.com,1976-07-15,Male,Mombasa,Jomvu,Mikindani,"House 3, Kitisuru Avenue, Outering"
2979,Syokau Mwangi,73393416,079403793,syokau.mwangi@gmail.com,1974-07-16,Male,Nyeri,Nyeri Town,Kiganjo/Mathari,"House 59, River Road Street, Likoni"
2980,Gitonga Jepkorir,57802228,072366485,gitonga.jepkorir@gmail.com,2001-07-25,Female,Kiambu,Limuru,Limuru Central,"Plot 404, Lane 9, Argwings Kodhek"
2981,Kipkirui Hannah Rotich,31311109,077933423,kipkirui.rotich@yahoo.com,1998-04-06,Female,Nairobi,Dagoretti North,Kilimani,"Plot 58, Lane 7, Langata"
2982,Jebiwott Nafula Koech,20135745,078919189,jebiwott.koech@yahoo.com,1986-08-13,Male,Machakos,Yatta,Matuu,"House 418, Ngong Road Road, Ngong"
2983,Elizabeth Momanyi,93620256,073282829,elizabeth.momanyi@hotmail.com,1991-06-08,Female,Bomet,Sotik,Ndanai/Abosi,"House 330, Ngong Road Avenue, Ruiru"
2984,Samuel Mwangolo,41979317,073858209,samuel.mwangolo@yahoo.com,1995-04-08,Male,Nairobi,Dagoretti North,Gatina,"Plot 314, Lane 4, Karen"
2985,Cynthia Kiprono Kioko,76738801,079250542,cynthia.kioko@gmail.com,1983-12-23,Male,Kisumu,Nyando,Kabonyo/Kanyagwal,"House 310, Tom Mboya Road, Kilimani"
2986,Jeremiah Kanana Tsuma,71523036,072896822,jeremiah.tsuma@gmail.com,1988-01-09,Female,Kiambu,Ruiru,Gatong'ora,"Plot 288, Lane 17, River Road"
2987,David Okoth Kivuva,63283704,070321892,david.kivuva@outlook.com,1966-12-04,Female,Nairobi,Dagoretti South,Mutuini,"Plot 399, Lane 11, Juja"
2988,Rweria Kagwe,15945022,010803032,rweria.kagwe@hotmail.com,1963-04-18,Male,Machakos,Kangundo,Kangundo North,"Plot 254, Lane 5, Ngong"
2989,Mwende Nyambane,37949530,011818051,mwende.nyambane@gmail.com,1961-04-21,Male,Bungoma,Mt. Elgon,Kapkateny,"Plot 12, Lane 20, Lavington"
2990,Opiyo Nasimiyu,34242013,011616087,opiyo.nasimiyu@gmail.com,1999-03-19,Male,Machakos,Kangundo,Kangundo West,"Plot 193, Lane 20, Kasarani"
2991,Stephen Mungai,18644890,074810539,stephen.mungai@gmail.com,1997-09-05,Female,Uasin Gishu,Kesses,Racecourse,"Plot 32, Lane 2, Westlands"
2992,Jepchumba Bridget Nanjala,80121095,072234997,jepchumba.nanjala@hotmail.com,1976-12-22,Female,Mombasa,Kisauni,Bamburi,"House 252, Langata Street, Kikuyu"
2993,Barnabas Simiyu Githinji,47563341,075676313,barnabas.githinji@gmail.com,1997-12-15,Male,Kiambu,Lari,Kamburu,"Plot 257, Lane 15, Likoni"
2994,Sharon Lydia Naliaka,12768877,011788685,sharon.naliaka@yahoo.com,1960-05-20,Female,Kisumu,Seme,West Seme,"Plot 385, Lane 17, Langata"
2995,Dorothy Flora Muema,29836833,070171725,dorothy.muema@outlook.com,1976-06-16,Female,Kakamega,Khwisero,Kisa Central,"Plot 361, Lane 3, Juja"
2996,Kipkemoi Mutinda,91989541,076640030,kipkemoi.mutinda@gmail.com,1960-03-16,Male,Kakamega,Mumias East,Lusheya/Lubinu,"Plot 319, Lane 5, Mombasa Road"
2997,Kipkorir Mutisya Jebet,88184359,010396628,kipkorir.jebet@gmail.com,1992-06-06,Female,Trans Nzoia,Kiminini,Kiminini,"House 478, Kitisuru Drive, Parklands"
2998,Kipkemboi Lois Ndunda,85835230,072255847,kipkemboi.ndunda@yahoo.com,1982-01-08,Male,Bomet,Sotik,Chemagel,"House 410, Parklands Drive, Mugumo"
2999,Mwikali Chepngeno,48312600,070140292,mwikali.chepngeno@yahoo.com,1981-10-03,Female,Kakamega,Mumias West,Etenje,"House 92, Kangundo Drive, Lenana"
3000,Kipsang Kwamboka Munyori,99899818,074898754,kipsang.munyori@gmail.com,2005-04-13,Male,Kiambu,Githunguri,Githiga,"Plot 401, Lane 6, Kangundo"
3001,Kariuki Muriuki Baya,77374549,078718879,kariuki.baya@hotmail.com,1973-08-16,Male,Machakos,Matungulu,Matungulu West,"Plot 394, Lane 13, Likoni"
3002,Naliaka Ezekiel Cherono,42040774,078575503,naliaka.cherono@outlook.com,1968-12-13,Male,Machakos,Machakos Town,Kalama,"Plot 219, Lane 14, Juja"
3003,Kagendo Grace Chepkorir,26023992,076744988,kagendo.chepkorir@yahoo.com,1989-08-10,Female,Nairobi,Dagoretti North,Kileleshwa,"Plot 297, Lane 20, Jogoo"
3004,Jepkoech Vincent Rono,98976113,011675627,jepkoech.rono@outlook.com,1995-11-07,Male,Nairobi,Lang'ata,Karen,"House 189, Lavington Road, Juja"
3005,Onsongo Nduku Rimberia,36078869,072985130,onsongo.rimberia@gmail.com,1977-01-22,Male,Kisumu,Nyando,Kabonyo/Kanyagwal,"Plot 88, Lane 2, Likoni"
3006,Awiti Mutwiri Mohamed,64757706,076702368,awiti.mohamed@gmail.com,1982-02-09,Male,Bungoma,Kabuchai,Kabuchai/Chwele,"House 411, Parklands Street, Kitisuru"
3007,Wachira Mworoa Ndegwa,82338242,076486983,wachira.ndegwa@gmail.com,1988-08-03,Female,Kiambu,Lari,Kijabe,"House 65, Thika Avenue, Likoni"
3008,Florence Faith Mitei,97041811,079693937,florence.mitei@gmail.com,1995-10-19,Female,Uasin Gishu,Turbo,Kamagut,"Plot 137, Lane 16, Juja"
3009,Caroline Allan Mwakideu,51070269,011134822,caroline.mwakideu@gmail.com,1974-07-21,Male,Meru,Igembe North,Antuamburi,"Plot 354, Lane 15, Uhuru"
3010,Auma Judy Namukhula,60944831,011567670,auma.namukhula@yahoo.com,1990-08-04,Male,Nairobi,Westlands,Kitisuru,"Plot 396, Lane 15, River Road"
3011,Andrew Sarah Musyoka,84093132,078355587,andrew.musyoka@gmail.com,1969-12-14,Male,Bungoma,Kanduyi,Marakaru/Tuuti,"Plot 346, Lane 9, Lavington"
3012,Paul Musyoka Owuor,16063659,072462242,paul.owuor@gmail.com,1991-02-08,Male,Nairobi,Lang'ata,South C,"House 202, Argwings Kodhek Road, Kasarani"
3013,Jepchumba Faith Mitei,65398789,071661745,jepchumba.mitei@yahoo.com,1971-10-04,Female,Kiambu,Kabete,Muguga,"Plot 118, Lane 13, Kenyatta"
3014,Kipkorir Teresa Wachira,75481231,075932571,kipkorir.wachira@yahoo.com,1947-12-06,Female,Kiambu,Kabete,Gitaru,"House 442, Likoni Drive, Kikuyu"
3015,Simiyu Ndunge Koross,29120748,072280304,simiyu.koross@outlook.com,1991-04-19,Female,Kakamega,Butere,Marama Central,"House 417, Ngong Road Avenue, Thika Superhighway"
3016,Ongeri Cherono Sigei,82217715,071628051,ongeri.sigei@gmail.com,2003-09-17,Male,Nakuru,Gilgil,Murindat,"Plot 414, Lane 6, Kitisuru"
3017,Daniel Simon Kiprono,54562182,011227948,daniel.kiprono@hotmail.com,1998-05-28,Female,Nyeri,Kieni,Mweiga,"House 98, Westlands Street, Argwings Kodhek"
3018,Wanyonyi Hannah Wachira,12425407,072235113,wanyonyi.wachira@yahoo.com,1976-08-06,Male,Nairobi,Dagoretti South,Uthiru,"Plot 335, Lane 17, Lavington"
3019,Cecilia Malachi Auma,99392901,010329770,cecilia.auma@yahoo.com,1964-04-27,Male,Nakuru,Naivasha,Biashara-Naivasha,"House 6, Garden Estate Drive, Thika"
3020,Kemunto Gakii Kamande,70746842,010574169,kemunto.kamande@gmail.com,1984-12-04,Male,Bungoma,Webuye East,Ndivisi,"House 21, Ruiru Street, Kikuyu"
3021,Vincent Dennis Muthoka,53165359,079795569,vincent.muthoka@gmail.com,1994-08-01,Male,Kiambu,Limuru,Ndeiya,"Plot 4, Lane 12, Uhuru"
3022,Micah Awiti Ndunge,88900318,074352560,micah.ndunge@gmail.com,1976-12-18,Female,Nairobi,Dagoretti South,Uthiru,"House 444, Outering Street, Westlands"
3023,Edith Kipkirui Wekesa,53197870,078920573,edith.wekesa@yahoo.com,1974-04-03,Male,Kakamega,Lugari,Chekalini,"Plot 324, Lane 2, Ngong Road"
3024,Florence Charity Khaemba,15241105,074643355,florence.khaemba@gmail.com,1992-10-14,Male,Nyeri,Mathira,Magutu,"Plot 108, Lane 13, Kikuyu"
3025,Njeri Kiprotich Momanyi,72704371,072183041,njeri.momanyi@hotmail.com,1955-10-22,Female,Kiambu,Githunguri,Githiga,"Plot 318, Lane 17, Moi Avenue"
3026,Nicholas Muthoni Chepkorir,49527087,072855776,nicholas.chepkorir@gmail.com,1993-09-16,Male,Nairobi,Westlands,Kitisuru,"Plot 129, Lane 13, Outering"
3027,Charity Kevin Masinde,36947634,073300589,charity.masinde@hotmail.com,1978-07-22,Male,Kakamega,Shinyalu,Isukha West,"Plot 83, Lane 9, Thika"
3028,Mworoa Nashipae Musyimi,95928498,078883828,mworoa.musyimi@gmail.com,1987-01-06,Female,Nyeri,Mukurweini,Mukurwe-ini West,"Plot 320, Lane 17, Tom Mboya"
3029,Christopher Malachi Jepkorir,73387827,071275059,christopher.jepkorir@gmail.com,1993-03-28,Female,Nyeri,Othaya,Karima,"Plot 125, Lane 12, Likoni"
3030,Kipkirui Philemon Otieno,72819416,011283741,kipkirui.otieno@gmail.com,1954-02-10,Female,Nakuru,Rongai,Soin,"Plot 347, Lane 3, Kiambu"
3031,Timothy Agnes Mugo,68956116,078207362,timothy.mugo@gmail.com,1986-06-17,Female,Trans Nzoia,Cherangany,Motosi,"Plot 423, Lane 18, Parklands"
3032,Achieng Gladys Githinji,47454940,079643519,achieng.githinji@gmail.com,1989-03-23,Female,Turkana,Turkana West,Letea,"House 23, Athi River Drive, Garden Estate"
3033,Wanjiru Aaron Lubanga,86136015,078664490,wanjiru.lubanga@gmail.com,1992-07-10,Female,Uasin Gishu,Soy,Kipsomba,"House 2, Uhuru Road, River Road"
3034,Nanjala Mukhwana Mitei,42028857,075372972,nanjala.mitei@yahoo.com,1997-11-10,Male,Kakamega,Butere,Marama West,"House 105, Westlands Road, Waiyaki"
3035,Kanana Onyango Kiarie,38328387,076836276,kanana.kiarie@hotmail.com,1996-08-07,Male,Nairobi,Kasarani,Ruai,"Plot 407, Lane 1, Kangundo"
3036,Agnes Muriuki Kamau,50856410,011645829,agnes.kamau@gmail.com,1984-11-04,Female,Kilifi,Rabai,Rabai/Kisurutini,"Plot 180, Lane 7, Karen"
3037,Ndunge Susan Momanyi,57286125,075439792,ndunge.momanyi@outlook.com,1982-09-11,Female,Meru,Buuri,Ruiri/Rwarera,"Plot 439, Lane 3, Kiambu"
3038,Habakkuk Isaiah Leshan,27444169,071742095,habakkuk.leshan@gmail.com,1999-10-22,Male,Nakuru,Kuresoi South,Amalo,"House 120, Kangundo Drive, Mombasa Road"
3039,Beatrice Kiprop Mcharo,16431382,073134861,beatrice.mcharo@yahoo.com,1985-05-09,Female,Mombasa,Mvita,Tononoka,"House 285, Garden Estate Drive, Jogoo"
3040,Achieng Nicholas Mutinda,27922165,071385778,achieng.mutinda@outlook.com,1984-08-08,Male,Meru,Igembe North,Antubetwe Kiongo,"House 418, Moi Avenue Street, Mugumo"
3041,Edith Ondieki Mwania,48698279,078600819,edith.mwania@yahoo.com,1957-07-24,Male,Nakuru,Bahati,Lanet/Umoja,"Plot 225, Lane 7, Argwings Kodhek"
3042,Cherotich Christopher Khaemba,39370744,071835958,cherotich.khaemba@yahoo.com,1967-07-04,Female,Kilifi,Rabai,Mwawesa,"Plot 135, Lane 16, Uhuru"
3043,Alexander Mwende Kosgei,22467273,074190356,alexander.kosgei@hotmail.com,1970-11-18,Male,Machakos,Machakos Town,Kola,"House 237, Karen Avenue, Westlands"
3044,Isaac Cherotich Onsongo,20071478,010653657,isaac.onsongo@outlook.com,1982-05-27,Female,Kiambu,Kikuyu,Kinoo,"Plot 398, Lane 11, Kileleshwa"
3045,Rimberia Anna Gichuki,91078695,079834947,rimberia.gichuki@gmail.com,1975-02-14,Male,Meru,Central Imenti,Kabachi,"Plot 32, Lane 18, Kiambu Road"
3046,Peace Edward Kilonzo,96720238,072777278,peace.kilonzo@gmail.com,1989-09-23,Female,Machakos,Kathiani,Kathiani Central,"House 326, Uhuru Road, Langata"
3047,Jeremiah Mary Wamuyu,96317337,077386264,jeremiah.wamuyu@yahoo.com,1982-08-06,Female,Kiambu,Ruiru,Kiuu,"Plot 332, Lane 8, Moi Avenue"
3048,Kinyua Njeri Kipkemoi,30108114,010602477,kinyua.kipkemoi@yahoo.com,1975-03-12,Male,Nakuru,Naivasha,Hells Gate,"Plot 203, Lane 4, Kitisuru"
3049,Judy Wangari Ochieng,49023188,073759790,judy.ochieng@gmail.com,1972-10-21,Female,Machakos,Yatta,Kithimani,"Plot 413, Lane 11, Westlands"
3050,Lois Kaimenyi Gacheru,21179171,010950734,lois.gacheru@yahoo.com,1979-06-08,Male,Kiambu,Lari,Kamburu,"House 367, River Road Road, Ruiru"
3051,George Mutheu Gichuru,61164303,075739367,george.gichuru@gmail.com,1998-04-28,Female,Bomet,Konoin,Embomos,"Plot 72, Lane 13, Uhuru"
3052,Sarah Khaemba Koech,60138663,073947284,sarah.koech@yahoo.com,1980-06-27,Female,Nyeri,Nyeri Town,Rware,"Plot 231, Lane 17, Lavington"
3053,Mwania Eunice Ndegwa,86500143,074342536,mwania.ndegwa@outlook.com,1962-01-12,Male,Mombasa,Jomvu,Miritini,"Plot 90, Lane 16, Garden Estate"
3054,Alexander Nyambura Naliaka,18143738,070171793,alexander.naliaka@gmail.com,1990-08-01,Female,Kiambu,Githunguri,Githunguri,"Plot 31, Lane 6, Tom Mboya"
3055,Githinji Wanjiru Saidimu,64206297,076759597,githinji.saidimu@gmail.com,1968-08-09,Male,Nairobi,Dagoretti South,Uthiru,"Plot 171, Lane 12, Outering"
3056,Jane Peace Kipchirchir,67208482,077568860,jane.kipchirchir@gmail.com,1984-08-20,Female,Kiambu,Limuru,Ndeiya,"Plot 276, Lane 3, Langata"
3057,Mutisya Mbaka Kiprop,39810192,070140526,mutisya.kiprop@gmail.com,1977-06-11,Female,Kilifi,Kilifi South,Chasimba,"Plot 12, Lane 19, Karen"
3058,Kiprotich Kamau Mwakideu,77881001,079461641,kiprotich.mwakideu@gmail.com,1995-09-05,Male,Nyeri,Othaya,Chinga,"Plot 28, Lane 5, Juja"
3059,Opiyo Syombua Mwania,69614120,010361149,opiyo.mwania@yahoo.com,1998-10-16,Female,Nairobi,Westlands,Kitisuru,"Plot 67, Lane 10, Mugumo"
3060,Chepkirui Nabwire Kanampiu,52350774,078362713,chepkirui.kanampiu@gmail.com,1997-04-22,Male,Turkana,Turkana Central,Kanamkemer,"House 124, Garden Estate Street, Mugumo"
3061,Charity Wanyonyi Muriuki,22386724,071566129,charity.muriuki@yahoo.com,1966-09-25,Female,Kakamega,Lugari,Manda/Shivanga,"Plot 168, Lane 14, Jogoo"
3062,Alexander Onsongo Odhiambo,85215722,077340054,alexander.odhiambo@gmail.com,1997-03-21,Female,Nairobi,Dagoretti North,Kawangware,"Plot 334, Lane 19, Outering"
3063,Anna Isaac Gikonyo,25113796,077183275,anna.gikonyo@yahoo.com,1955-11-10,Female,Kilifi,Malindi,Shella,"Plot 204, Lane 8, Kenyatta"
3064,Gichuru Adhiambo Kiprop,83925077,011204594,gichuru.kiprop@gmail.com,1997-03-02,Male,Nairobi,Dagoretti North,Kilimani,"Plot 120, Lane 15, Kenyatta"
3065,Daniel George Awuor,14706767,073410318,daniel.awuor@hotmail.com,1971-10-15,Female,Nairobi,Westlands,Kangemi,"House 134, Lenana Road, Ngong"
3066,Muthuri Judith Mitei,83608682,074161735,muthuri.mitei@gmail.com,1971-08-10,Male,Trans Nzoia,Cherangany,Cherangany/Suwerwa,"House 374, Waiyaki Road, Outering"
3067,Githinji Chebet Mogaka,93188203,010770516,githinji.mogaka@outlook.com,1971-06-03,Female,Kiambu,Githunguri,Githiga,"Plot 29, Lane 19, Westlands"
3068,Jonah Kiprop Wachira,82037666,072167143,jonah.wachira@gmail.com,1992-12-07,Male,Uasin Gishu,Soy,Kapkures,"House 268, Ruaraka Road, Kenyatta"
3069,Wamalwa Cecilia Rimberia,83325110,011314731,wamalwa.rimberia@hotmail.com,1978-11-20,Female,Uasin Gishu,Moiben,Tembelio,"House 365, Parklands Avenue, Athi River"
3070,Chepkorir Mukhwana Juma,30855976,072343843,chepkorir.juma@gmail.com,2000-02-03,Male,Nairobi,Lang'ata,South C,"Plot 472, Lane 5, Parklands"
3071,Nanjala Erick Nabea,67784257,079563105,nanjala.nabea@outlook.com,1970-08-21,Female,Nairobi,Lang'ata,Mugumu-ini,"Plot 296, Lane 10, Ngong"
3072,Adoyo Maina Mwirigi,65649537,073950198,adoyo.mwirigi@yahoo.com,1954-02-26,Male,Nyeri,Mathira,Ruguru,"House 217, Tom Mboya Avenue, Jogoo"
3073,Syombua Edward Mwirigi,68228907,077833575,syombua.mwirigi@gmail.com,1982-03-28,Female,Nairobi,Dagoretti South,Uthiru,"House 382, Argwings Kodhek Avenue, Ruiru"
3074,Teresa Daniel Korir,13687460,076596747,teresa.korir@gmail.com,1978-04-05,Female,Nakuru,Molo,Turi,"Plot 247, Lane 12, Kitisuru"
3075,Allan Isaac Gitobu,56036657,074383394,allan.gitobu@outlook.com,1983-03-15,Female,Trans Nzoia,Endebess,Chepchoina,"Plot 9, Lane 6, Ruiru"
3076,Muthuri Ann Mitei,13714003,074842233,muthuri.mitei@yahoo.com,1971-08-10,Male,Trans Nzoia,Cherangany,Cherangany/Suwerwa,"House 60, River Road Drive, Kilimani"
3077,Nicholas Priscilla Maina,18684457,075209249,nicholas.maina@gmail.com,2003-06-15,Female,Nakuru,Gilgil,Gilgil,"Plot 175, Lane 15, Garden Estate"
3078,Anna Muthoni Musyoka,20311123,011723195,anna.musyoka@gmail.com,1959-05-08,Male,Kiambu,Kiambu,Ting'ang'a,"Plot 391, Lane 5, Kiambu Road"
3079,Veronica Habakkuk Musyoka,37183509,010412922,veronica.musyoka@gmail.com,1997-02-11,Male,Nakuru,Rongai,Solai,"House 447, Westlands Road, Waiyaki"
3080,Jane Chepngeno Onsongo,13006710,076925897,jane.onsongo@outlook.com,1964-07-15,Male,Bomet,Sotik,Rongena/Manaret,"House 146, Kiambu Street, Kitisuru"
3081,Dennis Awuor Ongeri,55127012,071618139,dennis.ongeri@yahoo.com,2005-12-18,Female,Kiambu,Githunguri,Githiga,"Plot 272, Lane 15, River Road"
3082,Syombua Kamau Ogero,13950626,071333834,syombua.ogero@outlook.com,1968-04-28,Male,Kisumu,Kisumu East,Nyalenda 'A',"House 461, Waiyaki Road, Thika"
3083,Naisula Kipchirchir Ogero,40868348,079978477,naisula.ogero@hotmail.com,1994-10-09,Female,Mombasa,Likoni,Bofu,"Plot 379, Lane 11, Kiambu"
3084,Kiprono Susan Momanyi,76317993,072471267,kiprono.momanyi@yahoo.com,1994-01-06,Male,Meru,Igembe South,Nkondi,"Plot 299, Lane 7, Uhuru"
3085,Andrew Cherono Mutinda,44601903,010212738,andrew.mutinda@outlook.com,1990-01-11,Male,Machakos,Yatta,Matuu,"House 441, Westlands Street, Tom Mboya"
3086,Namukhula Cynthia Kipchirchir,33622962,011762209,namukhula.kipchirchir@yahoo.com,1990-05-23,Female,Bomet,Bomet Central,Silibwet Township,"Plot 307, Lane 3, Jogoo"
3087,Jane Diana Otula,23088713,070254710,jane.otula@hotmail.com,2005-02-19,Male,Bomet,Chepalungu,Siongiroi,"Plot 231, Lane 2, Kangundo"
3088,Alice Mulwa Barasa,87125207,073687247,alice.barasa@gmail.com,1985-08-21,Male,Kiambu,Kikuyu,Sigona,"House 36, Mugumo Drive, Outering"
3089,Victor Jebiwott Kenei,61646136,011294687,victor.kenei@yahoo.com,1993-08-17,Male,Nakuru,Rongai,Soin,"Plot 342, Lane 18, Jogoo"
3090,Mukami Veronica Musalia,51666322,075689152,mukami.musalia@gmail.com,1961-01-08,Male,Nakuru,Molo,Marioshoni,"House 327, Likoni Road, Thika Superhighway"
3091,Bridget Ochieng Naliaka,27412570,074352141,bridget.naliaka@hotmail.com,1991-01-14,Female,Nairobi,Kibra,Sarang'ombe,"Plot 104, Lane 1, Karen"
3092,Rebecca Gitonga Omar,89512284,071335992,rebecca.omar@gmail.com,1971-08-16,Female,Trans Nzoia,Endebess,Matumbei,"Plot 72, Lane 2, River Road"
3093,Kagendo Mwikali Chepkirui,22509453,072872216,kagendo.chepkirui@gmail.com,1970-08-13,Female,Kiambu,Lari,Kamburu,"Plot 444, Lane 18, Garden Estate"
3094,Thomas Ruth Nabea,42643518,078916728,thomas.nabea@hotmail.com,1974-04-13,Male,Bungoma,Kimilili,Kamukuywa,"Plot 383, Lane 12, Thika Superhighway"
3095,Dennis Kiprotich Mumo,41564181,078156090,dennis.mumo@gmail.com,1966-01-23,Male,Kilifi,Kilifi North,Tezo,"House 457, Lenana Drive, Tom Mboya"
3096,Marete Muthoka Kamotho,45635935,076225627,marete.kamotho@gmail.com,1957-04-10,Female,Trans Nzoia,Kiminini,Nabiswa,"Plot 217, Lane 18, Mugumo"
3097,Jonathan Esther Nyambane,71767441,073709621,jonathan.nyambane@gmail.com,1976-05-20,Male,Kilifi,Kilifi South,Shimo la Tewa,"Plot 248, Lane 1, Mugumo"
3098,Gichuru Naipanoi Kipkemboi,22457246,071785766,gichuru.kipkemboi@gmail.com,1975-06-24,Female,Kiambu,Lari,Nyanduma,"House 23, Westlands Street, Ngong"
3099,Mary Kariuki Mwakideu,69737360,078137959,mary.mwakideu@yahoo.com,1964-11-27,Female,Machakos,Machakos Town,Mutituni,"House 211, Argwings Kodhek Street, Juja"
3100,Hannah Kwamboka Kinyua,99307261,076373013,hannah.kinyua@gmail.com,1964-02-13,Female,Mombasa,Mvita,Shimanzi,"Plot 406, Lane 20, Lenana"
3101,Rimberia Njeri Atieno,63895959,072582201,rimberia.atieno@hotmail.com,1981-08-03,Female,Turkana,Loima,Loima,"House 115, Kiambu Road, Kiambu"
3102,Mwangi Akinyi Naliaka,19447877,077584249,mwangi.naliaka@outlook.com,1987-09-18,Female,Kilifi,Kaloleni,Kayafungo,"Plot 71, Lane 11, Waiyaki"
3103,Jonah Nahum Bett,83299258,078532477,jonah.bett@outlook.com,1986-04-27,Male,Mombasa,Kisauni,Bamburi,"House 163, Mombasa Road Street, Kileleshwa"
3104,Adoyo Kipkirui Senteu,47721843,010609249,adoyo.senteu@hotmail.com,1996-07-01,Female,Bungoma,Kabuchai,Bwake/Luuya,"Plot 304, Lane 10, Kilimani"
3105,Kipkemboi Mutwiri Ndunda,91683184,072515673,kipkemboi.ndunda@hotmail.com,1982-01-08,Male,Bomet,Sotik,Chemagel,"House 322, Lenana Road, Karen"
3106,Mutua Joshua Musalia,31003985,010464095,mutua.musalia@hotmail.com,2001-02-05,Female,Bungoma,Sirisia,Malakisi/South Kulisiru,"Plot 369, Lane 8, Kasarani"
3107,Jacqueline Wairimu Jebet,79762268,073579992,jacqueline.jebet@gmail.com,1967-05-19,Male,Mombasa,Jomvu,Mikindani,"Plot 270, Lane 1, Parklands"
3108,Mumo Beatrice Korir,22465245,076264162,mumo.korir@yahoo.com,1975-08-04,Female,Meru,South Imenti,Abogeta East,"Plot 138, Lane 20, Karen"
3109,Esther Moses Baya,61543986,079282186,esther.baya@gmail.com,2005-08-15,Male,Mombasa,Changamwe,Changamwe,"Plot 376, Lane 6, Kileleshwa"
3110,Flora Cecilia Mumo,77395281,078316545,flora.mumo@outlook.com,1981-10-10,Male,Uasin Gishu,Ainabkoi,Racecourse,"House 196, Ngong Drive, Langata"
3111,Chepkoech Jepkorir Rono,38219921,072184650,chepkoech.rono@yahoo.com,1990-10-01,Male,Nakuru,Molo,Marioshoni,"Plot 148, Lane 9, Moi Avenue"
3112,Dorothy Leshan Maina,13165956,011680861,dorothy.maina@yahoo.com,1979-08-15,Male,Nairobi,Dagoretti South,Mutuini,"Plot 108, Lane 12, Mombasa Road"
3113,Alice Margaret Ochieng,11382079,070822059,alice.ochieng@gmail.com,1977-06-26,Female,Kakamega,Khwisero,Kisa East,"Plot 190, Lane 14, Ruiru"
3114,Cherotich Martha Wabomba,53434492,073629295,cherotich.wabomba@yahoo.com,1979-01-27,Female,Kilifi,Kaloleni,Kayafungo,"Plot 153, Lane 9, Moi Avenue"
3115,Kariuki Onditi Nyambane,61460733,071889115,kariuki.nyambane@gmail.com,1984-06-09,Male,Kakamega,Shinyalu,Isukha South,"Plot 362, Lane 9, Kileleshwa"
3116,Bridget Micah Towett,16206378,011581632,bridget.towett@gmail.com,1968-10-11,Male,Mombasa,Kisauni,Mtopanga,"House 127, Uhuru Avenue, Langata"
3117,Cecilia Erick Chepkwony,26812955,072666888,cecilia.chepkwony@outlook.com,1974-05-25,Male,Trans Nzoia,Saboti,Saboti,"House 277, Lenana Avenue, Kilimani"
3118,Gichuru Jacqueline Mbuthia,24702917,010418656,gichuru.mbuthia@outlook.com,2000-12-25,Female,Uasin Gishu,Moiben,Tembelio,"Plot 335, Lane 18, Langata"
3119,Onsongo Jepkorir Kihika,41543452,076328598,onsongo.kihika@outlook.com,1979-10-28,Female,Nakuru,Molo,Turi,"Plot 184, Lane 18, Lenana"
3120,Emily Jonathan Mukhwana,77919411,073500714,emily.mukhwana@outlook.com,1993-09-09,Male,Bungoma,Webuye West,Matulo,"House 257, Thika Superhighway Street, Mombasa Road"
3121,Ann Sophia Jebet,78170461,075188629,ann.jebet@gmail.com,2000-01-08,Male,Kilifi,Ganze,Sokoke,"House 366, Limuru Road, Kangundo"
3122,Ojwang Okello Musalia,58149984,073170139,ojwang.musalia@yahoo.com,1993-06-15,Male,Kisumu,Kisumu West,Central Kisumu,"Plot 229, Lane 2, Kileleshwa"
3123,Thomas Ruth Jepkoech,45505877,072420178,thomas.jepkoech@yahoo.com,1989-08-05,Male,Kakamega,Mumias West,West Wanga,"Plot 408, Lane 18, Karen"
3124,Onsongo Akinyi Mwangi,47743510,078538768,onsongo.mwangi@gmail.com,1983-02-03,Female,Kakamega,Ikolomani,Idakho North,"Plot 41, Lane 14, Mombasa Road"
3125,Catherine Janet Kivuva,93802954,079683951,catherine.kivuva@outlook.com,1999-01-11,Male,Kiambu,Ruiru,Kahawa Sukari,"Plot 403, Lane 3, Ngong"
3126,Adhiambo Jebiwott Mutisya,39051323,010408590,adhiambo.mutisya@gmail.com,1984-03-22,Male,Nyeri,Nyeri Town,Kiganjo/Mathari,"Plot 274, Lane 4, Jogoo"
3127,Gitonga Mutwiri Chepkwony,97854048,011431998,gitonga.chepkwony@gmail.com,1979-06-15,Male,Kiambu,Limuru,Ndeiya,"Plot 440, Lane 14, Athi River"
3128,Rweria Wekesa Maina,63153840,076667382,rweria.maina@gmail.com,1977-12-10,Male,Nairobi,Dagoretti South,Uthiru,"Plot 310, Lane 2, Jogoo"
3129,Zechariah Judith Musila,19299933,072171676,zechariah.musila@hotmail.com,1999-11-08,Male,Nairobi,Lang'ata,Nairobi West,"Plot 290, Lane 10, Uhuru"
3130,Brenda Anna Tsuma,51690952,073312799,brenda.tsuma@hotmail.com,1993-11-05,Female,Kakamega,Shinyalu,Isukha North,"House 127, Kilimani Avenue, Kileleshwa"
3131,Diana Momanyi Kasina,65862979,011763702,diana.kasina@yahoo.com,1983-02-04,Female,Mombasa,Mvita,Tudor,"House 213, Mombasa Road Avenue, Kangundo"
3132,Aoko Kerubo Mutua,55851243,071883404,aoko.mutua@outlook.com,1988-02-26,Female,Machakos,Kangundo,Kangundo East,"House 86, Likoni Road, Outering"
3133,Daniel Ronald Karanja,79947239,011607265,daniel.karanja@gmail.com,1979-06-18,Male,Bungoma,Sirisia,Lwandanyi,"Plot 253, Lane 15, Argwings Kodhek"
3134,Aoko Agnes Ongeri,30498626,073100045,aoko.ongeri@gmail.com,1977-02-17,Female,Kilifi,Kaloleni,Kaloleni,"Plot 312, Lane 12, Garden Estate"
3135,Kasina Zephaniah Karanja,80654070,078100207,kasina.karanja@yahoo.com,1971-03-01,Female,Kilifi,Kilifi North,Tezo,"House 459, Jogoo Drive, Kiambu"
3136,Kaloki Brenda Lubanga,47793513,077793263,kaloki.lubanga@yahoo.com,1985-10-08,Female,Mombasa,Nyali,Ziwa la Ng'ombe,"Plot 198, Lane 3, Kiambu"
3137,Kipkemoi Evelyn Kemei,51713300,079154423,kipkemoi.kemei@outlook.com,1979-12-07,Female,Uasin Gishu,Ainabkoi,Kapsoya,"Plot 150, Lane 6, Ruiru"
3138,Kinya Bosibori Kenga,96791146,071640145,kinya.kenga@hotmail.com,1975-09-12,Female,Nakuru,Gilgil,Gilgil,"House 394, Kileleshwa Road, Athi River"
3139,Catherine Owuor Omondi,27666344,011795499,catherine.omondi@gmail.com,1967-12-18,Male,Trans Nzoia,Endebess,Chepchoina,"Plot 251, Lane 9, Likoni"
3140,Kagwiria Gitonga Rotich,81724847,011483543,kagwiria.rotich@yahoo.com,1964-02-27,Male,Uasin Gishu,Moiben,Moiben,"House 188, Kikuyu Drive, Kasarani"
3141,David Mercy Lubanga,54706865,010538978,david.lubanga@outlook.com,1992-03-01,Male,Nyeri,Kieni,Mwiyogo/Endarasha,"Plot 73, Lane 14, Kiambu Road"
3142,Mworoa Ochieng Wanyoike,79695592,073556223,mworoa.wanyoike@gmail.com,1977-04-24,Female,Machakos,Yatta,Ikombe,"Plot 151, Lane 10, Ruaraka"
3143,Kaloki Marete Mwamburi,38889178,079469341,kaloki.mwamburi@yahoo.com,1964-03-25,Female,Turkana,Turkana South,Kalamon,"Plot 151, Lane 20, Kasarani"
3144,Kaimenyi Joshua Wangari,67919258,010597259,kaimenyi.wangari@hotmail.com,1970-11-07,Male,Nyeri,Mukurweini,Gikondi,"Plot 440, Lane 9, Ruaraka"
3145,Mugo Robert Mwinyi,26291773,072222238,mugo.mwinyi@hotmail.com,1971-07-15,Male,Kakamega,Ikolomani,Idakho East,"House 13, Parklands Street, Kenyatta"
3146,Syombua Micah Kenga,44585366,075294675,syombua.kenga@hotmail.com,1978-06-25,Female,Turkana,Loima,Loima,"House 364, Kenyatta Drive, Garden Estate"
3147,Naomi Michael Wangari,77945352,079526890,naomi.wangari@yahoo.com,1989-09-02,Female,Kakamega,Mumias West,Mutema,"Plot 26, Lane 4, Thika Superhighway"
3148,Zechariah Kioko Gikonyo,83141191,076957063,zechariah.gikonyo@gmail.com,1997-04-07,Male,Bungoma,Kanduyi,Buokhwe,"House 291, Athi River Road, River Road"
3149,Florence Bridget Kiprotich,61275309,076263245,florence.kiprotich@gmail.com,1957-12-07,Male,Mombasa,Nyali,Kongowea,"Plot 50, Lane 8, Moi Avenue"
3150,Kariuki Jepchumba Mbuthia,69239801,070999976,kariuki.mbuthia@outlook.com,2003-04-11,Female,Kiambu,Kikuyu,Sigona,"Plot 124, Lane 2, Lenana"
3151,Timothy Erick Koross,13038335,073234592,timothy.koross@gmail.com,2002-07-17,Female,Nakuru,Kuresoi South,Keringet,"House 208, River Road Street, Kiambu Road"
3152,Agnes Susan Ndunda,27358096,074237866,agnes.ndunda@hotmail.com,1979-11-13,Female,Kilifi,Kilifi South,Mwarakaya,"House 358, Kiambu Road Avenue, Kikuyu"
3153,Muriuki Kinya Mulandi,19550131,072466190,muriuki.mulandi@gmail.com,1977-05-13,Female,Kakamega,Mumias West,Mutema,"House 296, Ruaraka Avenue, Outering"
3154,Elijah Susan Kiprono,45520082,078612670,elijah.kiprono@gmail.com,1999-07-27,Female,Kiambu,Kiambu,Riabai,"Plot 477, Lane 18, Kenyatta"
3155,Chepkorir Chepkorir Lenguro,71370039,010987247,chepkorir.lenguro@outlook.com,1965-05-06,Male,Mombasa,Nyali,Frere Town,"Plot 471, Lane 10, Ruaraka"
3156,Cherotich Onyango Nabwire,57211524,077113223,cherotich.nabwire@gmail.com,2003-09-14,Female,Kiambu,Githunguri,Ikinu,"Plot 1, Lane 11, Kenyatta"
3157,Mutinda Aoko Njuguna,77649019,078187863,mutinda.njuguna@gmail.com,1978-12-13,Female,Nairobi,Kibra,Sarang'ombe,"House 158, Kileleshwa Road, Kiambu Road"
3158,Kerubo Kanampiu Wamuyu,99861835,076595053,kerubo.wamuyu@outlook.com,1954-11-22,Female,Nakuru,Nakuru Town West,London,"House 19, Moi Avenue Road, Uhuru"
3159,Atieno Mueni Kemei,35342548,075128340,atieno.kemei@gmail.com,1969-04-18,Female,Kisumu,Nyakach,North Nyakach,"Plot 35, Lane 3, Thika"
3160,Rimberia Sharon Njuguna,15695083,074537106,rimberia.njuguna@gmail.com,1998-03-09,Female,Turkana,Turkana East,Lokichar,"Plot 340, Lane 5, Ngong"
3161,Michael Awiti Koech,81536044,078430718,michael.koech@gmail.com,1982-04-23,Female,Kiambu,Kabete,Muguga,"Plot 284, Lane 3, Mugumo"
3162,Victor Mutisya Ndunda,10992362,011801374,victor.ndunda@gmail.com,1983-12-22,Male,Trans Nzoia,Kwanza,Keiyo,"Plot 446, Lane 18, Kenyatta"
3163,Njuguna Vincent Anyango,39875764,072922005,njuguna.anyango@hotmail.com,1961-11-18,Male,Bomet,Bomet Central,Silibwet Township,"House 66, Mugumo Drive, Lavington"
3164,Catherine Mueni Mworoa,67178692,010551931,catherine.mworoa@gmail.com,1993-12-27,Male,Bomet,Konoin,Mogogosiek,"House 8, Ngong Street, Moi Avenue"
3165,Gathoni Jebiwott Macharia,34049689,011561587,gathoni.macharia@outlook.com,1992-11-05,Male,Trans Nzoia,Cherangany,Kaplamai,"House 434, Ruaraka Street, Thika"
3166,Onyango Martha Githinji,83495264,073134344,onyango.githinji@gmail.com,1997-10-02,Female,Bungoma,Kimilili,Kamukuywa,"House 187, Kiambu Drive, Argwings Kodhek"
3167,Agnes Kiprotich Wabomba,38463873,076920611,agnes.wabomba@yahoo.com,1970-08-14,Male,Kisumu,Seme,West Seme,"Plot 235, Lane 16, Lenana"
3168,Mutua Paul Ndunda,28785574,078633890,mutua.ndunda@gmail.com,1989-05-23,Male,Nairobi,Kibra,Lindi,"House 397, Outering Avenue, Thika"
3169,Onyango Kasina Baya,71961367,072577879,onyango.baya@gmail.com,2006-12-08,Male,Machakos,Matungulu,Kyeleni,"Plot 413, Lane 2, Langata"
3170,Kanana Mutinda Kiarie,32356074,076693734,kanana.kiarie@hotmail.com,1996-08-07,Male,Nairobi,Kasarani,Ruai,"House 4, River Road Street, Thika"
3171,Naserian Momanyi Musila,87664527,011244295,naserian.musila@hotmail.com,1965-11-07,Male,Trans Nzoia,Endebess,Chepchoina,"Plot 337, Lane 4, Argwings Kodhek"
3172,Judith Hannah Matoke,38947536,071255689,judith.matoke@hotmail.com,1984-11-25,Male,Nakuru,Bahati,Kabatini,"Plot 156, Lane 5, Argwings Kodhek"
3173,Wachira Chebet Nganga,93756654,076914533,wachira.nganga@yahoo.com,1980-06-07,Female,Nairobi,Kasarani,Mwiki,"House 88, Lenana Street, River Road"
3174,Caroline Veronica Kebaso,35584231,070675893,caroline.kebaso@yahoo.com,1990-12-28,Male,Bungoma,Sirisia,Malakisi/South Kulisiru,"House 323, Thika Drive, Argwings Kodhek"
3175,Ndunge Mueni Kiprotich,63445858,070578358,ndunge.kiprotich@yahoo.com,1967-10-07,Male,Nairobi,Lang'ata,Mugumu-ini,"House 187, Waiyaki Road, Kangundo"
3176,Kwamboka Nyaboke Katua,23978538,071616997,kwamboka.katua@yahoo.com,2003-02-02,Female,Uasin Gishu,Soy,Moi's Bridge,"Plot 55, Lane 3, Ruaraka"
3177,Thomas Okello Nabea,59223055,078509028,thomas.nabea@outlook.com,1974-04-13,Male,Bungoma,Kimilili,Kamukuywa,"House 272, Waiyaki Street, Outering"
3178,Onditi Christopher Nduku,28234656,070676260,onditi.nduku@gmail.com,1957-08-15,Male,Uasin Gishu,Ainabkoi,Kaptagat,"Plot 478, Lane 3, Kitisuru"
3179,Philemon Naserian Mogaka,44312993,072669028,philemon.mogaka@gmail.com,2004-04-21,Male,Meru,South Imenti,Nkuene,"House 391, Athi River Road, Kiambu Road"
3180,Onsongo Harun Karanja,88932692,073460213,onsongo.karanja@gmail.com,1965-01-21,Female,Bungoma,Kabuchai,Mukuyuni,"House 227, Jogoo Road, Jogoo"
3181,Kagwiria Naisula Macharia,77156201,076292590,kagwiria.macharia@yahoo.com,1974-02-24,Male,Kilifi,Kilifi North,Tezo,"Plot 226, Lane 2, Ruaraka"
3182,Mutheu Mugo Kiprono,71979163,076822002,mutheu.kiprono@hotmail.com,1968-09-14,Male,Meru,Central Imenti,Kathonzweni,"House 90, Uhuru Road, Westlands"
3183,Wamalwa Jane Bett,56063375,072306585,wamalwa.bett@gmail.com,2004-01-10,Male,Kiambu,Githunguri,Githiga,"Plot 93, Lane 2, Likoni"
3184,Kebaso Deborah Bett,21272439,074991763,kebaso.bett@gmail.com,1997-06-07,Male,Kisumu,Nyakach,South West Nyakach,"House 393, Kitisuru Road, Tom Mboya"
3185,Timothy Mukhwana Oseko,27433929,071210257,timothy.oseko@gmail.com,1990-10-18,Female,Kisumu,Kisumu East,Nyalenda 'A',"Plot 422, Lane 6, Thika Superhighway"
3186,Nduku Adoyo Kiprono,75902693,011551533,nduku.kiprono@hotmail.com,1954-07-20,Male,Bungoma,Kabuchai,Mukuyuni,"Plot 22, Lane 18, Jogoo"
3187,Mark Wabomba Mitei,65143412,076674373,mark.mitei@gmail.com,1961-05-22,Female,Bungoma,Sirisia,Lwandanyi,"House 270, Langata Street, Athi River"
3188,Gitonga Lois Kipchumba,57191620,076327687,gitonga.kipchumba@yahoo.com,1978-12-06,Female,Trans Nzoia,Kwanza,Kwanza,"Plot 301, Lane 4, Kilimani"
3189,Wambugu Nashipae Wafula,53530723,079131064,wambugu.wafula@gmail.com,1976-05-09,Female,Meru,Central Imenti,Gatimbi,"Plot 297, Lane 13, Kasarani"
3190,Nafula Kipkemboi Masinde,70579206,011895443,nafula.masinde@gmail.com,1989-12-23,Female,Uasin Gishu,Ainabkoi,Racecourse,"House 346, Jogoo Drive, Thika"
3191,Joy Rweria Mwakideu,29732337,071163450,joy.mwakideu@gmail.com,1985-03-06,Male,Nakuru,Kuresoi North,Kamara,"Plot 61, Lane 12, Parklands"
3192,Simon Janet Jepkoech,96810439,078363274,simon.jepkoech@gmail.com,1976-12-20,Female,Machakos,Kathiani,Upper Kaewa/Iveti,"Plot 470, Lane 12, Ruiru"
3193,Wachira Samuel Tsuma,51585695,010925204,wachira.tsuma@yahoo.com,1997-06-01,Male,Kakamega,Mumias East,East Wanga,"House 156, Limuru Drive, Westlands"
3194,Isaiah Syombua Kipkorir,89252811,073879146,isaiah.kipkorir@gmail.com,1967-08-26,Male,Uasin Gishu,Turbo,Ngenyilel,"Plot 86, Lane 13, Ngong"
3195,James Malachi Kamau,58300172,075577054,james.kamau@gmail.com,1983-01-08,Female,Bungoma,Kanduyi,West Sang'alo,"House 278, Likoni Drive, Kangundo"
3196,Lois Flora Momanyi,15852944,011152988,lois.momanyi@gmail.com,1979-12-08,Male,Bomet,Chepalungu,Nyongores,"Plot 150, Lane 15, Ngong Road"
3197,Martin Jebiwott Kasina,34452120,079743025,martin.kasina@outlook.com,1979-07-27,Female,Nakuru,Bahati,Bahati,"House 394, Langata Street, Parklands"
3198,Joseph Catherine Mbaka,99964572,077641199,joseph.mbaka@hotmail.com,1961-11-08,Female,Nairobi,Dagoretti South,Riruta,"Plot 209, Lane 2, Ruiru"
3199,Wanyonyi Kilonzo Wachira,75437410,072460434,wanyonyi.wachira@gmail.com,1976-08-06,Male,Nairobi,Dagoretti South,Uthiru,"House 403, Kitisuru Avenue, Kiambu"
3200,Wachira Catherine Wanyoike,19599685,078902138,wachira.wanyoike@hotmail.com,1957-03-11,Female,Meru,North Imenti,Mweronkanga,"House 315, Langata Avenue, Langata"
3201,Judy Timothy Ochieng,89473761,073882836,judy.ochieng@gmail.com,1972-10-21,Female,Machakos,Yatta,Kithimani,"House 187, Langata Street, Kileleshwa"
3202,Kimani Dorothy Omondi,80517168,077105072,kimani.omondi@yahoo.com,1974-11-02,Female,Nyeri,Nyeri Town,Kiganjo/Mathari,"Plot 318, Lane 5, Karen"
3203,Victor Kathure Kinyua,33815267,011962916,victor.kinyua@outlook.com,1963-04-07,Female,Nairobi,Lang'ata,Karen,"House 246, Lavington Street, Garden Estate"
3204,Cynthia Rebecca Ombati,37765024,011863143,cynthia.ombati@gmail.com,1988-12-15,Female,Kiambu,Limuru,Bibirioni,"Plot 364, Lane 19, Ngong Road"
3205,Deborah George Athman,82820167,071429527,deborah.athman@hotmail.com,1974-02-20,Female,Uasin Gishu,Turbo,Huruma,"House 455, Langata Road, Westlands"
3206,Mumo Nyambane Mitei,75654324,072496297,mumo.mitei@gmail.com,2001-09-22,Male,Meru,Tigania East,Kiguchwa,"Plot 245, Lane 5, Parklands"
3207,Kioko Momanyi Mungai,64009257,079974102,kioko.mungai@gmail.com,1967-01-24,Female,Bomet,Chepalungu,Nyongores,"Plot 215, Lane 16, Lavington"
3208,Brenda Mwikali Olela,66978222,075342590,brenda.olela@gmail.com,2002-01-14,Male,Mombasa,Kisauni,Mjambere,"House 297, Ruaraka Drive, Lavington"
3209,Ann Aaron Koech,11946972,074154916,ann.koech@hotmail.com,1996-04-09,Female,Kiambu,Kiambu,Riabai,"House 255, Kikuyu Avenue, Limuru"
3210,Wachira Kagendo Mwangolo,27932846,076345595,wachira.mwangolo@yahoo.com,1986-08-14,Male,Kakamega,Mumias East,East Wanga,"House 205, Thika Street, Garden Estate"
3211,Wachira Mokua Marete,24130114,011431818,wachira.marete@gmail.com,1999-10-17,Male,Kiambu,Kiambu,Kihara,"Plot 65, Lane 4, Ruiru"
3212,Isaiah Robert Kagwe,78678822,011229146,isaiah.kagwe@gmail.com,1984-11-13,Female,Machakos,Mavoko,Syokimau/Mulolongo,"Plot 325, Lane 8, Garden Estate"
3213,Catherine Anyango Omondi,58355163,010958786,catherine.omondi@gmail.com,1959-10-07,Male,Nakuru,Molo,Turi,"Plot 466, Lane 5, Ngong"
3214,Beatrice Kimani Kimutai,93754754,073837934,beatrice.kimutai@outlook.com,1978-04-02,Male,Bomet,Bomet Central,Mutarakwa,"House 427, Outering Road, Thika Superhighway"
3215,Kinya Naomi Osebe,81589684,010450507,kinya.osebe@gmail.com,2002-04-25,Male,Kisumu,Kisumu Central,Nyalenda 'B',"Plot 381, Lane 20, Westlands"
3216,Peter Kipkemboi Tsuma,89546745,079318325,peter.tsuma@gmail.com,1998-05-12,Male,Kiambu,Githunguri,Githiga,"Plot 40, Lane 17, Garden Estate"
3217,Namukhula Florence Mwirigi,51029684,072491107,namukhula.mwirigi@yahoo.com,1973-10-26,Female,Bomet,Konoin,Chepchabs,"House 414, Waiyaki Drive, Tom Mboya"
3218,Syombua Christopher Bett,26500774,073237838,syombua.bett@outlook.com,1961-02-10,Male,Bungoma,Bumula,Khasoko,"House 217, Likoni Drive, Lavington"
3219,Samuel Mutua Mwangolo,24504194,073613707,samuel.mwangolo@hotmail.com,1995-04-08,Male,Nairobi,Dagoretti North,Gatina,"Plot 43, Lane 3, Kikuyu"
3220,Nasimiyu Cherono Senteu,46641162,078229162,nasimiyu.senteu@yahoo.com,1963-04-19,Male,Nairobi,Westlands,Parklands,"House 115, Thika Street, Kiambu Road"
3221,Wanjiru Gitonga Mutua,64227400,079846284,wanjiru.mutua@yahoo.com,2004-03-09,Female,Nyeri,Mukurweini,Mukurwe-ini West,"Plot 171, Lane 20, Langata"
3222,Mogaka Kiprotich Mohamed,90992147,070212184,mogaka.mohamed@outlook.com,1998-05-19,Male,Kakamega,Lugari,Chekalini,"Plot 308, Lane 11, Ngong"
3223,Matthew Wambugu Cheruiyot,26895939,072706359,matthew.cheruiyot@gmail.com,2004-01-27,Female,Kisumu,Nyando,Kobura,"Plot 340, Lane 9, Kilimani"
3224,Awino Kipchirchir Kipkorir,68323957,011285696,awino.kipkorir@gmail.com,1997-12-03,Male,Nakuru,Kuresoi South,Tinet,"Plot 356, Lane 1, Langata"
3225,Ronald Kemunto Senteu,29862790,074521273,ronald.senteu@hotmail.com,1987-03-24,Male,Nyeri,Othaya,Karima,"Plot 41, Lane 6, Juja"
3226,Achieng Hope Musyoka,46956334,073211027,achieng.musyoka@hotmail.com,1982-05-13,Male,Kiambu,Limuru,Limuru Central,"Plot 106, Lane 12, Juja"
3227,Anna Adhiambo Koech,94742358,078898864,anna.koech@outlook.com,1959-09-08,Female,Nakuru,Naivasha,Maiella,"Plot 384, Lane 3, Argwings Kodhek"
3228,Stephen Kanana Mwangolo,82487952,076648188,stephen.mwangolo@gmail.com,2005-01-09,Female,Kilifi,Kilifi South,Junju,"House 10, Garden Estate Street, Limuru"
3229,Kwamboka Awiti Wangari,98296241,076600875,kwamboka.wangari@outlook.com,1977-05-18,Female,Trans Nzoia,Kiminini,Kiminini,"Plot 223, Lane 3, River Road"
3230,Malachi Gilbert Githua,66350698,071336972,malachi.githua@outlook.com,1994-05-03,Female,Bungoma,Kabuchai,West Nalondo,"Plot 341, Lane 17, Kangundo"
3231,Leshan Nashipae Gitonga,86349400,072587410,leshan.gitonga@gmail.com,1998-10-24,Female,Machakos,Machakos Town,Kalama,"House 197, Waiyaki Drive, Ruiru"
3232,Daniel John Awuor,60141505,073235370,daniel.awuor@outlook.com,1971-10-15,Female,Nairobi,Westlands,Kangemi,"Plot 85, Lane 3, Juja"
3233,Mwirigi Charity Kangogo,78975350,010333508,mwirigi.kangogo@gmail.com,1967-07-10,Male,Machakos,Matungulu,Matungulu North,"Plot 233, Lane 7, Athi River"
3234,Kimani Florence Jepkoech,61088189,011170140,kimani.jepkoech@yahoo.com,1963-09-27,Female,Kilifi,Kilifi North,Mnarani,"Plot 167, Lane 1, Kikuyu"
3235,Wairimu Malachi Kangogo,57687231,076809753,wairimu.kangogo@gmail.com,1985-02-23,Male,Kilifi,Malindi,Shella,"Plot 324, Lane 19, Tom Mboya"
3236,Grace Amos Kamotho,47999914,070214918,grace.kamotho@gmail.com,2001-08-07,Female,Bomet,Bomet Central,Chesoen,"Plot 210, Lane 8, Kileleshwa"
3237,Mutisya Naisula Mutua,10007006,010548254,mutisya.mutua@yahoo.com,1985-06-18,Female,Trans Nzoia,Saboti,Tuwani,"House 448, Garden Estate Street, Kikuyu"
3238,Rachel Lois Mbaka,66570615,070369581,rachel.mbaka@gmail.com,1958-05-14,Female,Uasin Gishu,Moiben,Kimumu,"Plot 115, Lane 2, Kangundo"
3239,Kioko Ombati Ngeno,99604318,011824229,kioko.ngeno@yahoo.com,1955-11-25,Male,Mombasa,Nyali,Kongowea,"House 226, Mugumo Street, Kitisuru"
3240,Matthew Michael Kipkirui,55172380,078496332,matthew.kipkirui@gmail.com,1997-07-05,Female,Kiambu,Lari,Nyanduma,"Plot 246, Lane 10, Kileleshwa"
3241,Akinyi Gichuru Chepkwony,46905311,011763632,akinyi.chepkwony@yahoo.com,1989-04-01,Male,Nakuru,Kuresoi North,Sirikwa,"House 357, Parklands Road, Langata"
3242,Christopher Kipkemboi Kivuva,51116069,011627671,christopher.kivuva@gmail.com,1966-07-01,Female,Bungoma,Kimilili,Maeni,"House 203, Karen Avenue, Kenyatta"
3243,Michael Wafula Nafula,48578393,075885431,michael.nafula@gmail.com,1970-10-06,Male,Turkana,Turkana North,Kaikor,"Plot 89, Lane 5, Likoni"
3244,Monica Kipkemboi Mwakisha,99252654,074227258,monica.mwakisha@yahoo.com,1983-10-28,Female,Kiambu,Lari,Kamburu,"House 13, Westlands Drive, Lavington"
3245,Nokun Leah Chepkirui,11054778,011119388,nokun.chepkirui@gmail.com,1972-07-15,Male,Machakos,Mavoko,Athi River,"House 223, Kangundo Drive, Westlands"
3246,Muriuki Ongeri Jebet,87418243,071169505,muriuki.jebet@gmail.com,1993-04-10,Male,Nairobi,Lang'ata,Mugumu-ini,"Plot 373, Lane 16, Karen"
3247,Senteu Kipkoech Lubanga,86945070,011177865,senteu.lubanga@yahoo.com,1997-07-24,Male,Mombasa,Likoni,Bofu,"House 269, Kikuyu Road, Thika"
3248,Kamau Timothy Jepkoech,60692333,011697707,kamau.jepkoech@gmail.com,1976-11-04,Male,Bungoma,Kabuchai,West Nalondo,"House 454, Ruiru Avenue, Outering"
3249,Faith Gakunyi Baya,40890295,073810261,faith.baya@outlook.com,1997-09-19,Male,Uasin Gishu,Kapseret,Megun,"Plot 55, Lane 2, Uhuru"
3250,Simon Faith Mwania,25800699,076271255,simon.mwania@yahoo.com,2003-07-12,Male,Nakuru,Nakuru Town West,Barut,"Plot 308, Lane 9, Westlands"
3251,Thomas Mutheu Kiprop,90940728,076457562,thomas.kiprop@gmail.com,1979-01-14,Male,Kiambu,Limuru,Limuru East,"House 48, Mombasa Road Street, Karen"
3252,Lilian Mwania Achieng,54686964,074992145,lilian.achieng@gmail.com,1982-11-27,Male,Bomet,Konoin,Embomos,"Plot 163, Lane 18, Kangundo"
3253,Priscilla Kasina Kioko,43937112,077377229,priscilla.kioko@outlook.com,1983-06-06,Male,Kakamega,Shinyalu,Isukha Central,"House 83, Waiyaki Avenue, Athi River"
3254,Hannah Sarah Mwamburi,91205578,076355732,hannah.mwamburi@yahoo.com,1981-12-01,Female,Machakos,Machakos Town,Mutituni,"Plot 372, Lane 17, Athi River"
3255,Awino Mueni Mogaka,74311549,073539180,awino.mogaka@gmail.com,1985-10-15,Female,Turkana,Turkana Central,Kalokol,"House 241, Jogoo Drive, Westlands"
3256,Mercy Kimeu Leshan,51163776,011929073,mercy.leshan@gmail.com,2001-11-21,Female,Kilifi,Kilifi South,Mwarakaya,"Plot 355, Lane 9, Langata"
3257,Auma Micah Ngeno,80742471,079894935,auma.ngeno@gmail.com,1987-07-05,Female,Nyeri,Kieni,Naromoru/Kiamathaga,"Plot 442, Lane 16, Jogoo"
3258,John Nokun Rimberia,60092297,072395664,john.rimberia@gmail.com,2003-07-10,Female,Nairobi,Lang'ata,Mugumu-ini,"Plot 171, Lane 6, Lenana"
3259,Ndinda Wekesa Gichuru,58867283,077963556,ndinda.gichuru@yahoo.com,1953-08-06,Female,Bomet,Konoin,Kimulot,"Plot 381, Lane 14, Lavington"
3260,Kipkirui Naliaka Rotich,35036388,077787335,kipkirui.rotich@gmail.com,1998-04-06,Female,Nairobi,Dagoretti North,Kilimani,"Plot 267, Lane 2, Uhuru"
3261,Mutwiri Maina Awino,73676233,079328930,mutwiri.awino@outlook.com,1993-01-17,Male,Kilifi,Kilifi South,Shimo la Tewa,"Plot 288, Lane 4, Mugumo"
3262,Mwangi Kinyua Muema,91185948,078149694,mwangi.muema@gmail.com,1955-12-15,Male,Kisumu,Nyakach,South West Nyakach,"House 81, Mombasa Road Drive, Ngong"
3263,Kipchirchir Kipkemoi Sigei,20304523,011205509,kipchirchir.sigei@gmail.com,1975-10-17,Female,Nairobi,Kibra,Makina,"Plot 109, Lane 18, Likoni"
3264,Joseph Wachira Waithera,98302627,010161652,joseph.waithera@hotmail.com,1987-02-16,Male,Nairobi,Dagoretti North,Kileleshwa,"Plot 443, Lane 6, Juja"
3265,Sarah Momanyi Naliaka,68215804,071754576,sarah.naliaka@gmail.com,1966-10-24,Male,Nairobi,Dagoretti South,Ngando,"House 100, Kitisuru Road, Waiyaki"
3266,Achieng Leah Githua,53849922,070613914,achieng.githua@gmail.com,2003-07-18,Male,Nairobi,Dagoretti North,Kawangware,"Plot 155, Lane 5, Kikuyu"
3267,Florence Kebaso Kipkoech,22448154,011978694,florence.kipkoech@yahoo.com,1950-11-10,Female,Meru,North Imenti,Nyaki West,"Plot 380, Lane 6, Thika"
3268,Naisula Agnes Wamuyu,72456895,075930131,naisula.wamuyu@hotmail.com,1966-07-24,Female,Uasin Gishu,Turbo,Kiplombe,"Plot 239, Lane 13, Garden Estate"
3269,Kariuki Wafula Towett,36960960,070366806,kariuki.towett@gmail.com,1967-09-17,Female,Nairobi,Kasarani,Clay City,"House 69, Langata Avenue, Ruaraka"
3270,Eunice Jebet Kamotho,83164162,072986979,eunice.kamotho@yahoo.com,1988-08-02,Male,Kilifi,Kaloleni,Kaloleni,"House 33, Kenyatta Avenue, Lenana"
3271,Ombati Rebecca Awino,57722889,075196647,ombati.awino@yahoo.com,2001-05-22,Male,Nairobi,Dagoretti South,Uthiru,"House 395, Kiambu Street, Kikuyu"
3272,Ann Okello Masinde,38980263,010478046,ann.masinde@gmail.com,1960-09-19,Male,Mombasa,Jomvu,Mikindani,"Plot 378, Lane 17, Kitisuru"
3273,Martin Agnes Mburu,95603541,070716248,martin.mburu@outlook.com,1998-04-03,Male,Kiambu,Ruiru,Gatong'ora,"House 293, Likoni Drive, Kiambu Road"
3274,Kipngetich Ndinda Kioko,71185217,078562780,kipngetich.kioko@yahoo.com,2001-04-19,Male,Nairobi,Kasarani,Kasarani,"Plot 477, Lane 1, Uhuru"
3275,Edward Malachi Ombati,16062787,011740877,edward.ombati@gmail.com,1981-06-15,Female,Kiambu,Ruiru,Kahawa Wendani,"Plot 14, Lane 18, Karen"
3276,Vincent Susan Muthoka,94383876,079508957,vincent.muthoka@outlook.com,1994-08-01,Male,Kiambu,Limuru,Ndeiya,"Plot 407, Lane 12, Thika"
3277,Waithera Wangeci Hassan,78495539,071175259,waithera.hassan@hotmail.com,1983-07-09,Male,Nyeri,Othaya,Chinga,"Plot 117, Lane 19, Mombasa Road"
3278,Awiti Wairimu Barasa,17466483,010701229,awiti.barasa@hotmail.com,1986-01-12,Male,Nairobi,Lang'ata,Karen,"House 321, Kiambu Road Drive, Westlands"
3279,Muthaa Micah Kipkemoi,81655725,077991521,muthaa.kipkemoi@hotmail.com,1999-05-15,Male,Nairobi,Dagoretti North,Gatina,"Plot 166, Lane 4, Argwings Kodhek"
3280,Rweria Kipngetich Mutai,83425866,074823812,rweria.mutai@yahoo.com,1978-12-15,Male,Uasin Gishu,Ainabkoi,Kaptagat,"House 331, Kilimani Road, Thika"
3281,Mutua Mwende Musalia,33752814,010493283,mutua.musalia@gmail.com,2001-02-05,Female,Bungoma,Sirisia,Malakisi/South Kulisiru,"House 84, Mombasa Road Avenue, Garden Estate"
3282,Muriuki Agnes Towett,40806582,010521622,muriuki.towett@outlook.com,2006-05-11,Female,Nyeri,Nyeri Town,Kamakwa/Mukaro,"Plot 160, Lane 5, Outering"
3283,Ondieki Mary Gichuru,74867683,079213719,ondieki.gichuru@hotmail.com,1964-04-02,Male,Nairobi,Dagoretti South,Mutuini,"House 387, Kileleshwa Avenue, Langata"
3284,Kiprotich Kipkirui Nyambane,92722443,075350827,kiprotich.nyambane@gmail.com,1970-08-18,Female,Uasin Gishu,Ainabkoi,Kaptagat,"Plot 428, Lane 14, Limuru"
3285,Syombua Musyoka Wairimu,69778859,071294805,syombua.wairimu@gmail.com,1988-04-01,Female,Nakuru,Molo,Marioshoni,"Plot 419, Lane 9, Kikuyu"
3286,Gakii Dennis Kaimenyi,32557434,078299567,gakii.kaimenyi@hotmail.com,1971-09-11,Female,Bungoma,Sirisia,Namwela,"Plot 97, Lane 10, Langata"
3287,Kimeu Jepchumba Mwangolo,31593756,079168716,kimeu.mwangolo@gmail.com,1973-09-27,Female,Trans Nzoia,Kiminini,Waitaluk,"Plot 57, Lane 10, Argwings Kodhek"
3288,Muthoka Bridget Barasa,45829356,011430640,muthoka.barasa@gmail.com,1993-03-22,Female,Kiambu,Kiambu,Ndumberi,"House 196, Thika Road, Westlands"
3289,Caroline Ronald Jepkorir,66949565,077242182,caroline.jepkorir@gmail.com,1980-01-12,Male,Kilifi,Kaloleni,Kaloleni,"House 422, Uhuru Street, Kilimani"
3290,Bosibori Muema Gitonga,36385702,010622962,bosibori.gitonga@gmail.com,1993-03-23,Female,Kakamega,Butere,Marama Central,"Plot 189, Lane 5, Kiambu"
3291,Harun Faith Mwirigi,62000761,011559867,harun.mwirigi@outlook.com,1976-03-11,Male,Nyeri,Mukurweini,Mukurwe-ini West,"House 358, Jogoo Avenue, Kitisuru"
3292,Bridget Owuor Kipkemboi,68605272,077152791,bridget.kipkemboi@outlook.com,1990-09-06,Female,Kiambu,Lari,Kijabe,"House 219, Thika Avenue, Parklands"
3293,Benjamin Kioko Mutinda,62045578,010195987,benjamin.mutinda@hotmail.com,1984-07-12,Female,Mombasa,Changamwe,Miritini,"Plot 252, Lane 6, Ngong"
3294,Aaron Awuor Langat,17773588,076698925,aaron.langat@gmail.com,1995-05-22,Female,Nakuru,Kuresoi South,Amalo,"Plot 111, Lane 17, Jogoo"
3295,Chepngeno Kevin Juma,20488005,070444615,chepngeno.juma@yahoo.com,1995-04-13,Male,Meru,Igembe North,Antubetwe Kiongo,"Plot 413, Lane 12, Kenyatta"
3296,Kamau Muthaa Kipkemboi,37888719,011724733,kamau.kipkemboi@yahoo.com,1977-10-10,Female,Machakos,Yatta,Ikombe,"House 403, Ngong Drive, Parklands"
3297,Gathoni Wafula Mutwiri,25392722,077415702,gathoni.mutwiri@hotmail.com,1999-04-07,Male,Kiambu,Kabete,Kabete,"Plot 138, Lane 17, Ngong"
3298,Mumo Gladys Mitei,52773636,072385092,mumo.mitei@yahoo.com,2001-09-22,Male,Meru,Tigania East,Kiguchwa,"Plot 459, Lane 7, Parklands"
3299,Ochieng Gitobu Mcharo,53186791,075524420,ochieng.mcharo@hotmail.com,1953-02-28,Female,Bungoma,Kimilili,Kamukuywa,"Plot 221, Lane 18, Ngong Road"
3300,Victor Wangari Ngeno,26088812,011927549,victor.ngeno@gmail.com,1988-01-03,Male,Nairobi,Dagoretti North,Gatina,"House 23, Mugumo Road, Westlands"
