programme,beneficiary_id,canonical_person_id,canonical_national_id
SCH,SCH-000001,2953,59359775
SCH,SCH-000002,2786,90190366
SCH,SCH-000003,795,97033089
SCH,SCH-000004,2666,47871627
SCH,SCH-000005,1549,81404599
SCH,SCH-000006,1856,33733169
SCH,SCH-000007,1690,24131536
SCH,SCH-000008,1300,68829924
SCH,SCH-000009,1692,62193650
SCH,SCH-000010,2447,83425325
SCH,SCH-000011,267,31755769
SCH,SCH-000012,660,47684709
SCH,SCH-000013,488,73906952
SCH,SCH-000014,1941,20327493
SCH,SCH-000015,2778,56462427
SCH,SCH-000016,1091,83904042
SCH,SCH-000017,1749,56080521
SCH,SCH-000018,854,95510088
SCH,SCH-000019,592,85701885
SCH,SCH-000020,1747,49533451
SCH,SCH-000021,241,79769403
SCH,SCH-000022,2783,76510566
SCH,SCH-000023,2544,30487706
SCH,SCH-000024,862,21071555
SCH,SCH-000025,1374,85643715
SCH,SCH-000026,722,56091075
SCH,SCH-000027,313,13537870
SCH,SCH-000028,2877,51370674
SCH,SCH-000029,401,61846177
SCH,SCH-000030,2817,65119167
SCH,SCH-000031,1388,49514786
SCH,SCH-000032,2383,71679877
SCH,SCH-000033,1037,41110667
SCH,SCH-000034,1395,54653615
SCH,SCH-000035,1133,60057264
SCH,SCH-000036,256,29917719
SCH,SCH-000037,880,14542798
SCH,SCH-000038,1900,54838683
SCH,SCH-000039,2895,30947020
SCH,SCH-000040,434,16415390
SCH,SCH-000041,1068,56126985
SCH,SCH-000042,2606,90481646
SCH,SCH-000043,2174,68176943
SCH,SCH-000044,1248,63604794
SCH,SCH-000045,1783,24277696
SCH,SCH-000046,2289,91630214
SCH,SCH-000047,704,97510445
SCH,SCH-000048,1772,52112003
SCH,SCH-000049,359,68410653
SCH,SCH-000050,2019,37234157
SCH,SCH-000051,1166,10176075
SCH,SCH-000052,2361,30793913
SCH,SCH-000053,2596,68136765
SCH,SCH-000054,322,32463582
SCH,SCH-000055,910,98318907
SCH,SCH-000056,1480,89609762
SCH,SCH-000057,2308,13904497
SCH,SCH-000058,1661,92766793
SCH,SCH-000059,954,98504112
SCH,SCH-000060,1802,80854964
SCH,SCH-000061,1559,99484103
SCH,SCH-000062,2096,20416193
SCH,SCH-000063,2230,21646351
SCH,SCH-000064,2980,57802228
SCH,SCH-000065,1119,64452866
SCH,SCH-000066,692,65798756
SCH,SCH-000067,327,13199132
SCH,SCH-000068,25,57040785
SCH,SCH-000069,347,25016273
SCH,SCH-000070,893,88387626
SCH,SCH-000071,1548,87290551
SCH,SCH-000072,1858,62880140
SCH,SCH-000073,160,72624210
SCH,SCH-000074,1946,65163300
SCH,SCH-000075,2329,39916575
SCH,SCH-000076,1965,77626740
SCH,SCH-000077,153,70388500
SCH,SCH-000078,763,32653778
SCH,SCH-000079,277,22133101
SCH,SCH-000080,1036,54361087
SCH,SCH-000081,605,12152239
SCH,SCH-000082,1287,46102405
SCH,SCH-000083,1368,42123671
SCH,SCH-000084,2303,27554482
SCH,SCH-000085,250,46278860
SCH,SCH-000086,2693,92747419
SCH,SCH-000087,2618,83601776
SCH,SCH-000088,2234,21860851
SCH,SCH-000089,419,91211357
SCH,SCH-000090,647,28150476
SCH,SCH-000091,2092,68353816
SCH,SCH-000092,2318,24569958
SCH,SCH-000093,1640,70058440
SCH,SCH-000094,1404,17075698
SCH,SCH-000095,412,34219451
SCH,SCH-000096,246,43739900
SCH,SCH-000097,2452,84469533
SCH,SCH-000098,1167,10588283
SCH,SCH-000099,1991,28896219
SCH,SCH-000100,1767,99290821
SCH,SCH-000101,2949,78242493
SCH,SCH-000102,2026,97252135
SCH,SCH-000103,2168,72837908
SCH,SCH-000104,2533,77699065
SCH,SCH-000105,44,78759020
SCH,SCH-000106,934,38204138
SCH,SCH-000107,2224,13247865
SCH,SCH-000108,1877,73541657
SCH,SCH-000109,563,65459928
SCH,SCH-000110,2138,34827279
SCH,SCH-000111,2253,84965763
SCH,SCH-000112,149,64215650
SCH,SCH-000113,627,16606138
SCH,SCH-000114,1022,49353426
SCH,SCH-000115,119,57967465
SCH,SCH-000116,2122,84608123
SCH,SCH-000117,924,40061384
SCH,SCH-000118,99,45064728
SCH,SCH-000119,596,73245675
SCH,SCH-000120,708,26309371
SCH,SCH-000121,1897,60635121
SCH,SCH-000122,1958,23582811
SCH,SCH-000123,95,36261929
SCH,SCH-000124,427,41713949
SCH,SCH-000125,177,61321020
SCH,SCH-000126,1993,56678696
SCH,SCH-000127,2884,97764898
SCH,SCH-000128,636,66806940
SCH,SCH-000129,1816,72553771
SCH,SCH-000130,2540,19607241
SCH,SCH-000131,2617,25861239
SCH,SCH-000132,2839,48019794
SCH,SCH-000133,619,72282219
SCH,SCH-000134,1195,92450997
SCH,SCH-000135,2708,68256986
SCH,SCH-000136,1486,65796147
SCH,SCH-000137,2238,32638266
SCH,SCH-000138,2809,97671253
SCH,SCH-000139,970,47411802
SCH,SCH-000140,1335,54596393
SCH,SCH-000141,683,11502307
SCH,SCH-000142,2246,86849735
SCH,SCH-000143,1354,87918067
SCH,SCH-000144,85,54988861
SCH,SCH-000145,1714,28067677
SCH,SCH-000146,2684,21410295
SCH,SCH-000147,1303,26396664
SCH,SCH-000148,1753,78628629
SCH,SCH-000149,1416,61901085
SCH,SCH-000150,1481,98988209
SCH,SCH-000151,1631,95430630
SCH,SCH-000152,6,45212476
SCH,SCH-000153,1992,76161613
SCH,SCH-000154,19,37868462
SCH,SCH-000155,2761,29263249
SCH,SCH-000156,887,88298796
SCH,SCH-000157,1171,49399106
SCH,SCH-000158,2078,38551356
SCH,SCH-000159,1568,28327026
SCH,SCH-000160,338,91170992
SCH,SCH-000161,2908,55936943
SCH,SCH-000162,1620,41759505
SCH,SCH-000163,2145,10641625
SCH,SCH-000164,994,40809400
SCH,SCH-000165,1329,40930568
SCH,SCH-000166,1812,80957420
SCH,SCH-000167,3000,99899818
SCH,SCH-000168,697,95624361
SCH,SCH-000169,1046,56594543
SCH,SCH-000170,2059,53699242
SCH,SCH-000171,2587,45488502
SCH,SCH-000172,734,44845000
SCH,SCH-000173,1085,61923115
SCH,SCH-000174,1472,71524281
SCH,SCH-000175,1954,30833313
SCH,SCH-000176,2088,90233459
SCH,SCH-000177,1876,86515426
SCH,SCH-000178,2745,54952046
SCH,SCH-000179,2985,76738801
SCH,SCH-000180,357,71036929
SCH,SCH-000181,973,23329586
SCH,SCH-000182,2448,77409527
SCH,SCH-000183,472,25041051
SCH,SCH-000184,2460,36971737
SCH,SCH-000185,1396,70098447
SCH,SCH-000186,2045,72040483
SCH,SCH-000187,2478,14874387
SCH,SCH-000188,2211,18343342
SCH,SCH-000189,561,90018084
SCH,SCH-000190,1581,16952045
SCH,SCH-000191,648,42056846
SCH,SCH-000192,2035,95667481
SCH,SCH-000193,226,22343983
SCH,SCH-000194,965,16944370
SCH,SCH-000195,539,78946993
SCH,SCH-000196,974,68670156
SCH,SCH-000197,1995,40954066
SCH,SCH-000198,1987,48373096
SCH,SCH-000199,61,20204415
SCH,SCH-000200,1232,30839000
SCH,SCH-000201,1891,80822714
SCH,SCH-000202,703,29457121
SCH,SCH-000203,2360,82003695
SCH,SCH-000204,2983,93620256
SCH,SCH-000205,989,11692090
SCH,SCH-000206,168,45651567
SCH,SCH-000207,2025,81778448
SCH,SCH-000208,209,10292428
SCH,SCH-000209,1722,53634616
SCH,SCH-000210,2170,53771746
SCH,SCH-000211,2066,38438843
SCH,SCH-000212,171,61793831
SCH,SCH-000213,410,67869281
SCH,SCH-000214,2024,97670851
SCH,SCH-000215,1902,84515996
SCH,SCH-000216,885,39510147
SCH,SCH-000217,2336,15513078
SCH,SCH-000218,2747,75026294
SCH,SCH-000219,933,40578723
SCH,SCH-000220,1273,54584415
SCH,SCH-000221,2262,24230201
SCH,SCH-000222,217,99811868
SCH,SCH-000223,1881,72772121
SCH,SCH-000224,589,63701561
SCH,SCH-000225,1998,35125332
SCH,SCH-000226,1730,14725195
SCH,SCH-000227,1974,89750628
SCH,SCH-000228,1720,19777233
SCH,SCH-000229,2986,71523036
SCH,SCH-000230,1533,35849313
SCH,SCH-000231,2411,38554192
SCH,SCH-000232,316,76434426
SCH,SCH-000233,1437,14492483
SCH,SCH-000234,2811,77285702
SCH,SCH-000235,276,12919231
SCH,SCH-000236,968,67612764
SCH,SCH-000237,599,17170147
SCH,SCH-000238,684,13306687
SCH,SCH-000239,1272,62218930
SCH,SCH-000240,2558,18011253
SCH,SCH-000241,71,43382936
SCH,SCH-000242,1402,57894141
SCH,SCH-000243,204,44740194
SCH,SCH-000244,304,47889634
SCH,SCH-000245,1893,59917647
SCH,SCH-000246,47,80517332
SCH,SCH-000247,2567,51972986
SCH,SCH-000248,1077,73175517
SCH,SCH-000249,2342,31424408
SCH,SCH-000250,1679,13856812
SCH,SCH-000251,2121,16893281
SCH,SCH-000252,2634,92434730
SCH,SCH-000253,2766,48949856
SCH,SCH-000254,265,60543809
SCH,SCH-000255,2823,95863855
SCH,SCH-000256,2878,99127258
SCH,SCH-000257,2095,24775883
SCH,SCH-000258,773,18209448
SCH,SCH-000259,2660,74609504
SCH,SCH-000260,634,81933142
SCH,SCH-000261,1613,21206698
SCH,SCH-000262,1158,44449463
SCH,SCH-000263,2099,29206813
SCH,SCH-000264,2637,54756034
SCH,SCH-000265,1391,21887286
SCH,SCH-000266,86,16565770
SCH,SCH-000267,964,87640642
SCH,SCH-000268,138,73115555
SCH,SCH-000269,291,95716350
SCH,SCH-000270,1178,56029251
SCH,SCH-000271,1596,53986248
SCH,SCH-000272,741,30559033
SCH,SCH-000273,29,48398732
SCH,SCH-000274,806,31829800
SCH,SCH-000275,2421,60721412
SCH,SCH-000276,2620,86260059
SCH,SCH-000277,2018,54161644
SCH,SCH-000278,1177,43827053
SCH,SCH-000279,753,40962820
SCH,SCH-000280,1847,74492536
SCH,SCH-000281,2280,32907135
SCH,SCH-000282,2995,29836833
SCH,SCH-000283,1629,91306888
SCH,SCH-000284,2966,47677050
SCH,SCH-000285,2543,66912106
SCH,SCH-000286,1593,78320452
SCH,SCH-000287,164,15662934
SCH,SCH-000288,1206,28237898
SCH,SCH-000289,813,54698618
SCH,SCH-000290,255,58582114
SCH,SCH-000291,564,60564531
SCH,SCH-000292,1541,55342937
SCH,SCH-000293,413,12169801
SCH,SCH-000294,2365,74158630
SCH,SCH-000295,817,67937221
SCH,SCH-000296,2916,80508307
SCH,SCH-000297,2673,90254666
SCH,SCH-000298,180,19655576
SCH,SCH-000299,2250,15200255
SCH,SCH-000300,2368,65109983
SCH,SCH-000301,727,93326883
SCH,SCH-000302,2566,17578334
SCH,SCH-000303,2470,76442410
SCH,SCH-000304,247,65866810
SCH,SCH-000305,1971,18612304
SCH,SCH-000306,1545,44462133
SCH,SCH-000307,849,61165027
SCH,SCH-000308,2039,77636701
SCH,SCH-000309,1544,78559883
SCH,SCH-000310,1223,82679492
SCH,SCH-000311,710,46288827
SCH,SCH-000312,2247,80425944
SCH,SCH-000313,1518,90632613
SCH,SCH-000314,2681,79177210
SCH,SCH-000315,1014,60961074
SCH,SCH-000316,2373,78083554
SCH,SCH-000317,2047,25012106
SCH,SCH-000318,2044,42400492
SCH,SCH-000319,2013,16777558
SCH,SCH-000320,2179,26342487
SCH,SCH-000321,1765,31663649
SCH,SCH-000322,1444,70204171
SCH,SCH-000323,2670,70463012
SCH,SCH-000324,908,54417200
SCH,SCH-000325,2007,88399776
SCH,SCH-000326,2403,70404159
SCH,SCH-000327,192,77934076
SCH,SCH-000328,2841,13619039
SCH,SCH-000329,925,75515175
SCH,SCH-000330,333,40563463
SCH,SCH-000331,1346,50579039
SCH,SCH-000332,2875,66772359
SCH,SCH-000333,2144,41665325
SCH,SCH-000334,489,31246090
SCH,SCH-000335,2881,92761466
SCH,SCH-000336,1916,78564064
SCH,SCH-000337,2391,56624300
SCH,SCH-000338,323,69327432
SCH,SCH-000339,2810,96754681
SCH,SCH-000340,2027,19502237
SCH,SCH-000341,1588,27375659
SCH,SCH-000342,185,63709262
SCH,SCH-000343,1084,20067969
SCH,SCH-000344,2731,67192629
SCH,SCH-000345,1718,74354434
SCH,SCH-000346,2765,15651583
SCH,SCH-000347,837,89811209
SCH,SCH-000348,2082,44831935
SCH,SCH-000349,1723,67327320
SCH,SCH-000350,1338,51326142
SCH,SCH-000351,1190,40564080
SCH,SCH-000352,2854,34277838
SCH,SCH-000353,2719,71041249
SCH,SCH-000354,1090,91651740
SCH,SCH-000355,649,55249515
SCH,SCH-000356,1362,89576137
SCH,SCH-000357,1358,39029725
SCH,SCH-000358,762,44065587
SCH,SCH-000359,2924,64943803
SCH,SCH-000360,378,88699165
SCH,SCH-000361,836,47384667
SCH,SCH-000362,1623,10978095
SCH,SCH-000363,1006,42996518
SCH,SCH-000364,760,97812550
SCH,SCH-000365,2287,19971406
SCH,SCH-000366,1757,52413506
SCH,SCH-000367,1773,30011106
SCH,SCH-000368,1341,28865768
SCH,SCH-000369,1913,32236316
SCH,SCH-000370,2435,33875260
SCH,SCH-000371,462,51910609
SCH,SCH-000372,1254,37852975
SCH,SCH-000373,2467,34282303
SCH,SCH-000374,2222,93582589
SCH,SCH-000375,2622,91649465
SCH,SCH-000376,2191,39096346
SCH,SCH-000377,2367,68083241
SCH,SCH-000378,2703,76710062
SCH,SCH-000379,787,79211878
SCH,SCH-000380,2830,77505434
SCH,SCH-000381,2665,67444614
SCH,SCH-000382,2547,94535808
SCH,SCH-000383,376,20694051
SCH,SCH-000384,2264,85709619
SCH,SCH-000385,2920,35645457
SCH,SCH-000386,1074,84166566
SCH,SCH-000387,2597,74994816
SCH,SCH-000388,268,28164926
SCH,SCH-000389,306,84262472
SCH,SCH-000390,1619,35100154
SCH,SCH-000391,181,66913730
SCH,SCH-000392,637,22863109
SCH,SCH-000393,2199,30546143
SCH,SCH-000394,1660,89748650
SCH,SCH-000395,1504,25049281
SCH,SCH-000396,2491,16156667
SCH,SCH-000397,2098,74594778
SCH,SCH-000398,972,10112761
SCH,SCH-000399,1034,68833120
SCH,SCH-000400,2904,79886887
SCH,SCH-000401,274,33891297
SCH,SCH-000402,1526,10354523
SCH,SCH-000403,2808,64003293
SCH,SCH-000404,1986,25687218
SCH,SCH-000405,456,99716761
SCH,SCH-000406,2552,38691026
SCH,SCH-000407,715,71113260
SCH,SCH-000408,1423,89112811
SCH,SCH-000409,97,87569592
SCH,SCH-000410,2182,98061208
SCH,SCH-000411,2605,54717010
SCH,SCH-000412,1746,27032738
SCH,SCH-000413,196,84378065
SCH,SCH-000414,2715,76597184
SCH,SCH-000415,130,45827376
SCH,SCH-000416,2501,46793365
SCH,SCH-000417,309,66596142
SCH,SCH-000418,1808,69215408
SCH,SCH-000419,2781,49379157
SCH,SCH-000420,1104,84320493
SCH,SCH-000421,663,70875238
SCH,SCH-000422,858,86589871
SCH,SCH-000423,372,52943014
SCH,SCH-000424,900,18115148
SCH,SCH-000425,1673,63523596
SCH,SCH-000426,353,74476742
SCH,SCH-000427,2865,97037399
SCH,SCH-000428,611,50833796
SCH,SCH-000429,1980,14866710
SCH,SCH-000430,397,49107858
SCH,SCH-000431,24,33535297
SCH,SCH-000432,184,56047075
SCH,SCH-000433,2446,74938160
SCH,SCH-000434,239,21488759
SCH,SCH-000435,1651,48098536
SCH,SCH-000436,1340,68518015
SCH,SCH-000437,2690,52538666
SCH,SCH-000438,2495,23756993
SCH,SCH-000439,444,24037331
SCH,SCH-000440,78,25103503
SCH,SCH-000441,41,83886264
SCH,SCH-000442,2699,55252973
SCH,SCH-000443,2645,86141171
SCH,SCH-000444,2185,40563798
SCH,SCH-000445,860,63648445
SCH,SCH-000446,1889,30307931
SCH,SCH-000447,1071,47932567
SCH,SCH-000448,544,22294633
SCH,SCH-000449,1061,38790311
SCH,SCH-000450,1390,26699133
SCH,SCH-000451,292,40546109
SCH,SCH-000452,1543,49345327
SCH,SCH-000453,2105,46221486
SCH,SCH-000454,1243,93829645
SCH,SCH-000455,493,52146187
SCH,SCH-000456,2664,35580680
SCH,SCH-000457,2461,89013846
SCH,SCH-000458,1031,43490657
SCH,SCH-000459,2963,99885715
SCH,SCH-000460,2740,97458429
SCH,SCH-000461,1638,80510741
SCH,SCH-000462,2683,98996499
SCH,SCH-000463,1357,33000256
SCH,SCH-000464,1116,87653536
SCH,SCH-000465,2309,91140766
SCH,SCH-000466,1968,95914139
SCH,SCH-000467,2962,77597242
SCH,SCH-000468,667,30946019
SCH,SCH-000469,2662,84513202
SCH,SCH-000470,841,88248208
SCH,SCH-000471,2474,67426412
SCH,SCH-000472,916,63096404
SCH,SCH-000473,10,47342819
SCH,SCH-000474,1192,82351312
SCH,SCH-000475,927,56268308
SCH,SCH-000476,2338,58047475
SCH,SCH-000477,1324,72458202
SCH,SCH-000478,1927,17530400
SCH,SCH-000479,1728,89541250
SCH,SCH-000480,2720,37519951
SCH,SCH-000481,106,32555403
SCH,SCH-000482,853,83927501
SCH,SCH-000483,527,26355844
SCH,SCH-000484,2828,54431754
SCH,SCH-000485,1468,61159757
SCH,SCH-000486,468,87525372
SCH,SCH-000487,2564,82488696
SCH,SCH-000488,1832,39982417
SCH,SCH-000489,284,76971243
SCH,SCH-000490,2739,93792514
SCH,SCH-000491,918,10209894
SCH,SCH-000492,1654,31161881
SCH,SCH-000493,275,84036002
SCH,SCH-000494,1012,53225813
SCH,SCH-000495,2037,99446929
SCH,SCH-000496,1019,71222108
SCH,SCH-000497,748,52097153
SCH,SCH-000498,1467,15043991
SCH,SCH-000499,670,46834775
SCH,SCH-000500,1551,96244314
SCH,SCH-000501,2050,93195478
SCH,SCH-000502,2752,86963274
SCH,SCH-000503,661,36281402
SCH,SCH-000504,1740,83568190
SCH,SCH-000505,1910,41737742
SCH,SCH-000506,2433,58052871
SCH,SCH-000507,1809,24790853
SCH,SCH-000508,1412,19576043
SCH,SCH-000509,2902,68955335
SCH,SCH-000510,2626,30678826
SCH,SCH-000511,2788,69082766
SCH,SCH-000512,2069,58294486
SCH,SCH-000513,325,61911006
SCH,SCH-000514,1953,43452427
SCH,SCH-000515,1839,65192060
SCH,SCH-000516,1384,67009139
SCH,SCH-000517,1979,63703403
SCH,SCH-000518,2996,91989541
SCH,SCH-000519,191,23346779
SCH,SCH-000520,445,15971136
SCH,SCH-000521,1235,55990212
SCH,SCH-000522,294,52951801
SCH,SCH-000523,2538,75796428
SCH,SCH-000524,2194,35966874
SCH,SCH-000525,1266,46790628
SCH,SCH-000526,1072,29352405
SCH,SCH-000527,1621,23330923
SCH,SCH-000528,1015,43823840
SCH,SCH-000529,1956,94989716
SCH,SCH-000530,1364,30814233
SCH,SCH-000531,1805,30528733
SCH,SCH-000532,2067,30502761
SCH,SCH-000533,1761,86938012
SCH,SCH-000534,2757,90824141
SCH,SCH-000535,1890,61599700
SCH,SCH-000536,189,17264306
SCH,SCH-000537,2729,97146005
SCH,SCH-000538,750,52550453
SCH,SCH-000539,1194,60524625
SCH,SCH-000540,18,71533194
SCH,SCH-000541,1508,31992370
SCH,SCH-000542,1420,55349245
SCH,SCH-000543,1447,59642867
SCH,SCH-000544,856,55161836
SCH,SCH-000545,1778,10991502
SCH,SCH-000546,1792,72878778
SCH,SCH-000547,2753,56553684
SCH,SCH-000548,2716,16954628
SCH,SCH-000549,1007,21281365
SCH,SCH-000550,2705,30981102
SCH,SCH-000551,555,43005188
SCH,SCH-000552,2679,17924926
SCH,SCH-000553,1648,15276122
SCH,SCH-000554,2667,46079842
SCH,SCH-000555,1732,41635154
SCH,SCH-000556,2926,88619356
SCH,SCH-000557,2073,12429893
SCH,SCH-000558,1325,66934872
SCH,SCH-000559,1683,72081735
SCH,SCH-000560,144,69762583
SCH,SCH-000561,1126,66716313
SCH,SCH-000562,2621,94271736
SCH,SCH-000563,2464,91082703
SCH,SCH-000564,937,52881821
SCH,SCH-000565,672,83206688
SCH,SCH-000566,1712,94856640
SCH,SCH-000567,503,12880851
SCH,SCH-000568,1830,69463339
SCH,SCH-000569,305,87470671
SCH,SCH-000570,846,85085833
SCH,SCH-000571,2968,40158481
SCH,SCH-000572,1659,41971752
SCH,SCH-000573,1926,32712561
SCH,SCH-000574,1214,31034531
SCH,SCH-000575,2369,10455925
SCH,SCH-000576,530,71985395
SCH,SCH-000577,1157,21409636
SCH,SCH-000578,1445,76703346
SCH,SCH-000579,1301,17334310
SCH,SCH-000580,1456,52524395
SCH,SCH-000581,2450,84711718
SCH,SCH-000582,2702,46799123
SCH,SCH-000583,1247,40198707
SCH,SCH-000584,221,68719406
SCH,SCH-000585,2462,17773636
SCH,SCH-000586,150,57576607
SCH,SCH-000587,2381,82568847
SCH,SCH-000588,2183,47532758
SCH,SCH-000589,1221,22913709
SCH,SCH-000590,1672,96251321
SCH,SCH-000591,559,50495382
SCH,SCH-000592,804,87083341
SCH,SCH-000593,2395,50553589
SCH,SCH-000594,1589,61830999
SCH,SCH-000595,447,95031405
SCH,SCH-000596,2937,53755508
SCH,SCH-000597,2094,35767761
SCH,SCH-000598,685,80176141
SCH,SCH-000599,1760,13083690
SCH,SCH-000600,1409,72298589
SCH,SCH-000601,1238,84523599
SCH,SCH-000602,2154,17366514
SCH,SCH-000603,2054,33371123
SCH,SCH-000604,1376,44182277
SCH,SCH-000605,2218,63659879
SCH,SCH-000606,2591,14721256
SCH,SCH-000607,1670,62900471
SCH,SCH-000608,2871,41127467
SCH,SCH-000609,1127,16108651
SCH,SCH-000610,126,75425092
SCH,SCH-000611,448,22388317
SCH,SCH-000612,1451,31183862
SCH,SCH-000613,932,19222054
SCH,SCH-000614,2994,12768877
SCH,SCH-000615,399,65768929
SCH,SCH-000616,1606,82592239
SCH,SCH-000617,2379,96390959
SCH,SCH-000618,2020,50205857
SCH,SCH-000619,1053,59039768
SCH,SCH-000620,1169,15598844
SCH,SCH-000621,606,17598656
SCH,SCH-000622,406,42292892
SCH,SCH-000623,1883,35980604
SCH,SCH-000624,142,77571186
SCH,SCH-000625,2898,22425993
SCH,SCH-000626,1327,22358622
SCH,SCH-000627,70,79946108
SCH,SCH-000628,69,11101134
SCH,SCH-000629,2471,16927312
SCH,SCH-000630,536,13489239
SCH,SCH-000631,1284,28007273
SCH,SCH-000632,82,92138779
SCH,SCH-000633,134,24875109
SCH,SCH-000634,90,39009803
SCH,SCH-000635,2749,90836216
SCH,SCH-000636,2093,34914143
SCH,SCH-000637,1662,89362594
SCH,SCH-000638,2559,22358164
SCH,SCH-000639,1371,46207497
SCH,SCH-000640,1375,49320205
SCH,SCH-000641,922,69372702
SCH,SCH-000642,110,89426243
SCH,SCH-000643,2251,51367965
SCH,SCH-000644,866,37383624
SCH,SCH-000645,2323,25119448
SCH,SCH-000646,2557,26844326
SCH,SCH-000647,508,29438830
SCH,SCH-000648,687,76577067
SCH,SCH-000649,967,32723062
SCH,SCH-000650,1094,96643468
SCH,SCH-000651,1601,41387892
SCH,SCH-000652,1704,67742815
SCH,SCH-000653,2840,57277284
SCH,SCH-000654,549,83508869
SCH,SCH-000655,960,13269183
SCH,SCH-000656,799,52582456
SCH,SCH-000657,282,91786040
SCH,SCH-000658,2734,47110818
SCH,SCH-000659,2977,86442878
SCH,SCH-000660,1098,90611355
SCH,SCH-000661,263,12673605
SCH,SCH-000662,315,86471037
SCH,SCH-000663,312,31369793
SCH,SCH-000664,1574,82987126
SCH,SCH-000665,2530,64250555
SCH,SCH-000666,2058,50021320
SCH,SCH-000667,436,52502178
SCH,SCH-000668,1600,40676127
SCH,SCH-000669,1915,83846845
SCH,SCH-000670,1400,36235070
SCH,SCH-000671,1713,44905944
SCH,SCH-000672,547,77004252
SCH,SCH-000673,1469,23238967
SCH,SCH-000674,573,50248639
SCH,SCH-000675,782,99363234
SCH,SCH-000676,407,19819744
SCH,SCH-000677,379,55728427
SCH,SCH-000678,1336,51052630
SCH,SCH-000679,2330,37406375
SCH,SCH-000680,2109,36869304
SCH,SCH-000681,1011,45470187
SCH,SCH-000682,2535,91370652
SCH,SCH-000683,2090,78479889
SCH,SCH-000684,2034,22303040
SCH,SCH-000685,1092,95094024
SCH,SCH-000686,1205,53764429
SCH,SCH-000687,2655,36135120
SCH,SCH-000688,118,50790697
SCH,SCH-000689,505,25706912
SCH,SCH-000690,1488,56509909
SCH,SCH-000691,2661,87943239
SCH,SCH-000692,1904,56379398
SCH,SCH-000693,541,64130831
SCH,SCH-000694,1886,53246230
SCH,SCH-000695,1381,19068973
SCH,SCH-000696,442,69750285
SCH,SCH-000697,556,67054128
SCH,SCH-000698,519,89984645
SCH,SCH-000699,1490,36103070
SCH,SCH-000700,829,44625815
SCH,SCH-000701,1452,73860744
SCH,SCH-000702,2204,67585806
SCH,SCH-000703,2290,28894885
SCH,SCH-000704,1555,75916227
SCH,SCH-000705,1717,56180341
SCH,SCH-000706,1385,85306558
SCH,SCH-000707,281,43866730
SCH,SCH-000708,300,41269891
SCH,SCH-000709,1626,33231328
SCH,SCH-000710,998,61590666
SCH,SCH-000711,2156,36810554
SCH,SCH-000712,618,16069615
SCH,SCH-000713,1199,66390287
SCH,SCH-000714,296,16174008
SCH,SCH-000715,1973,56991068
SCH,SCH-000716,115,81624345
SCH,SCH-000717,2711,84286913
SCH,SCH-000718,1343,27030337
SCH,SCH-000719,121,51262331
SCH,SCH-000720,1186,80973199
SCH,SCH-000721,2071,36346210
SCH,SCH-000722,2496,24687953
SCH,SCH-000723,639,67720123
SCH,SCH-000724,675,56814976
SCH,SCH-000725,743,72054715
SCH,SCH-000726,1824,12193862
SCH,SCH-000727,2546,15850065
SCH,SCH-000728,249,39566459
SCH,SCH-000729,638,20136881
SCH,SCH-000730,1976,82433847
SCH,SCH-000731,1058,50880085
SCH,SCH-000732,2483,14253979
SCH,SCH-000733,2517,63539335
SCH,SCH-000734,2862,69341118
SCH,SCH-000735,874,19803499
SCH,SCH-000736,381,88960861
SCH,SCH-000737,1608,58798639
SCH,SCH-000738,1785,15463042
SCH,SCH-000739,67,51562039
SCH,SCH-000740,2030,51949099
SCH,SCH-000741,2797,64875713
SCH,SCH-000742,1923,21477571
SCH,SCH-000743,186,61471131
SCH,SCH-000744,466,16814758
SCH,SCH-000745,26,91512791
SCH,SCH-000746,1465,20365975
SCH,SCH-000747,269,98498817
SCH,SCH-000748,507,17850078
SCH,SCH-000749,766,11404682
SCH,SCH-000750,631,88536501
SCH,SCH-000751,2273,10377208
SCH,SCH-000752,749,67601447
SCH,SCH-000753,2269,11991297
SCH,SCH-000754,1399,31356343
SCH,SCH-000755,2973,95115329
SCH,SCH-000756,2077,76679708
SCH,SCH-000757,2062,74025259
SCH,SCH-000758,2136,35045820
SCH,SCH-000759,1782,49475426
SCH,SCH-000760,1664,37685026
SCH,SCH-000761,713,33847090
SCH,SCH-000762,2848,48493281
SCH,SCH-000763,1290,56574888
SCH,SCH-000764,1043,33820621
SCH,SCH-000765,1697,46260563
SCH,SCH-000766,98,87036318
SCH,SCH-000767,702,25125619
SCH,SCH-000768,1681,99066240
SCH,SCH-000769,219,31567333
SCH,SCH-000770,510,40486002
SCH,SCH-000771,976,99571805
SCH,SCH-000772,152,15406577
SCH,SCH-000773,824,99068383
SCH,SCH-000774,907,59427999
SCH,SCH-000775,1342,60968846
SCH,SCH-000776,1733,59498486
SCH,SCH-000777,1554,88445646
SCH,SCH-000778,1759,47401092
SCH,SCH-000779,1365,11978622
SCH,SCH-000780,1030,31255444
SCH,SCH-000781,2688,58064835
SCH,SCH-000782,640,95843097
SCH,SCH-000783,200,35079956
SCH,SCH-000784,676,60984196
SCH,SCH-000785,1132,83470479
SCH,SCH-000786,137,85102924
SCH,SCH-000787,2767,77779642
SCH,SCH-000788,2001,69686509
SCH,SCH-000789,2,54589439
SCH,SCH-000790,341,30485751
SCH,SCH-000791,2945,30047069
SCH,SCH-000792,1833,70640795
SCH,SCH-000793,901,64286033
SCH,SCH-000794,2320,54343467
SCH,SCH-000795,582,53305731
SCH,SCH-000796,1240,83381520
SCH,SCH-000797,2345,40540451
SCH,SCH-000798,2907,95347156
SCH,SCH-000799,1895,82486770
SCH,SCH-000800,1079,99543733
SCH,SCH-000801,1524,68802124
SCH,SCH-000802,1051,72284373
SCH,SCH-000803,35,10632635
SCH,SCH-000804,2915,97499117
SCH,SCH-000805,2384,11630877
SCH,SCH-000806,14,63415303
SCH,SCH-000807,1216,13713066
SCH,SCH-000808,1064,72390872
SCH,SCH-000809,143,90783964
SCH,SCH-000810,2836,64020132
SCH,SCH-000811,761,38947425
SCH,SCH-000812,1703,62862467
SCH,SCH-000813,2756,46018367
SCH,SCH-000814,2499,43247799
SCH,SCH-000815,2813,11263526
SCH,SCH-000816,1438,58269850
SCH,SCH-000817,1427,73366381
SCH,SCH-000818,1398,34216590
SCH,SCH-000819,60,64644684
SCH,SCH-000820,2043,52549710
SCH,SCH-000821,495,56673900
SCH,SCH-000822,526,87368164
SCH,SCH-000823,982,61440401
SCH,SCH-000824,1878,68152649
SCH,SCH-000825,2439,99624588
SCH,SCH-000826,1460,40299882
SCH,SCH-000827,2271,19509607
SCH,SCH-000828,1771,56995391
SCH,SCH-000829,2388,18667877
SCH,SCH-000830,179,36512868
SCH,SCH-000831,1627,75817532
SCH,SCH-000832,1867,69278774
SCH,SCH-000833,2894,93868796
SCH,SCH-000834,228,61753132
SCH,SCH-000835,452,58537393
SCH,SCH-000836,2061,72002380
SCH,SCH-000837,2434,42454583
SCH,SCH-000838,2041,68606757
SCH,SCH-000839,2672,74434188
SCH,SCH-000840,1804,11123267
SCH,SCH-000841,511,30448683
SCH,SCH-000842,2928,28206262
SCH,SCH-000843,2419,60204030
SCH,SCH-000844,919,36003419
SCH,SCH-000845,2911,24320131
SCH,SCH-000846,2261,32662280
SCH,SCH-000847,1994,15062785
SCH,SCH-000848,546,36911168
SCH,SCH-000849,15,11523452
SCH,SCH-000850,622,58561828
SCH,SCH-000851,2585,69224618
SCH,SCH-000852,55,28082355
SCH,SCH-000853,243,85584413
SCH,SCH-000854,1345,93410225
SCH,SCH-000855,1422,27988956
SCH,SCH-000856,2465,27632071
SCH,SCH-000857,2939,59431339
SCH,SCH-000858,1748,98126574
SCH,SCH-000859,349,44330502
SCH,SCH-000860,163,78870570
SCH,SCH-000861,2011,82794055
SCH,SCH-000862,1489,43915764
SCH,SCH-000863,2852,79630194
SCH,SCH-000864,91,13017249
SCH,SCH-000865,465,62063088
SCH,SCH-000866,822,10370853
SCH,SCH-000867,1774,15961044
SCH,SCH-000868,2663,47628190
SCH,SCH-000869,2652,55552113
SCH,SCH-000870,1743,44518559
SCH,SCH-000871,1476,28774471
SCH,SCH-000872,84,79386491
SCH,SCH-000873,2563,28699996
SCH,SCH-000874,1380,75939468
SCH,SCH-000875,1142,25046526
SCH,SCH-000876,2524,35144936
SCH,SCH-000877,2821,90921574
SCH,SCH-000878,1799,87031272
SCH,SCH-000879,607,71740969
SCH,SCH-000880,2422,34260309
SCH,SCH-000881,2173,33218937
SCH,SCH-000882,2772,44612609
SCH,SCH-000883,2393,57887366
SCH,SCH-000884,141,72213255
SCH,SCH-000885,2440,65243280
SCH,SCH-000886,1674,86986647
SCH,SCH-000887,2075,78782838
SCH,SCH-000888,1687,25681323
SCH,SCH-000889,944,47299640
SCH,SCH-000890,2358,87034382
SCH,SCH-000891,1810,37921512
SCH,SCH-000892,1449,14985525
SCH,SCH-000893,2625,42945212
SCH,SCH-000894,345,72505408
SCH,SCH-000895,262,75655873
SCH,SCH-000896,961,88448668
SCH,SCH-000897,568,46167085
SCH,SCH-000898,242,62504528
SCH,SCH-000899,2721,43538762
SCH,SCH-000900,57,82978342
SCH,SCH-000901,2258,20439138
SCH,SCH-000902,2553,23766380
SCH,SCH-000903,889,63296865
SCH,SCH-000904,651,65277579
SCH,SCH-000905,339,71195665
SCH,SCH-000906,2594,18579673
SCH,SCH-000907,654,72365495
SCH,SCH-000908,208,40317689
SCH,SCH-000909,2685,73369617
SCH,SCH-000910,1786,39413080
SCH,SCH-000911,1989,38402180
SCH,SCH-000912,1848,55649927
SCH,SCH-000913,1755,85887403
SCH,SCH-000914,80,81344862
SCH,SCH-000915,2065,81874786
SCH,SCH-000916,1146,26935536
SCH,SCH-000917,803,12458919
SCH,SCH-000918,2232,18537725
SCH,SCH-000919,2923,14511005
SCH,SCH-000920,2219,19273191
SCH,SCH-000921,1080,19160128
SCH,SCH-000922,535,23316648
SCH,SCH-000923,2654,78175036
SCH,SCH-000924,754,18990534
SCH,SCH-000925,610,48164274
SCH,SCH-000926,978,86057239
SCH,SCH-000927,441,45545064
SCH,SCH-000928,2409,37154707
SCH,SCH-000929,2710,75343668
SCH,SCH-000930,2694,27879065
SCH,SCH-000931,396,15679986
SCH,SCH-000932,320,61660590
SCH,SCH-000933,1535,47549647
SCH,SCH-000934,2774,25651239
SCH,SCH-000935,1492,48333001
SCH,SCH-000936,1498,27668895
SCH,SCH-000937,1202,89118492
SCH,SCH-000938,1250,59587404
SCH,SCH-000939,2116,74547148
SCH,SCH-000940,577,35338379
SCH,SCH-000941,317,84776506
SCH,SCH-000942,2003,26692837
SCH,SCH-000943,34,66434872
SCH,SCH-000944,600,24957006
SCH,SCH-000945,1834,31889608
SCH,SCH-000946,2158,43170318
SCH,SCH-000947,2123,29741598
SCH,SCH-000948,340,28778595
SCH,SCH-000949,1602,31245020
SCH,SCH-000950,1210,37425725
SCH,SCH-000951,2946,20253315
SCH,SCH-000952,1934,80647142
SCH,SCH-000953,521,14918680
SCH,SCH-000954,2717,16882306
SCH,SCH-000955,2340,32046483
SCH,SCH-000956,598,83012855
SCH,SCH-000957,2599,20525655
SCH,SCH-000958,1528,77465708
SCH,SCH-000959,358,48143081
SCH,SCH-000960,1920,97518125
SCH,SCH-000961,380,80458179
SCH,SCH-000962,1719,23089706
SCH,SCH-000963,894,34546715
SCH,SCH-000964,2212,19026390
SCH,SCH-000965,1887,58660985
SCH,SCH-000966,2451,71384698
SCH,SCH-000967,1569,33851205
SCH,SCH-000968,2583,56646447
SCH,SCH-000969,1936,19717833
SCH,SCH-000970,1840,45149345
SCH,SCH-000971,1304,14273658
SCH,SCH-000972,1725,25226934
SCH,SCH-000973,1529,63223998
SCH,SCH-000974,2603,32258756
SCH,SCH-000975,385,61617675
SCH,SCH-000976,1258,38292455
SCH,SCH-000977,2010,95190598
SCH,SCH-000978,1318,85171040
SCH,SCH-000979,717,33883732
SCH,SCH-000980,818,40109240
SCH,SCH-000981,576,23306584
SCH,SCH-000982,1731,30344320
SCH,SCH-000983,2317,81833417
SCH,SCH-000984,801,29920279
SCH,SCH-000985,2701,90316913
SCH,SCH-000986,2573,52846556
SCH,SCH-000987,2659,55049676
SCH,SCH-000988,2586,36943494
SCH,SCH-000989,1485,28156328
SCH,SCH-000990,1370,92746886
SCH,SCH-000991,2458,28785946
SCH,SCH-000992,2593,57455285
SCH,SCH-000993,223,79427754
SCH,SCH-000994,174,83608832
SCH,SCH-000995,1721,71814219
SCH,SCH-000996,2892,62794884
SCH,SCH-000997,1125,37618698
SCH,SCH-000998,2759,38731535
SCH,SCH-000999,2972,88091841
SCH,SCH-001000,2249,12346084
SCH,SCH-001001,2301,65823059
SCH,SCH-001002,2227,30641480
SCH,SCH-001003,288,18024377
SCH,SCH-001004,471,34049258
SCH,SCH-001005,201,18234220
SCH,SCH-001006,1762,29886386
SCH,SCH-001007,1111,43316955
SCH,SCH-001008,2304,35431755
SCH,SCH-001009,2807,64788573
SCH,SCH-001010,426,79651607
SCH,SCH-001011,1123,50983865
SCH,SCH-001012,883,81563076
SCH,SCH-001013,1738,45143561
SCH,SCH-001014,1337,77959317
SCH,SCH-001015,650,49761155
SCH,SCH-001016,2486,17082790
SCH,SCH-001017,1191,97489300
SCH,SCH-001018,2310,53158132
SCH,SCH-001019,2677,17625072
SCH,SCH-001020,2978,66844852
SCH,SCH-001021,2549,68829908
SCH,SCH-001022,1049,10357092
SCH,SCH-001023,2534,14305217
SCH,SCH-001024,1431,18604884
SCH,SCH-001025,455,16357179
SCH,SCH-001026,1584,86520791
SCH,SCH-001027,988,42390660
SCH,SCH-001028,1702,63573878
SCH,SCH-001029,2802,10713121
SCH,SCH-001030,668,66755255
SCH,SCH-001031,1511,25851419
SCH,SCH-001032,2866,10596673
SCH,SCH-001033,1016,99224381
SCH,SCH-001034,2820,34874358
SCH,SCH-001035,1225,90458662
SCH,SCH-001036,1383,78189543
SCH,SCH-001037,2806,59388622
SCH,SCH-001038,2960,70007583
SCH,SCH-001039,1862,91772015
SCH,SCH-001040,2119,78148504
SCH,SCH-001041,135,32650041
SCH,SCH-001042,2193,19492547
SCH,SCH-001043,1263,66132595
SCH,SCH-001044,1005,80935218
SCH,SCH-001045,2906,42854392
SCH,SCH-001046,116,88306842
SCH,SCH-001047,240,72117013
SCH,SCH-001048,558,68402385
SCH,SCH-001049,1355,36358707
SCH,SCH-001050,1855,71596905
SCH,SCH-001051,1546,45152963
SCH,SCH-001052,428,25457874
SCH,SCH-001053,2295,46990787
SCH,SCH-001054,1582,31840594
SCH,SCH-001055,1100,13225980
SCH,SCH-001056,2577,88153810
SCH,SCH-001057,2352,57509988
SCH,SCH-001058,2965,41277403
SCH,SCH-001059,2509,92720952
SCH,SCH-001060,990,63217173
SCH,SCH-001061,1114,34608805
SCH,SCH-001062,479,46004061
SCH,SCH-001063,1024,56982946
SCH,SCH-001064,1676,83018930
SCH,SCH-001065,1373,12648580
SCH,SCH-001066,1853,24649741
SCH,SCH-001067,32,50998106
SCH,SCH-001068,496,62560511
SCH,SCH-001069,1635,85902034
SCH,SCH-001070,1059,87921068
SCH,SCH-001071,2578,84618453
SCH,SCH-001072,2709,72895019
SCH,SCH-001073,776,19178028
SCH,SCH-001074,2903,52414064
SCH,SCH-001075,642,77121355
SCH,SCH-001076,1314,81436260
SCH,SCH-001077,2155,67643368
SCH,SCH-001078,1168,81973483
SCH,SCH-001079,481,40333941
SCH,SCH-001080,528,81260169
SCH,SCH-001081,701,36252609
SCH,SCH-001082,383,47117787
SCH,SCH-001083,1131,41208729
SCH,SCH-001084,2029,72923973
SCH,SCH-001085,2036,85891673
SCH,SCH-001086,1622,61372134
SCH,SCH-001087,1503,28008622
SCH,SCH-001088,843,62687851
SCH,SCH-001089,840,93612431
SCH,SCH-001090,2051,41923612
SCH,SCH-001091,1695,21965928
SCH,SCH-001092,1062,91506018
SCH,SCH-001093,5,96969050
SCH,SCH-001094,2706,39783273
SCH,SCH-001095,2012,92278420
SCH,SCH-001096,844,45365918
SCH,SCH-001097,2311,39924449
SCH,SCH-001098,870,62194039
SCH,SCH-001099,1706,84819541
SCH,SCH-001100,1187,30944246
SCH,SCH-001101,1948,43296039
SCH,SCH-001102,1406,74731404
SCH,SCH-001103,1863,53969051
SCH,SCH-001104,2278,11083382
SCH,SCH-001105,1982,43777420
SCH,SCH-001106,2967,15838870
SCH,SCH-001107,646,19711151
SCH,SCH-001108,93,54335867
SCH,SCH-001109,1004,53298009
SCH,SCH-001110,2887,22553839
SCH,SCH-001111,1685,86830303
SCH,SCH-001112,2929,27371884
SCH,SCH-001113,384,72220991
SCH,SCH-001114,2321,80202733
SCH,SCH-001115,1095,46797799
SCH,SCH-001116,39,60012498
SCH,SCH-001117,581,34566728
SCH,SCH-001118,1558,68964116
SCH,SCH-001119,1477,75565298
SCH,SCH-001120,1220,45449104
SCH,SCH-001121,680,51570260
SCH,SCH-001122,1257,46854409
SCH,SCH-001123,1307,17350085
SCH,SCH-001124,398,14665068
SCH,SCH-001125,331,45109738
SCH,SCH-001126,1812,80957420
SCH,SCH-001127,1792,72878778
SCH,SCH-001128,2533,77699065
SCH,SCH-001129,782,99363234
SCH,SCH-001130,1890,61599700
SCH,SCH-001131,2318,24569958
SCH,SCH-001132,692,65798756
SCH,SCH-001133,922,69372702
SCH,SCH-001134,209,10292428
SCH,SCH-001135,937,52881821
SCH,SCH-001136,2361,30793913
SCH,SCH-001137,1973,56991068
SCH,SCH-001138,249,39566459
SCH,SCH-001139,2230,21646351
SCH,SCH-001140,1551,96244314
SCH,SCH-001141,2681,79177210
SCH,SCH-001142,2808,64003293
SCH,SCH-001143,675,56814976
SCH,SCH-001144,168,45651567
SCH,SCH-001145,2109,36869304
SCH,SCH-001146,1883,35980604
SCH,SCH-001147,141,72213255
SCH,SCH-001148,2708,68256986
SCH,SCH-001149,282,91786040
SCH,SCH-001150,1558,68964116
SCH,SCH-001151,2681,79177210
SCH,SCH-001152,646,19711151
SCH,SCH-001153,1551,96244314
SCH,SCH-001154,2253,84965763
SCH,SCH-001155,1847,74492536
SCH,SCH-001156,493,52146187
SCH,SCH-001157,1883,35980604
SCH,SCH-001158,817,67937221
SCH,SCH-001159,191,23346779
SCH,SCH-001160,2330,37406375
SCH,SCH-001161,1923,21477571
SCH,SCH-001162,2534,14305217
SCH,SCH-001163,255,58582114
SCH,SCH-001164,799,52582456
SCH,SCH-001165,1049,10357092
SCH,SCH-001166,209,10292428
SCH,SCH-001167,1982,43777420
SCH,SCH-001168,2471,16927312
SCH,SCH-001169,2247,80425944
SCH,SCH-001170,357,71036929
SCH,SCH-001171,1123,50983865
SCH,SCH-001172,1674,86986647
SCH,SCH-001173,396,15679986
SCH,SCH-001174,2618,83601776
SCH,SCH-001175,684,13306687
SCH,SCH-001176,1824,12193862
SCH,SCH-001177,741,30559033
SCH,SCH-001178,2786,90190366
SCH,SCH-001179,2269,11991297
SCH,SCH-001180,2739,93792514
SCH,SCH-001181,1114,34608805
SCH,SCH-001182,634,81933142
SCH,SCH-001183,893,88387626
SCH,SCH-001184,2875,66772359
SCH,SCH-001185,2447,83425325
SCH,SCH-001186,14,63415303
SCH,SCH-001187,1098,90611355
SCH,SCH-001188,1839,65192060
SCH,SCH-001189,976,99571805
SCH,SCH-001190,1287,46102405
SCH,SCH-001191,927,56268308
SCH,SCH-001192,556,67054128
SCH,SCH-001193,331,45109738
SCH,SCH-001194,406,42292892
SCH,SCH-001195,35,10632635
SCH,SCH-001196,462,51910609
SCH,SCH-001197,1718,74354434
SCH,SCH-001198,2144,41665325
SCH,SCH-001199,2538,75796428
SCH,SCH-001200,2478,14874387
SCH,SCH-001201,1375,49320205
SCH,SCH-001202,1895,82486770
SCH,SCH-001203,2218,63659879
SCH,SCH-001204,1061,38790311
SCH,SCH-001205,1490,36103070
SCH,SCH-001206,2852,79630194
SCH,SCH-001207,1679,13856812
SCH,SCH-001208,2807,64788573
SCH,SCH-001209,265,60543809
SCH,SCH-001210,208,40317689
SCH,SCH-001211,401,61846177
SCH,SCH-001212,1878,68152649
SCH,SCH-001213,1374,85643715
SCH,SCH-001214,866,37383624
SCH,SCH-001215,2865,97037399
SCH,SCH-001216,885,39510147
SCH,SCH-001217,1186,80973199
SCH,SCH-001218,748,52097153
SCH,SCH-001219,526,87368164
SCH,SCH-001220,568,46167085
SCH,SCH-001221,856,55161836
SCH,SCH-001222,1116,87653536
SCH,SCH-001223,1074,84166566
SCH,SCH-001224,2090,78479889
SCH,SCH-001225,39,60012498
SCH,SCH-001226,153,70388500
SCH,SCH-001227,118,50790697
SCH,SCH-001228,1511,25851419
SCH,SCH-001229,2462,17773636
SCH,SCH-001230,110,89426243
SCH,SCH-001231,1092,95094024
SCH,SCH-001232,1206,28237898
SCH,SCH-001233,1472,71524281
SCH,SCH-001234,282,91786040
SCH,SCH-001235,900,18115148
SCH,SCH-001236,1202,89118492
SCH,SCH-001237,1412,19576043
SCH,SCH-001238,1936,19717833
SCH,SCH-001239,2461,89013846
SCH,SCH-001240,1569,33851205
SCH,SCH-001241,2340,32046483
SCH,SCH-001242,268,28164926
SCH,SCH-001243,1503,28008622
SCH,SCH-001244,2250,15200255
SCH,SCH-001245,135,32650041
SCH,SCH-001246,262,75655873
SCH,SCH-001247,684,13306687
SCH,SCH-001248,1205,53764429
SCH,SCH-001249,2024,97670851
SCH,SCH-001250,1116,87653536
SCH,SCH-001251,452,58537393
SCH,SCH-001252,426,79651607
SCH,SCH-001253,115,81624345
SCH,SCH-001254,2170,53771746
SCH,SCH-001255,2262,24230201
SCH,SCH-001256,2474,67426412
SCH,SCH-001257,80,81344862
SCH,SCH-001258,599,17170147
SCH,SCH-001259,2806,59388622
SCH,SCH-001260,1445,76703346
SCH,SCH-001261,1685,86830303
SCH,SCH-001262,331,45109738
SCH,SCH-001263,2156,36810554
SCH,SCH-001264,2980,57802228
SCH,SCH-001265,1248,63604794
SCH,SCH-001266,804,87083341
SCH,SCH-001267,1771,56995391
SCH,SCH-001268,2711,84286913
SCH,SCH-001269,701,36252609
SCH,SCH-001270,1848,55649927
SCH,SCH-001271,1631,95430630
SCH,SCH-001272,2003,26692837
SCH,SCH-001273,1662,89362594
SCH,SCH-001274,605,12152239
SCH,SCH-001275,2448,77409527
SCH,SCH-001276,2310,53158132
SCH,SCH-001277,2194,35966874
SCH,SCH-001278,1398,34216590
SCH,SCH-001279,1627,75817532
SCH,SCH-001280,2711,84286913
SCH,SCH-001281,1910,41737742
SCH,SCH-001282,1451,31183862
SCH,SCH-001283,813,54698618
SCH,SCH-001284,998,61590666
SCH,SCH-001285,2295,46990787
SCH,SCH-001286,2144,41665325
SCH,SCH-001287,1324,72458202
SCH,SCH-001288,934,38204138
SCH,SCH-001289,1954,30833313
SCH,SCH-001290,152,15406577
SCH,SCH-001291,749,67601447
SCH,SCH-001292,1584,86520791
SCH,SCH-001293,1601,41387892
SCH,SCH-001294,69,11101134
SCH,SCH-001295,2898,22425993
SCH,SCH-001296,2483,14253979
SCH,SCH-001297,1728,89541250
SCH,SCH-001298,1187,30944246
SCH,SCH-001299,1989,38402180
SCH,SCH-001300,1146,26935536
SCH,SCH-001301,1098,90611355
SCH,SCH-001302,2136,35045820
SCH,SCH-001303,2251,51367965
SCH,SCH-001304,2078,38551356
SCH,SCH-001305,2968,40158481
SCH,SCH-001306,2433,58052871
SCH,SCH-001307,582,53305731
SCH,SCH-001308,937,52881821
SCH,SCH-001309,2660,74609504
SCH,SCH-001310,1958,23582811
SCH,SCH-001311,2388,18667877
SCH,SCH-001312,2661,87943239
SCH,SCH-001313,505,25706912
SCH,SCH-001314,2563,28699996
SCH,SCH-001315,1623,10978095
SCH,SCH-001316,661,36281402
SCH,SCH-001317,1214,31034531
SCH,SCH-001318,149,64215650
SCH,SCH-001319,822,10370853
SCH,SCH-001320,284,76971243
SCH,SCH-001321,527,26355844
SCH,SCH-001322,2767,77779642
SCH,SCH-001323,243,85584413
SCH,SCH-001324,2007,88399776
SCH,SCH-001325,582,53305731
SCH,SCH-001326,2972,88091841
SCH,SCH-001327,2451,71384698
SCH,SCH-001328,246,43739900
SCH,SCH-001329,2774,25651239
SCH,SCH-001330,381,88960861
SCH,SCH-001331,539,78946993
SCH,SCH-001332,1622,61372134
SCH,SCH-001333,90,39009803
SCH,SCH-001334,1545,44462133
SCH,SCH-001335,2690,52538666
SCH,SCH-001336,2308,13904497
SCH,SCH-001337,1383,78189543
SCH,SCH-001338,137,85102924
SCH,SCH-001339,762,44065587
SCH,SCH-001340,1584,86520791
SCH,SCH-001341,320,61660590
SCH,SCH-001342,1593,78320452
SCH,SCH-001343,1692,62193650
SCH,SCH-001344,1654,31161881
SCH,SCH-001345,61,20204415
SCH,SCH-001346,291,95716350
SCH,SCH-001347,2069,58294486
SCH,SCH-001348,704,97510445
SCH,SCH-001349,2047,25012106
SCH,SCH-001350,1092,95094024
SCH,SCH-001351,2667,46079842
SCH,SCH-001352,817,67937221
SCH,SCH-001353,1131,41208729
SCH,SCH-001354,1358,39029725
SCH,SCH-001355,134,24875109
SCH,SCH-001356,880,14542798
SCH,SCH-001357,160,72624210
SCH,SCH-001358,2194,35966874
SCH,SCH-001359,488,73906952
SCH,SCH-001360,1748,98126574
SCH,SCH-001361,804,87083341
SCH,SCH-001362,1314,81436260
SCH,SCH-001363,2662,84513202
SCH,SCH-001364,1555,75916227
SCH,SCH-001365,555,43005188
SCH,SCH-001366,19,37868462
SCH,SCH-001367,2878,99127258
SCH,SCH-001368,856,55161836
SCH,SCH-001369,2452,84469533
SCH,SCH-001370,1171,49399106
SCH,SCH-001371,701,36252609
SCH,SCH-001372,1221,22913709
SCH,SCH-001373,489,31246090
SCH,SCH-001374,2973,95115329
SCH,SCH-001375,2211,18343342
SCH,SCH-001376,262,75655873
SCH,SCH-001377,2661,87943239
SCH,SCH-001378,546,36911168
SCH,SCH-001379,1355,36358707
SCH,SCH-001380,1210,37425725
SCH,SCH-001381,333,40563463
SCH,SCH-001382,163,78870570
SCH,SCH-001383,407,19819744
SCH,SCH-001384,1329,40930568
SCH,SCH-001385,1593,78320452
SCH,SCH-001386,2075,78782838
SCH,SCH-001387,1005,80935218
SCH,SCH-001388,2039,77636701
SCH,SCH-001389,442,69750285
SCH,SCH-001390,960,13269183
SCH,SCH-001391,1771,56995391
SCH,SCH-001392,381,88960861
SCH,SCH-001393,1390,26699133
SCH,SCH-001394,1098,90611355
SCH,SCH-001395,2967,15838870
SCH,SCH-001396,2234,21860851
SCH,SCH-001397,1406,74731404
SCH,SCH-001398,1094,96643468
SCH,SCH-001399,2828,54431754
SCH,SCH-001400,1749,56080521
SCH,SCH-001401,734,44845000
SCH,SCH-001402,1740,83568190
SCH,SCH-001403,2830,77505434
SCH,SCH-001404,1994,15062785
SCH,SCH-001405,576,23306584
SCH,SCH-001406,116,88306842
SCH,SCH-001407,2035,95667481
SCH,SCH-001408,1891,80822714
SCH,SCH-001409,680,51570260
SCH,SCH-001410,2670,70463012
SCH,SCH-001411,2010,95190598
SCH,SCH-001412,184,56047075
SCH,SCH-001413,2894,93868796
SCH,SCH-001414,291,95716350
SCH,SCH-001415,2381,82568847
SCH,SCH-001416,1169,15598844
SCH,SCH-001417,1731,30344320
SCH,SCH-001418,988,42390660
SCH,SCH-001419,2802,10713121
SCH,SCH-001420,1266,46790628
SCH,SCH-001421,412,34219451
SCH,SCH-001422,2538,75796428
SCH,SCH-001423,1438,58269850
SCH,SCH-001424,2073,12429893
SCH,SCH-001425,2501,46793365
SCH,SCH-001426,3001,77374549
SCH,SCH-001427,3002,42040774
SCH,SCH-001428,3003,26023992
SCH,SCH-001429,3004,98976113
SCH,SCH-001430,3005,36078869
SCH,SCH-001431,3006,64757706
SCH,SCH-001432,3007,82338242
SCH,SCH-001433,3008,97041811
SCH,SCH-001434,3009,51070269
SCH,SCH-001435,3010,60944831
SCH,SCH-001436,3011,84093132
SCH,SCH-001437,3012,16063659
SCH,SCH-001438,3013,65398789
SCH,SCH-001439,3014,75481231
SCH,SCH-001440,3015,29120748
SCH,SCH-001441,3016,82217715
SCH,SCH-001442,3017,54562182
SCH,SCH-001443,3018,12425407
SCH,SCH-001444,3019,99392901
SCH,SCH-001445,3020,70746842
SCH,SCH-001446,3021,53165359
SCH,SCH-001447,3022,88900318
SCH,SCH-001448,3023,53197870
SCH,SCH-001449,3024,15241105
SCH,SCH-001450,3025,72704371
SCH,SCH-001451,3026,49527087
SCH,SCH-001452,3027,36947634
SCH,SCH-001453,3028,95928498
SCH,SCH-001454,3029,73387827
SCH,SCH-001455,3030,72819416
SCH,SCH-001456,3031,68956116
SCH,SCH-001457,3032,47454940
SCH,SCH-001458,3033,86136015
SCH,SCH-001459,3034,42028857
SCH,SCH-001460,3035,38328387
SCH,SCH-001461,3036,50856410
SCH,SCH-001462,3037,57286125
SCH,SCH-001463,3038,27444169
SCH,SCH-001464,3039,16431382
SCH,SCH-001465,3040,27922165
SCH,SCH-001466,3041,48698279
SCH,SCH-001467,3042,39370744
SCH,SCH-001468,3043,22467273
SCH,SCH-001469,3044,20071478
SCH,SCH-001470,3045,91078695
SCH,SCH-001471,3046,96720238
SCH,SCH-001472,3047,96317337
SCH,SCH-001473,3048,30108114
SCH,SCH-001474,3049,49023188
SCH,SCH-001475,3050,21179171
SCH,SCH-001476,3051,61164303
SCH,SCH-001477,3052,60138663
SCH,SCH-001478,3053,86500143
SCH,SCH-001479,3054,18143738
SCH,SCH-001480,3055,64206297
SCH,SCH-001481,3056,67208482
SCH,SCH-001482,3057,39810192
SCH,SCH-001483,3058,77881001
SCH,SCH-001484,3059,69614120
SCH,SCH-001485,3060,52350774
SCH,SCH-001486,3061,22386724
SCH,SCH-001487,3062,85215722
SCH,SCH-001488,3063,25113796
SCH,SCH-001489,3064,83925077
SCH,SCH-001490,3065,14706767
SCH,SCH-001491,3066,83608682
SCH,SCH-001492,3067,93188203
SCH,SCH-001493,3068,82037666
SCH,SCH-001494,3069,83325110
SCH,SCH-001495,3070,30855976
SCH,SCH-001496,3071,67784257
SCH,SCH-001497,3072,65649537
SCH,SCH-001498,3073,68228907
SCH,SCH-001499,3074,13687460
SCH,SCH-001500,3075,56036657
VOC,VOC-000001,2573,52846556
VOC,VOC-000002,260,52253072
VOC,VOC-000003,877,11550868
VOC,VOC-000004,467,37281556
VOC,VOC-000005,377,81751708
VOC,VOC-000006,2465,27632071
VOC,VOC-000007,2222,93582589
VOC,VOC-000008,2750,21056868
VOC,VOC-000009,367,67299090
VOC,VOC-000010,1742,14737076
VOC,VOC-000011,1037,41110667
VOC,VOC-000012,1951,71215394
VOC,VOC-000013,2935,16633532
VOC,VOC-000014,1719,23089706
VOC,VOC-000015,425,76183001
VOC,VOC-000016,281,43866730
VOC,VOC-000017,2362,63297593
VOC,VOC-000018,1449,14985525
VOC,VOC-000019,783,47309803
VOC,VOC-000020,2019,37234157
VOC,VOC-000021,1937,10859190
VOC,VOC-000022,1053,59039768
VOC,VOC-000023,334,59720070
VOC,VOC-000024,568,46167085
VOC,VOC-000025,1959,84642078
VOC,VOC-000026,1680,29846665
VOC,VOC-000027,2769,98565484
VOC,VOC-000028,1745,77503142
VOC,VOC-000029,1533,35849313
VOC,VOC-000030,2469,20835155
VOC,VOC-000031,2395,50553589
VOC,VOC-000032,345,72505408
VOC,VOC-000033,2564,82488696
VOC,VOC-000034,959,85899286
VOC,VOC-000035,966,26272372
VOC,VOC-000036,253,40595256
VOC,VOC-000037,1395,54653615
VOC,VOC-000038,2770,78238599
VOC,VOC-000039,2464,91082703
VOC,VOC-000040,337,41812000
VOC,VOC-000041,1405,31281052
VOC,VOC-000042,1253,73374043
VOC,VOC-000043,1772,52112003
VOC,VOC-000044,1735,99849459
VOC,VOC-000045,2672,74434188
VOC,VOC-000046,1503,28008622
VOC,VOC-000047,1633,41394014
VOC,VOC-000048,1376,44182277
VOC,VOC-000049,537,42867023
VOC,VOC-000050,1945,59335658
VOC,VOC-000051,1222,61326806
VOC,VOC-000052,534,29353979
VOC,VOC-000053,1875,10502052
VOC,VOC-000054,148,71572793
VOC,VOC-000055,1920,97518125
VOC,VOC-000056,2161,15324758
VOC,VOC-000057,435,62831328
VOC,VOC-000058,1237,23646357
VOC,VOC-000059,2251,51367965
VOC,VOC-000060,128,99575241
VOC,VOC-000061,2031,47781952
VOC,VOC-000062,2830,77505434
VOC,VOC-000063,2746,89064828
VOC,VOC-000064,1867,69278774
VOC,VOC-000065,1432,23062971
VOC,VOC-000066,2242,12952658
VOC,VOC-000067,2158,43170318
VOC,VOC-000068,750,52550453
VOC,VOC-000069,1354,87918067
VOC,VOC-000070,1777,25554265
VOC,VOC-000071,2058,50021320
VOC,VOC-000072,1480,89609762
VOC,VOC-000073,2755,58437433
VOC,VOC-000074,2873,38834086
VOC,VOC-000075,1093,25475831
VOC,VOC-000076,1217,22740257
VOC,VOC-000077,2299,77569898
VOC,VOC-000078,1786,39413080
VOC,VOC-000079,2732,31035769
VOC,VOC-000080,1684,80313876
VOC,VOC-000081,1337,77959317
VOC,VOC-000082,882,29766571
VOC,VOC-000083,2530,64250555
VOC,VOC-000084,2760,36369313
VOC,VOC-000085,1858,62880140
VOC,VOC-000086,1245,85007742
VOC,VOC-000087,136,41606345
VOC,VOC-000088,1333,12421892
VOC,VOC-000089,531,89453898
VOC,VOC-000090,1725,25226934
VOC,VOC-000091,451,14456047
VOC,VOC-000092,842,76245685
VOC,VOC-000093,1688,26773207
VOC,VOC-000094,950,14109890
VOC,VOC-000095,2484,49752081
VOC,VOC-000096,1710,62791055
VOC,VOC-000097,1500,33179292
VOC,VOC-000098,2378,89797435
VOC,VOC-000099,12,21989814
VOC,VOC-000100,329,58638387
VOC,VOC-000101,596,73245675
VOC,VOC-000102,1883,35980604
VOC,VOC-000103,2412,32280888
VOC,VOC-000104,2488,75051263
VOC,VOC-000105,421,37392666
VOC,VOC-000106,72,46953423
VOC,VOC-000107,2279,27431021
VOC,VOC-000108,871,41908888
VOC,VOC-000109,1800,31465712
VOC,VOC-000110,560,73872605
VOC,VOC-000111,1889,30307931
VOC,VOC-000112,191,23346779
VOC,VOC-000113,937,52881821
VOC,VOC-000114,573,50248639
VOC,VOC-000115,2766,48949856
VOC,VOC-000116,37,65938669
VOC,VOC-000117,201,18234220
VOC,VOC-000118,2431,35144726
VOC,VOC-000119,1344,69444048
VOC,VOC-000120,1058,50880085
VOC,VOC-000121,575,17367600
VOC,VOC-000122,2895,30947020
VOC,VOC-000123,2924,64943803
VOC,VOC-000124,984,55305628
VOC,VOC-000125,2467,34282303
VOC,VOC-000126,2670,70463012
VOC,VOC-000127,244,41758221
VOC,VOC-000128,2713,58456843
VOC,VOC-000129,2910,67385857
VOC,VOC-000130,1546,45152963
VOC,VOC-000131,422,82929177
VOC,VOC-000132,2687,91803127
VOC,VOC-000133,948,18904455
VOC,VOC-000134,2113,46879055
VOC,VOC-000135,2454,78387472
VOC,VOC-000136,1362,89576137
VOC,VOC-000137,512,25673796
VOC,VOC-000138,2578,84618453
VOC,VOC-000139,2841,13619039
VOC,VOC-000140,1955,87789671
VOC,VOC-000141,146,12433447
VOC,VOC-000142,1963,73575916
VOC,VOC-000143,167,88380820
VOC,VOC-000144,2239,74554953
VOC,VOC-000145,1487,36304716
VOC,VOC-000146,371,79107561
VOC,VOC-000147,819,49075648
VOC,VOC-000148,143,90783964
VOC,VOC-000149,2471,16927312
VOC,VOC-000150,2616,38673273
VOC,VOC-000151,2349,28564520
VOC,VOC-000152,2143,77177290
VOC,VOC-000153,2055,11789993
VOC,VOC-000154,357,71036929
VOC,VOC-000155,1000,77350535
VOC,VOC-000156,2932,47756543
VOC,VOC-000157,341,30485751
VOC,VOC-000158,2482,78683307
VOC,VOC-000159,227,70317901
VOC,VOC-000160,1513,74642957
VOC,VOC-000161,2666,47871627
VOC,VOC-000162,328,88309134
VOC,VOC-000163,1265,75453166
VOC,VOC-000164,2863,87754278
VOC,VOC-000165,2047,25012106
VOC,VOC-000166,390,86140861
VOC,VOC-000167,2775,49953071
VOC,VOC-000168,1244,49061399
VOC,VOC-000169,739,65945823
VOC,VOC-000170,424,39161475
VOC,VOC-000171,2317,81833417
VOC,VOC-000172,1823,26947996
VOC,VOC-000173,1149,51101764
VOC,VOC-000174,2018,54161644
VOC,VOC-000175,1415,76805175
VOC,VOC-000176,1634,48080929
VOC,VOC-000177,2227,30641480
VOC,VOC-000178,1271,11099806
VOC,VOC-000179,1665,95120667
VOC,VOC-000180,2288,45355912
VOC,VOC-000181,874,19803499
VOC,VOC-000182,2375,76761811
VOC,VOC-000183,1239,60267929
VOC,VOC-000184,784,70613787
VOC,VOC-000185,2514,77926594
VOC,VOC-000186,98,87036318
VOC,VOC-000187,1078,27976106
VOC,VOC-000188,126,75425092
VOC,VOC-000189,922,69372702
VOC,VOC-000190,1308,12770043
VOC,VOC-000191,2371,47359725
VOC,VOC-000192,2543,66912106
VOC,VOC-000193,2599,20525655
VOC,VOC-000194,2539,22998111
VOC,VOC-000195,23,12674689
VOC,VOC-000196,33,90535106
VOC,VOC-000197,954,98504112
VOC,VOC-000198,2726,35313782
VOC,VOC-000199,1819,89520411
VOC,VOC-000200,308,53952205
VOC,VOC-000201,804,87083341
VOC,VOC-000202,803,12458919
VOC,VOC-000203,266,89646079
VOC,VOC-000204,1806,35270325
VOC,VOC-000205,2974,51861437
VOC,VOC-000206,2989,37949530
VOC,VOC-000207,889,63296865
VOC,VOC-000208,2402,56675977
VOC,VOC-000209,2523,33205321
VOC,VOC-000210,1144,47452871
VOC,VOC-000211,1384,67009139
VOC,VOC-000212,78,25103503
VOC,VOC-000213,1489,43915764
VOC,VOC-000214,462,51910609
VOC,VOC-000215,2249,12346084
VOC,VOC-000216,2554,15051770
VOC,VOC-000217,1510,11544791
VOC,VOC-000218,986,90267569
VOC,VOC-000219,2499,43247799
VOC,VOC-000220,1682,44078615
VOC,VOC-000221,168,45651567
VOC,VOC-000222,1026,67667535
VOC,VOC-000223,321,16007154
VOC,VOC-000224,2099,29206813
VOC,VOC-000225,1493,92850903
VOC,VOC-000226,2836,64020132
VOC,VOC-000227,940,43795754
VOC,VOC-000228,414,74102579
VOC,VOC-000229,2175,10925764
VOC,VOC-000230,2705,30981102
VOC,VOC-000231,1312,44505080
VOC,VOC-000232,2548,55540304
VOC,VOC-000233,879,82496804
VOC,VOC-000234,2125,28148594
VOC,VOC-000235,1015,43823840
VOC,VOC-000236,1382,31525708
VOC,VOC-000237,1032,21394849
VOC,VOC-000238,740,97108374
VOC,VOC-000239,766,11404682
VOC,VOC-000240,992,77854979
VOC,VOC-000241,2463,65925285
VOC,VOC-000242,2236,78754356
VOC,VOC-000243,257,70249712
VOC,VOC-000244,2749,90836216
VOC,VOC-000245,1223,82679492
VOC,VOC-000246,1639,34360444
VOC,VOC-000247,2761,29263249
VOC,VOC-000248,2544,30487706
VOC,VOC-000249,1019,71222108
VOC,VOC-000250,129,52057523
VOC,VOC-000251,2015,75566886
VOC,VOC-000252,2689,84435339
VOC,VOC-000253,2120,80722730
VOC,VOC-000254,1033,14558338
VOC,VOC-000255,2996,91989541
VOC,VOC-000256,387,81803895
VOC,VOC-000257,2447,83425325
VOC,VOC-000258,2715,76597184
VOC,VOC-000259,1871,74964934
VOC,VOC-000260,2844,79805302
VOC,VOC-000261,109,94828438
VOC,VOC-000262,1781,79325387
VOC,VOC-000263,2479,67104460
VOC,VOC-000264,1091,83904042
VOC,VOC-000265,2498,65253560
VOC,VOC-000266,1192,82351312
VOC,VOC-000267,2764,86952622
VOC,VOC-000268,554,83691032
VOC,VOC-000269,2006,45463719
VOC,VOC-000270,2853,20074514
VOC,VOC-000271,103,54269149
VOC,VOC-000272,913,68379988
VOC,VOC-000273,551,80852543
VOC,VOC-000274,2406,74650288
VOC,VOC-000275,796,85253501
VOC,VOC-000276,104,50113698
VOC,VOC-000277,1637,65767719
VOC,VOC-000278,785,62466791
VOC,VOC-000279,553,90362099
VOC,VOC-000280,2560,38889586
VOC,VOC-000281,2876,30823310
VOC,VOC-000282,102,61378412
VOC,VOC-000283,2655,36135120
VOC,VOC-000284,1583,11951278
VOC,VOC-000285,1522,78380880
VOC,VOC-000286,2911,24320131
VOC,VOC-000287,1371,46207497
VOC,VOC-000288,1782,49475426
VOC,VOC-000289,831,76042903
VOC,VOC-000290,995,34210268
VOC,VOC-000291,1553,91023692
VOC,VOC-000292,160,72624210
VOC,VOC-000293,835,13039386
VOC,VOC-000294,2455,60556251
VOC,VOC-000295,333,40563463
VOC,VOC-000296,1625,64247608
VOC,VOC-000297,2490,56502604
VOC,VOC-000298,2232,18537725
VOC,VOC-000299,1444,70204171
VOC,VOC-000300,401,61846177
VOC,VOC-000301,1860,31225952
VOC,VOC-000302,976,99571805
VOC,VOC-000303,1448,90237609
VOC,VOC-000304,2956,30039564
VOC,VOC-000305,681,71587674
VOC,VOC-000306,2520,70351700
VOC,VOC-000307,486,74220011
VOC,VOC-000308,1319,95500978
VOC,VOC-000309,415,41874244
VOC,VOC-000310,1483,33053150
VOC,VOC-000311,1456,52524395
VOC,VOC-000312,2509,92720952
VOC,VOC-000313,195,30869686
VOC,VOC-000314,2481,82462154
VOC,VOC-000315,2216,37119826
VOC,VOC-000316,2404,65413506
VOC,VOC-000317,1538,87876113
VOC,VOC-000318,1656,47959633
VOC,VOC-000319,1748,98126574
VOC,VOC-000320,1182,99635309
VOC,VOC-000321,2346,78053602
VOC,VOC-000322,1124,25214279
VOC,VOC-000323,2735,79932036
VOC,VOC-000324,1509,12946241
VOC,VOC-000325,981,98638560
VOC,VOC-000326,1375,49320205
VOC,VOC-000327,2426,65673607
VOC,VOC-000328,226,22343983
VOC,VOC-000329,2727,63547436
VOC,VOC-000330,2373,78083554
VOC,VOC-000331,1717,56180341
VOC,VOC-000332,2387,32625303
VOC,VOC-000333,1025,50468810
VOC,VOC-000334,2604,94011734
VOC,VOC-000335,2533,77699065
VOC,VOC-000336,269,98498817
VOC,VOC-000337,2576,89760817
VOC,VOC-000338,2632,13465323
VOC,VOC-000339,2711,84286913
VOC,VOC-000340,2357,10523681
VOC,VOC-000341,1476,28774471
VOC,VOC-000342,788,57471125
VOC,VOC-000343,1733,59498486
VOC,VOC-000344,287,33516421
VOC,VOC-000345,933,40578723
VOC,VOC-000346,2223,90170142
VOC,VOC-000347,1981,83116783
VOC,VOC-000348,2237,38410379
VOC,VOC-000349,2800,97956703
VOC,VOC-000350,306,84262472
VOC,VOC-000351,776,19178028
VOC,VOC-000352,721,47767869
VOC,VOC-000353,319,81393856
VOC,VOC-000354,2093,34914143
VOC,VOC-000355,1600,40676127
VOC,VOC-000356,1112,64128162
VOC,VOC-000357,1986,25687218
VOC,VOC-000358,1027,10580409
VOC,VOC-000359,1681,99066240
VOC,VOC-000360,1098,90611355
VOC,VOC-000361,2418,94515323
VOC,VOC-000362,3000,99899818
VOC,VOC-000363,2385,27627784
VOC,VOC-000364,1412,19576043
VOC,VOC-000365,1242,24651096
VOC,VOC-000366,838,12842173
VOC,VOC-000367,1492,48333001
VOC,VOC-000368,1341,28865768
VOC,VOC-000369,1137,19272837
VOC,VOC-000370,2080,64630096
VOC,VOC-000371,2633,91899417
VOC,VOC-000372,2537,42008485
VOC,VOC-000373,276,12919231
VOC,VOC-000374,40,11658959
VOC,VOC-000375,1389,25132415
VOC,VOC-000376,1445,76703346
VOC,VOC-000377,1671,23337370
VOC,VOC-000378,914,39155667
VOC,VOC-000379,2374,45555324
VOC,VOC-000380,2501,46793365
VOC,VOC-000381,2038,66741018
VOC,VOC-000382,2303,27554482
VOC,VOC-000383,2462,17773636
VOC,VOC-000384,2662,84513202
VOC,VOC-000385,2676,11662570
VOC,VOC-000386,100,73698335
VOC,VOC-000387,2869,89761155
VOC,VOC-000388,1435,98519805
VOC,VOC-000389,811,48226449
VOC,VOC-000390,2097,85642637
VOC,VOC-000391,1168,81973483
VOC,VOC-000392,2918,89854522
VOC,VOC-000393,1049,10357092
VOC,VOC-000394,594,96161779
VOC,VOC-000395,546,36911168
VOC,VOC-000396,1690,24131536
VOC,VOC-000397,2631,13581735
VOC,VOC-000398,2359,88591468
VOC,VOC-000399,1183,45350739
VOC,VOC-000400,668,66755255
VOC,VOC-000401,2976,62901281
VOC,VOC-000402,1135,82978165
VOC,VOC-000403,1581,16952045
VOC,VOC-000404,240,72117013
VOC,VOC-000405,591,68227454
VOC,VOC-000406,179,36512868
VOC,VOC-000407,1929,71604156
VOC,VOC-000408,1178,56029251
VOC,VOC-000409,834,99367274
VOC,VOC-000410,170,86178952
VOC,VOC-000411,2663,47628190
VOC,VOC-000412,667,30946019
VOC,VOC-000413,221,68719406
VOC,VOC-000414,301,78036333
VOC,VOC-000415,1654,31161881
VOC,VOC-000416,631,88536501
VOC,VOC-000417,1194,60524625
VOC,VOC-000418,430,59221290
VOC,VOC-000419,1561,96095674
VOC,VOC-000420,642,77121355
VOC,VOC-000421,991,84758190
VOC,VOC-000422,1284,28007273
VOC,VOC-000423,540,47393393
VOC,VOC-000424,1966,37423498
VOC,VOC-000425,2653,81437621
VOC,VOC-000426,2590,64002855
VOC,VOC-000427,1275,77666154
VOC,VOC-000428,1515,36419131
VOC,VOC-000429,2439,99624588
VOC,VOC-000430,683,11502307
VOC,VOC-000431,1915,83846845
VOC,VOC-000432,1935,74318409
VOC,VOC-000433,2087,90547120
VOC,VOC-000434,1571,88103477
VOC,VOC-000435,1811,22330471
VOC,VOC-000436,836,47384667
VOC,VOC-000437,2848,48493281
VOC,VOC-000438,350,89648700
VOC,VOC-000439,1180,50990965
VOC,VOC-000440,2409,37154707
VOC,VOC-000441,2779,13680680
VOC,VOC-000442,1426,83502838
VOC,VOC-000443,2941,34131793
VOC,VOC-000444,763,32653778
VOC,VOC-000445,71,43382936
VOC,VOC-000446,2233,57584677
VOC,VOC-000447,2592,47364992
VOC,VOC-000448,2569,54462182
VOC,VOC-000449,772,64047337
VOC,VOC-000450,2861,77886466
VOC,VOC-000451,1706,84819541
VOC,VOC-000452,757,98054220
VOC,VOC-000453,1411,41424136
VOC,VOC-000454,928,37467964
VOC,VOC-000455,1059,87921068
VOC,VOC-000456,1779,94650751
VOC,VOC-000457,1370,92746886
VOC,VOC-000458,1191,97489300
VOC,VOC-000459,324,90753445
VOC,VOC-000460,2147,23657675
VOC,VOC-000461,865,42482494
VOC,VOC-000462,1013,23875009
VOC,VOC-000463,2257,47603482
VOC,VOC-000464,2289,91630214
VOC,VOC-000465,254,31516822
VOC,VOC-000466,2226,87999861
VOC,VOC-000467,1967,65854454
VOC,VOC-000468,1793,34335725
VOC,VOC-000469,708,26309371
VOC,VOC-000470,728,35929785
VOC,VOC-000471,519,89984645
VOC,VOC-000472,1314,81436260
VOC,VOC-000473,1107,39398504
VOC,VOC-000474,196,84378065
VOC,VOC-000475,1835,34678331
VOC,VOC-000476,228,61753132
VOC,VOC-000477,2425,72606225
VOC,VOC-000478,283,46598410
VOC,VOC-000479,76,74764506
VOC,VOC-000480,2690,52538666
VOC,VOC-000481,1569,33851205
VOC,VOC-000482,2731,67192629
VOC,VOC-000483,1291,22201828
VOC,VOC-000484,375,40799334
VOC,VOC-000485,1830,69463339
VOC,VOC-000486,2024,97670851
VOC,VOC-000487,2076,93373651
VOC,VOC-000488,1746,27032738
VOC,VOC-000489,264,13254023
VOC,VOC-000490,1099,88390358
VOC,VOC-000491,1992,76161613
VOC,VOC-000492,2085,95913974
VOC,VOC-000493,2849,99646907
VOC,VOC-000494,2542,96973536
VOC,VOC-000495,1525,56299841
VOC,VOC-000496,2952,76205523
VOC,VOC-000497,241,79769403
VOC,VOC-000498,662,62451159
VOC,VOC-000499,1564,26195804
VOC,VOC-000500,2310,53158132
VOC,VOC-000501,1490,36103070
VOC,VOC-000502,1198,11638822
VOC,VOC-000503,1646,17076084
VOC,VOC-000504,713,33847090
VOC,VOC-000505,639,67720123
VOC,VOC-000506,2372,77461035
VOC,VOC-000507,1851,46036538
VOC,VOC-000508,2176,51808819
VOC,VOC-000509,613,98830506
VOC,VOC-000510,558,68402385
VOC,VOC-000511,1760,13083690
VOC,VOC-000512,2352,57509988
VOC,VOC-000513,2940,47468823
VOC,VOC-000514,549,83508869
VOC,VOC-000515,1505,79218993
VOC,VOC-000516,2049,14120244
VOC,VOC-000517,1987,48373096
VOC,VOC-000518,988,42390660
VOC,VOC-000519,233,17134621
VOC,VOC-000520,1077,73175517
VOC,VOC-000521,1876,86515426
VOC,VOC-000522,1172,42904667
VOC,VOC-000523,679,60598783
VOC,VOC-000524,1821,77431786
VOC,VOC-000525,2274,20985043
VOC,VOC-000526,215,62027391
VOC,VOC-000527,505,25706912
VOC,VOC-000528,1373,12648580
VOC,VOC-000529,1193,40671219
VOC,VOC-000530,410,67869281
VOC,VOC-000531,1106,70104994
VOC,VOC-000532,1355,36358707
VOC,VOC-000533,2921,36014440
VOC,VOC-000534,2270,37735363
VOC,VOC-000535,2551,59867180
VOC,VOC-000536,1140,66348257
VOC,VOC-000537,2184,63606649
VOC,VOC-000538,313,13537870
VOC,VOC-000539,388,54391723
VOC,VOC-000540,96,98917575
VOC,VOC-000541,363,59283521
VOC,VOC-000542,1042,25099746
VOC,VOC-000543,1479,24527093
VOC,VOC-000544,2570,35177082
VOC,VOC-000545,2983,93620256
VOC,VOC-000546,727,93326883
VOC,VOC-000547,133,94738725
VOC,VOC-000548,336,94759650
VOC,VOC-000549,2990,34242013
VOC,VOC-000550,310,58412445
VOC,VOC-000551,2862,69341118
VOC,VOC-000552,1458,19121702
VOC,VOC-000553,423,44942332
VOC,VOC-000554,2693,92747419
VOC,VOC-000555,2294,21085814
VOC,VOC-000556,80,81344862
VOC,VOC-000557,840,93612431
VOC,VOC-000558,2532,46934135
VOC,VOC-000559,2967,15838870
VOC,VOC-000560,1896,80529906
VOC,VOC-000561,325,61911006
VOC,VOC-000562,827,99390140
VOC,VOC-000563,155,32708438
VOC,VOC-000564,2938,92227443
VOC,VOC-000565,2472,62665465
VOC,VOC-000566,1080,19160128
VOC,VOC-000567,1675,86438116
VOC,VOC-000568,812,39270317
VOC,VOC-000569,318,26144121
VOC,VOC-000570,1794,56983195
VOC,VOC-000571,720,28240842
VOC,VOC-000572,640,95843097
VOC,VOC-000573,2962,77597242
VOC,VOC-000574,1519,76739837
VOC,VOC-000575,2344,79047441
VOC,VOC-000576,2733,68602342
VOC,VOC-000577,305,87470671
VOC,VOC-000578,171,61793831
VOC,VOC-000579,1089,91541051
VOC,VOC-000580,941,77002394
VOC,VOC-000581,434,16415390
VOC,VOC-000582,1810,37921512
VOC,VOC-000583,1641,62450460
VOC,VOC-000584,404,49517947
VOC,VOC-000585,2740,97458429
VOC,VOC-000586,2744,60914313
VOC,VOC-000587,979,38336171
VOC,VOC-000588,1390,26699133
VOC,VOC-000589,60,64644684
VOC,VOC-000590,866,37383624
VOC,VOC-000591,1736,43305439
VOC,VOC-000592,566,65402833
VOC,VOC-000593,81,66013532
VOC,VOC-000594,1452,73860744
VOC,VOC-000595,2874,62313993
VOC,VOC-000596,2386,86149917
VOC,VOC-000597,2473,14839862
VOC,VOC-000598,1173,91699111
VOC,VOC-000599,584,18524087
VOC,VOC-000600,645,47775156
VOC,VOC-000601,2186,79415978
VOC,VOC-000602,2965,41277403
VOC,VOC-000603,1133,60057264
VOC,VOC-000604,1958,23582811
VOC,VOC-000605,2647,90179610
VOC,VOC-000606,2609,83306541
VOC,VOC-000607,2758,11812674
VOC,VOC-000608,853,83927501
VOC,VOC-000609,1313,69580659
VOC,VOC-000610,2641,31883041
VOC,VOC-000611,147,58538289
VOC,VOC-000612,2969,18651330
VOC,VOC-000613,2786,90190366
VOC,VOC-000614,2598,80075544
VOC,VOC-000615,1202,89118492
VOC,VOC-000616,982,61440401
VOC,VOC-000617,1619,35100154
VOC,VOC-000618,2022,57111504
VOC,VOC-000619,715,71113260
VOC,VOC-000620,1869,24398546
VOC,VOC-000621,916,63096404
VOC,VOC-000622,592,85701885
VOC,VOC-000623,2321,80202733
VOC,VOC-000624,2577,88153810
VOC,VOC-000625,675,56814976
VOC,VOC-000626,2363,40519135
VOC,VOC-000627,577,35338379
VOC,VOC-000628,137,85102924
VOC,VOC-000629,711,22195202
VOC,VOC-000630,1651,48098536
VOC,VOC-000631,691,80272722
VOC,VOC-000632,30,46160937
VOC,VOC-000633,2034,22303040
VOC,VOC-000634,48,49786693
VOC,VOC-000635,945,91256248
VOC,VOC-000636,1715,14443293
VOC,VOC-000637,1028,93260858
VOC,VOC-000638,234,76460815
VOC,VOC-000639,1612,69976098
VOC,VOC-000640,2691,41979969
VOC,VOC-000641,1607,61109406
VOC,VOC-000642,2955,28282183
VOC,VOC-000643,480,53365278
VOC,VOC-000644,2763,46428687
VOC,VOC-000645,2073,12429893
VOC,VOC-000646,1283,86966061
VOC,VOC-000647,569,23125005
VOC,VOC-000648,2878,99127258
VOC,VOC-000649,971,39605202
VOC,VOC-000650,936,21463219
VOC,VOC-000651,248,57216333
VOC,VOC-000652,2201,82592759
VOC,VOC-000653,1872,43539303
VOC,VOC-000654,1776,26020678
VOC,VOC-000655,1073,26103879
VOC,VOC-000656,610,48164274
VOC,VOC-000657,2531,80397312
VOC,VOC-000658,1427,73366381
VOC,VOC-000659,2320,54343467
VOC,VOC-000660,339,71195665
VOC,VOC-000661,987,69866120
VOC,VOC-000662,1038,36349479
VOC,VOC-000663,1874,24013159
VOC,VOC-000664,1972,39231925
VOC,VOC-000665,1163,32894591
VOC,VOC-000666,1661,92766793
VOC,VOC-000667,249,39566459
VOC,VOC-000668,858,86589871
VOC,VOC-000669,1529,63223998
VOC,VOC-000670,2524,35144936
VOC,VOC-000671,1922,32859170
VOC,VOC-000672,1732,41635154
VOC,VOC-000673,1914,65261046
VOC,VOC-000674,1679,13856812
VOC,VOC-000675,2561,19500496
VOC,VOC-000676,899,45214814
VOC,VOC-000677,1462,14573121
VOC,VOC-000678,181,66913730
VOC,VOC-000679,1270,82041503
VOC,VOC-000680,789,12271149
VOC,VOC-000681,2521,84211554
VOC,VOC-000682,354,27089453
VOC,VOC-000683,85,54988861
VOC,VOC-000684,2813,11263526
VOC,VOC-000685,117,69391930
VOC,VOC-000686,1340,68518015
VOC,VOC-000687,2814,67012426
VOC,VOC-000688,2281,41394539
VOC,VOC-000689,2984,41979317
VOC,VOC-000690,2529,58674401
VOC,VOC-000691,587,84822264
VOC,VOC-000692,2557,26844326
VOC,VOC-000693,2268,30338272
VOC,VOC-000694,2837,77368102
VOC,VOC-000695,385,61617675
VOC,VOC-000696,2958,31744118
VOC,VOC-000697,1965,77626740
VOC,VOC-000698,1584,86520791
VOC,VOC-000699,1789,27697461
VOC,VOC-000700,542,50292372
VOC,VOC-000701,50,84500200
VOC,VOC-000702,989,11692090
VOC,VOC-000703,957,99667571
VOC,VOC-000704,174,83608832
VOC,VOC-000705,2684,21410295
VOC,VOC-000706,2384,11630877
VOC,VOC-000707,1701,63690535
VOC,VOC-000708,929,60172721
VOC,VOC-000709,1861,87241350
VOC,VOC-000710,684,13306687
VOC,VOC-000711,2608,52137942
VOC,VOC-000712,246,43739900
VOC,VOC-000713,1551,96244314
VOC,VOC-000714,872,35907091
VOC,VOC-000715,2822,84189838
VOC,VOC-000716,344,66796333
VOC,VOC-000717,869,41727657
VOC,VOC-000718,79,38437423
VOC,VOC-000719,1115,88105918
VOC,VOC-000720,2109,36869304
VOC,VOC-000721,2834,84826135
VOC,VOC-000722,1940,20012982
VOC,VOC-000723,1550,82935310
VOC,VOC-000724,1478,43197634
VOC,VOC-000725,460,55925432
VOC,VOC-000726,2380,56734629
VOC,VOC-000727,2588,22404243
VOC,VOC-000728,1767,99290821
VOC,VOC-000729,1918,17000794
VOC,VOC-000730,1154,90102255
VOC,VOC-000731,576,23306584
VOC,VOC-000732,2602,79521092
VOC,VOC-000733,1363,39167155
VOC,VOC-000734,2698,74145640
VOC,VOC-000735,1297,84833535
VOC,VOC-000736,855,80422146
VOC,VOC-000737,1420,55349245
VOC,VOC-000738,443,50545587
VOC,VOC-000739,2875,66772359
VOC,VOC-000740,1374,85643715
VOC,VOC-000741,996,75224158
VOC,VOC-000742,112,97112459
VOC,VOC-000743,413,12169801
VOC,VOC-000744,2737,13727541
VOC,VOC-000745,1985,36738225
VOC,VOC-000746,1003,72373944
VOC,VOC-000747,36,32417070
VOC,VOC-000748,1791,99548878
VOC,VOC-000749,2061,72002380
VOC,VOC-000750,2410,73884512
VOC,VOC-000751,139,62904575
VOC,VOC-000752,1350,46193334
VOC,VOC-000753,2556,79467412
VOC,VOC-000754,780,60857535
VOC,VOC-000755,1849,78812902
VOC,VOC-000756,1069,70980810
VOC,VOC-000757,1088,91222606
VOC,VOC-000758,864,27148566
VOC,VOC-000759,1050,95121229
VOC,VOC-000760,1850,23136524
VOC,VOC-000761,737,57726845
VOC,VOC-000762,851,17429594
VOC,VOC-000763,2906,42854392
VOC,VOC-000764,2522,85251775
VOC,VOC-000765,890,40269419
VOC,VOC-000766,1995,40954066
VOC,VOC-000767,579,71151032
VOC,VOC-000768,2059,53699242
VOC,VOC-000769,2612,17228318
VOC,VOC-000770,2023,66823841
VOC,VOC-000771,919,36003419
VOC,VOC-000772,1907,31654325
VOC,VOC-000773,529,25527671
VOC,VOC-000774,2280,32907135
VOC,VOC-000775,1302,58913280
VOC,VOC-000776,1974,89750628
VOC,VOC-000777,2516,71156898
VOC,VOC-000778,58,28531242
VOC,VOC-000779,1485,28156328
VOC,VOC-000780,35,10632635
VOC,VOC-000781,2415,66230595
VOC,VOC-000782,2686,19575984
VOC,VOC-000783,159,91339562
VOC,VOC-000784,2316,54352810
VOC,VOC-000785,2697,36397799
VOC,VOC-000786,21,14650569
VOC,VOC-000787,2926,88619356
VOC,VOC-000788,2511,59325778
VOC,VOC-000789,1236,30858205
VOC,VOC-000790,514,35976666
VOC,VOC-000791,492,39607195
VOC,VOC-000792,2682,67827740
VOC,VOC-000793,2305,45877297
VOC,VOC-000794,2860,62386745
VOC,VOC-000795,1254,37852975
VOC,VOC-000796,758,61944504
VOC,VOC-000797,2889,30454694
VOC,VOC-000798,1228,11851426
VOC,VOC-000799,2446,74938160
VOC,VOC-000800,1257,46854409
VOC,VOC-000801,1451,31183862
VOC,VOC-000802,629,60042850
VOC,VOC-000803,2783,76510566
VOC,VOC-000804,1787,97008713
VOC,VOC-000805,513,31811407
VOC,VOC-000806,843,62687851
VOC,VOC-000807,2198,52055939
VOC,VOC-000808,2909,47173534
VOC,VOC-000809,676,60984196
VOC,VOC-000810,2980,57802228
VOC,VOC-000811,1473,37332854
VOC,VOC-000812,2964,80122328
VOC,VOC-000813,2603,32258756
VOC,VOC-000814,273,33215400
VOC,VOC-000815,1990,15425350
VOC,VOC-000816,2594,18579673
VOC,VOC-000817,2238,32638266
VOC,VOC-000818,433,84335596
VOC,VOC-000819,2264,85709619
VOC,VOC-000820,1287,46102405
VOC,VOC-000821,1067,42180102
VOC,VOC-000822,1579,21980102
VOC,VOC-000823,55,28082355
VOC,VOC-000824,203,68535809
VOC,VOC-000825,108,82123324
VOC,VOC-000826,1917,52163391
VOC,VOC-000827,297,98676416
VOC,VOC-000828,528,81260169
VOC,VOC-000829,2669,69466273
VOC,VOC-000830,1536,42211908
VOC,VOC-000831,2287,19971406
VOC,VOC-000832,2804,26571117
VOC,VOC-000833,1249,68504096
VOC,VOC-000834,1624,43415626
VOC,VOC-000835,24,33535297
VOC,VOC-000836,2959,31706858
VOC,VOC-000837,1335,54596393
VOC,VOC-000838,2369,10455925
VOC,VOC-000839,1831,25376128
VOC,VOC-000840,1083,30842471
VOC,VOC-000841,2615,56421468
VOC,VOC-000842,2283,76977281
VOC,VOC-000843,1928,46634354
VOC,VOC-000844,31,26625933
VOC,VOC-000845,2069,58294486
VOC,VOC-000846,426,79651607
VOC,VOC-000847,2336,15513078
VOC,VOC-000848,1699,48462628
VOC,VOC-000849,2992,80121095
VOC,VOC-000850,1300,68829924
VOC,VOC-000851,1110,26492810
VOC,VOC-000852,2001,69686509
VOC,VOC-000853,1807,33608547
VOC,VOC-000854,1531,50450560
VOC,VOC-000855,2982,20135745
VOC,VOC-000856,2857,48065927
VOC,VOC-000857,2443,64910054
VOC,VOC-000858,2453,62785816
VOC,VOC-000859,359,68410653
VOC,VOC-000860,1388,49514786
VOC,VOC-000861,1121,30142372
VOC,VOC-000862,2636,74668530
VOC,VOC-000863,650,49761155
VOC,VOC-000864,2683,98996499
VOC,VOC-000865,1463,95174825
VOC,VOC-000866,1950,34706155
VOC,VOC-000867,1386,98685344
VOC,VOC-000868,2950,25610550
VOC,VOC-000869,1750,25264369
VOC,VOC-000870,2503,51968530
VOC,VOC-000871,2597,74994816
VOC,VOC-000872,2114,61144210
VOC,VOC-000873,1229,60671655
VOC,VOC-000874,2112,60890181
VOC,VOC-000875,1424,47549488
VOC,VOC-000876,2063,68080257
VOC,VOC-000877,2494,38478250
VOC,VOC-000878,180,19655576
VOC,VOC-000879,1226,96025578
VOC,VOC-000880,1521,55799693
VOC,VOC-000881,1290,56574888
VOC,VOC-000882,1969,66601919
VOC,VOC-000883,445,15971136
VOC,VOC-000884,1416,61901085
VOC,VOC-000885,593,75025705
VOC,VOC-000886,219,31567333
VOC,VOC-000887,1166,10176075
VOC,VOC-000888,2084,26497914
VOC,VOC-000889,1826,58229521
VOC,VOC-000890,2401,82957881
VOC,VOC-000891,206,34213769
VOC,VOC-000892,800,19725451
VOC,VOC-000893,625,62025775
VOC,VOC-000894,1205,53764429
VOC,VOC-000895,2382,44678863
VOC,VOC-000896,2438,89161407
VOC,VOC-000897,2315,75356107
VOC,VOC-000898,2103,60148340
VOC,VOC-000899,1534,83907211
VOC,VOC-000900,1841,74105877
VOC,VOC-000901,2850,28570786
VOC,VOC-000902,2240,96417651
VOC,VOC-000903,1919,77590047
VOC,VOC-000904,1857,77953970
VOC,VOC-000905,2708,68256986
VOC,VOC-000906,2820,34874358
VOC,VOC-000907,340,28778595
VOC,VOC-000908,664,46881809
VOC,VOC-000909,1803,86825841
VOC,VOC-000910,2812,14478997
VOC,VOC-000911,1006,42996518
VOC,VOC-000912,373,66686642
VOC,VOC-000913,2930,91341590
VOC,VOC-000914,1464,57270850
VOC,VOC-000915,2558,18011253
VOC,VOC-000916,292,40546109
VOC,VOC-000917,931,40971850
VOC,VOC-000918,1048,11916830
VOC,VOC-000919,2832,74176576
VOC,VOC-000920,2060,91499552
VOC,VOC-000921,2151,59735424
VOC,VOC-000922,2318,24569958
VOC,VOC-000923,2859,54850828
VOC,VOC-000924,13,13600310
VOC,VOC-000925,1466,26122249
VOC,VOC-000926,1030,31255444
VOC,VOC-000927,2300,72734318
VOC,VOC-000928,2607,94060783
VOC,VOC-000929,272,17522634
VOC,VOC-000930,2291,55769240
VOC,VOC-000931,88,92585240
VOC,VOC-000932,1847,74492536
VOC,VOC-000933,2695,68953251
VOC,VOC-000934,417,62508567
VOC,VOC-000935,949,59803545
VOC,VOC-000936,1436,21647236
VOC,VOC-000937,1159,20152046
VOC,VOC-000938,907,59427999
VOC,VOC-000939,1939,94973393
VOC,VOC-000940,265,60543809
VOC,VOC-000941,1209,17681679
VOC,VOC-000942,459,31839746
VOC,VOC-000943,820,91335378
VOC,VOC-000944,2787,10341866
VOC,VOC-000945,51,23427820
VOC,VOC-000946,1796,80070728
VOC,VOC-000947,376,20694051
VOC,VOC-000948,1882,81569760
VOC,VOC-000949,583,66194219
VOC,VOC-000950,2791,79953085
VOC,VOC-000951,1471,16018949
VOC,VOC-000952,1221,22913709
VOC,VOC-000953,2886,81227728
VOC,VOC-000954,1964,13782653
VOC,VOC-000955,347,25016273
VOC,VOC-000956,1628,53043124
VOC,VOC-000957,697,95624361
VOC,VOC-000958,500,27691237
VOC,VOC-000959,1855,71596905
VOC,VOC-000960,2330,37406375
VOC,VOC-000961,759,49734257
VOC,VOC-000962,2492,68418006
VOC,VOC-000963,1153,57311796
VOC,VOC-000964,2170,53771746
VOC,VOC-000965,2149,69671506
VOC,VOC-000966,1689,58008794
VOC,VOC-000967,2221,68066393
VOC,VOC-000968,165,33392072
VOC,VOC-000969,2998,85835230
VOC,VOC-000970,1459,24504338
VOC,VOC-000971,362,41708297
VOC,VOC-000972,92,24217270
VOC,VOC-000973,1640,70058440
VOC,VOC-000974,848,45668220
VOC,VOC-000975,1916,78564064
VOC,VOC-000976,2398,53413739
VOC,VOC-000977,854,95510088
VOC,VOC-000978,698,23439045
VOC,VOC-000979,2627,23658560
VOC,VOC-000980,2213,57317691
VOC,VOC-000981,881,27028924
VOC,VOC-000982,2738,36970791
VOC,VOC-000983,952,88895533
VOC,VOC-000984,439,41291228
VOC,VOC-000985,1012,53225813
VOC,VOC-000986,1442,75890329
VOC,VOC-000987,666,50421249
VOC,VOC-000988,2999,48312600
VOC,VOC-000989,114,40438156
VOC,VOC-000990,1838,46069270
VOC,VOC-000991,470,82613651
VOC,VOC-000992,891,86229768
VOC,VOC-000993,116,88306842
VOC,VOC-000994,1002,46663600
VOC,VOC-000995,481,40333941
VOC,VOC-000996,2003,26692837
VOC,VOC-000997,2258,20439138
VOC,VOC-000998,552,24087799
VOC,VOC-000999,1460,40299882
VOC,VOC-001000,2497,61860619
VOC,VOC-001001,1520,49059332
VOC,VOC-001002,2880,58624291
VOC,VOC-001003,1659,41971752
VOC,VOC-001004,2649,86279469
VOC,VOC-001005,1232,30839000
VOC,VOC-001006,944,47299640
VOC,VOC-001007,832,20724650
VOC,VOC-001008,2979,73393416
VOC,VOC-001009,2528,22065080
VOC,VOC-001010,2954,29760957
VOC,VOC-001011,515,48906764
VOC,VOC-001012,2712,97043369
VOC,VOC-001013,157,38555376
VOC,VOC-001014,2021,57318239
VOC,VOC-001015,1001,42530972
VOC,VOC-001016,2842,63685963
VOC,VOC-001017,652,14288227
VOC,VOC-001018,2784,78131606
VOC,VOC-001019,2253,84965763
VOC,VOC-001020,1118,97016569
VOC,VOC-001021,154,34124750
VOC,VOC-001022,2584,82250099
VOC,VOC-001023,2212,19026390
VOC,VOC-001024,1805,30528733
VOC,VOC-001025,1251,66752122
VOC,VOC-001026,885,39510147
VOC,VOC-001027,1256,35520607
VOC,VOC-001028,2907,95347156
VOC,VOC-001029,956,25239435
VOC,VOC-001030,110,89426243
VOC,VOC-001031,2504,49610969
VOC,VOC-001032,2199,30546143
VOC,VOC-001033,2195,48271336
VOC,VOC-001034,457,93460620
VOC,VOC-001035,600,24957006
VOC,VOC-001036,2389,46632288
VOC,VOC-001037,1752,67735664
VOC,VOC-001038,1360,43091057
VOC,VOC-001039,2495,23756993
VOC,VOC-001040,806,31829800
VOC,VOC-001041,1196,97153508
VOC,VOC-001042,2673,90254666
VOC,VOC-001043,427,41713949
VOC,VOC-001044,2925,17076255
VOC,VOC-001045,884,60850210
VOC,VOC-001046,1730,14725195
VOC,VOC-001047,651,65277579
VOC,VOC-001048,807,84110101
VOC,VOC-001049,669,60224330
VOC,VOC-001050,2920,35645457
VOC,VOC-001051,517,26492036
VOC,VOC-001052,2944,35444694
VOC,VOC-001053,2574,31674405
VOC,VOC-001054,1565,52354648
VOC,VOC-001055,903,17259175
VOC,VOC-001056,1400,36235070
VOC,VOC-001057,2801,19172109
VOC,VOC-001058,2840,57277284
VOC,VOC-001059,2901,16526108
VOC,VOC-001060,2506,12675965
VOC,VOC-001061,32,50998106
VOC,VOC-001062,400,55324613
VOC,VOC-001063,559,50495382
VOC,VOC-001064,894,34546715
VOC,VOC-001065,186,61471131
VOC,VOC-001066,745,95040154
VOC,VOC-001067,2679,17924926
VOC,VOC-001068,90,39009803
VOC,VOC-001069,1201,30416174
VOC,VOC-001070,939,90511561
VOC,VOC-001071,1321,44991603
VOC,VOC-001072,2489,98275197
VOC,VOC-001073,589,63701561
VOC,VOC-001074,1763,49905391
VOC,VOC-001075,2721,43538762
VOC,VOC-001076,1331,18175303
VOC,VOC-001077,1079,99543733
VOC,VOC-001078,1289,87825976
VOC,VOC-001079,689,11099317
VOC,VOC-001080,998,61590666
VOC,VOC-001081,1673,63523596
VOC,VOC-001082,1119,64452866
VOC,VOC-001083,2913,50216471
VOC,VOC-001084,452,58537393
VOC,VOC-001085,2798,89951297
VOC,VOC-001086,875,18519119
VOC,VOC-001087,862,21071555
VOC,VOC-001088,296,16174008
VOC,VOC-001089,641,62111008
VOC,VOC-001090,2637,54756034
VOC,VOC-001091,2582,26642804
VOC,VOC-001092,2879,71413187
VOC,VOC-001093,1677,85366409
VOC,VOC-001094,1494,78313344
VOC,VOC-001095,2585,69224618
VOC,VOC-001096,756,13600484
VOC,VOC-001097,1326,71774245
VOC,VOC-001098,1061,38790311
VOC,VOC-001099,2872,15101740
VOC,VOC-001100,2098,74594778
VOC,VOC-001101,1056,35898734
VOC,VOC-001102,2505,36578446
VOC,VOC-001103,1708,48003458
VOC,VOC-001104,974,68670156
VOC,VOC-001105,2070,51940537
VOC,VOC-001106,2124,90677906
VOC,VOC-001107,476,59243476
VOC,VOC-001108,2854,34277838
VOC,VOC-001109,2589,23342241
VOC,VOC-001110,2468,20727703
VOC,VOC-001111,813,54698618
VOC,VOC-001112,637,22863109
VOC,VOC-001113,2562,37246941
VOC,VOC-001114,1146,26935536
VOC,VOC-001115,1703,62862467
VOC,VOC-001116,2993,47563341
VOC,VOC-001117,2865,97037399
VOC,VOC-001118,993,42341555
VOC,VOC-001119,2526,12208928
VOC,VOC-001120,1813,39450832
VOC,VOC-001121,1716,46419627
VOC,VOC-001122,605,12152239
VOC,VOC-001123,802,95453300
VOC,VOC-001124,1439,57560131
VOC,VOC-001125,286,54836082
VOC,VOC-001126,2528,22065080
VOC,VOC-001127,2570,35177082
VOC,VOC-001128,2242,12952658
VOC,VOC-001129,2715,76597184
VOC,VOC-001130,2863,87754278
VOC,VOC-001131,1270,82041503
VOC,VOC-001132,1297,84833535
VOC,VOC-001133,276,12919231
VOC,VOC-001134,1750,25264369
VOC,VOC-001135,165,33392072
VOC,VOC-001136,2637,54756034
VOC,VOC-001137,167,88380820
VOC,VOC-001138,1265,75453166
VOC,VOC-001139,2522,85251775
VOC,VOC-001140,308,53952205
VOC,VOC-001141,1038,36349479
VOC,VOC-001142,1838,46069270
VOC,VOC-001143,2531,80397312
VOC,VOC-001144,1254,37852975
VOC,VOC-001145,117,69391930
VOC,VOC-001146,2438,89161407
VOC,VOC-001147,936,21463219
VOC,VOC-001148,2758,11812674
VOC,VOC-001149,1025,50468810
VOC,VOC-001150,2288,45355912
VOC,VOC-001151,1583,11951278
VOC,VOC-001152,1476,28774471
VOC,VOC-001153,36,32417070
VOC,VOC-001154,806,31829800
VOC,VOC-001155,71,43382936
VOC,VOC-001156,2497,61860619
VOC,VOC-001157,1251,66752122
VOC,VOC-001158,2921,36014440
VOC,VOC-001159,803,12458919
VOC,VOC-001160,2731,67192629
VOC,VOC-001161,806,31829800
VOC,VOC-001162,576,23306584
VOC,VOC-001163,1922,32859170
VOC,VOC-001164,2481,82462154
VOC,VOC-001165,2607,94060783
VOC,VOC-001166,939,90511561
VOC,VOC-001167,697,95624361
VOC,VOC-001168,652,14288227
VOC,VOC-001169,1534,83907211
VOC,VOC-001170,1027,10580409
VOC,VOC-001171,2233,57584677
VOC,VOC-001172,2666,47871627
VOC,VOC-001173,76,74764506
VOC,VOC-001174,1581,16952045
VOC,VOC-001175,375,40799334
VOC,VOC-001176,246,43739900
VOC,VOC-001177,318,26144121
VOC,VOC-001178,451,14456047
VOC,VOC-001179,2976,62901281
VOC,VOC-001180,2415,66230595
VOC,VOC-001181,1444,70204171
VOC,VOC-001182,1985,36738225
VOC,VOC-001183,24,33535297
VOC,VOC-001184,2842,63685963
VOC,VOC-001185,1612,69976098
VOC,VOC-001186,1810,37921512
VOC,VOC-001187,85,54988861
VOC,VOC-001188,1202,89118492
VOC,VOC-001189,60,64644684
VOC,VOC-001190,784,70613787
VOC,VOC-001191,1432,23062971
VOC,VOC-001192,460,55925432
VOC,VOC-001193,1256,35520607
VOC,VOC-001194,2800,97956703
VOC,VOC-001195,305,87470671
VOC,VOC-001196,1451,31183862
VOC,VOC-001197,1875,10502052
VOC,VOC-001198,1297,84833535
VOC,VOC-001199,13,13600310
VOC,VOC-001200,1571,88103477
VOC,VOC-001201,2585,69224618
VOC,VOC-001202,2471,16927312
VOC,VOC-001203,2616,38673273
VOC,VOC-001204,2143,77177290
VOC,VOC-001205,2909,47173534
VOC,VOC-001206,2662,84513202
VOC,VOC-001207,2516,71156898
VOC,VOC-001208,819,49075648
VOC,VOC-001209,2503,51968530
VOC,VOC-001210,697,95624361
VOC,VOC-001211,1500,33179292
VOC,VOC-001212,2673,90254666
VOC,VOC-001213,287,33516421
VOC,VOC-001214,1656,47959633
VOC,VOC-001215,1823,26947996
VOC,VOC-001216,1805,30528733
VOC,VOC-001217,2503,51968530
VOC,VOC-001218,400,55324613
VOC,VOC-001219,1002,46663600
VOC,VOC-001220,1935,74318409
VOC,VOC-001221,2711,84286913
VOC,VOC-001222,203,68535809
VOC,VOC-001223,2784,78131606
VOC,VOC-001224,949,59803545
VOC,VOC-001225,76,74764506
VOC,VOC-001226,1239,60267929
VOC,VOC-001227,984,55305628
VOC,VOC-001228,745,95040154
VOC,VOC-001229,2523,33205321
VOC,VOC-001230,2733,68602342
VOC,VOC-001231,2607,94060783
VOC,VOC-001232,85,54988861
VOC,VOC-001233,2464,91082703
VOC,VOC-001234,2655,36135120
VOC,VOC-001235,2592,47364992
VOC,VOC-001236,882,29766571
VOC,VOC-001237,2920,35645457
VOC,VOC-001238,573,50248639
VOC,VOC-001239,2865,97037399
VOC,VOC-001240,1805,30528733
VOC,VOC-001241,1701,63690535
VOC,VOC-001242,2711,84286913
VOC,VOC-001243,566,65402833
VOC,VOC-001244,1144,47452871
VOC,VOC-001245,1042,25099746
VOC,VOC-001246,836,47384667
VOC,VOC-001247,1451,31183862
VOC,VOC-001248,2506,12675965
VOC,VOC-001249,1564,26195804
VOC,VOC-001250,155,32708438
VOC,VOC-001251,2584,82250099
VOC,VOC-001252,1473,37332854
VOC,VOC-001253,72,46953423
VOC,VOC-001254,2443,64910054
VOC,VOC-001255,2849,99646907
VOC,VOC-001256,766,11404682
VOC,VOC-001257,2443,64910054
VOC,VOC-001258,2712,97043369
VOC,VOC-001259,359,68410653
VOC,VOC-001260,2464,91082703
VOC,VOC-001261,1612,69976098
VOC,VOC-001262,1386,98685344
VOC,VOC-001263,2482,78683307
VOC,VOC-001264,2588,22404243
VOC,VOC-001265,1628,53043124
VOC,VOC-001266,1435,98519805
VOC,VOC-001267,2850,28570786
VOC,VOC-001268,2980,57802228
VOC,VOC-001269,2431,35144726
VOC,VOC-001270,2684,21410295
VOC,VOC-001271,806,31829800
VOC,VOC-001272,1144,47452871
VOC,VOC-001273,2268,30338272
VOC,VOC-001274,1561,96095674
VOC,VOC-001275,1929,71604156
VOC,VOC-001276,1265,75453166
VOC,VOC-001277,2879,71413187
VOC,VOC-001278,2199,30546143
VOC,VOC-001279,542,50292372
VOC,VOC-001280,476,59243476
VOC,VOC-001281,2578,84618453
VOC,VOC-001282,1922,32859170
VOC,VOC-001283,1037,41110667
VOC,VOC-001284,642,77121355
VOC,VOC-001285,1297,84833535
VOC,VOC-001286,1939,94973393
VOC,VOC-001287,1389,25132415
VOC,VOC-001288,2221,68066393
VOC,VOC-001289,2637,54756034
VOC,VOC-001290,928,37467964
VOC,VOC-001291,2287,19971406
VOC,VOC-001292,691,80272722
VOC,VOC-001293,681,71587674
VOC,VOC-001294,2401,82957881
VOC,VOC-001295,1146,26935536
VOC,VOC-001296,842,76245685
VOC,VOC-001297,676,60984196
VOC,VOC-001298,2695,68953251
VOC,VOC-001299,2425,72606225
VOC,VOC-001300,2636,74668530
VOC,VOC-001301,148,71572793
VOC,VOC-001302,2406,74650288
VOC,VOC-001303,2560,38889586
VOC,VOC-001304,2389,46632288
VOC,VOC-001305,171,61793831
VOC,VOC-001306,2280,32907135
VOC,VOC-001307,2607,94060783
VOC,VOC-001308,1265,75453166
VOC,VOC-001309,903,17259175
VOC,VOC-001310,2505,36578446
VOC,VOC-001311,452,58537393
VOC,VOC-001312,2238,32638266
VOC,VOC-001313,2982,20135745
VOC,VOC-001314,651,65277579
VOC,VOC-001315,2410,73884512
VOC,VOC-001316,167,88380820
VOC,VOC-001317,2257,47603482
VOC,VOC-001318,1513,74642957
VOC,VOC-001319,2098,74594778
VOC,VOC-001320,651,65277579
VOC,VOC-001321,820,91335378
VOC,VOC-001322,2944,35444694
VOC,VOC-001323,669,60224330
VOC,VOC-001324,30,46160937
VOC,VOC-001325,1202,89118492
VOC,VOC-001326,1424,47549488
VOC,VOC-001327,1415,76805175
VOC,VOC-001328,1432,23062971
VOC,VOC-001329,592,85701885
VOC,VOC-001330,1493,92850903
VOC,VOC-001331,727,93326883
VOC,VOC-001332,2602,79521092
VOC,VOC-001333,529,25527671
VOC,VOC-001334,2076,93373651
VOC,VOC-001335,2213,57317691
VOC,VOC-001336,2920,35645457
VOC,VOC-001337,1680,29846665
VOC,VOC-001338,2443,64910054
VOC,VOC-001339,1459,24504338
VOC,VOC-001340,1551,96244314
VOC,VOC-001341,2598,80075544
VOC,VOC-001342,1485,28156328
VOC,VOC-001343,592,85701885
VOC,VOC-001344,1089,91541051
VOC,VOC-001345,1628,53043124
VOC,VOC-001346,750,52550453
VOC,VOC-001347,2280,32907135
VOC,VOC-001348,1001,42530972
VOC,VOC-001349,1192,82351312
VOC,VOC-001350,664,46881809
VOC,VOC-001351,568,46167085
VOC,VOC-001352,2151,59735424
VOC,VOC-001353,514,35976666
VOC,VOC-001354,2612,17228318
VOC,VOC-001355,2473,14839862
VOC,VOC-001356,206,34213769
VOC,VOC-001357,855,80422146
VOC,VOC-001358,1950,34706155
VOC,VOC-001359,387,81803895
VOC,VOC-001360,1939,94973393
VOC,VOC-001361,1564,26195804
VOC,VOC-001362,2426,65673607
VOC,VOC-001363,417,62508567
VOC,VOC-001364,1239,60267929
VOC,VOC-001365,401,61846177
VOC,VOC-001366,651,65277579
VOC,VOC-001367,2336,15513078
VOC,VOC-001368,1883,35980604
VOC,VOC-001369,2274,20985043
VOC,VOC-001370,2965,41277403
VOC,VOC-001371,1914,65261046
VOC,VOC-001372,2603,32258756
VOC,VOC-001373,1646,17076084
VOC,VOC-001374,1703,62862467
VOC,VOC-001375,803,12458919
VOC,VOC-001376,1390,26699133
VOC,VOC-001377,1015,43823840
VOC,VOC-001378,2837,77368102
VOC,VOC-001379,2607,94060783
VOC,VOC-001380,2982,20135745
VOC,VOC-001381,1619,35100154
VOC,VOC-001382,325,61911006
VOC,VOC-001383,1522,78380880
VOC,VOC-001384,114,40438156
VOC,VOC-001385,171,61793831
VOC,VOC-001386,2786,90190366
VOC,VOC-001387,2691,41979969
VOC,VOC-001388,400,55324613
VOC,VOC-001389,1485,28156328
VOC,VOC-001390,1003,72373944
VOC,VOC-001391,745,95040154
VOC,VOC-001392,387,81803895
VOC,VOC-001393,186,61471131
VOC,VOC-001394,2655,36135120
VOC,VOC-001395,890,40269419
VOC,VOC-001396,1033,14558338
VOC,VOC-001397,1196,97153508
VOC,VOC-001398,854,95510088
VOC,VOC-001399,2503,51968530
VOC,VOC-001400,2967,15838870
VOC,VOC-001401,1810,37921512
VOC,VOC-001402,2616,38673273
VOC,VOC-001403,1251,66752122
VOC,VOC-001404,952,88895533
VOC,VOC-001405,2240,96417651
VOC,VOC-001406,531,89453898
VOC,VOC-001407,1735,99849459
VOC,VOC-001408,1922,32859170
VOC,VOC-001409,1935,74318409
VOC,VOC-001410,2521,84211554
VOC,VOC-001411,2386,86149917
VOC,VOC-001412,433,84335596
VOC,VOC-001413,480,53365278
VOC,VOC-001414,486,74220011
VOC,VOC-001415,2874,62313993
VOC,VOC-001416,1849,78812902
VOC,VOC-001417,2698,74145640
VOC,VOC-001418,1800,31465712
VOC,VOC-001419,1725,25226934
VOC,VOC-001420,439,41291228
VOC,VOC-001421,1373,12648580
VOC,VOC-001422,85,54988861
VOC,VOC-001423,1922,32859170
VOC,VOC-001424,1529,63223998
VOC,VOC-001425,529,25527671
VOC,VOC-001426,3076,13714003
VOC,VOC-001427,3077,18684457
VOC,VOC-001428,3078,20311123
VOC,VOC-001429,3079,37183509
VOC,VOC-001430,3080,13006710
VOC,VOC-001431,3081,55127012
VOC,VOC-001432,3082,13950626
VOC,VOC-001433,3083,40868348
VOC,VOC-001434,3084,76317993
VOC,VOC-001435,3085,44601903
VOC,VOC-001436,3086,33622962
VOC,VOC-001437,3087,23088713
VOC,VOC-001438,3088,87125207
VOC,VOC-001439,3089,61646136
VOC,VOC-001440,3090,51666322
VOC,VOC-001441,3091,27412570
VOC,VOC-001442,3092,89512284
VOC,VOC-001443,3093,22509453
VOC,VOC-001444,3094,42643518
VOC,VOC-001445,3095,41564181
VOC,VOC-001446,3096,45635935
VOC,VOC-001447,3097,71767441
VOC,VOC-001448,3098,22457246
VOC,VOC-001449,3099,69737360
VOC,VOC-001450,3100,99307261
VOC,VOC-001451,3101,63895959
VOC,VOC-001452,3102,19447877
VOC,VOC-001453,3103,83299258
VOC,VOC-001454,3104,47721843
VOC,VOC-001455,3105,91683184
VOC,VOC-001456,3106,31003985
VOC,VOC-001457,3107,79762268
VOC,VOC-001458,3108,22465245
VOC,VOC-001459,3109,61543986
VOC,VOC-001460,3110,77395281
VOC,VOC-001461,3111,38219921
VOC,VOC-001462,3112,13165956
VOC,VOC-001463,3113,11382079
VOC,VOC-001464,3114,53434492
VOC,VOC-001465,3115,61460733
VOC,VOC-001466,3116,16206378
VOC,VOC-001467,3117,26812955
VOC,VOC-001468,3118,24702917
VOC,VOC-001469,3119,41543452
VOC,VOC-001470,3120,77919411
VOC,VOC-001471,3121,78170461
VOC,VOC-001472,3122,58149984
VOC,VOC-001473,3123,45505877
VOC,VOC-001474,3124,47743510
VOC,VOC-001475,3125,93802954
VOC,VOC-001476,3126,39051323
VOC,VOC-001477,3127,97854048
VOC,VOC-001478,3128,63153840
VOC,VOC-001479,3129,19299933
VOC,VOC-001480,3130,51690952
VOC,VOC-001481,3131,65862979
VOC,VOC-001482,3132,55851243
VOC,VOC-001483,3133,79947239
VOC,VOC-001484,3134,30498626
VOC,VOC-001485,3135,80654070
VOC,VOC-001486,3136,47793513
VOC,VOC-001487,3137,51713300
VOC,VOC-001488,3138,96791146
VOC,VOC-001489,3139,27666344
VOC,VOC-001490,3140,81724847
VOC,VOC-001491,3141,54706865
VOC,VOC-001492,3142,79695592
VOC,VOC-001493,3143,38889178
VOC,VOC-001494,3144,67919258
VOC,VOC-001495,3145,26291773
VOC,VOC-001496,3146,44585366
VOC,VOC-001497,3147,77945352
VOC,VOC-001498,3148,83141191
VOC,VOC-001499,3149,61275309
VOC,VOC-001500,3150,69239801
PLUS,PLUS-000001,2722,51593222
PLUS,PLUS-000002,2887,22553839
PLUS,PLUS-000003,2666,47871627
PLUS,PLUS-000004,1080,19160128
PLUS,PLUS-000005,233,17134621
PLUS,PLUS-000006,2913,50216471
PLUS,PLUS-000007,1260,12782247
PLUS,PLUS-000008,1133,60057264
PLUS,PLUS-000009,1637,65767719
PLUS,PLUS-000010,1934,80647142
PLUS,PLUS-000011,2624,32185945
PLUS,PLUS-000012,209,10292428
PLUS,PLUS-000013,1619,35100154
PLUS,PLUS-000014,2975,99175850
PLUS,PLUS-000015,1823,26947996
PLUS,PLUS-000016,508,29438830
PLUS,PLUS-000017,264,13254023
PLUS,PLUS-000018,1329,40930568
PLUS,PLUS-000019,283,46598410
PLUS,PLUS-000020,1820,31216439
PLUS,PLUS-000021,23,12674689
PLUS,PLUS-000022,1792,72878778
PLUS,PLUS-000023,1169,15598844
PLUS,PLUS-000024,409,20548786
PLUS,PLUS-000025,445,15971136
PLUS,PLUS-000026,1215,23488183
PLUS,PLUS-000027,792,58344299
PLUS,PLUS-000028,2320,54343467
PLUS,PLUS-000029,2217,73913779
PLUS,PLUS-000030,1697,46260563
PLUS,PLUS-000031,1993,56678696
PLUS,PLUS-000032,1930,49311181
PLUS,PLUS-000033,2610,86599891
PLUS,PLUS-000034,2435,33875260
PLUS,PLUS-000035,916,63096404
PLUS,PLUS-000036,1613,21206698
PLUS,PLUS-000037,1766,21489788
PLUS,PLUS-000038,1358,39029725
PLUS,PLUS-000039,1709,16194289
PLUS,PLUS-000040,1711,83745996
PLUS,PLUS-000041,306,84262472
PLUS,PLUS-000042,2868,66255243
PLUS,PLUS-000043,302,38162314
PLUS,PLUS-000044,1591,12827313
PLUS,PLUS-000045,943,20854852
PLUS,PLUS-000046,1768,43402877
PLUS,PLUS-000047,2670,70463012
PLUS,PLUS-000048,51,23427820
PLUS,PLUS-000049,142,77571186
PLUS,PLUS-000050,2735,79932036
PLUS,PLUS-000051,2898,22425993
PLUS,PLUS-000052,100,73698335
PLUS,PLUS-000053,2013,16777558
PLUS,PLUS-000054,1497,80650431
PLUS,PLUS-000055,1195,92450997
PLUS,PLUS-000056,777,51964629
PLUS,PLUS-000057,2059,53699242
PLUS,PLUS-000058,1577,38703415
PLUS,PLUS-000059,427,41713949
PLUS,PLUS-000060,1482,93828732
PLUS,PLUS-000061,2606,90481646
PLUS,PLUS-000062,2093,34914143
PLUS,PLUS-000063,820,91335378
PLUS,PLUS-000064,244,41758221
PLUS,PLUS-000065,1755,85887403
PLUS,PLUS-000066,531,89453898
PLUS,PLUS-000067,1131,41208729
PLUS,PLUS-000068,2745,54952046
PLUS,PLUS-000069,1714,28067677
PLUS,PLUS-000070,69,11101134
PLUS,PLUS-000071,2042,59079312
PLUS,PLUS-000072,1004,53298009
PLUS,PLUS-000073,250,46278860
PLUS,PLUS-000074,2956,30039564
PLUS,PLUS-000075,1649,38844653
PLUS,PLUS-000076,50,84500200
PLUS,PLUS-000077,1077,73175517
PLUS,PLUS-000078,1098,90611355
PLUS,PLUS-000079,412,34219451
PLUS,PLUS-000080,1790,47438725
PLUS,PLUS-000081,2880,58624291
PLUS,PLUS-000082,1628,53043124
PLUS,PLUS-000083,2088,90233459
PLUS,PLUS-000084,2675,44296775
PLUS,PLUS-000085,1106,70104994
PLUS,PLUS-000086,660,47684709
PLUS,PLUS-000087,1230,74059068
PLUS,PLUS-000088,2126,88733055
PLUS,PLUS-000089,1779,94650751
PLUS,PLUS-000090,2535,91370652
PLUS,PLUS-000091,967,32723062
PLUS,PLUS-000092,2973,95115329
PLUS,PLUS-000093,2996,91989541
PLUS,PLUS-000094,1543,49345327
PLUS,PLUS-000095,2280,32907135
PLUS,PLUS-000096,237,48709538
PLUS,PLUS-000097,2654,78175036
PLUS,PLUS-000098,1094,96643468
PLUS,PLUS-000099,1210,37425725
PLUS,PLUS-000100,546,36911168
PLUS,PLUS-000101,1586,47334460
PLUS,PLUS-000102,1258,38292455
PLUS,PLUS-000103,2144,41665325
PLUS,PLUS-000104,2114,61144210
PLUS,PLUS-000105,2469,20835155
PLUS,PLUS-000106,2776,48309461
PLUS,PLUS-000107,491,46545801
PLUS,PLUS-000108,2778,56462427
PLUS,PLUS-000109,165,33392072
PLUS,PLUS-000110,1704,67742815
PLUS,PLUS-000111,1434,43800407
PLUS,PLUS-000112,740,97108374
PLUS,PLUS-000113,1383,78189543
PLUS,PLUS-000114,1154,90102255
PLUS,PLUS-000115,1616,10016145
PLUS,PLUS-000116,2917,82914021
PLUS,PLUS-000117,1562,41897383
PLUS,PLUS-000118,2955,28282183
PLUS,PLUS-000119,1813,39450832
PLUS,PLUS-000120,1341,28865768
PLUS,PLUS-000121,1692,62193650
PLUS,PLUS-000122,1359,98451307
PLUS,PLUS-000123,2385,27627784
PLUS,PLUS-000124,2914,98826024
PLUS,PLUS-000125,383,47117787
PLUS,PLUS-000126,1726,60455763
PLUS,PLUS-000127,1899,93415939
PLUS,PLUS-000128,2044,42400492
PLUS,PLUS-000129,167,88380820
PLUS,PLUS-000130,3,64914054
PLUS,PLUS-000131,2495,23756993
PLUS,PLUS-000132,2411,38554192
PLUS,PLUS-000133,425,76183001
PLUS,PLUS-000134,2069,58294486
PLUS,PLUS-000135,963,12135165
PLUS,PLUS-000136,2334,10853065
PLUS,PLUS-000137,1226,96025578
PLUS,PLUS-000138,2070,51940537
PLUS,PLUS-000139,221,68719406
PLUS,PLUS-000140,2239,74554953
PLUS,PLUS-000141,393,48785862
PLUS,PLUS-000142,2659,55049676
PLUS,PLUS-000143,114,40438156
PLUS,PLUS-000144,1494,78313344
PLUS,PLUS-000145,1636,75910139
PLUS,PLUS-000146,2274,20985043
PLUS,PLUS-000147,266,89646079
PLUS,PLUS-000148,402,70053039
PLUS,PLUS-000149,805,83362808
PLUS,PLUS-000150,350,89648700
PLUS,PLUS-000151,2828,54431754
PLUS,PLUS-000152,2600,79523642
PLUS,PLUS-000153,482,31958106
PLUS,PLUS-000154,1034,68833120
PLUS,PLUS-000155,2005,91037151
PLUS,PLUS-000156,1360,43091057
PLUS,PLUS-000157,2035,95667481
PLUS,PLUS-000158,2082,44831935
PLUS,PLUS-000159,1454,18037525
PLUS,PLUS-000160,2140,49707312
PLUS,PLUS-000161,333,40563463
PLUS,PLUS-000162,2840,57277284
PLUS,PLUS-000163,1472,71524281
PLUS,PLUS-000164,2844,79805302
PLUS,PLUS-000165,2241,51575089
PLUS,PLUS-000166,1194,60524625
PLUS,PLUS-000167,2788,69082766
PLUS,PLUS-000168,1822,69843840
PLUS,PLUS-000169,1095,46797799
PLUS,PLUS-000170,693,41523901
PLUS,PLUS-000171,1107,39398504
PLUS,PLUS-000172,1519,76739837
PLUS,PLUS-000173,2678,25952450
PLUS,PLUS-000174,1621,23330923
PLUS,PLUS-000175,2191,39096346
PLUS,PLUS-000176,77,62731823
PLUS,PLUS-000177,19,37868462
PLUS,PLUS-000178,1234,71631699
PLUS,PLUS-000179,2466,79509204
PLUS,PLUS-000180,2337,89627368
PLUS,PLUS-000181,2493,70081394
PLUS,PLUS-000182,1533,35849313
PLUS,PLUS-000183,1239,60267929
PLUS,PLUS-000184,102,61378412
PLUS,PLUS-000185,2132,38186515
PLUS,PLUS-000186,2476,63287172
PLUS,PLUS-000187,2232,18537725
PLUS,PLUS-000188,2112,60890181
PLUS,PLUS-000189,809,18158813
PLUS,PLUS-000190,2663,47628190
PLUS,PLUS-000191,2571,55562227
PLUS,PLUS-000192,1439,57560131
PLUS,PLUS-000193,2412,32280888
PLUS,PLUS-000194,2205,53558017
PLUS,PLUS-000195,1547,52459428
PLUS,PLUS-000196,2757,90824141
PLUS,PLUS-000197,1935,74318409
PLUS,PLUS-000198,1397,73841910
PLUS,PLUS-000199,1079,99543733
PLUS,PLUS-000200,752,18815479
PLUS,PLUS-000201,1299,49585077
PLUS,PLUS-000202,2904,79886887
PLUS,PLUS-000203,672,83206688
PLUS,PLUS-000204,2534,14305217
PLUS,PLUS-000205,2587,45488502
PLUS,PLUS-000206,1135,82978165
PLUS,PLUS-000207,630,20324372
PLUS,PLUS-000208,2770,78238599
PLUS,PLUS-000209,1723,67327320
PLUS,PLUS-000210,2702,46799123
PLUS,PLUS-000211,1857,77953970
PLUS,PLUS-000212,1217,22740257
PLUS,PLUS-000213,2536,50253181
PLUS,PLUS-000214,2450,84711718
PLUS,PLUS-000215,1600,40676127
PLUS,PLUS-000216,1878,68152649
PLUS,PLUS-000217,441,45545064
PLUS,PLUS-000218,775,17266411
PLUS,PLUS-000219,2307,14708370
PLUS,PLUS-000220,736,87112395
PLUS,PLUS-000221,1676,83018930
PLUS,PLUS-000222,2259,30513743
PLUS,PLUS-000223,2356,84379601
PLUS,PLUS-000224,2907,95347156
PLUS,PLUS-000225,611,50833796
PLUS,PLUS-000226,185,63709262
PLUS,PLUS-000227,2143,77177290
PLUS,PLUS-000228,1772,52112003
PLUS,PLUS-000229,925,75515175
PLUS,PLUS-000230,14,63415303
PLUS,PLUS-000231,1942,41071321
PLUS,PLUS-000232,1308,12770043
PLUS,PLUS-000233,207,24272571
PLUS,PLUS-000234,884,60850210
PLUS,PLUS-000235,2170,53771746
PLUS,PLUS-000236,2345,40540451
PLUS,PLUS-000237,2092,68353816
PLUS,PLUS-000238,1653,83676377
PLUS,PLUS-000239,1716,46419627
PLUS,PLUS-000240,565,62025032
PLUS,PLUS-000241,2629,96974887
PLUS,PLUS-000242,2460,36971737
PLUS,PLUS-000243,394,87420166
PLUS,PLUS-000244,1229,60671655
PLUS,PLUS-000245,1781,79325387
PLUS,PLUS-000246,2229,97024584
PLUS,PLUS-000247,45,48468887
PLUS,PLUS-000248,758,61944504
PLUS,PLUS-000249,2237,38410379
PLUS,PLUS-000250,2972,88091841
PLUS,PLUS-000251,2787,10341866
PLUS,PLUS-000252,751,19999329
PLUS,PLUS-000253,175,16531664
PLUS,PLUS-000254,299,10852813
PLUS,PLUS-000255,2881,92761466
PLUS,PLUS-000256,2895,30947020
PLUS,PLUS-000257,1149,51101764
PLUS,PLUS-000258,1000,77350535
PLUS,PLUS-000259,1996,14053301
PLUS,PLUS-000260,2738,36970791
PLUS,PLUS-000261,389,37402375
PLUS,PLUS-000262,1410,31168076
PLUS,PLUS-000263,1752,67735664
PLUS,PLUS-000264,848,45668220
PLUS,PLUS-000265,1211,42304973
PLUS,PLUS-000266,2284,15932500
PLUS,PLUS-000267,1334,84003335
PLUS,PLUS-000268,385,61617675
PLUS,PLUS-000269,2278,11083382
PLUS,PLUS-000270,2518,18178128
PLUS,PLUS-000271,84,79386491
PLUS,PLUS-000272,1762,29886386
PLUS,PLUS-000273,2482,78683307
PLUS,PLUS-000274,2386,86149917
PLUS,PLUS-000275,1847,74492536
PLUS,PLUS-000276,1712,94856640
PLUS,PLUS-000277,2613,37762436
PLUS,PLUS-000278,2983,93620256
PLUS,PLUS-000279,2568,38434784
PLUS,PLUS-000280,452,58537393
PLUS,PLUS-000281,749,67601447
PLUS,PLUS-000282,2283,76977281
PLUS,PLUS-000283,631,88536501
PLUS,PLUS-000284,563,65459928
PLUS,PLUS-000285,2812,14478997
PLUS,PLUS-000286,298,14306243
PLUS,PLUS-000287,68,60782359
PLUS,PLUS-000288,769,58573820
PLUS,PLUS-000289,861,34996513
PLUS,PLUS-000290,2882,58182841
PLUS,PLUS-000291,345,72505408
PLUS,PLUS-000292,695,31043077
PLUS,PLUS-000293,2358,87034382
PLUS,PLUS-000294,1325,66934872
PLUS,PLUS-000295,2700,86299547
PLUS,PLUS-000296,2638,97978959
PLUS,PLUS-000297,2906,42854392
PLUS,PLUS-000298,1418,30847169
PLUS,PLUS-000299,2897,46389263
PLUS,PLUS-000300,852,89714295
PLUS,PLUS-000301,124,32645646
PLUS,PLUS-000302,584,18524087
PLUS,PLUS-000303,2304,35431755
PLUS,PLUS-000304,977,29024449
PLUS,PLUS-000305,614,50827124
PLUS,PLUS-000306,549,83508869
PLUS,PLUS-000307,969,85127595
PLUS,PLUS-000308,487,42835306
PLUS,PLUS-000309,2594,18579673
PLUS,PLUS-000310,1322,86828416
PLUS,PLUS-000311,689,11099317
PLUS,PLUS-000312,227,70317901
PLUS,PLUS-000313,213,96791517
PLUS,PLUS-000314,2115,13145430
PLUS,PLUS-000315,2875,66772359
PLUS,PLUS-000316,1552,47248849
PLUS,PLUS-000317,876,31914709
PLUS,PLUS-000318,486,74220011
PLUS,PLUS-000319,554,83691032
PLUS,PLUS-000320,734,44845000
PLUS,PLUS-000321,2480,68361406
PLUS,PLUS-000322,548,93403051
PLUS,PLUS-000323,2083,41891276
PLUS,PLUS-000324,2779,13680680
PLUS,PLUS-000325,683,11502307
PLUS,PLUS-000326,817,67937221
PLUS,PLUS-000327,428,25457874
PLUS,PLUS-000328,1948,43296039
PLUS,PLUS-000329,173,18958209
PLUS,PLUS-000330,1204,73156467
PLUS,PLUS-000331,2001,69686509
PLUS,PLUS-000332,2982,20135745
PLUS,PLUS-000333,468,87525372
PLUS,PLUS-000334,1388,49514786
PLUS,PLUS-000335,2641,31883041
PLUS,PLUS-000336,2041,68606757
PLUS,PLUS-000337,1744,58066313
PLUS,PLUS-000338,42,90524080
PLUS,PLUS-000339,1804,11123267
PLUS,PLUS-000340,2010,95190598
PLUS,PLUS-000341,2455,60556251
PLUS,PLUS-000342,830,64643199
PLUS,PLUS-000343,1163,32894591
PLUS,PLUS-000344,680,51570260
PLUS,PLUS-000345,2697,36397799
PLUS,PLUS-000346,1598,69193036
PLUS,PLUS-000347,485,14665196
PLUS,PLUS-000348,1690,24131536
PLUS,PLUS-000349,1063,53300586
PLUS,PLUS-000350,1627,75817532
PLUS,PLUS-000351,368,54044033
PLUS,PLUS-000352,451,14456047
PLUS,PLUS-000353,1546,45152963
PLUS,PLUS-000354,2926,88619356
PLUS,PLUS-000355,1470,61696348
PLUS,PLUS-000356,226,22343983
PLUS,PLUS-000357,2533,77699065
PLUS,PLUS-000358,1588,27375659
PLUS,PLUS-000359,2501,46793365
PLUS,PLUS-000360,1413,72169894
PLUS,PLUS-000361,2390,64730253
PLUS,PLUS-000362,2842,63685963
PLUS,PLUS-000363,1684,80313876
PLUS,PLUS-000364,76,74764506
PLUS,PLUS-000365,787,79211878
PLUS,PLUS-000366,2286,54422964
PLUS,PLUS-000367,2276,41322466
PLUS,PLUS-000368,833,32493148
PLUS,PLUS-000369,2578,84618453
PLUS,PLUS-000370,2407,40705520
PLUS,PLUS-000371,2404,65413506
PLUS,PLUS-000372,1295,15686390
PLUS,PLUS-000373,748,52097153
PLUS,PLUS-000374,1214,31034531
PLUS,PLUS-000375,2486,17082790
PLUS,PLUS-000376,1190,40564080
PLUS,PLUS-000377,2761,29263249
PLUS,PLUS-000378,215,62027391
PLUS,PLUS-000379,2829,70680846
PLUS,PLUS-000380,2710,75343668
PLUS,PLUS-000381,2046,82239027
PLUS,PLUS-000382,1375,49320205
PLUS,PLUS-000383,1333,12421892
PLUS,PLUS-000384,28,86703472
PLUS,PLUS-000385,2706,39783273
PLUS,PLUS-000386,2169,38710184
PLUS,PLUS-000387,2400,31800010
PLUS,PLUS-000388,853,83927501
PLUS,PLUS-000389,2824,18153331
PLUS,PLUS-000390,918,10209894
PLUS,PLUS-000391,2639,29821491
PLUS,PLUS-000392,2335,25725946
PLUS,PLUS-000393,257,70249712
PLUS,PLUS-000394,1810,37921512
PLUS,PLUS-000395,248,57216333
PLUS,PLUS-000396,562,33630872
PLUS,PLUS-000397,2138,34827279
PLUS,PLUS-000398,1460,40299882
PLUS,PLUS-000399,819,49075648
PLUS,PLUS-000400,2153,14484757
PLUS,PLUS-000401,1581,16952045
PLUS,PLUS-000402,1977,40718118
PLUS,PLUS-000403,959,85899286
PLUS,PLUS-000404,1050,95121229
PLUS,PLUS-000405,1411,41424136
PLUS,PLUS-000406,2124,90677906
PLUS,PLUS-000407,632,22587924
PLUS,PLUS-000408,1791,99548878
PLUS,PLUS-000409,1754,56659686
PLUS,PLUS-000410,1344,69444048
PLUS,PLUS-000411,2950,25610550
PLUS,PLUS-000412,654,72365495
PLUS,PLUS-000413,1670,62900471
PLUS,PLUS-000414,1875,10502052
PLUS,PLUS-000415,1835,34678331
PLUS,PLUS-000416,456,99716761
PLUS,PLUS-000417,490,71791460
PLUS,PLUS-000418,1650,49822568
PLUS,PLUS-000419,2180,24219003
PLUS,PLUS-000420,133,94738725
PLUS,PLUS-000421,1535,47549647
PLUS,PLUS-000422,2944,35444694
PLUS,PLUS-000423,663,70875238
PLUS,PLUS-000424,783,47309803
PLUS,PLUS-000425,196,84378065
PLUS,PLUS-000426,169,30036175
PLUS,PLUS-000427,1952,87881429
PLUS,PLUS-000428,2869,89761155
PLUS,PLUS-000429,650,49761155
PLUS,PLUS-000430,2590,64002855
PLUS,PLUS-000431,2915,97499117
PLUS,PLUS-000432,1894,97540265
PLUS,PLUS-000433,2709,72895019
PLUS,PLUS-000434,1825,45151432
PLUS,PLUS-000435,439,41291228
PLUS,PLUS-000436,982,61440401
PLUS,PLUS-000437,646,19711151
PLUS,PLUS-000438,1492,48333001
PLUS,PLUS-000439,2674,15843117
PLUS,PLUS-000440,1331,18175303
PLUS,PLUS-000441,44,78759020
PLUS,PLUS-000442,2325,24069919
PLUS,PLUS-000443,1564,26195804
PLUS,PLUS-000444,533,32395401
PLUS,PLUS-000445,1430,60968569
PLUS,PLUS-000446,2838,43903002
PLUS,PLUS-000447,2852,79630194
PLUS,PLUS-000448,489,31246090
PLUS,PLUS-000449,1665,95120667
PLUS,PLUS-000450,2775,49953071
PLUS,PLUS-000451,1320,70344473
PLUS,PLUS-000452,2172,10036839
PLUS,PLUS-000453,1132,83470479
PLUS,PLUS-000454,2277,50615055
PLUS,PLUS-000455,2391,56624300
PLUS,PLUS-000456,1783,24277696
PLUS,PLUS-000457,1833,70640795
PLUS,PLUS-000458,1944,12871038
PLUS,PLUS-000459,150,57576607
PLUS,PLUS-000460,2438,89161407
PLUS,PLUS-000461,1870,26410285
PLUS,PLUS-000462,2889,30454694
PLUS,PLUS-000463,202,89042306
PLUS,PLUS-000464,2611,65632441
PLUS,PLUS-000465,1416,61901085
PLUS,PLUS-000466,2192,68997676
PLUS,PLUS-000467,1236,30858205
PLUS,PLUS-000468,1309,67858606
PLUS,PLUS-000469,1292,27369493
PLUS,PLUS-000470,1067,42180102
PLUS,PLUS-000471,2589,23342241
PLUS,PLUS-000472,1313,69580659
PLUS,PLUS-000473,1967,65854454
PLUS,PLUS-000474,2714,45474823
PLUS,PLUS-000475,2546,15850065
PLUS,PLUS-000476,1626,33231328
PLUS,PLUS-000477,2681,79177210
PLUS,PLUS-000478,338,91170992
PLUS,PLUS-000479,1450,68239787
PLUS,PLUS-000480,81,66013532
PLUS,PLUS-000481,814,52139442
PLUS,PLUS-000482,2479,67104460
PLUS,PLUS-000483,2039,77636701
PLUS,PLUS-000484,2317,81833417
PLUS,PLUS-000485,1728,89541250
PLUS,PLUS-000486,218,58518736
PLUS,PLUS-000487,810,85272184
PLUS,PLUS-000488,1401,42093745
PLUS,PLUS-000489,1076,13588414
PLUS,PLUS-000490,2090,78479889
PLUS,PLUS-000491,519,89984645
PLUS,PLUS-000492,1872,43539303
PLUS,PLUS-000493,1671,23337370
PLUS,PLUS-000494,2084,26497914
PLUS,PLUS-000495,71,43382936
PLUS,PLUS-000496,1802,80854964
PLUS,PLUS-000497,2989,37949530
PLUS,PLUS-000498,772,64047337
PLUS,PLUS-000499,2234,21860851
PLUS,PLUS-000500,1276,97521058
PLUS,PLUS-000501,968,67612764
PLUS,PLUS-000502,1603,21872464
PLUS,PLUS-000503,2316,54352810
PLUS,PLUS-000504,2147,23657675
PLUS,PLUS-000505,2135,23384713
PLUS,PLUS-000506,1118,97016569
PLUS,PLUS-000507,1742,14737076
PLUS,PLUS-000508,2749,90836216
PLUS,PLUS-000509,1858,62880140
PLUS,PLUS-000510,2434,42454583
PLUS,PLUS-000511,2285,21276223
PLUS,PLUS-000512,1224,88071161
PLUS,PLUS-000513,2580,59887499
PLUS,PLUS-000514,715,71113260
PLUS,PLUS-000515,1081,77804320
PLUS,PLUS-000516,2426,65673607
PLUS,PLUS-000517,1253,73374043
PLUS,PLUS-000518,655,82910006
PLUS,PLUS-000519,1915,83846845
PLUS,PLUS-000520,2762,95705986
PLUS,PLUS-000521,615,87169073
PLUS,PLUS-000522,1987,48373096
PLUS,PLUS-000523,2089,57297700
PLUS,PLUS-000524,449,32095445
PLUS,PLUS-000525,2130,29687397
PLUS,PLUS-000526,1750,25264369
PLUS,PLUS-000527,106,32555403
PLUS,PLUS-000528,1583,11951278
PLUS,PLUS-000529,2891,44734935
PLUS,PLUS-000530,1655,30138834
PLUS,PLUS-000531,1219,58765052
PLUS,PLUS-000532,1575,45616644
PLUS,PLUS-000533,780,60857535
PLUS,PLUS-000534,27,98723294
PLUS,PLUS-000535,382,62135687
PLUS,PLUS-000536,799,52582456
PLUS,PLUS-000537,93,54335867
PLUS,PLUS-000538,1805,30528733
PLUS,PLUS-000539,1451,31183862
PLUS,PLUS-000540,2713,58456843
PLUS,PLUS-000541,2951,62346547
PLUS,PLUS-000542,778,62444122
PLUS,PLUS-000543,1721,71814219
PLUS,PLUS-000544,658,62654955
PLUS,PLUS-000545,2303,27554482
PLUS,PLUS-000546,2467,34282303
PLUS,PLUS-000547,1385,85306558
PLUS,PLUS-000548,571,10996386
PLUS,PLUS-000549,2266,65001524
PLUS,PLUS-000550,714,12913715
PLUS,PLUS-000551,2321,80202733
PLUS,PLUS-000552,2978,66844852
PLUS,PLUS-000553,16,58852098
PLUS,PLUS-000554,1143,40695523
PLUS,PLUS-000555,865,42482494
PLUS,PLUS-000556,1274,87636397
PLUS,PLUS-000557,339,71195665
PLUS,PLUS-000558,386,67022224
PLUS,PLUS-000559,1758,24044274
PLUS,PLUS-000560,2750,21056868
PLUS,PLUS-000561,743,72054715
PLUS,PLUS-000562,1301,17334310
PLUS,PLUS-000563,1920,97518125
PLUS,PLUS-000564,1255,31121184
PLUS,PLUS-000565,2242,12952658
PLUS,PLUS-000566,671,79250561
PLUS,PLUS-000567,1597,75525207
PLUS,PLUS-000568,2462,17773636
PLUS,PLUS-000569,2098,74594778
PLUS,PLUS-000570,881,27028924
PLUS,PLUS-000571,157,38555376
PLUS,PLUS-000572,1871,74964934
PLUS,PLUS-000573,1918,17000794
PLUS,PLUS-000574,1164,55238218
PLUS,PLUS-000575,1493,92850903
PLUS,PLUS-000576,25,57040785
PLUS,PLUS-000577,622,58561828
PLUS,PLUS-000578,1075,60048429
PLUS,PLUS-000579,55,28082355
PLUS,PLUS-000580,282,91786040
PLUS,PLUS-000581,2393,57887366
PLUS,PLUS-000582,2056,42659117
PLUS,PLUS-000583,1608,58798639
PLUS,PLUS-000584,2173,33218937
PLUS,PLUS-000585,721,47767869
PLUS,PLUS-000586,1682,44078615
PLUS,PLUS-000587,495,56673900
PLUS,PLUS-000588,130,45827376
PLUS,PLUS-000589,323,69327432
PLUS,PLUS-000590,437,43318451
PLUS,PLUS-000591,483,14881035
PLUS,PLUS-000592,2418,94515323
PLUS,PLUS-000593,1476,28774471
PLUS,PLUS-000594,1330,96207549
PLUS,PLUS-000595,1843,43067977
PLUS,PLUS-000596,1381,19068973
PLUS,PLUS-000597,647,28150476
PLUS,PLUS-000598,159,91339562
PLUS,PLUS-000599,770,64427645
PLUS,PLUS-000600,1377,60493921
PLUS,PLUS-000601,2440,65243280
PLUS,PLUS-000602,2352,57509988
PLUS,PLUS-000603,1963,73575916
PLUS,PLUS-000604,2634,92434730
PLUS,PLUS-000605,7,96605343
PLUS,PLUS-000606,2369,10455925
PLUS,PLUS-000607,2599,20525655
PLUS,PLUS-000608,2299,77569898
PLUS,PLUS-000609,2367,68083241
PLUS,PLUS-000610,2421,60721412
PLUS,PLUS-000611,31,26625933
PLUS,PLUS-000612,2183,47532758
PLUS,PLUS-000613,2318,24569958
PLUS,PLUS-000614,2403,70404159
PLUS,PLUS-000615,99,45064728
PLUS,PLUS-000616,585,16953155
PLUS,PLUS-000617,182,21928391
PLUS,PLUS-000618,2458,28785946
PLUS,PLUS-000619,1316,58389938
PLUS,PLUS-000620,2755,58437433
PLUS,PLUS-000621,2931,34179644
PLUS,PLUS-000622,43,71389561
PLUS,PLUS-000623,2701,90316913
PLUS,PLUS-000624,598,83012855
PLUS,PLUS-000625,613,98830506
PLUS,PLUS-000626,1850,23136524
PLUS,PLUS-000627,1414,89868447
PLUS,PLUS-000628,2934,26128324
PLUS,PLUS-000629,2431,35144726
PLUS,PLUS-000630,964,87640642
PLUS,PLUS-000631,6,45212476
PLUS,PLUS-000632,1539,78572190
PLUS,PLUS-000633,236,29850853
PLUS,PLUS-000634,808,69715793
PLUS,PLUS-000635,2729,97146005
PLUS,PLUS-000636,178,65686049
PLUS,PLUS-000637,2243,88335630
PLUS,PLUS-000638,1250,59587404
PLUS,PLUS-000639,826,57712356
PLUS,PLUS-000640,507,17850078
PLUS,PLUS-000641,1392,35767377
PLUS,PLUS-000642,2884,97764898
PLUS,PLUS-000643,2381,82568847
PLUS,PLUS-000644,2086,99582601
PLUS,PLUS-000645,2905,69200912
PLUS,PLUS-000646,343,54819596
PLUS,PLUS-000647,1376,44182277
PLUS,PLUS-000648,2416,28443910
PLUS,PLUS-000649,582,53305731
PLUS,PLUS-000650,821,66941236
PLUS,PLUS-000651,1025,50468810
PLUS,PLUS-000652,555,43005188
PLUS,PLUS-000653,2336,15513078
PLUS,PLUS-000654,987,69866120
PLUS,PLUS-000655,2164,15804102
PLUS,PLUS-000656,694,84219322
PLUS,PLUS-000657,1949,14817439
PLUS,PLUS-000658,2309,91140766
PLUS,PLUS-000659,1365,11978622
PLUS,PLUS-000660,1852,79891321
PLUS,PLUS-000661,1108,66021490
PLUS,PLUS-000662,2768,62879989
PLUS,PLUS-000663,2657,25814390
PLUS,PLUS-000664,2893,28732359
PLUS,PLUS-000665,1689,58008794
PLUS,PLUS-000666,1010,90224792
PLUS,PLUS-000667,2201,82592759
PLUS,PLUS-000668,899,45214814
PLUS,PLUS-000669,399,65768929
PLUS,PLUS-000670,2672,74434188
PLUS,PLUS-000671,2623,92229647
PLUS,PLUS-000672,2693,92747419
PLUS,PLUS-000673,1807,33608547
PLUS,PLUS-000674,2261,32662280
PLUS,PLUS-000675,2680,40214458
PLUS,PLUS-000676,2999,48312600
PLUS,PLUS-000677,922,69372702
PLUS,PLUS-000678,1576,74377393
PLUS,PLUS-000679,1555,75916227
PLUS,PLUS-000680,216,97280725
PLUS,PLUS-000681,759,49734257
PLUS,PLUS-000682,1937,10859190
PLUS,PLUS-000683,472,25041051
PLUS,PLUS-000684,1361,34921334
PLUS,PLUS-000685,286,54836082
PLUS,PLUS-000686,2843,90268486
PLUS,PLUS-000687,2095,24775883
PLUS,PLUS-000688,2253,84965763
PLUS,PLUS-000689,2011,82794055
PLUS,PLUS-000690,2883,10401966
PLUS,PLUS-000691,66,83609531
PLUS,PLUS-000692,443,50545587
PLUS,PLUS-000693,1115,88105918
PLUS,PLUS-000694,2694,27879065
PLUS,PLUS-000695,1666,65580224
PLUS,PLUS-000696,2028,93462304
PLUS,PLUS-000697,651,65277579
PLUS,PLUS-000698,2160,62089071
PLUS,PLUS-000699,1012,53225813
PLUS,PLUS-000700,1213,15707233
PLUS,PLUS-000701,2717,16882306
PLUS,PLUS-000702,1172,42904667
PLUS,PLUS-000703,976,99571805
PLUS,PLUS-000704,906,26634072
PLUS,PLUS-000705,2014,18206879
PLUS,PLUS-000706,2773,46243299
PLUS,PLUS-000707,415,41874244
PLUS,PLUS-000708,699,51105057
PLUS,PLUS-000709,986,90267569
PLUS,PLUS-000710,541,64130831
PLUS,PLUS-000711,2346,78053602
PLUS,PLUS-000712,1237,23646357
PLUS,PLUS-000713,2573,52846556
PLUS,PLUS-000714,477,32451247
PLUS,PLUS-000715,2517,63539335
PLUS,PLUS-000716,480,53365278
PLUS,PLUS-000717,448,22388317
PLUS,PLUS-000718,2683,98996499
PLUS,PLUS-000719,329,58638387
PLUS,PLUS-000720,950,14109890
PLUS,PLUS-000721,1045,35395354
PLUS,PLUS-000722,240,72117013
PLUS,PLUS-000723,2077,76679708
PLUS,PLUS-000724,2199,30546143
PLUS,PLUS-000725,152,15406577
PLUS,PLUS-000726,1680,29846665
PLUS,PLUS-000727,1874,24013159
PLUS,PLUS-000728,2252,56590046
PLUS,PLUS-000729,2136,35045820
PLUS,PLUS-000730,1304,14273658
PLUS,PLUS-000731,755,21336167
PLUS,PLUS-000732,2782,92108031
PLUS,PLUS-000733,1264,86456040
PLUS,PLUS-000734,294,52951801
PLUS,PLUS-000735,2248,22100825
PLUS,PLUS-000736,2351,71744706
PLUS,PLUS-000737,1306,32959320
PLUS,PLUS-000738,86,16565770
PLUS,PLUS-000739,82,92138779
PLUS,PLUS-000740,2771,16027748
PLUS,PLUS-000741,62,75874779
PLUS,PLUS-000742,1296,41445855
PLUS,PLUS-000743,395,80910084
PLUS,PLUS-000744,2339,81688074
PLUS,PLUS-000745,2910,67385857
PLUS,PLUS-000746,1780,69114124
PLUS,PLUS-000747,2489,98275197
PLUS,PLUS-000748,204,44740194
PLUS,PLUS-000749,1058,50880085
PLUS,PLUS-000750,1699,48462628
PLUS,PLUS-000751,2273,10377208
PLUS,PLUS-000752,1606,82592239
PLUS,PLUS-000753,40,11658959
PLUS,PLUS-000754,591,68227454
PLUS,PLUS-000755,897,15757856
PLUS,PLUS-000756,2064,77158078
PLUS,PLUS-000757,2256,96688443
PLUS,PLUS-000758,2547,94535808
PLUS,PLUS-000759,22,31424479
PLUS,PLUS-000760,1732,41635154
PLUS,PLUS-000761,2743,61335115
PLUS,PLUS-000762,17,85672859
PLUS,PLUS-000763,1288,40291145
PLUS,PLUS-000764,2896,55239722
PLUS,PLUS-000765,2034,22303040
PLUS,PLUS-000766,2563,28699996
PLUS,PLUS-000767,1286,27409552
PLUS,PLUS-000768,1228,11851426
PLUS,PLUS-000769,924,40061384
PLUS,PLUS-000770,1906,95394210
PLUS,PLUS-000771,687,76577067
PLUS,PLUS-000772,673,37448673
PLUS,PLUS-000773,1448,90237609
PLUS,PLUS-000774,367,67299090
PLUS,PLUS-000775,2642,45144127
PLUS,PLUS-000776,526,87368164
PLUS,PLUS-000777,1282,31948898
PLUS,PLUS-000778,2177,16481532
PLUS,PLUS-000779,2008,94457909
PLUS,PLUS-000780,1734,54004149
PLUS,PLUS-000781,2540,19607241
PLUS,PLUS-000782,568,46167085
PLUS,PLUS-000783,2968,40158481
PLUS,PLUS-000784,2292,87423293
PLUS,PLUS-000785,1983,75317756
PLUS,PLUS-000786,2800,97956703
PLUS,PLUS-000787,894,34546715
PLUS,PLUS-000788,1417,94997392
PLUS,PLUS-000789,601,42733135
PLUS,PLUS-000790,667,30946019
PLUS,PLUS-000791,1300,68829924
PLUS,PLUS-000792,2763,46428687
PLUS,PLUS-000793,2615,56421468
PLUS,PLUS-000794,2207,52977271
PLUS,PLUS-000795,2152,87804495
PLUS,PLUS-000796,2478,14874387
PLUS,PLUS-000797,2783,76510566
PLUS,PLUS-000798,681,71587674
PLUS,PLUS-000799,318,26144121
PLUS,PLUS-000800,1648,15276122
PLUS,PLUS-000801,722,56091075
PLUS,PLUS-000802,2821,90921574
PLUS,PLUS-000803,1610,19250084
PLUS,PLUS-000804,1419,92509986
PLUS,PLUS-000805,1155,49071526
PLUS,PLUS-000806,1090,91651740
PLUS,PLUS-000807,2608,52137942
PLUS,PLUS-000808,1065,51877379
PLUS,PLUS-000809,997,70692728
PLUS,PLUS-000810,2938,92227443
PLUS,PLUS-000811,828,47586447
PLUS,PLUS-000812,2103,60148340
PLUS,PLUS-000813,2185,40563798
PLUS,PLUS-000814,1254,37852975
PLUS,PLUS-000815,1537,75959809
PLUS,PLUS-000816,1355,36358707
PLUS,PLUS-000817,1656,47959633
PLUS,PLUS-000818,875,18519119
PLUS,PLUS-000819,1083,30842471
PLUS,PLUS-000820,1623,10978095
PLUS,PLUS-000821,187,61028923
PLUS,PLUS-000822,1184,43030672
PLUS,PLUS-000823,2967,15838870
PLUS,PLUS-000824,2311,39924449
PLUS,PLUS-000825,537,42867023
PLUS,PLUS-000826,1992,76161613
PLUS,PLUS-000827,1873,47675950
PLUS,PLUS-000828,2111,20969370
PLUS,PLUS-000829,1686,52939958
PLUS,PLUS-000830,901,64286033
PLUS,PLUS-000831,1281,93443712
PLUS,PLUS-000832,684,13306687
PLUS,PLUS-000833,593,75025705
PLUS,PLUS-000834,1688,26773207
PLUS,PLUS-000835,829,44625815
PLUS,PLUS-000836,1777,25554265
PLUS,PLUS-000837,176,12012537
PLUS,PLUS-000838,1956,94989716
PLUS,PLUS-000839,974,68670156
PLUS,PLUS-000840,2142,79865892
PLUS,PLUS-000841,1205,53764429
PLUS,PLUS-000842,297,98676416
PLUS,PLUS-000843,678,61987708
PLUS,PLUS-000844,331,45109738
PLUS,PLUS-000845,2226,87999861
PLUS,PLUS-000846,2598,80075544
PLUS,PLUS-000847,1175,15976187
PLUS,PLUS-000848,662,62451159
PLUS,PLUS-000849,570,24212949
PLUS,PLUS-000850,2182,98061208
PLUS,PLUS-000851,1966,37423498
PLUS,PLUS-000852,2456,71492746
PLUS,PLUS-000853,136,41606345
PLUS,PLUS-000854,1488,56509909
PLUS,PLUS-000855,262,75655873
PLUS,PLUS-000856,2839,48019794
PLUS,PLUS-000857,966,26272372
PLUS,PLUS-000858,2296,17050138
PLUS,PLUS-000859,1110,26492810
PLUS,PLUS-000860,2272,29405087
PLUS,PLUS-000861,108,82123324
PLUS,PLUS-000862,2725,45346366
PLUS,PLUS-000863,149,64215650
PLUS,PLUS-000864,2792,14740156
PLUS,PLUS-000865,2720,37519951
PLUS,PLUS-000866,1047,50004437
PLUS,PLUS-000867,1246,64124001
PLUS,PLUS-000868,1070,22721215
PLUS,PLUS-000869,78,25103503
PLUS,PLUS-000870,2499,43247799
PLUS,PLUS-000871,2832,74176576
PLUS,PLUS-000872,1991,28896219
PLUS,PLUS-000873,1761,86938012
PLUS,PLUS-000874,406,42292892
PLUS,PLUS-000875,2933,44656852
PLUS,PLUS-000876,1528,77465708
PLUS,PLUS-000877,1421,29600614
PLUS,PLUS-000878,2097,85642637
PLUS,PLUS-000879,131,64627534
PLUS,PLUS-000880,633,57876025
PLUS,PLUS-000881,2392,84430500
PLUS,PLUS-000882,2841,13619039
PLUS,PLUS-000883,2514,77926594
PLUS,PLUS-000884,328,88309134
PLUS,PLUS-000885,1500,33179292
PLUS,PLUS-000886,1954,30833313
PLUS,PLUS-000887,1558,68964116
PLUS,PLUS-000888,2723,64178031
PLUS,PLUS-000889,447,95031405
PLUS,PLUS-000890,2559,22358164
PLUS,PLUS-000891,2577,88153810
PLUS,PLUS-000892,2781,49379157
PLUS,PLUS-000893,2061,72002380
PLUS,PLUS-000894,112,97112459
PLUS,PLUS-000895,2522,85251775
PLUS,PLUS-000896,2927,57019856
PLUS,PLUS-000897,1415,76805175
PLUS,PLUS-000898,2602,79521092
PLUS,PLUS-000899,2985,76738801
PLUS,PLUS-000900,1002,46663600
PLUS,PLUS-000901,557,75845066
PLUS,PLUS-000902,724,12251618
PLUS,PLUS-000903,2555,38920897
PLUS,PLUS-000904,832,20724650
PLUS,PLUS-000905,558,68402385
PLUS,PLUS-000906,1087,72051615
PLUS,PLUS-000907,1897,60635121
PLUS,PLUS-000908,127,98750131
PLUS,PLUS-000909,2238,32638266
PLUS,PLUS-000910,1593,78320452
PLUS,PLUS-000911,692,65798756
PLUS,PLUS-000912,1720,19777233
PLUS,PLUS-000913,401,61846177
PLUS,PLUS-000914,1645,14688586
PLUS,PLUS-000915,825,86964296
PLUS,PLUS-000916,2099,29206813
PLUS,PLUS-000917,1961,74287218
PLUS,PLUS-000918,1859,29942284
PLUS,PLUS-000919,1208,88931606
PLUS,PLUS-000920,1019,71222108
PLUS,PLUS-000921,888,10500877
PLUS,PLUS-000922,163,78870570
PLUS,PLUS-000923,2002,44086060
PLUS,PLUS-000924,2401,82957881
PLUS,PLUS-000925,2685,73369617
PLUS,PLUS-000926,2699,55252973
PLUS,PLUS-000927,2378,89797435
PLUS,PLUS-000928,1445,76703346
PLUS,PLUS-000929,316,76434426
PLUS,PLUS-000930,2189,25228744
PLUS,PLUS-000931,2432,67401265
PLUS,PLUS-000932,2116,74547148
PLUS,PLUS-000933,879,82496804
PLUS,PLUS-000934,2107,72768816
PLUS,PLUS-000935,387,81803895
PLUS,PLUS-000936,2936,78060314
PLUS,PLUS-000937,1178,56029251
PLUS,PLUS-000938,2323,25119448
PLUS,PLUS-000939,941,77002394
PLUS,PLUS-000940,2402,56675977
PLUS,PLUS-000941,404,49517947
PLUS,PLUS-000942,2165,71236550
PLUS,PLUS-000943,2166,17760673
PLUS,PLUS-000944,831,76042903
PLUS,PLUS-000945,2384,11630877
PLUS,PLUS-000946,103,54269149
PLUS,PLUS-000947,2601,73339433
PLUS,PLUS-000948,2397,66364654
PLUS,PLUS-000949,2281,41394539
PLUS,PLUS-000950,252,69566993
PLUS,PLUS-000951,2327,67304369
PLUS,PLUS-000952,361,90410541
PLUS,PLUS-000953,857,29918252
PLUS,PLUS-000954,2728,29969152
PLUS,PLUS-000955,840,93612431
PLUS,PLUS-000956,1685,86830303
PLUS,PLUS-000957,1817,91542980
PLUS,PLUS-000958,560,73872605
PLUS,PLUS-000959,1746,27032738
PLUS,PLUS-000960,1985,36738225
PLUS,PLUS-000961,271,36284674
PLUS,PLUS-000962,1763,49905391
PLUS,PLUS-000963,32,50998106
PLUS,PLUS-000964,1496,80629700
PLUS,PLUS-000965,1658,97371709
PLUS,PLUS-000966,2690,52538666
PLUS,PLUS-000967,738,38852315
PLUS,PLUS-000968,2867,48662280
PLUS,PLUS-000969,1760,13083690
PLUS,PLUS-000970,463,39766678
PLUS,PLUS-000971,1971,18612304
PLUS,PLUS-000972,139,62904575
PLUS,PLUS-000973,1838,46069270
PLUS,PLUS-000974,1909,97606127
PLUS,PLUS-000975,1844,79553479
PLUS,PLUS-000976,1368,42123671
PLUS,PLUS-000977,442,69750285
PLUS,PLUS-000978,1294,99726004
PLUS,PLUS-000979,2395,50553589
PLUS,PLUS-000980,532,14713027
PLUS,PLUS-000981,2789,37715114
PLUS,PLUS-000982,1882,81569760
PLUS,PLUS-000983,2215,47912030
PLUS,PLUS-000984,511,30448683
PLUS,PLUS-000985,2798,89951297
PLUS,PLUS-000986,1459,24504338
PLUS,PLUS-000987,111,64406548
PLUS,PLUS-000988,104,50113698
PLUS,PLUS-000989,707,55868421
PLUS,PLUS-000990,2442,55595912
PLUS,PLUS-000991,854,95510088
PLUS,PLUS-000992,2538,75796428
PLUS,PLUS-000993,2746,89064828
PLUS,PLUS-000994,2916,80508307
PLUS,PLUS-000995,143,90783964
PLUS,PLUS-000996,1984,62543403
PLUS,PLUS-000997,2250,15200255
PLUS,PLUS-000998,107,92147935
PLUS,PLUS-000999,1518,90632613
PLUS,PLUS-001000,1433,71859648
PLUS,PLUS-001001,664,46881809
PLUS,PLUS-001002,1938,34471441
PLUS,PLUS-001003,429,36568577
PLUS,PLUS-001004,659,50543196
PLUS,PLUS-001005,421,37392666
PLUS,PLUS-001006,2579,22087678
PLUS,PLUS-001007,1809,24790853
PLUS,PLUS-001008,2073,12429893
PLUS,PLUS-001009,1429,46365564
PLUS,PLUS-001010,2811,77285702
PLUS,PLUS-001011,2848,48493281
PLUS,PLUS-001012,1093,25475831
PLUS,PLUS-001013,2863,87754278
PLUS,PLUS-001014,2424,43363652
PLUS,PLUS-001015,1342,60968846
PLUS,PLUS-001016,2953,59359775
PLUS,PLUS-001017,370,14386856
PLUS,PLUS-001018,2433,58052871
PLUS,PLUS-001019,795,97033089
PLUS,PLUS-001020,2306,62090372
PLUS,PLUS-001021,2795,40070581
PLUS,PLUS-001022,418,38210669
PLUS,PLUS-001023,1793,34335725
PLUS,PLUS-001024,2873,38834086
PLUS,PLUS-001025,476,59243476
PLUS,PLUS-001026,2027,19502237
PLUS,PLUS-001027,1925,91749555
PLUS,PLUS-001028,1348,42528171
PLUS,PLUS-001029,2233,57584677
PLUS,PLUS-001030,2437,55583827
PLUS,PLUS-001031,624,12267498
PLUS,PLUS-001032,1136,81798741
PLUS,PLUS-001033,1442,75890329
PLUS,PLUS-001034,2131,48406527
PLUS,PLUS-001035,1735,99849459
PLUS,PLUS-001036,166,88829544
PLUS,PLUS-001037,1520,49059332
PLUS,PLUS-001038,1396,70098447
PLUS,PLUS-001039,610,48164274
PLUS,PLUS-001040,2537,42008485
PLUS,PLUS-001041,1624,43415626
PLUS,PLUS-001042,1505,79218993
PLUS,PLUS-001043,2003,26692837
PLUS,PLUS-001044,550,88753507
PLUS,PLUS-001045,1173,91699111
PLUS,PLUS-001046,2957,79872246
PLUS,PLUS-001047,1105,39652877
PLUS,PLUS-001048,1574,82987126
PLUS,PLUS-001049,1891,80822714
PLUS,PLUS-001050,1618,75413577
PLUS,PLUS-001051,1373,12648580
PLUS,PLUS-001052,478,42134668
PLUS,PLUS-001053,2047,25012106
PLUS,PLUS-001054,2984,41979317
PLUS,PLUS-001055,701,36252609
PLUS,PLUS-001056,446,46771858
PLUS,PLUS-001057,1186,80973199
PLUS,PLUS-001058,459,31839746
PLUS,PLUS-001059,2833,41531880
PLUS,PLUS-001060,1821,77431786
PLUS,PLUS-001061,1715,14443293
PLUS,PLUS-001062,1035,87753029
PLUS,PLUS-001063,1725,25226934
PLUS,PLUS-001064,670,46834775
PLUS,PLUS-001065,1259,71623610
PLUS,PLUS-001066,1958,23582811
PLUS,PLUS-001067,460,55925432
PLUS,PLUS-001068,2445,15776720
PLUS,PLUS-001069,1819,89520411
PLUS,PLUS-001070,1328,64156562
PLUS,PLUS-001071,2360,82003695
PLUS,PLUS-001072,2300,72734318
PLUS,PLUS-001073,2715,76597184
PLUS,PLUS-001074,1524,68802124
PLUS,PLUS-001075,2741,34644621
PLUS,PLUS-001076,1662,89362594
PLUS,PLUS-001077,837,89811209
PLUS,PLUS-001078,1756,69342241
PLUS,PLUS-001079,2509,92720952
PLUS,PLUS-001080,763,32653778
PLUS,PLUS-001081,1590,53241940
PLUS,PLUS-001082,2503,51968530
PLUS,PLUS-001083,1142,25046526
PLUS,PLUS-001084,931,40971850
PLUS,PLUS-001085,2620,86260059
PLUS,PLUS-001086,208,40317689
PLUS,PLUS-001087,1148,46438376
PLUS,PLUS-001088,1672,96251321
PLUS,PLUS-001089,1339,35066481
PLUS,PLUS-001090,2236,78754356
PLUS,PLUS-001091,981,98638560
PLUS,PLUS-001092,1569,33851205
PLUS,PLUS-001093,160,72624210
PLUS,PLUS-001094,2338,58047475
PLUS,PLUS-001095,500,27691237
PLUS,PLUS-001096,1695,21965928
PLUS,PLUS-001097,1238,84523599
PLUS,PLUS-001098,939,90511561
PLUS,PLUS-001099,676,60984196
PLUS,PLUS-001100,288,18024377
PLUS,PLUS-001101,1886,53246230
PLUS,PLUS-001102,1089,91541051
PLUS,PLUS-001103,2364,30065669
PLUS,PLUS-001104,52,20120010
PLUS,PLUS-001105,1924,74209943
PLUS,PLUS-001106,11,97241147
PLUS,PLUS-001107,2184,63606649
PLUS,PLUS-001108,1265,75453166
PLUS,PLUS-001109,936,21463219
PLUS,PLUS-001110,2630,41278153
PLUS,PLUS-001111,2475,20643089
PLUS,PLUS-001112,2052,42724072
PLUS,PLUS-001113,599,17170147
PLUS,PLUS-001114,1457,79718531
PLUS,PLUS-001115,1916,78564064
PLUS,PLUS-001116,1017,57535503
PLUS,PLUS-001117,72,46953423
PLUS,PLUS-001118,1830,69463339
PLUS,PLUS-001119,2585,69224618
PLUS,PLUS-001120,1880,45707180
PLUS,PLUS-001121,2472,62665465
PLUS,PLUS-001122,2389,46632288
PLUS,PLUS-001123,2148,27850353
PLUS,PLUS-001124,2331,66955616
PLUS,PLUS-001125,2193,19492547
PLUS,PLUS-001126,1961,74287218
PLUS,PLUS-001127,215,62027391
PLUS,PLUS-001128,2234,21860851
PLUS,PLUS-001129,480,53365278
PLUS,PLUS-001130,2996,91989541
PLUS,PLUS-001131,922,69372702
PLUS,PLUS-001132,1135,82978165
PLUS,PLUS-001133,829,44625815
PLUS,PLUS-001134,244,41758221
PLUS,PLUS-001135,826,57712356
PLUS,PLUS-001136,1460,40299882
PLUS,PLUS-001137,684,13306687
PLUS,PLUS-001138,2714,45474823
PLUS,PLUS-001139,1825,45151432
PLUS,PLUS-001140,2476,63287172
PLUS,PLUS-001141,831,76042903
PLUS,PLUS-001142,1859,29942284
PLUS,PLUS-001143,2035,95667481
PLUS,PLUS-001144,2601,73339433
PLUS,PLUS-001145,2116,74547148
PLUS,PLUS-001146,899,45214814
PLUS,PLUS-001147,2781,49379157
PLUS,PLUS-001148,209,10292428
PLUS,PLUS-001149,2580,59887499
PLUS,PLUS-001150,1934,80647142
PLUS,PLUS-001151,2088,90233459
PLUS,PLUS-001152,2299,77569898
PLUS,PLUS-001153,487,42835306
PLUS,PLUS-001154,555,43005188
PLUS,PLUS-001155,2300,72734318
PLUS,PLUS-001156,2400,31800010
PLUS,PLUS-001157,2863,87754278
PLUS,PLUS-001158,1454,18037525
PLUS,PLUS-001159,2522,85251775
PLUS,PLUS-001160,593,75025705
PLUS,PLUS-001161,2672,74434188
PLUS,PLUS-001162,1949,14817439
PLUS,PLUS-001163,2843,90268486
PLUS,PLUS-001164,631,88536501
PLUS,PLUS-001165,1457,79718531
PLUS,PLUS-001166,1942,41071321
PLUS,PLUS-001167,2035,95667481
PLUS,PLUS-001168,2434,42454583
PLUS,PLUS-001169,2272,29405087
PLUS,PLUS-001170,2538,75796428
PLUS,PLUS-001171,2587,45488502
PLUS,PLUS-001172,2897,46389263
PLUS,PLUS-001173,1234,71631699
PLUS,PLUS-001174,394,87420166
PLUS,PLUS-001175,1488,56509909
PLUS,PLUS-001176,533,32395401
PLUS,PLUS-001177,1725,25226934
PLUS,PLUS-001178,266,89646079
PLUS,PLUS-001179,169,30036175
PLUS,PLUS-001180,2486,17082790
PLUS,PLUS-001181,1034,68833120
PLUS,PLUS-001182,2421,60721412
PLUS,PLUS-001183,2779,13680680
PLUS,PLUS-001184,1482,93828732
PLUS,PLUS-001185,969,85127595
PLUS,PLUS-001186,1067,42180102
PLUS,PLUS-001187,1697,46260563
PLUS,PLUS-001188,66,83609531
PLUS,PLUS-001189,448,22388317
PLUS,PLUS-001190,16,58852098
PLUS,PLUS-001191,809,18158813
PLUS,PLUS-001192,1886,53246230
PLUS,PLUS-001193,2160,62089071
PLUS,PLUS-001194,451,14456047
PLUS,PLUS-001195,738,38852315
PLUS,PLUS-001196,1050,95121229
PLUS,PLUS-001197,2166,17760673
PLUS,PLUS-001198,23,12674689
PLUS,PLUS-001199,1439,57560131
PLUS,PLUS-001200,99,45064728
PLUS,PLUS-001201,1992,76161613
PLUS,PLUS-001202,1591,12827313
PLUS,PLUS-001203,1342,60968846
PLUS,PLUS-001204,861,34996513
PLUS,PLUS-001205,772,64047337
PLUS,PLUS-001206,2936,78060314
PLUS,PLUS-001207,1662,89362594
PLUS,PLUS-001208,2690,52538666
PLUS,PLUS-001209,2913,50216471
PLUS,PLUS-001210,2738,36970791
PLUS,PLUS-001211,343,54819596
PLUS,PLUS-001212,2779,13680680
PLUS,PLUS-001213,2431,35144726
PLUS,PLUS-001214,676,60984196
PLUS,PLUS-001215,1434,43800407
PLUS,PLUS-001216,477,32451247
PLUS,PLUS-001217,2360,82003695
PLUS,PLUS-001218,299,10852813
PLUS,PLUS-001219,2044,42400492
PLUS,PLUS-001220,2725,45346366
PLUS,PLUS-001221,382,62135687
PLUS,PLUS-001222,2580,59887499
PLUS,PLUS-001223,204,44740194
PLUS,PLUS-001224,2084,26497914
PLUS,PLUS-001225,968,67612764
PLUS,PLUS-001226,1971,18612304
PLUS,PLUS-001227,2111,20969370
PLUS,PLUS-001228,2895,30947020
PLUS,PLUS-001229,2445,15776720
PLUS,PLUS-001230,490,71791460
PLUS,PLUS-001231,1833,70640795
PLUS,PLUS-001232,1606,82592239
PLUS,PLUS-001233,2115,13145430
PLUS,PLUS-001234,294,52951801
PLUS,PLUS-001235,2416,28443910
PLUS,PLUS-001236,2613,37762436
PLUS,PLUS-001237,2090,78479889
PLUS,PLUS-001238,1537,75959809
PLUS,PLUS-001239,1948,43296039
PLUS,PLUS-001240,1735,99849459
PLUS,PLUS-001241,1899,93415939
PLUS,PLUS-001242,449,32095445
PLUS,PLUS-001243,1735,99849459
PLUS,PLUS-001244,2132,38186515
PLUS,PLUS-001245,1575,45616644
PLUS,PLUS-001246,2709,72895019
PLUS,PLUS-001247,2778,56462427
PLUS,PLUS-001248,828,47586447
PLUS,PLUS-001249,701,36252609
PLUS,PLUS-001250,257,70249712
PLUS,PLUS-001251,2778,56462427
PLUS,PLUS-001252,2335,25725946
PLUS,PLUS-001253,412,34219451
PLUS,PLUS-001254,2327,67304369
PLUS,PLUS-001255,809,18158813
PLUS,PLUS-001256,2598,80075544
PLUS,PLUS-001257,2335,25725946
PLUS,PLUS-001258,1954,30833313
PLUS,PLUS-001259,329,58638387
PLUS,PLUS-001260,2841,13619039
PLUS,PLUS-001261,2005,91037151
PLUS,PLUS-001262,163,78870570
PLUS,PLUS-001263,103,54269149
PLUS,PLUS-001264,2905,69200912
PLUS,PLUS-001265,107,92147935
PLUS,PLUS-001266,1451,31183862
PLUS,PLUS-001267,1105,39652877
PLUS,PLUS-001268,1807,33608547
PLUS,PLUS-001269,828,47586447
PLUS,PLUS-001270,2601,73339433
PLUS,PLUS-001271,1574,82987126
PLUS,PLUS-001272,1472,71524281
PLUS,PLUS-001273,1875,10502052
PLUS,PLUS-001274,1154,90102255
PLUS,PLUS-001275,1838,46069270
PLUS,PLUS-001276,2978,66844852
PLUS,PLUS-001277,2169,38710184
PLUS,PLUS-001278,519,89984645
PLUS,PLUS-001279,2232,18537725
PLUS,PLUS-001280,1322,86828416
PLUS,PLUS-001281,2693,92747419
PLUS,PLUS-001282,810,85272184
PLUS,PLUS-001283,361,90410541
PLUS,PLUS-001284,615,87169073
PLUS,PLUS-001285,759,49734257
PLUS,PLUS-001286,672,83206688
PLUS,PLUS-001287,1692,62193650
PLUS,PLUS-001288,2307,14708370
PLUS,PLUS-001289,1949,14817439
PLUS,PLUS-001290,673,37448673
PLUS,PLUS-001291,1439,57560131
PLUS,PLUS-001292,1916,78564064
PLUS,PLUS-001293,986,90267569
PLUS,PLUS-001294,884,60850210
PLUS,PLUS-001295,2611,65632441
PLUS,PLUS-001296,2743,61335115
PLUS,PLUS-001297,1488,56509909
PLUS,PLUS-001298,1524,68802124
PLUS,PLUS-001299,139,62904575
PLUS,PLUS-001300,1194,60524625
PLUS,PLUS-001301,1971,18612304
PLUS,PLUS-001302,2140,49707312
PLUS,PLUS-001303,1208,88931606
PLUS,PLUS-001304,130,45827376
PLUS,PLUS-001305,1591,12827313
PLUS,PLUS-001306,45,48468887
PLUS,PLUS-001307,1359,98451307
PLUS,PLUS-001308,1627,75817532
PLUS,PLUS-001309,2005,91037151
PLUS,PLUS-001310,2217,73913779
PLUS,PLUS-001311,165,33392072
PLUS,PLUS-001312,2438,89161407
PLUS,PLUS-001313,1274,87636397
PLUS,PLUS-001314,2180,24219003
PLUS,PLUS-001315,2285,21276223
PLUS,PLUS-001316,1958,23582811
PLUS,PLUS-001317,763,32653778
PLUS,PLUS-001318,1768,43402877
PLUS,PLUS-001319,1286,27409552
PLUS,PLUS-001320,777,51964629
PLUS,PLUS-001321,922,69372702
PLUS,PLUS-001322,447,95031405
PLUS,PLUS-001323,385,61617675
PLUS,PLUS-001324,1732,41635154
PLUS,PLUS-001325,2001,69686509
PLUS,PLUS-001326,2266,65001524
PLUS,PLUS-001327,2540,19607241
PLUS,PLUS-001328,1260,12782247
PLUS,PLUS-001329,2005,91037151
PLUS,PLUS-001330,562,33630872
PLUS,PLUS-001331,2272,29405087
PLUS,PLUS-001332,721,47767869
PLUS,PLUS-001333,69,11101134
PLUS,PLUS-001334,437,43318451
PLUS,PLUS-001335,1414,89868447
PLUS,PLUS-001336,2334,10853065
PLUS,PLUS-001337,2364,30065669
PLUS,PLUS-001338,1802,80854964
PLUS,PLUS-001339,2534,14305217
PLUS,PLUS-001340,1761,86938012
PLUS,PLUS-001341,740,97108374
PLUS,PLUS-001342,2680,40214458
PLUS,PLUS-001343,1010,90224792
PLUS,PLUS-001344,1254,37852975
PLUS,PLUS-001345,383,47117787
PLUS,PLUS-001346,45,48468887
PLUS,PLUS-001347,2944,35444694
PLUS,PLUS-001348,1450,68239787
PLUS,PLUS-001349,339,71195665
PLUS,PLUS-001350,1236,30858205
PLUS,PLUS-001351,2047,25012106
PLUS,PLUS-001352,2126,88733055
PLUS,PLUS-001353,1662,89362594
PLUS,PLUS-001354,833,32493148
PLUS,PLUS-001355,2042,59079312
PLUS,PLUS-001356,103,54269149
PLUS,PLUS-001357,448,22388317
PLUS,PLUS-001358,2248,22100825
PLUS,PLUS-001359,854,95510088
PLUS,PLUS-001360,1714,28067677
PLUS,PLUS-001361,2915,97499117
PLUS,PLUS-001362,1254,37852975
PLUS,PLUS-001363,1306,32959320
PLUS,PLUS-001364,1494,78313344
PLUS,PLUS-001365,511,30448683
PLUS,PLUS-001366,82,92138779
PLUS,PLUS-001367,1282,31948898
PLUS,PLUS-001368,2867,48662280
PLUS,PLUS-001369,1791,99548878
PLUS,PLUS-001370,2999,48312600
PLUS,PLUS-001371,2416,28443910
PLUS,PLUS-001372,1173,91699111
PLUS,PLUS-001373,2778,56462427
PLUS,PLUS-001374,72,46953423
PLUS,PLUS-001375,159,91339562
PLUS,PLUS-001376,2184,63606649
PLUS,PLUS-001377,598,83012855
PLUS,PLUS-001378,1732,41635154
PLUS,PLUS-001379,2256,96688443
PLUS,PLUS-001380,2242,12952658
PLUS,PLUS-001381,2010,95190598
PLUS,PLUS-001382,2789,37715114
PLUS,PLUS-001383,1665,95120667
PLUS,PLUS-001384,77,62731823
PLUS,PLUS-001385,386,67022224
PLUS,PLUS-001386,2936,78060314
PLUS,PLUS-001387,1186,80973199
PLUS,PLUS-001388,1397,73841910
PLUS,PLUS-001389,2378,89797435
PLUS,PLUS-001390,1875,10502052
PLUS,PLUS-001391,699,51105057
PLUS,PLUS-001392,1215,23488183
PLUS,PLUS-001393,1385,85306558
PLUS,PLUS-001394,2770,78238599
PLUS,PLUS-001395,2437,55583827
PLUS,PLUS-001396,2466,79509204
PLUS,PLUS-001397,2391,56624300
PLUS,PLUS-001398,848,45668220
PLUS,PLUS-001399,1214,31034531
PLUS,PLUS-001400,1704,67742815
PLUS,PLUS-001401,441,45545064
PLUS,PLUS-001402,130,45827376
PLUS,PLUS-001403,1823,26947996
PLUS,PLUS-001404,2674,15843117
PLUS,PLUS-001405,2192,68997676
PLUS,PLUS-001406,468,87525372
PLUS,PLUS-001407,2403,70404159
PLUS,PLUS-001408,163,78870570
PLUS,PLUS-001409,1714,28067677
PLUS,PLUS-001410,2335,25725946
PLUS,PLUS-001411,1732,41635154
PLUS,PLUS-001412,582,53305731
PLUS,PLUS-001413,593,75025705
PLUS,PLUS-001414,1954,30833313
PLUS,PLUS-001415,1779,94650751
PLUS,PLUS-001416,2232,18537725
PLUS,PLUS-001417,1133,60057264
PLUS,PLUS-001418,2061,72002380
PLUS,PLUS-001419,1184,43030672
PLUS,PLUS-001420,1214,31034531
PLUS,PLUS-001421,176,12012537
PLUS,PLUS-001422,32,50998106
PLUS,PLUS-001423,2299,77569898
PLUS,PLUS-001424,671,79250561
PLUS,PLUS-001425,428,25457874
PLUS,PLUS-001426,3151,13038335
PLUS,PLUS-001427,3152,27358096
PLUS,PLUS-001428,3153,19550131
PLUS,PLUS-001429,3154,45520082
PLUS,PLUS-001430,3155,71370039
PLUS,PLUS-001431,3156,57211524
PLUS,PLUS-001432,3157,77649019
PLUS,PLUS-001433,3158,99861835
PLUS,PLUS-001434,3159,35342548
PLUS,PLUS-001435,3160,15695083
PLUS,PLUS-001436,3161,81536044
PLUS,PLUS-001437,3162,10992362
PLUS,PLUS-001438,3163,39875764
PLUS,PLUS-001439,3164,67178692
PLUS,PLUS-001440,3165,34049689
PLUS,PLUS-001441,3166,83495264
PLUS,PLUS-001442,3167,38463873
PLUS,PLUS-001443,3168,28785574
PLUS,PLUS-001444,3169,71961367
PLUS,PLUS-001445,3170,32356074
PLUS,PLUS-001446,3171,87664527
PLUS,PLUS-001447,3172,38947536
PLUS,PLUS-001448,3173,93756654
PLUS,PLUS-001449,3174,35584231
PLUS,PLUS-001450,3175,63445858
PLUS,PLUS-001451,3176,23978538
PLUS,PLUS-001452,3177,59223055
PLUS,PLUS-001453,3178,28234656
PLUS,PLUS-001454,3179,44312993
PLUS,PLUS-001455,3180,88932692
PLUS,PLUS-001456,3181,77156201
PLUS,PLUS-001457,3182,71979163
PLUS,PLUS-001458,3183,56063375
PLUS,PLUS-001459,3184,21272439
PLUS,PLUS-001460,3185,27433929
PLUS,PLUS-001461,3186,75902693
PLUS,PLUS-001462,3187,65143412
PLUS,PLUS-001463,3188,57191620
PLUS,PLUS-001464,3189,53530723
PLUS,PLUS-001465,3190,70579206
PLUS,PLUS-001466,3191,29732337
PLUS,PLUS-001467,3192,96810439
PLUS,PLUS-001468,3193,51585695
PLUS,PLUS-001469,3194,89252811
PLUS,PLUS-001470,3195,58300172
PLUS,PLUS-001471,3196,15852944
PLUS,PLUS-001472,3197,34452120
PLUS,PLUS-001473,3198,99964572
PLUS,PLUS-001474,3199,75437410
PLUS,PLUS-001475,3200,19599685
PLUS,PLUS-001476,3201,89473761
PLUS,PLUS-001477,3202,80517168
PLUS,PLUS-001478,3203,33815267
PLUS,PLUS-001479,3204,37765024
PLUS,PLUS-001480,3205,82820167
PLUS,PLUS-001481,3206,75654324
PLUS,PLUS-001482,3207,64009257
PLUS,PLUS-001483,3208,66978222
PLUS,PLUS-001484,3209,11946972
PLUS,PLUS-001485,3210,27932846
PLUS,PLUS-001486,3211,24130114
PLUS,PLUS-001487,3212,78678822
PLUS,PLUS-001488,3213,58355163
PLUS,PLUS-001489,3214,93754754
PLUS,PLUS-001490,3215,81589684
PLUS,PLUS-001491,3216,89546745
PLUS,PLUS-001492,3217,51029684
PLUS,PLUS-001493,3218,26500774
PLUS,PLUS-001494,3219,24504194
PLUS,PLUS-001495,3220,46641162
PLUS,PLUS-001496,3221,64227400
PLUS,PLUS-001497,3222,90992147
PLUS,PLUS-001498,3223,26895939
PLUS,PLUS-001499,3224,68323957
PLUS,PLUS-001500,3225,29862790
TECH,TECH-000001,2120,80722730
TECH,TECH-000002,1504,25049281
TECH,TECH-000003,2971,28908977
TECH,TECH-000004,635,67032586
TECH,TECH-000005,702,25125619
TECH,TECH-000006,1299,49585077
TECH,TECH-000007,2231,56020818
TECH,TECH-000008,252,69566993
TECH,TECH-000009,1568,28327026
TECH,TECH-000010,171,61793831
TECH,TECH-000011,406,42292892
TECH,TECH-000012,230,28620619
TECH,TECH-000013,1564,26195804
TECH,TECH-000014,2680,40214458
TECH,TECH-000015,491,46545801
TECH,TECH-000016,2585,69224618
TECH,TECH-000017,2419,60204030
TECH,TECH-000018,1692,62193650
TECH,TECH-000019,844,45365918
TECH,TECH-000020,2427,33094509
TECH,TECH-000021,1600,40676127
TECH,TECH-000022,515,48906764
TECH,TECH-000023,2805,20135658
TECH,TECH-000024,1852,79891321
TECH,TECH-000025,1302,58913280
TECH,TECH-000026,156,88674767
TECH,TECH-000027,1811,22330471
TECH,TECH-000028,2243,88335630
TECH,TECH-000029,2286,54422964
TECH,TECH-000030,912,41858513
TECH,TECH-000031,884,60850210
TECH,TECH-000032,30,46160937
TECH,TECH-000033,365,97702160
TECH,TECH-000034,793,74312089
TECH,TECH-000035,1108,66021490
TECH,TECH-000036,111,64406548
TECH,TECH-000037,182,21928391
TECH,TECH-000038,678,61987708
TECH,TECH-000039,2860,62386745
TECH,TECH-000040,1486,65796147
TECH,TECH-000041,2638,97978959
TECH,TECH-000042,763,32653778
TECH,TECH-000043,1992,76161613
TECH,TECH-000044,1507,80019294
TECH,TECH-000045,2951,62346547
TECH,TECH-000046,503,12880851
TECH,TECH-000047,1329,40930568
TECH,TECH-000048,36,32417070
TECH,TECH-000049,1162,67430990
TECH,TECH-000050,2169,38710184
TECH,TECH-000051,1017,57535503
TECH,TECH-000052,963,12135165
TECH,TECH-000053,2772,44612609
TECH,TECH-000054,2911,24320131
TECH,TECH-000055,1708,48003458
TECH,TECH-000056,567,97506740
TECH,TECH-000057,264,13254023
TECH,TECH-000058,1855,71596905
TECH,TECH-000059,1342,60968846
TECH,TECH-000060,409,20548786
TECH,TECH-000061,1182,99635309
TECH,TECH-000062,2086,99582601
TECH,TECH-000063,410,67869281
TECH,TECH-000064,525,20999047
TECH,TECH-000065,1472,71524281
TECH,TECH-000066,2408,78690258
TECH,TECH-000067,130,45827376
TECH,TECH-000068,742,38218853
TECH,TECH-000069,2619,45160395
TECH,TECH-000070,581,34566728
TECH,TECH-000071,596,73245675
TECH,TECH-000072,573,50248639
TECH,TECH-000073,1599,67561766
TECH,TECH-000074,2796,78887438
TECH,TECH-000075,2117,70819026
TECH,TECH-000076,1047,50004437
TECH,TECH-000077,2326,58688161
TECH,TECH-000078,2501,46793365
TECH,TECH-000079,381,88960861
TECH,TECH-000080,344,66796333
TECH,TECH-000081,1495,94956292
TECH,TECH-000082,2821,90921574
TECH,TECH-000083,2723,64178031
TECH,TECH-000084,960,13269183
TECH,TECH-000085,2759,38731535
TECH,TECH-000086,1136,81798741
TECH,TECH-000087,2003,26692837
TECH,TECH-000088,1374,85643715
TECH,TECH-000089,2611,65632441
TECH,TECH-000090,595,93485270
TECH,TECH-000091,2651,95823989
TECH,TECH-000092,630,20324372
TECH,TECH-000093,1990,15425350
TECH,TECH-000094,1349,19561156
TECH,TECH-000095,546,36911168
TECH,TECH-000096,277,22133101
TECH,TECH-000097,1701,63690535
TECH,TECH-000098,2923,14511005
TECH,TECH-000099,1474,64739517
TECH,TECH-000100,1439,57560131
TECH,TECH-000101,1746,27032738
TECH,TECH-000102,834,99367274
TECH,TECH-000103,1745,77503142
TECH,TECH-000104,1122,93757881
TECH,TECH-000105,667,30946019
TECH,TECH-000106,1067,42180102
TECH,TECH-000107,2153,14484757
TECH,TECH-000108,2949,78242493
TECH,TECH-000109,1751,72571790
TECH,TECH-000110,683,11502307
TECH,TECH-000111,2282,83290256
TECH,TECH-000112,753,40962820
TECH,TECH-000113,898,45766054
TECH,TECH-000114,42,90524080
TECH,TECH-000115,1379,74535895
TECH,TECH-000116,882,29766571
TECH,TECH-000117,772,64047337
TECH,TECH-000118,315,86471037
TECH,TECH-000119,1006,42996518
TECH,TECH-000120,1846,94624286
TECH,TECH-000121,2716,16954628
TECH,TECH-000122,1638,80510741
TECH,TECH-000123,482,31958106
TECH,TECH-000124,77,62731823
TECH,TECH-000125,709,92044472
TECH,TECH-000126,593,75025705
TECH,TECH-000127,1758,24044274
TECH,TECH-000128,2770,78238599
TECH,TECH-000129,718,78739465
TECH,TECH-000130,624,12267498
TECH,TECH-000131,1098,90611355
TECH,TECH-000132,574,74050584
TECH,TECH-000133,2223,90170142
TECH,TECH-000134,1886,53246230
TECH,TECH-000135,1712,94856640
TECH,TECH-000136,258,29219517
TECH,TECH-000137,2504,49610969
TECH,TECH-000138,2402,56675977
TECH,TECH-000139,519,89984645
TECH,TECH-000140,2278,11083382
TECH,TECH-000141,796,85253501
TECH,TECH-000142,2792,14740156
TECH,TECH-000143,1737,12245490
TECH,TECH-000144,1009,13450881
TECH,TECH-000145,1256,35520607
TECH,TECH-000146,2849,99646907
TECH,TECH-000147,2307,14708370
TECH,TECH-000148,2051,41923612
TECH,TECH-000149,1505,79218993
TECH,TECH-000150,540,47393393
TECH,TECH-000151,2113,46879055
TECH,TECH-000152,774,16774455
TECH,TECH-000153,1941,20327493
TECH,TECH-000154,225,95033882
TECH,TECH-000155,1533,35849313
TECH,TECH-000156,2730,58645001
TECH,TECH-000157,2715,76597184
TECH,TECH-000158,122,77194013
TECH,TECH-000159,1215,23488183
TECH,TECH-000160,2252,56590046
TECH,TECH-000161,1389,25132415
TECH,TECH-000162,928,37467964
TECH,TECH-000163,316,76434426
TECH,TECH-000164,1845,16648129
TECH,TECH-000165,2682,67827740
TECH,TECH-000166,3000,99899818
TECH,TECH-000167,2522,85251775
TECH,TECH-000168,2948,50482377
TECH,TECH-000169,923,62526204
TECH,TECH-000170,395,80910084
TECH,TECH-000171,2858,16574246
TECH,TECH-000172,752,18815479
TECH,TECH-000173,2302,12273686
TECH,TECH-000174,944,47299640
TECH,TECH-000175,355,72992151
TECH,TECH-000176,496,62560511
TECH,TECH-000177,1657,36616333
TECH,TECH-000178,363,59283521
TECH,TECH-000179,2108,38792473
TECH,TECH-000180,2739,93792514
TECH,TECH-000181,741,30559033
TECH,TECH-000182,294,52951801
TECH,TECH-000183,1833,70640795
TECH,TECH-000184,1685,86830303
TECH,TECH-000185,1175,15976187
TECH,TECH-000186,2193,19492547
TECH,TECH-000187,2070,51940537
TECH,TECH-000188,2746,89064828
TECH,TECH-000189,131,64627534
TECH,TECH-000190,601,42733135
TECH,TECH-000191,321,16007154
TECH,TECH-000192,246,43739900
TECH,TECH-000193,2267,98843736
TECH,TECH-000194,2608,52137942
TECH,TECH-000195,166,88829544
TECH,TECH-000196,2500,49993925
TECH,TECH-000197,1965,77626740
TECH,TECH-000198,2133,24810962
TECH,TECH-000199,2908,55936943
TECH,TECH-000200,1157,21409636
TECH,TECH-000201,2753,56553684
TECH,TECH-000202,1910,41737742
TECH,TECH-000203,473,28535751
TECH,TECH-000204,2228,77090332
TECH,TECH-000205,456,99716761
TECH,TECH-000206,1141,15021097
TECH,TECH-000207,1275,77666154
TECH,TECH-000208,1133,60057264
TECH,TECH-000209,389,37402375
TECH,TECH-000210,1135,82978165
TECH,TECH-000211,2683,98996499
TECH,TECH-000212,306,84262472
TECH,TECH-000213,319,81393856
TECH,TECH-000214,1847,74492536
TECH,TECH-000215,1140,66348257
TECH,TECH-000216,402,70053039
TECH,TECH-000217,820,91335378
TECH,TECH-000218,1192,82351312
TECH,TECH-000219,2928,28206262
TECH,TECH-000220,2947,44887843
TECH,TECH-000221,372,52943014
TECH,TECH-000222,1376,44182277
TECH,TECH-000223,197,55360034
TECH,TECH-000224,448,22388317
TECH,TECH-000225,845,68987671
TECH,TECH-000226,88,92585240
TECH,TECH-000227,1066,73252068
TECH,TECH-000228,2287,19971406
TECH,TECH-000229,1801,55299368
TECH,TECH-000230,1270,82041503
TECH,TECH-000231,580,51347842
TECH,TECH-000232,475,27719312
TECH,TECH-000233,2943,14829328
TECH,TECH-000234,1964,13782653
TECH,TECH-000235,386,67022224
TECH,TECH-000236,58,28531242
TECH,TECH-000237,2431,35144726
TECH,TECH-000238,1609,67437930
TECH,TECH-000239,1686,52939958
TECH,TECH-000240,2713,58456843
TECH,TECH-000241,551,80852543
TECH,TECH-000242,476,59243476
TECH,TECH-000243,706,77053980
TECH,TECH-000244,2782,92108031
TECH,TECH-000245,47,80517332
TECH,TECH-000246,2848,48493281
TECH,TECH-000247,1529,63223998
TECH,TECH-000248,2840,57277284
TECH,TECH-000249,1227,29178232
TECH,TECH-000250,425,76183001
TECH,TECH-000251,266,89646079
TECH,TECH-000252,1707,62920955
TECH,TECH-000253,853,83927501
TECH,TECH-000254,1324,72458202
TECH,TECH-000255,2170,53771746
TECH,TECH-000256,2101,81865711
TECH,TECH-000257,2040,79752010
TECH,TECH-000258,2186,79415978
TECH,TECH-000259,2320,54343467
TECH,TECH-000260,1611,78593346
TECH,TECH-000261,1480,89609762
TECH,TECH-000262,180,19655576
TECH,TECH-000263,843,62687851
TECH,TECH-000264,1658,97371709
TECH,TECH-000265,2079,81521013
TECH,TECH-000266,2874,62313993
TECH,TECH-000267,293,54109233
TECH,TECH-000268,1816,72553771
TECH,TECH-000269,734,44845000
TECH,TECH-000270,562,33630872
TECH,TECH-000271,1764,61762834
TECH,TECH-000272,1635,85902034
TECH,TECH-000273,492,39607195
TECH,TECH-000274,2082,44831935
TECH,TECH-000275,2084,26497914
TECH,TECH-000276,286,54836082
TECH,TECH-000277,2892,62794884
TECH,TECH-000278,2002,44086060
TECH,TECH-000279,591,68227454
TECH,TECH-000280,3,64914054
TECH,TECH-000281,2965,41277403
TECH,TECH-000282,39,60012498
TECH,TECH-000283,1396,70098447
TECH,TECH-000284,212,77551168
TECH,TECH-000285,1869,24398546
TECH,TECH-000286,2467,34282303
TECH,TECH-000287,1188,98150417
TECH,TECH-000288,771,11546923
TECH,TECH-000289,2635,94544389
TECH,TECH-000290,794,88845927
TECH,TECH-000291,2308,13904497
TECH,TECH-000292,1491,30164072
TECH,TECH-000293,2364,30065669
TECH,TECH-000294,163,78870570
TECH,TECH-000295,1518,90632613
TECH,TECH-000296,59,48387144
TECH,TECH-000297,338,91170992
TECH,TECH-000298,986,90267569
TECH,TECH-000299,616,70346785
TECH,TECH-000300,2586,36943494
TECH,TECH-000301,2295,46990787
TECH,TECH-000302,865,42482494
TECH,TECH-000303,1318,85171040
TECH,TECH-000304,480,53365278
TECH,TECH-000305,2387,32625303
TECH,TECH-000306,1264,86456040
TECH,TECH-000307,2755,58437433
TECH,TECH-000308,2856,59583540
TECH,TECH-000309,2024,97670851
TECH,TECH-000310,1781,79325387
TECH,TECH-000311,1876,86515426
TECH,TECH-000312,1307,17350085
TECH,TECH-000313,754,18990534
TECH,TECH-000314,2230,21646351
TECH,TECH-000315,1398,34216590
TECH,TECH-000316,2862,69341118
TECH,TECH-000317,2565,74825959
TECH,TECH-000318,2688,58064835
TECH,TECH-000319,2703,76710062
TECH,TECH-000320,524,79350676
TECH,TECH-000321,2692,87082493
TECH,TECH-000322,1420,55349245
TECH,TECH-000323,1404,17075698
TECH,TECH-000324,2359,88591468
TECH,TECH-000325,2058,50021320
TECH,TECH-000326,2571,55562227
TECH,TECH-000327,1151,87472932
TECH,TECH-000328,2712,97043369
TECH,TECH-000329,85,54988861
TECH,TECH-000330,902,92455201
TECH,TECH-000331,1589,61830999
TECH,TECH-000332,909,75876620
TECH,TECH-000333,2202,75914907
TECH,TECH-000334,108,82123324
TECH,TECH-000335,188,17893691
TECH,TECH-000336,2382,44678863
TECH,TECH-000337,18,71533194
TECH,TECH-000338,436,52502178
TECH,TECH-000339,2925,17076255
TECH,TECH-000340,2629,96974887
TECH,TECH-000341,2617,25861239
TECH,TECH-000342,1630,56076501
TECH,TECH-000343,9,86514083
TECH,TECH-000344,2225,85040061
TECH,TECH-000345,21,14650569
TECH,TECH-000346,1875,10502052
TECH,TECH-000347,998,61590666
TECH,TECH-000348,2982,20135745
TECH,TECH-000349,947,30544162
TECH,TECH-000350,1823,26947996
TECH,TECH-000351,2280,32907135
TECH,TECH-000352,1241,49086854
TECH,TECH-000353,373,66686642
TECH,TECH-000354,1820,31216439
TECH,TECH-000355,779,48974564
TECH,TECH-000356,405,25811556
TECH,TECH-000357,453,44063535
TECH,TECH-000358,221,68719406
TECH,TECH-000359,806,31829800
TECH,TECH-000360,2509,92720952
TECH,TECH-000361,2156,36810554
TECH,TECH-000362,609,40595359
TECH,TECH-000363,2043,52549710
TECH,TECH-000364,2808,64003293
TECH,TECH-000365,2413,97638169
TECH,TECH-000366,1704,67742815
TECH,TECH-000367,1112,64128162
TECH,TECH-000368,2944,35444694
TECH,TECH-000369,1304,14273658
TECH,TECH-000370,1450,68239787
TECH,TECH-000371,2032,72906871
TECH,TECH-000372,1137,19272837
TECH,TECH-000373,439,41291228
TECH,TECH-000374,651,65277579
TECH,TECH-000375,2026,97252135
TECH,TECH-000376,121,51262331
TECH,TECH-000377,2163,18952306
TECH,TECH-000378,1789,27697461
TECH,TECH-000379,2077,76679708
TECH,TECH-000380,1366,32330427
TECH,TECH-000381,1795,77191418
TECH,TECH-000382,256,29917719
TECH,TECH-000383,1058,50880085
TECH,TECH-000384,2405,55682742
TECH,TECH-000385,2475,20643089
TECH,TECH-000386,1134,69002986
TECH,TECH-000387,725,42700268
TECH,TECH-000388,2291,55769240
TECH,TECH-000389,1617,59449217
TECH,TECH-000390,1277,12968722
TECH,TECH-000391,815,23873812
TECH,TECH-000392,228,61753132
TECH,TECH-000393,174,83608832
TECH,TECH-000394,784,70613787
TECH,TECH-000395,2270,37735363
TECH,TECH-000396,1652,20072117
TECH,TECH-000397,1020,19372830
TECH,TECH-000398,575,17367600
TECH,TECH-000399,684,13306687
TECH,TECH-000400,1605,84541703
TECH,TECH-000401,462,51910609
TECH,TECH-000402,1121,30142372
TECH,TECH-000403,2631,13581735
TECH,TECH-000404,1919,77590047
TECH,TECH-000405,1346,50579039
TECH,TECH-000406,2591,14721256
TECH,TECH-000407,2271,19509607
TECH,TECH-000408,1879,17889537
TECH,TECH-000409,345,72505408
TECH,TECH-000410,854,95510088
TECH,TECH-000411,2593,57455285
TECH,TECH-000412,682,57778592
TECH,TECH-000413,2018,54161644
TECH,TECH-000414,2060,91499552
TECH,TECH-000415,2235,45736204
TECH,TECH-000416,465,62063088
TECH,TECH-000417,592,85701885
TECH,TECH-000418,626,39262205
TECH,TECH-000419,572,53035439
TECH,TECH-000420,2526,12208928
TECH,TECH-000421,2398,53413739
TECH,TECH-000422,1377,60493921
TECH,TECH-000423,1508,31992370
TECH,TECH-000424,2213,57317691
TECH,TECH-000425,2702,46799123
TECH,TECH-000426,103,54269149
TECH,TECH-000427,1287,46102405
TECH,TECH-000428,1662,89362594
TECH,TECH-000429,339,71195665
TECH,TECH-000430,2093,34914143
TECH,TECH-000431,2910,67385857
TECH,TECH-000432,1022,49353426
TECH,TECH-000433,941,77002394
TECH,TECH-000434,1567,73457995
TECH,TECH-000435,2281,41394539
TECH,TECH-000436,1311,63101260
TECH,TECH-000437,2352,57509988
TECH,TECH-000438,1242,24651096
TECH,TECH-000439,2137,87177243
TECH,TECH-000440,1488,56509909
TECH,TECH-000441,288,18024377
TECH,TECH-000442,2867,48662280
TECH,TECH-000443,1280,60753938
TECH,TECH-000444,1509,12946241
TECH,TECH-000445,184,56047075
TECH,TECH-000446,2878,99127258
TECH,TECH-000447,2283,76977281
TECH,TECH-000448,974,68670156
TECH,TECH-000449,1335,54596393
TECH,TECH-000450,2258,20439138
TECH,TECH-000451,1212,24346289
TECH,TECH-000452,2134,39930875
TECH,TECH-000453,2401,82957881
TECH,TECH-000454,132,25161415
TECH,TECH-000455,983,95852507
TECH,TECH-000456,1359,98451307
TECH,TECH-000457,1387,85770079
TECH,TECH-000458,2992,80121095
TECH,TECH-000459,2958,31744118
TECH,TECH-000460,2478,14874387
TECH,TECH-000461,1923,21477571
TECH,TECH-000462,1706,84819541
TECH,TECH-000463,2237,38410379
TECH,TECH-000464,1912,46691719
TECH,TECH-000465,1827,20599735
TECH,TECH-000466,1688,26773207
TECH,TECH-000467,2777,24135622
TECH,TECH-000468,1380,75939468
TECH,TECH-000469,2376,44476453
TECH,TECH-000470,2913,50216471
TECH,TECH-000471,392,32135715
TECH,TECH-000472,2625,42945212
TECH,TECH-000473,83,71410640
TECH,TECH-000474,1770,11941728
TECH,TECH-000475,218,58518736
TECH,TECH-000476,1899,93415939
TECH,TECH-000477,936,21463219
TECH,TECH-000478,469,31566119
TECH,TECH-000479,1229,60671655
TECH,TECH-000480,313,13537870
TECH,TECH-000481,1210,37425725
TECH,TECH-000482,23,12674689
TECH,TECH-000483,1266,46790628
TECH,TECH-000484,24,33535297
TECH,TECH-000485,2107,72768816
TECH,TECH-000486,1909,97606127
TECH,TECH-000487,1805,30528733
TECH,TECH-000488,1961,74287218
TECH,TECH-000489,1860,31225952
TECH,TECH-000490,2901,16526108
TECH,TECH-000491,1779,94650751
TECH,TECH-000492,1747,49533451
TECH,TECH-000493,1247,40198707
TECH,TECH-000494,1267,50511614
TECH,TECH-000495,2691,41979969
TECH,TECH-000496,443,50545587
TECH,TECH-000497,2986,71523036
TECH,TECH-000498,2313,49457335
TECH,TECH-000499,1225,90458662
TECH,TECH-000500,99,45064728
TECH,TECH-000501,2517,63539335
TECH,TECH-000502,2903,52414064
TECH,TECH-000503,429,36568577
TECH,TECH-000504,1101,35798812
TECH,TECH-000505,430,59221290
TECH,TECH-000506,2674,15843117
TECH,TECH-000507,1119,64452866
TECH,TECH-000508,1516,64621853
TECH,TECH-000509,2695,68953251
TECH,TECH-000510,2709,72895019
TECH,TECH-000511,2460,36971737
TECH,TECH-000512,2989,37949530
TECH,TECH-000513,75,44103265
TECH,TECH-000514,1821,77431786
TECH,TECH-000515,1541,55342937
TECH,TECH-000516,2147,23657675
TECH,TECH-000517,459,31839746
TECH,TECH-000518,705,64543706
TECH,TECH-000519,177,61321020
TECH,TECH-000520,2907,95347156
TECH,TECH-000521,2139,82494405
TECH,TECH-000522,2206,26573957
TECH,TECH-000523,134,24875109
TECH,TECH-000524,229,87277029
TECH,TECH-000525,698,23439045
TECH,TECH-000526,272,17522634
TECH,TECH-000527,961,88448668
TECH,TECH-000528,2827,97389730
TECH,TECH-000529,675,56814976
TECH,TECH-000530,1498,27668895
TECH,TECH-000531,549,83508869
TECH,TECH-000532,1849,78812902
TECH,TECH-000533,2430,48494442
TECH,TECH-000534,97,87569592
TECH,TECH-000535,2215,47912030
TECH,TECH-000536,249,39566459
TECH,TECH-000537,619,72282219
TECH,TECH-000538,2069,58294486
TECH,TECH-000539,2411,38554192
TECH,TECH-000540,2945,30047069
TECH,TECH-000541,2662,84513202
TECH,TECH-000542,2880,58624291
TECH,TECH-000543,746,14192932
TECH,TECH-000544,2208,63716725
TECH,TECH-000545,2220,15478361
TECH,TECH-000546,168,45651567
TECH,TECH-000547,333,40563463
TECH,TECH-000548,2314,88969142
TECH,TECH-000549,1675,86438116
TECH,TECH-000550,783,47309803
TECH,TECH-000551,2116,74547148
TECH,TECH-000552,1664,37685026
TECH,TECH-000553,2610,86599891
TECH,TECH-000554,214,57759672
TECH,TECH-000555,129,52057523
TECH,TECH-000556,1905,47280397
TECH,TECH-000557,1023,92686915
TECH,TECH-000558,72,46953423
TECH,TECH-000559,1468,61159757
TECH,TECH-000560,2774,25651239
TECH,TECH-000561,1029,82483315
TECH,TECH-000562,2693,92747419
TECH,TECH-000563,1446,81309530
TECH,TECH-000564,1397,73841910
TECH,TECH-000565,1778,10991502
TECH,TECH-000566,1826,58229521
TECH,TECH-000567,1341,28865768
TECH,TECH-000568,564,60564531
TECH,TECH-000569,1097,94450591
TECH,TECH-000570,2357,10523681
TECH,TECH-000571,638,20136881
TECH,TECH-000572,2922,29459871
TECH,TECH-000573,2983,93620256
TECH,TECH-000574,2883,10401966
TECH,TECH-000575,2568,38434784
TECH,TECH-000576,2192,68997676
TECH,TECH-000577,1980,14866710
TECH,TECH-000578,2340,32046483
TECH,TECH-000579,799,52582456
TECH,TECH-000580,238,77376391
TECH,TECH-000581,2636,74668530
TECH,TECH-000582,1351,86984297
TECH,TECH-000583,1882,81569760
TECH,TECH-000584,1519,76739837
TECH,TECH-000585,2857,48065927
TECH,TECH-000586,390,86140861
TECH,TECH-000587,922,69372702
TECH,TECH-000588,145,70173215
TECH,TECH-000589,1594,96939740
TECH,TECH-000590,1679,13856812
TECH,TECH-000591,153,70388500
TECH,TECH-000592,1484,12571720
TECH,TECH-000593,2572,84316712
TECH,TECH-000594,1772,52112003
TECH,TECH-000595,1261,45150449
TECH,TECH-000596,2518,18178128
TECH,TECH-000597,73,35718350
TECH,TECH-000598,2473,14839862
TECH,TECH-000599,1143,40695523
TECH,TECH-000600,2740,97458429
TECH,TECH-000601,837,89811209
TECH,TECH-000602,2575,75344377
TECH,TECH-000603,1406,74731404
TECH,TECH-000604,2506,12675965
TECH,TECH-000605,1784,83888307
TECH,TECH-000606,1799,87031272
TECH,TECH-000607,1345,93410225
TECH,TECH-000608,301,78036333
TECH,TECH-000609,2661,87943239
TECH,TECH-000610,2378,89797435
TECH,TECH-000611,348,42458322
TECH,TECH-000612,1767,99290821
TECH,TECH-000613,599,17170147
TECH,TECH-000614,2417,45611439
TECH,TECH-000615,1973,56991068
TECH,TECH-000616,278,62019290
TECH,TECH-000617,1352,14454330
TECH,TECH-000618,1530,96194417
TECH,TECH-000619,808,69715793
TECH,TECH-000620,1477,75565298
TECH,TECH-000621,1043,33820621
TECH,TECH-000622,2912,29192519
TECH,TECH-000623,1049,10357092
TECH,TECH-000624,2561,19500496
TECH,TECH-000625,913,68379988
TECH,TECH-000626,450,36415300
TECH,TECH-000627,191,23346779
TECH,TECH-000628,1994,15062785
TECH,TECH-000629,181,66913730
TECH,TECH-000630,1465,20365975
TECH,TECH-000631,2634,92434730
TECH,TECH-000632,1861,87241350
TECH,TECH-000633,1797,77799011
TECH,TECH-000634,1360,43091057
TECH,TECH-000635,1257,46854409
TECH,TECH-000636,827,99390140
TECH,TECH-000637,2335,25725946
TECH,TECH-000638,2395,50553589
TECH,TECH-000639,2889,30454694
TECH,TECH-000640,1375,49320205
TECH,TECH-000641,1145,66111339
TECH,TECH-000642,842,76245685
TECH,TECH-000643,2929,27371884
TECH,TECH-000644,394,87420166
TECH,TECH-000645,2097,85642637
TECH,TECH-000646,2990,34242013
TECH,TECH-000647,1394,16291715
TECH,TECH-000648,2255,67011369
TECH,TECH-000649,1338,51326142
TECH,TECH-000650,1690,24131536
TECH,TECH-000651,226,22343983
TECH,TECH-000652,1110,26492810
TECH,TECH-000653,770,64427645
TECH,TECH-000654,2650,85614882
TECH,TECH-000655,829,44625815
TECH,TECH-000656,2704,33552487
TECH,TECH-000657,2142,79865892
TECH,TECH-000658,292,40546109
TECH,TECH-000659,1492,48333001
TECH,TECH-000660,1382,31525708
TECH,TECH-000661,1699,48462628
TECH,TECH-000662,1897,60635121
TECH,TECH-000663,224,60748656
TECH,TECH-000664,2204,67585806
TECH,TECH-000665,1004,53298009
TECH,TECH-000666,1203,17363865
TECH,TECH-000667,1064,72390872
TECH,TECH-000668,2673,90254666
TECH,TECH-000669,385,61617675
TECH,TECH-000670,2125,28148594
TECH,TECH-000671,2582,26642804
TECH,TECH-000672,8,76479831
TECH,TECH-000673,1036,54361087
TECH,TECH-000674,1888,68952302
TECH,TECH-000675,1407,72452939
TECH,TECH-000676,2882,58182841
TECH,TECH-000677,1328,64156562
TECH,TECH-000678,1453,60292368
TECH,TECH-000679,2100,21153587
TECH,TECH-000680,1147,72823339
TECH,TECH-000681,2174,68176943
TECH,TECH-000682,1921,16637364
TECH,TECH-000683,332,36779296
TECH,TECH-000684,2817,65119167
TECH,TECH-000685,2454,78387472
TECH,TECH-000686,2985,76738801
TECH,TECH-000687,1172,42904667
TECH,TECH-000688,233,17134621
TECH,TECH-000689,2750,21056868
TECH,TECH-000690,1184,43030672
TECH,TECH-000691,605,12152239
TECH,TECH-000692,929,60172721
TECH,TECH-000693,2259,30513743
TECH,TECH-000694,318,26144121
TECH,TECH-000695,2562,37246941
TECH,TECH-000696,1284,28007273
TECH,TECH-000697,1416,61901085
TECH,TECH-000698,521,14918680
TECH,TECH-000699,1281,93443712
TECH,TECH-000700,393,48785862
TECH,TECH-000701,874,19803499
TECH,TECH-000702,2227,30641480
TECH,TECH-000703,2047,25012106
TECH,TECH-000704,780,60857535
TECH,TECH-000705,1496,80629700
TECH,TECH-000706,2229,97024584
TECH,TECH-000707,2247,80425944
TECH,TECH-000708,2974,51861437
TECH,TECH-000709,440,87657839
TECH,TECH-000710,736,87112395
TECH,TECH-000711,584,18524087
TECH,TECH-000712,1703,62862467
TECH,TECH-000713,38,74513622
TECH,TECH-000714,1997,48553029
TECH,TECH-000715,855,80422146
TECH,TECH-000716,962,98415591
TECH,TECH-000717,1734,54004149
TECH,TECH-000718,582,53305731
TECH,TECH-000719,681,71587674
TECH,TECH-000720,2652,55552113
TECH,TECH-000721,2061,72002380
TECH,TECH-000722,52,20120010
TECH,TECH-000723,2013,16777558
TECH,TECH-000724,2449,77095951
TECH,TECH-000725,640,95843097
TECH,TECH-000726,629,60042850
TECH,TECH-000727,2347,15948948
TECH,TECH-000728,1271,11099806
TECH,TECH-000729,2138,34827279
TECH,TECH-000730,811,48226449
TECH,TECH-000731,2670,70463012
TECH,TECH-000732,942,41398029
TECH,TECH-000733,795,97033089
TECH,TECH-000734,55,28082355
TECH,TECH-000735,556,67054128
TECH,TECH-000736,56,77693989
TECH,TECH-000737,1120,26250534
TECH,TECH-000738,2623,92229647
TECH,TECH-000739,245,37318624
TECH,TECH-000740,790,63687857
TECH,TECH-000741,520,53982040
TECH,TECH-000742,172,91181404
TECH,TECH-000743,719,38941630
TECH,TECH-000744,486,74220011
TECH,TECH-000745,2621,94271736
TECH,TECH-000746,2962,77597242
TECH,TECH-000747,2731,67192629
TECH,TECH-000748,2844,79805302
TECH,TECH-000749,2260,87747703
TECH,TECH-000750,2795,40070581
TECH,TECH-000751,419,91211357
TECH,TECH-000752,1109,32116549
TECH,TECH-000753,656,95919174
TECH,TECH-000754,1587,83502837
TECH,TECH-000755,812,39270317
TECH,TECH-000756,2232,18537725
TECH,TECH-000757,1460,40299882
TECH,TECH-000758,2327,67304369
TECH,TECH-000759,380,80458179
TECH,TECH-000760,2135,23384713
TECH,TECH-000761,2330,37406375
TECH,TECH-000762,109,94828438
TECH,TECH-000763,1443,55242772
TECH,TECH-000764,1776,26020678
TECH,TECH-000765,2048,76678206
TECH,TECH-000766,1702,63573878
TECH,TECH-000767,84,79386491
TECH,TECH-000768,654,72365495
TECH,TECH-000769,408,93938382
TECH,TECH-000770,1037,41110667
TECH,TECH-000771,1021,87698494
TECH,TECH-000772,1189,78040572
TECH,TECH-000773,1586,47334460
TECH,TECH-000774,2345,40540451
TECH,TECH-000775,1714,28067677
TECH,TECH-000776,2377,17005696
TECH,TECH-000777,869,41727657
TECH,TECH-000778,1361,34921334
TECH,TECH-000779,336,94759650
TECH,TECH-000780,1574,82987126
TECH,TECH-000781,2981,31311109
TECH,TECH-000782,2038,66741018
TECH,TECH-000783,917,94768182
TECH,TECH-000784,731,31193066
TECH,TECH-000785,2726,35313782
TECH,TECH-000786,2301,65823059
TECH,TECH-000787,1721,71814219
TECH,TECH-000788,281,43866730
TECH,TECH-000789,107,92147935
TECH,TECH-000790,1470,61696348
TECH,TECH-000791,2218,63659879
TECH,TECH-000792,2440,65243280
TECH,TECH-000793,2581,60658575
TECH,TECH-000794,325,61911006
TECH,TECH-000795,1164,55238218
TECH,TECH-000796,1648,15276122
TECH,TECH-000797,2529,58674401
TECH,TECH-000798,988,42390660
TECH,TECH-000799,1313,69580659
TECH,TECH-000800,583,66194219
TECH,TECH-000801,1369,25706272
TECH,TECH-000802,1588,27375659
TECH,TECH-000803,370,14386856
TECH,TECH-000804,1738,45143561
TECH,TECH-000805,290,79366132
TECH,TECH-000806,2894,93868796
TECH,TECH-000807,2128,11362154
TECH,TECH-000808,1896,80529906
TECH,TECH-000809,2749,90836216
TECH,TECH-000810,1305,98820686
TECH,TECH-000811,1844,79553479
TECH,TECH-000812,617,44452054
TECH,TECH-000813,2761,29263249
TECH,TECH-000814,37,65938669
TECH,TECH-000815,2102,99309976
TECH,TECH-000816,105,75618337
TECH,TECH-000817,314,43137733
TECH,TECH-000818,2927,57019856
TECH,TECH-000819,670,46834775
TECH,TECH-000820,1003,72373944
TECH,TECH-000821,2672,74434188
TECH,TECH-000822,1963,73575916
TECH,TECH-000823,926,34466254
TECH,TECH-000824,2763,46428687
TECH,TECH-000825,1932,89722688
TECH,TECH-000826,2207,52977271
TECH,TECH-000827,1437,14492483
TECH,TECH-000828,2319,18979224
TECH,TECH-000829,733,19941358
TECH,TECH-000830,724,12251618
TECH,TECH-000831,2362,63297593
TECH,TECH-000832,1641,62450460
TECH,TECH-000833,749,67601447
TECH,TECH-000834,1598,69193036
TECH,TECH-000835,2624,32185945
TECH,TECH-000836,2970,62991228
TECH,TECH-000837,2293,28205180
TECH,TECH-000838,1722,53634616
TECH,TECH-000839,2304,35431755
TECH,TECH-000840,4,79631857
TECH,TECH-000841,1948,43296039
TECH,TECH-000842,2036,85891673
TECH,TECH-000843,1878,68152649
TECH,TECH-000844,2053,54336695
TECH,TECH-000845,1410,31168076
TECH,TECH-000846,862,21071555
TECH,TECH-000847,930,38573279
TECH,TECH-000848,2443,64910054
TECH,TECH-000849,2524,35144936
TECH,TECH-000850,2059,53699242
TECH,TECH-000851,1044,32305372
TECH,TECH-000852,1872,43539303
TECH,TECH-000853,1901,87993653
TECH,TECH-000854,826,57712356
TECH,TECH-000855,943,20854852
TECH,TECH-000856,2658,74037100
TECH,TECH-000857,1473,37332854
TECH,TECH-000858,280,44715287
TECH,TECH-000859,1837,80621626
TECH,TECH-000860,2879,71413187
TECH,TECH-000861,498,50546917
TECH,TECH-000862,1854,71889175
TECH,TECH-000863,2556,79467412
TECH,TECH-000864,1739,36487434
TECH,TECH-000865,710,46288827
TECH,TECH-000866,990,63217173
TECH,TECH-000867,215,62027391
TECH,TECH-000868,1251,66752122
TECH,TECH-000869,487,42835306
TECH,TECH-000870,1848,55649927
TECH,TECH-000871,2346,78053602
TECH,TECH-000872,699,51105057
TECH,TECH-000873,516,56293495
TECH,TECH-000874,979,38336171
TECH,TECH-000875,2790,75851188
TECH,TECH-000876,981,98638560
TECH,TECH-000877,1336,51052630
TECH,TECH-000878,2391,56624300
TECH,TECH-000879,1031,43490657
TECH,TECH-000880,15,11523452
TECH,TECH-000881,81,66013532
TECH,TECH-000882,2549,68829908
TECH,TECH-000883,86,16565770
TECH,TECH-000884,2412,32280888
TECH,TECH-000885,2485,23431358
TECH,TECH-000886,1970,44436835
TECH,TECH-000887,856,55161836
TECH,TECH-000888,875,18519119
TECH,TECH-000889,2890,78234708
TECH,TECH-000890,954,98504112
TECH,TECH-000891,140,21970652
TECH,TECH-000892,1086,91536470
TECH,TECH-000893,2336,15513078
TECH,TECH-000894,137,85102924
TECH,TECH-000895,2499,43247799
TECH,TECH-000896,1548,87290551
TECH,TECH-000897,1181,22896453
TECH,TECH-000898,1355,36358707
TECH,TECH-000899,248,57216333
TECH,TECH-000900,2010,95190598
TECH,TECH-000901,2396,58384994
TECH,TECH-000902,915,28437610
TECH,TECH-000903,2535,91370652
TECH,TECH-000904,1555,75916227
TECH,TECH-000905,1732,41635154
TECH,TECH-000906,31,26625933
TECH,TECH-000907,2385,27627784
TECH,TECH-000908,1531,50450560
TECH,TECH-000909,1400,36235070
TECH,TECH-000910,1008,53380330
TECH,TECH-000911,975,38403396
TECH,TECH-000912,1850,23136524
TECH,TECH-000913,1025,50468810
TECH,TECH-000914,384,72220991
TECH,TECH-000915,1236,30858205
TECH,TECH-000916,1604,45010574
TECH,TECH-000917,2404,65413506
TECH,TECH-000918,641,62111008
TECH,TECH-000919,612,95133330
TECH,TECH-000920,2828,54431754
TECH,TECH-000921,1966,37423498
TECH,TECH-000922,606,17598656
TECH,TECH-000923,147,58538289
TECH,TECH-000924,1464,57270850
TECH,TECH-000925,400,55324613
TECH,TECH-000926,1479,24527093
TECH,TECH-000927,2736,99338984
TECH,TECH-000928,847,87323948
TECH,TECH-000929,150,57576607
TECH,TECH-000930,2129,99379526
TECH,TECH-000931,2333,88353421
TECH,TECH-000932,1139,93402670
TECH,TECH-000933,2127,64570721
TECH,TECH-000934,980,90900715
TECH,TECH-000935,2078,38551356
TECH,TECH-000936,2423,64362660
TECH,TECH-000937,2075,78782838
TECH,TECH-000938,2495,23756993
TECH,TECH-000939,1048,11916830
TECH,TECH-000940,1273,54584415
TECH,TECH-000941,481,40333941
TECH,TECH-000942,364,65353136
TECH,TECH-000943,608,64341068
TECH,TECH-000944,2831,48677336
TECH,TECH-000945,2653,81437621
TECH,TECH-000946,2317,81833417
TECH,TECH-000947,732,33287112
TECH,TECH-000948,2249,12346084
TECH,TECH-000949,1381,19068973
TECH,TECH-000950,2701,90316913
TECH,TECH-000951,602,63180637
TECH,TECH-000952,1773,30011106
TECH,TECH-000953,2446,74938160
TECH,TECH-000954,1765,31663649
TECH,TECH-000955,1566,92546596
TECH,TECH-000956,1528,77465708
TECH,TECH-000957,625,62025775
TECH,TECH-000958,1482,93828732
TECH,TECH-000959,382,62135687
TECH,TECH-000960,13,13600310
TECH,TECH-000961,939,90511561
TECH,TECH-000962,715,71113260
TECH,TECH-000963,183,35754346
TECH,TECH-000964,2671,90918991
TECH,TECH-000965,535,23316648
TECH,TECH-000966,2490,56502604
TECH,TECH-000967,2155,67643368
TECH,TECH-000968,1902,84515996
TECH,TECH-000969,25,57040785
TECH,TECH-000970,1974,89750628
TECH,TECH-000971,2264,85709619
TECH,TECH-000972,1045,35395354
TECH,TECH-000973,776,19178028
TECH,TECH-000974,2868,66255243
TECH,TECH-000975,240,72117013
TECH,TECH-000976,1193,40671219
TECH,TECH-000977,270,25743269
TECH,TECH-000978,2909,47173534
TECH,TECH-000979,2503,51968530
TECH,TECH-000980,689,11099317
TECH,TECH-000981,2205,53558017
TECH,TECH-000982,2513,18881109
TECH,TECH-000983,101,23946199
TECH,TECH-000984,2596,68136765
TECH,TECH-000985,2429,82960874
TECH,TECH-000986,1090,91651740
TECH,TECH-000987,1891,80822714
TECH,TECH-000988,1903,70665647
TECH,TECH-000989,2150,80374251
TECH,TECH-000990,243,85584413
TECH,TECH-000991,1419,92509986
TECH,TECH-000992,1244,49061399
TECH,TECH-000993,2188,41809725
TECH,TECH-000994,1279,54734846
TECH,TECH-000995,1898,80899398
TECH,TECH-000996,2210,42160084
TECH,TECH-000997,919,36003419
TECH,TECH-000998,921,68602595
TECH,TECH-000999,1911,15126026
TECH,TECH-001000,1128,77372346
TECH,TECH-001001,2978,66844852
TECH,TECH-001002,2290,28894885
TECH,TECH-001003,530,71985395
TECH,TECH-001004,1618,75413577
TECH,TECH-001005,1583,11951278
TECH,TECH-001006,1569,33851205
TECH,TECH-001007,2642,45144127
TECH,TECH-001008,1987,48373096
TECH,TECH-001009,2826,77576650
TECH,TECH-001010,351,34518599
TECH,TECH-001011,2384,11630877
TECH,TECH-001012,378,88699165
TECH,TECH-001013,2337,89627368
TECH,TECH-001014,1887,58660985
TECH,TECH-001015,504,52039919
TECH,TECH-001016,303,80491768
TECH,TECH-001017,1357,33000256
TECH,TECH-001018,899,45214814
TECH,TECH-001019,632,22587924
TECH,TECH-001020,2900,89726979
TECH,TECH-001021,2422,34260309
TECH,TECH-001022,1672,96251321
TECH,TECH-001023,627,16606138
TECH,TECH-001024,2265,71334237
TECH,TECH-001025,2841,13619039
TECH,TECH-001026,786,26345515
TECH,TECH-001027,213,96791517
TECH,TECH-001028,1259,71623610
TECH,TECH-001029,1554,88445646
TECH,TECH-001030,997,70692728
TECH,TECH-001031,887,88298796
TECH,TECH-001032,871,41908888
TECH,TECH-001033,2445,15776720
TECH,TECH-001034,2332,64387805
TECH,TECH-001035,2052,42724072
TECH,TECH-001036,1230,74059068
TECH,TECH-001037,494,46190360
TECH,TECH-001038,2563,28699996
TECH,TECH-001039,2870,58285562
TECH,TECH-001040,1768,43402877
TECH,TECH-001041,2068,29199495
TECH,TECH-001042,2294,21085814
TECH,TECH-001043,1511,25851419
TECH,TECH-001044,590,99466466
TECH,TECH-001045,1232,30839000
TECH,TECH-001046,1046,56594543
TECH,TECH-001047,2711,84286913
TECH,TECH-001048,1733,59498486
TECH,TECH-001049,762,44065587
TECH,TECH-001050,825,86964296
TECH,TECH-001051,1413,72169894
TECH,TECH-001052,2643,76604568
TECH,TECH-001053,2649,86279469
TECH,TECH-001054,2289,91630214
TECH,TECH-001055,676,60984196
TECH,TECH-001056,2222,93582589
TECH,TECH-001057,2875,66772359
TECH,TECH-001058,2898,22425993
TECH,TECH-001059,931,40971850
TECH,TECH-001060,1091,83904042
TECH,TECH-001061,2846,60993199
TECH,TECH-001062,1252,92788466
TECH,TECH-001063,744,81995285
TECH,TECH-001064,198,81014138
TECH,TECH-001065,2409,37154707
TECH,TECH-001066,1615,38265460
TECH,TECH-001067,2309,91140766
TECH,TECH-001068,1526,10354523
TECH,TECH-001069,304,47889634
TECH,TECH-001070,1293,90004656
TECH,TECH-001071,1198,11638822
TECH,TECH-001072,497,14494343
TECH,TECH-001073,1123,50983865
TECH,TECH-001074,1954,30833313
TECH,TECH-001075,2830,77505434
TECH,TECH-001076,532,14713027
TECH,TECH-001077,28,86703472
TECH,TECH-001078,557,75845066
TECH,TECH-001079,2783,76510566
TECH,TECH-001080,311,53555317
TECH,TECH-001081,2360,82003695
TECH,TECH-001082,906,26634072
TECH,TECH-001083,1331,18175303
TECH,TECH-001084,2072,94788471
TECH,TECH-001085,1500,33179292
TECH,TECH-001086,2541,78835811
TECH,TECH-001087,1829,77638590
TECH,TECH-001088,2020,50205857
TECH,TECH-001089,1924,74209943
TECH,TECH-001090,403,64070291
TECH,TECH-001091,1301,17334310
TECH,TECH-001092,648,42056846
TECH,TECH-001093,2824,18153331
TECH,TECH-001094,2751,25978403
TECH,TECH-001095,769,58573820
TECH,TECH-001096,2056,42659117
TECH,TECH-001097,1711,83745996
TECH,TECH-001098,89,72071682
TECH,TECH-001099,54,57365168
TECH,TECH-001100,1853,24649741
TECH,TECH-001101,435,62831328
TECH,TECH-001102,880,14542798
TECH,TECH-001103,234,76460815
TECH,TECH-001104,1935,74318409
TECH,TECH-001105,1783,24277696
TECH,TECH-001106,1161,89989525
TECH,TECH-001107,1904,56379398
TECH,TECH-001108,2175,10925764
TECH,TECH-001109,900,18115148
TECH,TECH-001110,123,28241849
TECH,TECH-001111,78,25103503
TECH,TECH-001112,553,90362099
TECH,TECH-001113,2221,68066393
TECH,TECH-001114,1868,93959277
TECH,TECH-001115,1306,32959320
TECH,TECH-001116,1010,90224792
TECH,TECH-001117,2251,51367965
TECH,TECH-001118,454,25699847
TECH,TECH-001119,2087,90547120
TECH,TECH-001120,276,12919231
TECH,TECH-001121,1412,19576043
TECH,TECH-001122,426,79651607
TECH,TECH-001123,1755,85887403
TECH,TECH-001124,2677,17625072
TECH,TECH-001125,2538,75796428
TECH,TECH-001126,562,33630872
TECH,TECH-001127,1134,69002986
TECH,TECH-001128,2278,11083382
TECH,TECH-001129,1699,48462628
TECH,TECH-001130,2419,60204030
TECH,TECH-001131,638,20136881
TECH,TECH-001132,1600,40676127
TECH,TECH-001133,1701,63690535
TECH,TECH-001134,2402,56675977
TECH,TECH-001135,443,50545587
TECH,TECH-001136,599,17170147
TECH,TECH-001137,1980,14866710
TECH,TECH-001138,519,89984645
TECH,TECH-001139,2192,68997676
TECH,TECH-001140,1987,48373096
TECH,TECH-001141,2674,15843117
TECH,TECH-001142,638,20136881
TECH,TECH-001143,772,64047337
TECH,TECH-001144,1215,23488183
TECH,TECH-001145,1789,27697461
TECH,TECH-001146,1324,72458202
TECH,TECH-001147,2107,72768816
TECH,TECH-001148,2736,99338984
TECH,TECH-001149,498,50546917
TECH,TECH-001150,1419,92509986
TECH,TECH-001151,2340,32046483
TECH,TECH-001152,172,91181404
TECH,TECH-001153,2621,94271736
TECH,TECH-001154,83,71410640
TECH,TECH-001155,487,42835306
TECH,TECH-001156,212,77551168
TECH,TECH-001157,616,70346785
TECH,TECH-001158,2134,39930875
TECH,TECH-001159,2255,67011369
TECH,TECH-001160,2295,46990787
TECH,TECH-001161,913,68379988
TECH,TECH-001162,2117,70819026
TECH,TECH-001163,931,40971850
TECH,TECH-001164,564,60564531
TECH,TECH-001165,1010,90224792
TECH,TECH-001166,2541,78835811
TECH,TECH-001167,2259,30513743
TECH,TECH-001168,2805,20135658
TECH,TECH-001169,1821,77431786
TECH,TECH-001170,2052,42724072
TECH,TECH-001171,24,33535297
TECH,TECH-001172,1017,57535503
TECH,TECH-001173,2860,62386745
TECH,TECH-001174,2849,99646907
TECH,TECH-001175,24,33535297
TECH,TECH-001176,1507,80019294
TECH,TECH-001177,2230,21646351
TECH,TECH-001178,676,60984196
TECH,TECH-001179,902,92455201
TECH,TECH-001180,1017,57535503
TECH,TECH-001181,2332,64387805
TECH,TECH-001182,2270,37735363
TECH,TECH-001183,1242,24651096
TECH,TECH-001184,2287,19971406
TECH,TECH-001185,2643,76604568
TECH,TECH-001186,2650,85614882
TECH,TECH-001187,129,52057523
TECH,TECH-001188,986,90267569
TECH,TECH-001189,2650,85614882
TECH,TECH-001190,448,22388317
TECH,TECH-001191,1270,82041503
TECH,TECH-001192,107,92147935
TECH,TECH-001193,997,70692728
TECH,TECH-001194,1022,49353426
TECH,TECH-001195,2827,97389730
TECH,TECH-001196,811,48226449
TECH,TECH-001197,390,86140861
TECH,TECH-001198,1267,50511614
TECH,TECH-001199,2985,76738801
TECH,TECH-001200,491,46545801
TECH,TECH-001201,762,44065587
TECH,TECH-001202,731,31193066
TECH,TECH-001203,1472,71524281
TECH,TECH-001204,1861,87241350
TECH,TECH-001205,1801,55299368
TECH,TECH-001206,498,50546917
TECH,TECH-001207,336,94759650
TECH,TECH-001208,1141,15021097
TECH,TECH-001209,264,13254023
TECH,TECH-001210,582,53305731
TECH,TECH-001211,1618,75413577
TECH,TECH-001212,1446,81309530
TECH,TECH-001213,1256,35520607
TECH,TECH-001214,456,99716761
TECH,TECH-001215,2259,30513743
TECH,TECH-001216,381,88960861
TECH,TECH-001217,2319,18979224
TECH,TECH-001218,145,70173215
TECH,TECH-001219,2102,99309976
TECH,TECH-001220,1311,63101260
TECH,TECH-001221,281,43866730
TECH,TECH-001222,2629,96974887
TECH,TECH-001223,30,46160937
TECH,TECH-001224,1472,71524281
TECH,TECH-001225,1397,73841910
TECH,TECH-001226,774,16774455
TECH,TECH-001227,2287,19971406
TECH,TECH-001228,2188,41809725
TECH,TECH-001229,519,89984645
TECH,TECH-001230,2522,85251775
TECH,TECH-001231,1583,11951278
TECH,TECH-001232,2909,47173534
TECH,TECH-001233,2075,78782838
TECH,TECH-001234,409,20548786
TECH,TECH-001235,212,77551168
TECH,TECH-001236,2412,32280888
TECH,TECH-001237,2677,17625072
TECH,TECH-001238,1847,74492536
TECH,TECH-001239,2608,52137942
TECH,TECH-001240,2396,58384994
TECH,TECH-001241,345,72505408
TECH,TECH-001242,2596,68136765
TECH,TECH-001243,581,34566728
TECH,TECH-001244,2870,58285562
TECH,TECH-001245,815,23873812
TECH,TECH-001246,2252,56590046
TECH,TECH-001247,1707,62920955
TECH,TECH-001248,389,37402375
TECH,TECH-001249,15,11523452
TECH,TECH-001250,1530,96194417
TECH,TECH-001251,1198,11638822
TECH,TECH-001252,1898,80899398
TECH,TECH-001253,1379,74535895
TECH,TECH-001254,2396,58384994
TECH,TECH-001255,1066,73252068
TECH,TECH-001256,315,86471037
TECH,TECH-001257,288,18024377
TECH,TECH-001258,771,11546923
TECH,TECH-001259,1229,60671655
TECH,TECH-001260,1331,18175303
TECH,TECH-001261,1970,44436835
TECH,TECH-001262,1008,53380330
TECH,TECH-001263,482,31958106
TECH,TECH-001264,1412,19576043
TECH,TECH-001265,1329,40930568
TECH,TECH-001266,884,60850210
TECH,TECH-001267,742,38218853
TECH,TECH-001268,2207,52977271
TECH,TECH-001269,2093,34914143
TECH,TECH-001270,409,20548786
TECH,TECH-001271,796,85253501
TECH,TECH-001272,1860,31225952
TECH,TECH-001273,2454,78387472
TECH,TECH-001274,2170,53771746
TECH,TECH-001275,85,54988861
TECH,TECH-001276,2509,92720952
TECH,TECH-001277,2715,76597184
TECH,TECH-001278,837,89811209
TECH,TECH-001279,278,62019290
TECH,TECH-001280,590,99466466
TECH,TECH-001281,123,28241849
TECH,TECH-001282,3,64914054
TECH,TECH-001283,2610,86599891
TECH,TECH-001284,39,60012498
TECH,TECH-001285,2040,79752010
TECH,TECH-001286,1569,33851205
TECH,TECH-001287,521,14918680
TECH,TECH-001288,252,69566993
TECH,TECH-001289,780,60857535
TECH,TECH-001290,406,42292892
TECH,TECH-001291,1722,53634616
TECH,TECH-001292,1827,20599735
TECH,TECH-001293,2958,31744118
TECH,TECH-001294,2857,48065927
TECH,TECH-001295,1299,49585077
TECH,TECH-001296,1345,93410225
TECH,TECH-001297,2460,36971737
TECH,TECH-001298,829,44625815
TECH,TECH-001299,1141,15021097
TECH,TECH-001300,2043,52549710
TECH,TECH-001301,1904,56379398
TECH,TECH-001302,2867,48662280
TECH,TECH-001303,1861,87241350
TECH,TECH-001304,1605,84541703
TECH,TECH-001305,2986,71523036
TECH,TECH-001306,1811,22330471
TECH,TECH-001307,1086,91536470
TECH,TECH-001308,1823,26947996
TECH,TECH-001309,1133,60057264
TECH,TECH-001310,2193,19492547
TECH,TECH-001311,682,57778592
TECH,TECH-001312,1903,70665647
TECH,TECH-001313,1437,14492483
TECH,TECH-001314,1923,21477571
TECH,TECH-001315,2454,78387472
TECH,TECH-001316,1932,89722688
TECH,TECH-001317,440,87657839
TECH,TECH-001318,808,69715793
TECH,TECH-001319,2927,57019856
TECH,TECH-001320,121,51262331
TECH,TECH-001321,276,12919231
TECH,TECH-001322,2538,75796428
TECH,TECH-001323,448,22388317
TECH,TECH-001324,525,20999047
TECH,TECH-001325,1293,90004656
TECH,TECH-001326,2125,28148594
TECH,TECH-001327,2290,28894885
TECH,TECH-001328,406,42292892
TECH,TECH-001329,1141,15021097
TECH,TECH-001330,2892,62794884
TECH,TECH-001331,2892,62794884
TECH,TECH-001332,1301,17334310
TECH,TECH-001333,1795,77191418
TECH,TECH-001334,2056,42659117
TECH,TECH-001335,1844,79553479
TECH,TECH-001336,912,41858513
TECH,TECH-001337,1658,97371709
TECH,TECH-001338,922,69372702
TECH,TECH-001339,1470,61696348
TECH,TECH-001340,364,65353136
TECH,TECH-001341,2923,14511005
TECH,TECH-001342,2302,12273686
TECH,TECH-001343,1022,49353426
TECH,TECH-001344,1172,42904667
TECH,TECH-001345,975,38403396
TECH,TECH-001346,2290,28894885
TECH,TECH-001347,384,72220991
TECH,TECH-001348,1826,58229521
TECH,TECH-001349,1811,22330471
TECH,TECH-001350,303,80491768
TECH,TECH-001351,400,55324613
TECH,TECH-001352,47,80517332
TECH,TECH-001353,648,42056846
TECH,TECH-001354,278,62019290
TECH,TECH-001355,2910,67385857
TECH,TECH-001356,140,21970652
TECH,TECH-001357,772,64047337
TECH,TECH-001358,1712,94856640
TECH,TECH-001359,2087,90547120
TECH,TECH-001360,1189,78040572
TECH,TECH-001361,2412,32280888
TECH,TECH-001362,2320,54343467
TECH,TECH-001363,1439,57560131
TECH,TECH-001364,1287,46102405
TECH,TECH-001365,252,69566993
TECH,TECH-001366,2890,78234708
TECH,TECH-001367,2556,79467412
TECH,TECH-001368,2460,36971737
TECH,TECH-001369,30,46160937
TECH,TECH-001370,272,17522634
TECH,TECH-001371,2229,97024584
TECH,TECH-001372,1275,77666154
TECH,TECH-001373,630,20324372
TECH,TECH-001374,2617,25861239
TECH,TECH-001375,931,40971850
TECH,TECH-001376,393,48785862
TECH,TECH-001377,1468,61159757
TECH,TECH-001378,754,18990534
TECH,TECH-001379,2649,86279469
TECH,TECH-001380,567,97506740
TECH,TECH-001381,2947,44887843
TECH,TECH-001382,2898,22425993
TECH,TECH-001383,409,20548786
TECH,TECH-001384,1355,36358707
TECH,TECH-001385,2142,79865892
TECH,TECH-001386,319,81393856
TECH,TECH-001387,2749,90836216
TECH,TECH-001388,1518,90632613
TECH,TECH-001389,215,62027391
TECH,TECH-001390,808,69715793
TECH,TECH-001391,790,63687857
TECH,TECH-001392,24,33535297
TECH,TECH-001393,2302,12273686
TECH,TECH-001394,1826,58229521
TECH,TECH-001395,827,99390140
TECH,TECH-001396,1970,44436835
TECH,TECH-001397,1270,82041503
TECH,TECH-001398,2210,42160084
TECH,TECH-001399,2623,92229647
TECH,TECH-001400,2417,45611439
TECH,TECH-001401,1302,58913280
TECH,TECH-001402,1212,24346289
TECH,TECH-001403,2186,79415978
TECH,TECH-001404,382,62135687
TECH,TECH-001405,862,21071555
TECH,TECH-001406,1157,21409636
TECH,TECH-001407,1329,40930568
TECH,TECH-001408,1210,37425725
TECH,TECH-001409,1122,93757881
TECH,TECH-001410,2084,26497914
TECH,TECH-001411,2563,28699996
TECH,TECH-001412,1679,13856812
TECH,TECH-001413,1474,64739517
TECH,TECH-001414,1855,71596905
TECH,TECH-001415,2828,54431754
TECH,TECH-001416,1811,22330471
TECH,TECH-001417,372,52943014
TECH,TECH-001418,2139,82494405
TECH,TECH-001419,272,17522634
TECH,TECH-001420,2683,98996499
TECH,TECH-001421,469,31566119
TECH,TECH-001422,2251,51367965
TECH,TECH-001423,1779,94650751
TECH,TECH-001424,1679,13856812
TECH,TECH-001425,78,25103503
TECH,TECH-001426,3226,46956334
TECH,TECH-001427,3227,94742358
TECH,TECH-001428,3228,82487952
TECH,TECH-001429,3229,98296241
TECH,TECH-001430,3230,66350698
TECH,TECH-001431,3231,86349400
TECH,TECH-001432,3232,60141505
TECH,TECH-001433,3233,78975350
TECH,TECH-001434,3234,61088189
TECH,TECH-001435,3235,57687231
TECH,TECH-001436,3236,47999914
TECH,TECH-001437,3237,10007006
TECH,TECH-001438,3238,66570615
TECH,TECH-001439,3239,99604318
TECH,TECH-001440,3240,55172380
TECH,TECH-001441,3241,46905311
TECH,TECH-001442,3242,51116069
TECH,TECH-001443,3243,48578393
TECH,TECH-001444,3244,99252654
TECH,TECH-001445,3245,11054778
TECH,TECH-001446,3246,87418243
TECH,TECH-001447,3247,86945070
TECH,TECH-001448,3248,60692333
TECH,TECH-001449,3249,40890295
TECH,TECH-001450,3250,25800699
TECH,TECH-001451,3251,90940728
TECH,TECH-001452,3252,54686964
TECH,TECH-001453,3253,43937112
TECH,TECH-001454,3254,91205578
TECH,TECH-001455,3255,74311549
TECH,TECH-001456,3256,51163776
TECH,TECH-001457,3257,80742471
TECH,TECH-001458,3258,60092297
TECH,TECH-001459,3259,58867283
TECH,TECH-001460,3260,35036388
TECH,TECH-001461,3261,73676233
TECH,TECH-001462,3262,91185948
TECH,TECH-001463,3263,20304523
TECH,TECH-001464,3264,98302627
TECH,TECH-001465,3265,68215804
TECH,TECH-001466,3266,53849922
TECH,TECH-001467,3267,22448154
TECH,TECH-001468,3268,72456895
TECH,TECH-001469,3269,36960960
TECH,TECH-001470,3270,83164162
TECH,TECH-001471,3271,57722889
TECH,TECH-001472,3272,38980263
TECH,TECH-001473,3273,95603541
TECH,TECH-001474,3274,71185217
TECH,TECH-001475,3275,16062787
TECH,TECH-001476,3276,94383876
TECH,TECH-001477,3277,78495539
TECH,TECH-001478,3278,17466483
TECH,TECH-001479,3279,81655725
TECH,TECH-001480,3280,83425866
TECH,TECH-001481,3281,33752814
TECH,TECH-001482,3282,40806582
TECH,TECH-001483,3283,74867683
TECH,TECH-001484,3284,92722443
TECH,TECH-001485,3285,69778859
TECH,TECH-001486,3286,32557434
TECH,TECH-001487,3287,31593756
TECH,TECH-001488,3288,45829356
TECH,TECH-001489,3289,66949565
TECH,TECH-001490,3290,36385702
TECH,TECH-001491,3291,62000761
TECH,TECH-001492,3292,68605272
TECH,TECH-001493,3293,62045578
TECH,TECH-001494,3294,17773588
TECH,TECH-001495,3295,20488005
TECH,TECH-001496,3296,37888719
TECH,TECH-001497,3297,25392722
TECH,TECH-001498,3298,52773636
TECH,TECH-001499,3299,53186791
TECH,TECH-001500,3300,26088812
